00000000
3f800000
3f800000
7f800000
7f800000
7f800000
7fc00000
00000001
007fffff
00000001
3f7fffff
4b7fffff
3e800000
3e800000
7f7fffff
ff7fffff
80000000
3f800000
00000000
80000000
00000001
40000000
7fc00000
78ff386f
315c4e79
12eb7313
4341f4bd
3e06a5f7
99807d41
7ede351b
0a7eec05
e603c47f
3e028509
b0713823
dee2cc4d
884cb407
7ead85d1
3e0c9c2b
164ab595
f37b948f
c5909f99
559c8133
3e07c7dd
7ece8617
5e5ef261
6f51073b
c44f2325
3e07a89f
2dff9e29
c9de4e43
7ed9e76d
f32d1c27
3e0dc2f1
c95c764b
0d4534b5
b38900af
e84880b9
3e079f53
00a22afd
1c297637
9232f781
d71fe95b
3e05ea45
cea09cbf
7ef44749
6ea97463
95a9928d
3e049447
ace79011
aeac606b
3e2a43d5
7eaf7ccf
3e0bf1d9
8f54cd73
a6491e1d
85bf7657
15448ca1
3e02db7b
7ecb4165
bc16a0df
cdd88069
7f5aaa83
3e09cdad
d01b1c67
def2ed31
7ea45a8b
fbc1e2f5
3e0708ef
1a62f2f9
c76c0b93
7ef4a13d
c1188677
3e0bb1c1
e871dd9b
0d072885
43b1b4ff
55744989
3e09f0a3
92f298cd
7eb8b487
3c27da51
58cc64ab
3e041215
fd67a50f
44558419
43b559b3
7eecb45d
3e0ca697
fe4066e1
fd04efbb
53a19fa5
5179d91f
3e0fa2a9
7e8f46c3
acfbf3ed
ac255ca7
9ece5771
3e0c7ecb
1c28d135
1009512f
7eeba539
2eb8b7d3
3e09577d
1d33d6b7
98baac01
e79411db
f362a6c5
3e070d3f
4a728bc9
3a22ace3
54fddf0d
94e914c7
3e0e6491
25cca8eb
7e882055
da640d4f
6a6d5659
3e0e25f3
8ce28a9d
200616d7
eb928121
7ea743fb
3e023de5
83b1515f
466504e9
0fbc2303
34c05a2d
3e0bdce7
7e9001b1
25b4e30b
d4b9ff75
f27fd96f
3e029779
0f0da413
b7704dbd
7ebb66f7
4b0fe641
3e06861b
a5786505
00000000
f3af0e09
efe3a923
3e0b654d
2515b507
ca3b2ed1
11ed2d2b
17866e95
3e04b58f
cd536899
7eef3233
0beaa0dd
825bc717
3e0adb61
7fc00000
455d1c25
02fd099f
7e98a729
3e013f43
76a7006d
828e9d27
9977ebf1
f3fd874b
3e056db5
7e9aa1af
fa47c9b9
0caad053
0e1983fd
3e0f3737
f51b6081
a0493a5b
7e886345
501e7dbf
3e09d049
b5fce563
605b2b8d
d8fe9547
0d8e3911
3e0df16b
400efcd5
65a99dcf
7747bad9
2b487e73
3e04f71d
687db757
7eb975a1
01bcac7b
02c23a65
3e0d01df
a46a8969
98fe9b83
90efe6ad
7eed9d67
3e061631
53c66b8b
e75b1bf5
e119a9ef
bf9b3bf9
3e003c93
7eb4fa3d
0f0f4777
091d1ac1
f25c2e9b
3e02a185
998095ff
8be2d289
7eae61a3
e62d31cd
3e03b587
91678351
788ef5ab
5861cb15
1472c60f
3e0a4d19
f4ca0ab3
e8b18d5d
faabe797
c40e4fe1
3e0fc0bb
4b8198a5
7ed13a1f
531aaba9
759437c3
3e0b0ced
3868dda7
b1ba8071
e14f8fcb
7eeb0a35
3e0cf22f
935cee39
30bde8d3
9782b07d
1a5b97b7
3e051501
7ebf62db
e0971fc5
8096ee3f
2f5a14c9
3e081de3
a9c1780d
4d0515c7
7e870d91
2b9039eb
3e0ed955
1f002e4f
095b1f59
0e33d6f3
22f0639d
3e0657d7
f9396a21
9e9314fb
f5db36e5
f1d9b25f
3e090de9
bd221403
7ea8732d
1bc05de7
06952ab1
3e08f40b
65a53875
9e447a6f
1fcce079
7eb3d513
3e02a6bd
061427f7
78034f41
df32d71b
6015de05
3e01867f
7e8f9709
34da1a23
6957fe4d
fda2b607
3e0cd7d1
6eb1be2b
b1662795
7e91d68f
00000000
3e05e333
e2c179dd
042d0817
0dfac461
4ca6a93b
3e0f1525
87f66a9f
3315b029
03e83043
e098196d
3e041e27
f99614f1
7ea2984b
d4c9a6b5
f2f042af
3e0b12b9
bcf20153
bab4dcfd
9a78f837
7ee7c981
3e068b5b
3a8edc45
a8e05ebf
48435949
46d45663
3e00c48d
7efc9647
7fc00000
7e33826b
3e97b5d5
3e07becf
72a783d9
81c02f73
7ee4d01d
0bfff857
3e025ea1
e02a7d7b
085d3365
9c6762df
58e09269
3e068c83
8ae9ffad
8c841e67
6cfd3f31
76ec7c8b
3e0854f5
2c004aef
7eb784f9
acb86d93
c199533d
3e0a0877
29c283c1
e94a7f9b
e6421a85
7e9376ff
3e055b89
ae66d2a3
158bcacd
8552b687
130b2c51
3e0586ab
7e938415
e7c1e70f
d9a31619
a462bbb3
3e0a665d
e0df2897
5f4038e1
7ede91bb
5d0591a5
3e0c9b1f
0589b4a9
201d28c3
64de25ed
4a705ea7
3e0aa971
d5f6a0cb
92514335
89b4932f
7fb23739
3e0719d3
e9b0097d
7ec758b7
c1537e01
8feeb3db
3e0f98c5
4afacf3f
e8259dc9
9fd18ee3
7ea9110d
3e0516c7
bb43b691
3357caeb
39999255
23e04f4f
3e0ce859
7eed87f3
12223c9d
eb0a98d7
00445321
3e02e5fb
ec482fe5
4146135f
7ed116e9
5e0c0503
3e048c2d
41b8dee7
9dfe53b1
3001050b
6d347175
3e0d1b6f
955b2979
94de0613
6138ffbd
de30e8f7
3e0ab841
72a3281b
7ed75705
ba56677f
64542009
3e048b23
dcc8974d
21f3b707
f18280d1
7efa4f2b
3e09e095
5d02f78f
bf84fa99
10a09433
f6bc52dd
3e024917
7edead61
b5d77a3b
cc650e25
f233cb9f
3e06b929
00000000
60ad326d
7e9d9f27
60183df1
3e0ba94b
b881dfb5
f409e3af
76f25bb9
95bd3253
3e0435fd
e7c6b937
29183281
bda7dc5b
2f395545
3e063fbf
e100e249
7eafc763
6e2a5d8d
5cbe9747
3e078b11
2cfd136b
c9c46ed5
7369dfcf
7eeb4cd9
3e0be073
a828a91d
80463957
8e4f47a1
d99c4e7b
3e0c2c65
7ef5c3df
7b3a9b69
1ed27d83
7f0818ad
3e0e9f67
ab986831
86168d8b
7ef98df5
c12aebef
3e07cdf9
ba249e93
37a1ac3d
7fc00000
9dcbecc1
3e0cd09b
be559385
e6ea57ff
186be489
79a343a3
3e0e63cd
9585b787
7e92d551
822017ab
41693d15
3e05080f
499fdf19
627f6cb3
f4a73f5d
7ed66997
3e0621e1
201162bb
182d8aa5
c24bfc1f
c9dcbda9
3e0a19c3
7e853eed
f23bdfa7
a2bed271
7aa1b1cb
3e0b7c35
33f0342f
86eb8039
7ed44ad3
3301627d
3e0719b7
c0b5e701
7da204db
2dec11c5
04a2b03f
3e0526c9
9ceeffe3
23b4aa0d
248917c7
bee45f91
3e035beb
21184b55
7e84704f
ede2b159
942b38f3
3e08159d
0db2d9d7
90b33c21
5576b6fb
7ed928e5
3e06745f
a29d1fe9
0279f603
d3e4a52d
81755fe7
3e0b7cb1
7ead160b
7b67aa75
cc99bc6f
c9cd7279
3e0c3713
b6d358bd
5111a9f7
7e962141
8b17791b
3e0cd005
d24f487f
e07ca909
0f52fc23
845d304d
3e08b807
43bc29d1
8a46e02b
ef119995
68b8188f
3e03c399
bbff4533
7edb2bdd
fe1b8a17
33269661
3e0c4b3b
f25f0725
51b52c9f
5fbbc229
7e821243
3e064b6d
634b2027
5cfe66f1
43f8ba4b
06de18b5
3e0784af
7e9da4b9
a70c6353
00000000
53d87a37
3e0c9b81
31dd2d5b
c787ce45
7eb020bf
25a26b49
3e0f3863
d147f68d
e6449847
a1da3411
75caa46b
3e0527d5
b6b000cf
e81315d9
9e3b9173
4b10821d
3e007a57
997030a1
7e921f7b
747f2565
21c824df
3e08a469
ab026e83
fd4a31ad
8ffd2067
7e979131
3e049e8b
01fec6f5
b0998cef
589c16f9
4414cf93
3e0e053d
7e8b8a77
f53955c1
de33219b
9e0d0c85
3e0538ff
8e866d89
f263b4a3
7eb4fccd
097cb887
3e0e7e51
8beea8ab
aee2f615
032c290f
9280a819
3e001db3
1258185d
bb91aa97
55d00ae1
49c833bb
3e0983a5
226f5d1f
7e93c6a9
c3bb0ac3
7fc00000
3e0b60a7
a0d6fb71
df50c2cb
9309b535
7eefd52f
3e08c939
39e57bd3
0376bb7d
7a6adab7
c77c5001
3e0955db
7e8c8ac5
bd8e913f
1568afc9
8b9070e3
3e04430d
63f118c7
32e90891
7ef2eceb
ed3b0455
3e0c914f
537c7a59
e2ece9f3
3bf1ee9d
191f1ad7
3e062521
356e87fb
920e21e5
c3ead55f
37cd28e9
3e0be703
ed38be2d
7ef5e0e7
b3fca5b1
0a5d270b
3e0ee375
6f2a5d6f
4d23bb79
ecbe6813
7e91b1bd
3e066af7
83358a41
388fca1b
edc64905
ed8c297f
3e093209
7ed56d23
f015c94d
8de1b907
2a59d2d1
3e07712b
b2dd5295
58b1398f
7ec68c99
0de1f633
3e0e04dd
9638cb17
59d27f61
cd451c3b
19fd0025
3e0a8d9f
0ce4cb29
23550343
e343646d
49bca127
3e088ff1
2ea9cb4b
7ede51b5
090925af
7f2cedb9
3e0f9453
1b5ee7fd
eeae3b37
5aa50481
7e967e5b
3e0a4745
5ebe01bf
a627f449
5272a963
dc898f8d
00000000
7e90dd11
689c356b
c609e0d5
e23a21cf
3e0eded9
843f4273
2f1c5b1d
7e9ebb57
05f519a1
3e0bf07b
fb061e65
ea5e85df
499aad69
d2b65f83
3e004aad
545fa167
e7faba31
a876af8b
0827fff5
3e0c2def
f9645ff9
7e890093
9d1e5e3d
02924b77
3e0abec1
fc2d729b
15688585
216419ff
7e84f689
3e0825a3
6c7f95cd
f137b987
424e2751
03c139ab
3e00af15
7ec74a0f
44457119
4a44ceb3
552cf15d
3e00eb97
d12df3e1
728304bb
7ee97ca5
8fd6be1f
3e0ecfa9
dccffbc3
62bf70ed
431ee1a7
0d532471
3e03d3cb
6f5bee35
b333762f
260a1239
1dfaacd3
3e00147d
f2a29bb7
7ea6b901
dc14a6db
29d103c5
3e0e723f
a9e038c9
7bb5e1e3
1e37dc0d
7e9d19c7
3e01b191
f6c67deb
2e01bd55
5418b24f
c5fa4359
7fc00000
7e8fc79d
1d4f5bd7
8dbd0e21
d86a58fb
3e071ae5
1723365f
a2e131e9
7ee1d803
e8b0d72d
3e0a61e7
5291ceb1
4d91380b
ebba1c75
83fefe6f
3e0e0479
af749913
33740abd
471f2bf7
3db8f341
3e0c1b1b
c6f3c205
7e8d0a7f
3079bb09
bfdbde23
3e02624d
f57eba07
355b7bd1
3dec022b
7ecd0b95
3e0e5a8f
d17d5599
1648a733
4184dddd
ab1a0c17
3e026861
7e81ed3b
d33ef925
3083ee9f
33f1d429
3e0bf443
05c47d6d
edf22227
7ef6b8f1
715edc4b
3e028ab5
3ceec6af
7fa036b9
b336c553
e48a40fd
3e07fc37
7a816d81
3553cf5b
2310c045
b48fe2bf
3e017d49
a95a1a63
7eef288d
d89c9a47
aeab8611
3e01c66b
572299d5
060842cf
710ea7d9
7ec6f373
3e0c341d
61b0fc57
00000000
0809c17b
77311765
3e08e6df
7ea0b669
a5ee5083
d83a63ad
5a862267
3e01e331
dbacc08b
fcf538f5
7ec2ceef
c110a8f9
3e013193
ac92b73d
7e5d0c77
8e4027c1
472bc39b
3e07fe85
5f86faff
aa677f89
2c7096a3
ac6e2ecd
3e06ba87
1581d051
7e97caab
4bc26815
cfa66b0f
3e0e3a19
93ed7fb3
4d25ca5d
69542c97
7eefdce1
3e01d5bb
e37d75a5
1a821f1f
222dd8a9
e568ecc3
3e0289ed
7eb662a7
78334d71
28bae4cb
9e522735
3e0b172f
ddef5b39
e293ddd3
7ecd6d7d
b19e5cb7
3e052201
6cd3f7db
31397cc5
6d32533f
523bc1c9
3e0f52e3
d3af750d
da0d1ac7
ac1e5a91
a69e0eeb
3e0c7655
fa08d34f
7edc0c59
e7fc4bf3
8a51a09d
3e039cd7
1a57f721
4e6a29fb
ee6413e5
7e9f975f
3e093ae9
a4dbc903
564cf02d
7b42e2e7
138af7b1
3e09490b
7ed95575
1b179f6f
807c4d79
96aeca13
3e0a63bd
ea4becf7
43a05c41
7e8c6c1b
8fc53b05
3e01eb7f
7fc00000
10664f23
53f2fb4d
e8dfbb07
3e0124d1
18c4932b
5460c495
256f7b8f
ee981e99
3e035833
ea0fb6dd
7ebf4d17
9f565161
00c2be3b
3e04f225
cfd14f9f
64e2dd29
7886e543
7ee9966d
3e0ba327
7a08e1f1
1c17ed4b
11cac3b5
f71867af
3e077fb9
7e91f653
1cd999fd
f0a5bd37
09c1d681
3e05205b
064b3945
31a5c3bf
7edf0649
99c58b63
3e08c18d
616e9b47
b1aa2f11
8c4b576b
b4df52d5
3e0a63cf
44e270d9
4fd2a473
faa00d1d
b9073d57
3e0aeba1
0d8b927b
7e801065
d75747df
8f8abf69
3e0a4183
54e87cad
b270a367
8ded0c31
00000000
3e0671f5
3c7d6fef
3fa0f1f9
6cfd6293
0f2b103d
3e0bcd77
7ed990c1
cf2e149b
0b0b7785
c8eddbff
3e0e0889
0dbd07a3
9880c7cd
7ef9bb87
e5197951
3e025bab
9b282115
40498c0f
227b0319
2c1a30b3
3e02a35d
975b6d97
9815c5e1
0104a6bb
e5356ea5
3e01801f
ce10e1a9
7e85ddc3
3809a2ed
ab11e3a7
3e077671
2d75f5cb
afec6035
2b86b82f
7eb8a439
3e010ed3
3faec67d
c75e1db7
a8278b01
fe9748db
3e05f5c5
7eea343f
9e7b4ac9
a08cc3e3
194b0e0d
3e011bc7
d14f0391
a8799feb
7efb2f55
b03cf44f
3e01d559
be49fcf3
a737799d
4ffbddd7
7056e021
3e0dfafb
c9050ce5
315ff85f
3ab543e9
f759ba03
3e0d092d
c20f63e7
7ee820b1
d0055a0b
369c8e75
3e04406f
507e9679
b26cfb13
dca4bcbd
7ebcadf7
3e0bc541
5f10bd1b
d83ab405
f2dacc7f
6006cd09
3e04c023
7e97944d
7804bc07
f88acdd1
09a1242b
3e087d95
22349c8f
dc96e799
7ea20933
9fbe8fdd
3e088e17
de2e3a61
0d078f3b
3aaeeb25
a462b09f
3e07e629
e665d643
dd32af6d
afa92427
707f0af1
3e04fe4b
aab6fcb5
7fc00000
4932c8b9
61712753
3e0cf2fd
77c77e37
98663f81
1cda715b
7ea9b245
3e0fa4bf
2f108f49
33b4fc63
8f265a8d
0a049c47
3e0cd811
7ea8e86b
6f400bd5
767084cf
8d9a39d9
3e025573
0217e61d
31217e57
7edbd4a1
7e11637b
3e030965
1bb9a8df
4758c869
8eea3283
9bba95ad
3e0f2467
107c3531
d624e28b
f27baaf5
34fc10ef
3e053af9
88fd9393
7ee7693d
fe3e8e77
74d6f9c1
3e04659b
00000000
6d98bcff
c5d89189
7e8d78a3
3e0760cd
ff00bc87
41152251
9f50ecab
ab31da15
3e00ad0f
7eebcc19
22cae1b3
9c837c5d
6a26ae97
3e0faee1
86cb77bb
609167a5
7ea4e11f
5bd7eaa9
3e06cec3
5fe4bbed
2fb164a7
891f9f71
323506cb
3e0a9935
4d16592f
ee65ed39
4d523fd3
ccb41f7d
3e01deb7
6c7df401
7ede99db
22f66ec5
d9e6153f
3e0ed3c9
f53e34e3
7f0aa70d
af391cc7
7ee3ac91
3e0930eb
4c2de855
86b5154f
0acb9e59
371badf3
3e01529d
7ef81ed7
1fb9c921
f375cbfb
814a05e5
3e04595f
87754ce9
9d5bab03
7ef1222d
729fe4e7
3e0949b1
2f456b0b
d603c775
1014e16f
af64df79
3e0f2c13
e9f315bd
d0f16ef7
719b2e41
00990e1b
3e042d05
bb27ad7f
7ea35609
f2073123
88602d4d
3e0dbd07
d0b876d1
2081b52b
d8743695
7ebdbd8f
3e09b099
1694ba33
f29168dd
7655cf17
9a6a2361
3e00603b
7edce425
be38119f
2470ef29
ebc8c743
3e0fc86d
ed2aa527
cd5933f1
7e960f4b
7e4735b5
3e07a9af
325211b9
7d545853
1ae44bfd
6dad3f37
3e0ea881
ee23c25b
07ac2b45
e19d85bf
3f261849
3e086d63
daf7f38d
7ede9d47
80d38111
180a796b
3e04c4d5
e30aa5cf
db3602d9
85760673
7eb3bf1d
3e0fbf57
c5f0bda1
699b347b
7fc00000
a96009df
3e0ad169
7eae2383
3cb0aead
9791a567
1d6f5e31
3e06f38b
1334e3f5
d7beb1ef
7eed83f9
7181c493
3e07c23d
22554f77
ad3862c1
d63eb69b
1f3e6985
3e079dff
3b671a89
a8e1e9a3
b511f9cd
55cbbd87
3e04cb51
6f337dab
7edf9315
00000000
64409519
3e0f92b3
13e8555d
f1b5ef97
348d97e1
7e9648bb
3e0160a5
0a1c421f
5b82f3a9
3c4bbfc3
c5e3d4ed
3e04e5a7
7eabc871
46f817cb
bb0cd235
1ce9fa2f
3e073639
137770d3
b0dd787d
7ea99fb7
08385d01
3e09eadb
2d4ae7c5
7f25f63f
62a65cc9
8b73a5e3
3e0e400d
65751dc7
bcdc5591
e23cc1eb
ff84a155
3e01364f
50d96759
7ef15ef3
9c6f2b9d
25b85fd7
3e00b221
42819cfb
a732fee5
50acba5f
7e9955e9
3e019c03
ebf93b2d
9cf465e7
c4ce72b1
62897c0b
3e0f0075
7ef9826f
2d2f2879
c7755d13
32656ebd
3e0a2ff7
b9ae9741
87255f1b
7e91a605
d6b88e7f
3e03df09
a31da223
38ccc64d
a99abe07
0d4a1fd1
3e06462b
7773ef95
988ade8f
6b407999
990b6b33
3e0841dd
1e471017
7e8a0c61
5a9d313b
a8aedd25
3e01729f
d30df829
98afb843
8d30e16d
7ef02627
3e075cf1
2c5b204b
1c7b6eb5
eb2d4aaf
de555ab9
3e0b8953
7e9fa4fd
e2570037
f3db1181
6871135b
3e02a445
347f66bf
5b1fa149
7e9fde63
9eed8c8d
3e0c9e47
6cfe2a11
4cf00a6b
39ed7dd5
87e8c6cf
3e05cbd9
f00db773
2473981d
c3a20057
8969a6a1
3e09057b
4044fb65
7eca6adf
b0a0da69
e5f61483
3e0ac7ad
44c82667
44c68731
00ad048b
7e921cf5
3e0552ef
a4a9ccf9
3689f593
c9cc1b3d
49301077
3e0dcbc1
7ecd079b
fccde285
a8ba7eff
60d9a389
3e0a5aa3
059092cd
705abe87
7eb87451
7fc00000
3e014c15
7bcaef0f
92795e19
6bb843b3
80712e5d
3e093097
badf80e1
5f6519bb
043559a5
a9d7a31f
00000000
a2f4b0c3
7e86eded
2a3c66a7
539bf171
3e0f28cb
d4930b35
ab019b2f
ea6c7f39
7ea0a1d3
3e0ad17d
b13560b7
0b56c601
59f93bdb
034360c5
3e09d73f
7e91e5c9
732d16e3
eaf5d90d
63751ec7
3e08fe91
3a2452eb
f77f5a55
7ef1574f
73cb3059
3e0b0ff3
94c1049d
f5bca0d7
caab9b21
a4916dfb
3e0ff7e5
ea391b5f
f2a15ee9
23eb8d03
c225542d
3e0ce6e7
af579bb1
7ed18d0b
d8be3975
ce22236f
3e0d7179
e0bf8e13
45fbc7bd
a2a6f0f7
7ea60041
3e05b01b
4f731f05
558d6f7f
62886809
e9b81323
3e0d5f4d
7e8bbf07
3e3fc8d1
004ed72b
bf17a895
3e0bff8f
2beb4299
22061c33
7ea31add
92fc5117
3e0df561
bbee023b
aa24d625
01aed39f
cb8f0129
3e0aa943
fe65fa6d
7179a727
fa3985f1
1724314b
3e03a7b5
5e66ebaf
7ebca3b9
8ea6ba53
957efdfd
3e04c137
e0ab7a81
9bc2645b
179d1d45
7ea547bf
3e0d2a49
9a9b4f63
6b07258d
625e9f47
718cd311
3e099b6b
7eba36d5
750ae7cf
c51994d9
a5296873
3e07711d
fe084157
0e468fa1
7ebad67b
f8a3f465
3e08cbdf
821ae369
02c20583
cd08e0ad
83c2a767
3e01b031
aff7158b
709355f5
5c0ff3ef
9eca15f9
3e062693
18f4743d
7eced177
782734c1
915f589b
3e015b85
5f315fff
c6302c89
7a16cba3
7eb32bcd
3e0dbf87
3f601d51
59049fab
ff270515
bd7e100f
3e062719
7ef4f4b3
721e075d
5f207197
269569e1
3e07eabb
4c7d52a5
b6d7041f
7e8505a9
4921a1c3
3e0e06ed
c027e7a7
26701a71
e08a39cb
10bd4435
3e0d3c2f
08c5c839
00000000
be9c2a7d
c20521b7
7fc00000
8fcc8cdb
7edfd9c5
f771b83f
76616ec9
3e0a87e3
1121720d
b9391fc7
e9f9a791
7e8fe3eb
3e0e1355
6bb5784f
03a0f959
10a8c0f3
f636dd9d
3e04e1d7
7eba8421
29a53efb
7bf0f0e5
f5097c5f
3e0d67e9
24797e03
da756d2d
7ee967e7
8c44c4b1
3e0d9e0b
5c117275
e08ec46f
c56fba79
6e8dbf13
3e0620bd
2ba7b1f7
7c016941
834a011b
36789805
3e06507f
5dd0f109
7ed68423
9611f84d
0a40c007
3e0971d1
e93b682b
3f5f6195
1ff1208f
7efa0b99
3e04cd33
39e1f3dd
e4759217
5f75de61
0442d33b
3e0ecf25
7ed0349f
9df40a29
29099a43
95bf136d
3e072827
ea3faef1
b9f1424b
7ecfe0b5
a7e48caf
3e07ecb9
a415eb53
698256fd
87f68237
0cdfe381
3e07b55b
0d0b9645
200f28bf
f6beb349
7a9ac063
3e04be8d
2a04a047
7eff7c11
e4c72c6b
372aefd5
3e0108cf
81615dd9
b4c91973
cb5f4a1d
7eb28257
3e0778a1
ae50a77b
06a6ed65
a9eb2cdf
d178ec69
3e01f683
7eeaf9ad
64812867
22a0d931
db45268b
3e088ef5
5d9e94ef
1fce5ef9
7ea65793
8b40cd3d
3e019277
2ab49dc1
3a75a99b
2ed8d485
90ec40ff
3e0ab589
9ef73ca3
faf9c4cd
30c4c087
6cebc651
3e0330ab
b1c0be15
7ef5310f
d996f019
eeb5a5b3
3e0ee05d
64fbb297
07af52e1
b40ebbbb
7ee94ba5
3e0a651f
a5dc0ea9
3ed292c3
0cb91fed
7bd768a7
3e084371
7ed94acb
ff8b7d35
41fcdd2f
52031139
3e0f03d3
0831837d
7998e2b7
7ebf9801
16a3dddb
3e0052c5
ea7d993f
6614f7c9
772bf8e3
00000000
3e0120c7
211e5091
afff74eb
f560cc55
633d994f
3e0ac259
b38a71f3
7ed0b69d
b01122d7
9b2d6d21
3e0d0ffb
4ac5e9e5
811ddd5f
355d70e9
7e8b6f03
3e09862d
7fc00000
eb95edb1
946daf0b
f608ab75
3e0f656f
7ee60379
80dff013
0e9479bd
df6c72f7
3e00d241
18e2521b
6d221105
7e83317f
70fd7a09
3e08f523
62ea914d
9439c107
bd571ad1
382bf92b
3e0b1a95
720a418f
6fecd499
87877e33
a144ccdd
3e02d317
b141c761
7e9ba43b
11fcc825
1a35959f
3e0d1329
2c7c8b43
e33c2c6d
6cd8a927
7ea9d7f1
3e02534b
56f019b5
d7a62daf
13b735b9
82091c53
3e09affd
7eec4337
08784c81
6d71065b
b61e0f45
3e0d09bf
96643c49
541e3163
7ea6578d
616ea147
3e062511
67b8bd6b
30bfa8d5
681b29cf
828d26d9
3e0cca73
f88b231d
a520c357
9c2c61a1
25ea787b
3e0de665
fca18ddf
7ebaf569
6ee5e783
85f112ad
3e03a967
f9240231
9297378b
0881c7f5
7ef135ef
3e06a7f9
50ba8893
b0b1263d
6e585377
d0a606c1
3e0ffa9b
7ed44d85
4deb21ff
90893e89
015bada3
3e045dcd
f69fc187
f6db6f51
7ee5c1ab
f4fe7715
3e00520f
127bb919
adfa56b3
24e3b95d
5f9af397
3e0d3be1
14e98cbb
99f944a5
58a1c61f
0d1717a9
3e0783c3
0b4838ed
7ecae9a7
77446c71
7a2c5bcb
3e0db635
6ae07e2f
56245a39
113434d3
7eeadc7d
3e00a3b7
210a0101
fe7f2edb
eb04cbc5
6ccd7a3f
3e0c80c9
7ef169e3
0de4a40d
ac0d21c7
d8a6f991
3e0305eb
1b478555
cb09ba4f
7ef88b59
48f022f3
3e0e8f9d
00000000
79845621
dcd8e0fb
c73ee2e5
3e063e5f
8f9179e9
f0216003
11819f2d
47ee69e7
3e0b16b1
b7c1c00b
7ea3e475
bc34066f
99404c79
3e062113
e396d2bd
cdf533f7
ebe43b41
7efea31b
3e0f8a05
c5a4127f
2c0e0309
de9f6623
03e72a4d
3e06c207
7ef8c3d1
fd208a2b
29dad395
3867628f
3e039d99
840e2f33
7fc00000
7eb41417
5071b061
3e08753b
985ec125
7e5ef69f
106a1c29
17737c43
3e0d456d
3f2e2a27
4d7800f1
6797644b
bfb452b5
3e0bceaf
6b4a7eb9
7e804d53
0ef508fd
e8a60437
3e04b581
2bce575b
a2d48845
28aeeabf
7eedc549
3e05a263
a02bf08d
189ca247
b190ce11
24ae4e6b
3e0861d5
7e894acf
589cefd9
23947b73
76dafc1d
3e030457
c5354aa1
6888497b
7e98df65
e89beedf
3e00fe69
de3dd883
599b2bad
4b4a2a67
2a0b2b31
3e0d488b
b26f00f5
2f87d6ef
f682f0f9
27d2b993
3e057f3d
40431477
7efb6fc1
73ae4b9b
bf73c685
3e0e02ff
158bc789
b1441ea3
20f2f6cd
7ebec287
3e0f1851
e0dc52ab
58e03015
ec2f730f
c4448219
3e0307b3
7efc925d
5efe3497
6a0f24e1
04c85dbb
3e0d3da5
0d6d271f
b63620a9
7ec074c3
17fb51ed
3e026aa7
15449571
cf036ccb
3513ef35
92081f2f
3e09a339
19ed65d3
f0c8357d
1d0c64b7
61b86a01
3e0e7fdb
8f8d44c5
7ee15b3f
e12809c9
813adae3
3e0c3d0d
691d22c7
a093a291
edea96eb
7ed23e55
3e09db4f
e07a5459
e0d9d3f3
3170689d
4d75a4d7
3e0f3f21
7ef8b1fb
815bdbe5
5d129f5f
cfa982e9
3e0b5103
503db82d
c316eae7
00000000
ff19d10b
3e031d75
a56ca76f
217e9579
73105213
c3bd2bbd
3e01f4f7
8ceba441
c31ef41b
09610305
7188f37f
3e028c09
1b49d723
7e87c34d
ab77c307
cdfe6cd1
3e091b2b
b40e8c95
8308838f
777e6699
7e98e033
3e067edd
a5795517
cd059961
e759463b
c064ba25
3e0c579f
7efb2529
f9ee6d43
e0a25e6d
5f47ab27
3e0a29f1
9270754b
c31c8bb5
7ef56faf
55c1c7b9
3e0b7e53
006461fd
c723c537
add51e81
e32fa85b
3e0f0145
1fe4cbbf
495b4e49
7fc00000
2cd5898d
3e0ea347
b7af7711
7ea7df6b
e9d51ad5
3c3b6bcf
3e00b8d9
a2c02c73
d64ed51d
4f494557
7ea233a1
3e0a1a7b
d287d865
7dda4fdf
52eb0769
8919c983
3e0944ad
7ed4ab67
45565431
e547598b
5b0039f5
3e0277ef
6c3339f9
2b6eea93
7efdd83d
64f1d577
3e04d8c1
23d09c9b
13373f85
a9b4e3ff
1a725089
3e008fa3
ae258fcd
9da1c387
5fe6c151
14d6e3ab
3e05e915
fef2940f
7ef14b19
780fb8b3
ac396b5d
3e057597
0b550de1
93ab2ebb
4e0536a5
7efc881f
3e0929a9
9cfd65c3
c2d26aed
317deba7
c1a8be71
3e0e7dcb
7ece2835
c773c02f
cf12ec39
932a96d3
3e098e7d
28ec25b7
d9cad301
7ec1d0db
cfb9bdc5
3e093c3f
8c8792c9
f0884be3
0b37d60d
bdf123c7
3e044b91
bfe627eb
8500f755
2b6dfc4f
c3e01d59
3e0784f3
d776419d
7ecde5d7
f25e2821
dc1c82fb
3e0cd4e5
ccf3005f
85a58be9
89d94203
7e9dd12d
3e036be7
b7e168b1
7a75e20b
ebc65675
a0e9486f
3e00de79
7eee8313
3f0784bd
9b52b5f7
89570d41
00000000
8ef67c05
d0b1d47f
7edb1509
3d784823
3e0c5c4d
58bcc407
34e815d1
2915ac2b
b6e64595
3e0da48f
2c9d2f99
60a79133
a64557dd
0a029617
3e0d8261
6bbe173b
7e8eb325
467db89f
aa702e29
3e0d5e43
b08b776d
dd252c27
ca4052f1
7ecd864b
3e08c4b5
6c8310af
631d10b9
6efaaf53
70f7bafd
3e058637
7e998781
a394f95b
872d7a45
ce5eacbf
3e0cd749
59c08463
91a3228d
7ec4a447
a6322011
3e05706b
c955d3d5
82b18ccf
c36881d9
bc6fdd73
3e06ae1d
0d838657
ab731ca1
8ecfeb7b
d71ad165
3e0cb0df
39d91069
7ef9ba83
bf5b5dad
79232c67
3e057d31
a0a56a8b
923572f5
2a8118ef
7fc00000
3e0f1b93
f3da313d
ec649677
16d241c1
a0f6ed9b
3e0eb885
7effc4ff
2f3cd989
39a100a3
f77c28cd
3e08c487
5f026a51
66d574ab
7e8fa215
adf9b50f
3e021419
a2e069b3
a79a445d
ac10b697
61fef6e1
3e01ffbb
d6812fa5
8ecfe91f
0e2032a9
70be56c3
3e0d83ed
243d6ca7
7ef0e771
d8bd8ecb
f52c6135
3e03612f
63e03539
8cebc7d3
b5eee77d
7e8fe6b7
3e013c01
9c2921db
3b8a36c5
ef551d3f
ebcb1bc9
3e09bce3
7e976f0d
ba8924c7
a198f491
73e5b8eb
3e03b055
44061d4f
e429e659
7eb935f3
b6a01a9d
3e0a26d7
ace11121
004453fb
ee81cde5
fe17615f
3e0594e9
0bfb3303
e421ea2d
56b3ece7
c0c291b1
3e05f30b
804d8f75
7ea9e96f
3ea72779
3750b413
3e05ddbd
9a2776f7
71267641
816b961b
7eaff505
3e0eb57f
ec979e09
552ab923
7fb4f54d
31c5c507
3e05bed1
7e963d2b
00000000
e516c58f
c29ff899
3e0a4233
223830dd
9b4fd717
7ed96b61
2726e83b
3e0cac25
ca73199f
2e493729
e5704f43
7698906d
3e06ad27
9a3a7bf1
e02e974b
d9d8fdb5
d554b1af
3e0c59b9
0efde053
7eaf13fd
306b4737
50c1f081
3e0e4a5b
9ecff345
441c8dbf
abe26049
7ed3f563
3e04bb8d
dcbea547
0d18c911
57a7016b
157a8cd5
3e0badcf
7ea44ad9
80a38e73
78a2871d
7c81c757
3e0805a1
9279bc7b
0151ca65
7ea311df
6eab1969
3e0dab83
717176ad
72b5ad67
7b18a631
28077b8b
3e0eabf5
5f63b9ef
3c3fcbf9
f8334c93
85da8a3d
3e0b5777
2a53aac1
7ea13e9b
a1aa3185
f28ea5ff
3e0b6289
321571a3
8cf6c1cd
d3b3c587
7e821351
3e0805ab
e85d5b15
0944d60f
4ef6dd19
bc351ab3
3e0f1d5d
7ebff797
fe0cdfe1
ce7cd0bb
e8a128a5
7fc00000
dceb3ba9
e40347c3
7eec9ced
8cc0eda7
3e0d1071
ada09fcb
d12e9a35
9d17022f
f3917e39
3e00f8d3
9338407d
04f7a7b7
b01ba501
a81472db
3e0eafc5
4eb4fe3f
7ef2a4c9
f3af2de3
891b080d
3e0525c7
fab19d91
19e949eb
814a6955
7ee23e4f
3e07af59
57aee6f3
5eedf39d
db4a67d7
d0c7fa21
3e0024fb
7e8ac6e5
007fc25f
93499de9
71a12403
3e0a032d
8f286de7
1c07bab1
7eba040b
fb78c875
3e0e8a6f
f3917079
d036e513
470836bd
13c037f7
3e09df41
7017e71b
d90d6e05
e8cf967f
e7382709
3e012a23
11418e4d
7e92c607
8fe767d1
ed1ace2b
3e01b795
1c83e68f
c986c199
d750f333
7ecf09dd
3e011817
13195461
2993b93b
a24ea525
00000000
3e064029
7ef74043
c2c9a96d
322c2e27
e098a4f1
3e03a84b
0d2d36b5
746a52af
7effa2b9
c7851153
3e0a6cfd
db350837
c94e5981
7f6b9b5b
3a166c45
3e0e6ebf
66fbe949
626b6663
23aa548d
32fca647
3e037211
9cac926b
7ec345d5
1869cecf
41c413d9
3e0b3f73
db82601d
ac440857
1740eea1
7ea78d7b
3e0cc365
d52d72df
81612269
8ec59c83
8dab8fad
3e0c2e67
7e8fcf31
8b6d8c8b
ec8be4f5
ce8a5aef
3e0c14f9
e15b7d93
9afee33d
7e961877
013913c1
3e0f8f9b
fc59aa85
57e186ff
c87deb89
b80de2a3
3e055acd
4c62c687
c265bc51
a4de96ab
6ecf1415
3e03f70f
844fa619
7e8dcbb3
ddc7f65d
cc333897
3e0ec8e1
9a6ba1bb
146521a5
4542ab1f
7e9a44a9
3e0c38c3
182fb5ed
7b086ea7
bd2d3971
2287b0cb
3e04d335
7ecea32f
0e26c739
41fa29d3
d7a5997d
3e0368b7
2e5a0e01
6503c3db
7e9728c5
8d58df3f
3e0e2dc9
a7889ee3
2042a10d
eb0526c7
a42e4691
3e00daeb
7fc00000
96025f4f
1b697859
99a897f3
3e0fcc9d
316ea8d7
7e92e321
e19ff5fb
1237bfe5
3e0c235f
0af1a6e9
cacb1503
00961c2d
7ee0eee7
3e00e3b1
c4a2150b
ed480175
a0f72b6f
d75fb979
3e011613
7ebe8fbd
181cf8f7
42f14841
d3c8381b
3e0ee705
c1c4777f
59bcb009
7e9b9b23
46f2274d
3e03c707
a3fd10d1
f0235f2b
33457095
1835078f
3e018a99
d46ba433
b189e2dd
84365917
a53d3d61
3e048a3b
f0e49e25
7ea9db9f
73a74929
6f023143
3e0ec26d
2955af27
2d5acdf1
8dfcb94b
7ea56fb5
3e03f3af
00000000
a8904253
5d89c5fd
94c2c937
3e0ec281
7edcec5b
e900e545
c5644fbf
3df97249
3e06d763
70e3ed8d
58fea747
7e921b11
6bb6236b
3e0ffed5
87abefcf
b047dcd9
4896f073
5f86391d
3e0a4957
e73dd7a1
cad95e7b
06abbc65
af7bd3df
3e0b2b69
c7b18d83
7e89a8ad
7b26af67
1a6af831
3e079d8b
2fad1df5
87f4fbef
a7dc5df9
7e87ae93
3e073c3d
7354d977
2b827cc1
8681e09b
cead2385
3e0867ff
7ef47489
db8a53a3
dc57f3cd
18d5c787
3e0d6551
b0e927ab
e5e4cd15
7ea7180f
028c6f19
3e0a7cb3
3894cf5d
d36a7997
4654b1e1
455e72bb
3e0d1aa5
fc620c1f
902d4da9
e91929c3
db96ceed
3e03efa7
43216271
7ef2c1cb
511f0c35
6bca442f
3e001039
1d475ad3
1336f27d
fc1329b7
7efc7701
3e0714db
24d3a1c5
bb40c03f
e0edb6c9
3ce60fe3
3e0e3a0d
7ee927c7
2e0eef91
7bfc6beb
9023db55
3e06804f
525f4159
2e2648f3
7ef5a59d
6056e9d7
3e01cc21
bed3c6fb
7088b8e5
b91c845f
387dafe9
3e090603
6a06352d
2d5d6fe7
09be0cb1
b00e260b
3e0b3a75
8583cc6f
7e920279
bf8f4713
7b98e8bd
3e0db9f7
4cecb141
7fc00000
e1b46005
7efd587f
3e053909
fd5a0c23
b0c6c04d
6378c807
bc76b9d1
3e0ff02b
7ead2995
e82a288f
6a005399
680a5533
3e08bbdd
fbcf9a17
e4c52661
7ef95b3b
b11e9725
3e0b3c9f
552c5229
17112243
2d97db6d
be433027
3e00f6f1
30e9ca4b
93c1a8b5
956194af
357234b9
3e0f7353
6aad1efd
7e948a37
d8932b81
3f523d5b
3e0f5e45
f0ee30bf
c0dafb49
00000000
7ec1868d
3e04a847
b424c411
d4c3b46b
25c0b7d5
cf3210cf
3e0fa5d9
7ed6a173
94ae121d
8e148a57
889ec0a1
3e0f2f7b
01ceb565
830e34df
7ef93469
8c217e83
3e0bc1ad
aa053067
39aa2131
2645ae8b
417256f5
3e039cef
a000a6f9
0937df93
8eb3953d
25d79a77
3e0fe5c1
d7b8319b
7ea49c85
f45348ff
614efd89
3e0ac4a3
b63e8ccd
490cc887
17590e51
7ef7b8ab
3e0e8615
c4be390f
59ad3819
3f4b2db3
2885a85d
3e05ba97
7e8e9ae1
df5543bb
f8d913a5
b0c56d1f
3e0456a9
9aea1ac3
0d21e7ed
7ee370a7
a7798b71
3e01d2cb
150d4535
d889e52f
23fd5939
b9188bd3
3e0c4b7d
29c6eab7
2102e001
31ee65db
df341ac5
3e0ca13f
afc13fc9
7ec780e3
cefdd30d
7a9128c7
3e039891
580bfceb
26869455
290ea14f
7eb90a59
3e07f9f3
aeaf7e9d
78032ad7
54d4b521
4f0b97fb
3e0db1e5
7ed0e55f
abedb8e9
97aaf703
259a4e2d
3e0df0e7
bc2f35b1
1f7e370b
7ed27375
cc546d6f
3e084b79
36017813
6e9741bd
01227af7
824c1a41
3e04da1b
d57dd905
5d7a397f
e671c209
8b1c7d23
3e0f594d
8b91c907
7ed462d1
8840812b
86b8e295
3e03498f
23931c99
a22d0633
756b94dd
7eacdb17
3e010f61
7af22c3b
72fc9025
cef09d9f
20955b29
3e041343
7eb4f46d
00f4b127
7fc00000
1bdadb4b
3e01e1b5
374335af
61417db9
7eb2a453
c6f477fd
3e0a4b37
8f4b9481
1ccb8e5b
c1c1d745
23bc11bf
3e008449
b6c9b963
e3c31f8d
544ea947
9c9b6d11
3e05456b
c47570d5
7efc31cf
bbfb6ed9
7a9a5273
00000000
6022cb57
8b63a9a1
af49007b
7e95ae65
3e0495df
8cdb3d69
ec156f83
ff31daad
0aa7b167
3e0d4a31
7eb7bf8b
b1db8ff5
19963def
2f08eff9
3e0c1093
8d43ee3d
8b1e5b77
7ec14ec1
45f2829b
3e001585
4b7229ff
358d8689
3b0f35a3
1c4925cd
3e07c987
c468b751
f30a49ab
e5fc3f15
71195a0f
3e020119
b2afdeb3
7e9a815d
2024fb97
642c83e1
3e0014bb
d1890ca5
726cce1f
caff5fa9
7ebf0bc3
3e0100ed
0876f1a7
7a35b471
e154e3cb
9b9f7e35
3e0d862f
7ebea239
256dbcd3
afc5a47d
8e3eabb7
3e0d4901
61e9b6db
953893c5
7edc823f
0278c8c9
3e0cf1e3
06916c0d
adfd29c7
22fc4191
661f8deb
3e0d4d55
52fac24f
c6f6d359
8eadaaf3
1b8d579d
3e036bd7
be4b9e21
7ec768fb
9616aae5
76c9465f
3e01c1e9
2b60e803
c352672d
72a271e7
7e845eb1
3e02480b
2a8dac75
85690e6f
3c229479
c0f7a913
3e099abd
7ecb3bf7
730f8341
5cf12b1b
28eb5205
3e0b1a7f
20a24b09
5e62ee23
7edbf24d
2f6eca07
3e060bd1
3d55122b
2d689b95
44e06a8f
8e09e599
3e03b733
f3126ddd
414e1c17
ac00f861
396efd3b
3e0e8925
1d39fe9f
7ee26429
7dbb0443
70f60d6d
3e0a3227
d9f948f1
5ecfec4b
04e61ab5
7ee8d6af
3e04c6b9
dec9d553
025fd0fd
ba040c37
2567fd81
3e08df5b
7e985045
6dcdf2bf
0a4a0d49
25f12a63
3e08b88d
499caa47
cd761611
7eead66b
9fce29d5
3e0a52cf
792b37d9
83620373
5269c41d
7fc00000
3e0c92a1
8a06d17b
b900a765
55fef6df
b7214669
3e0d6083
63fbf3ad
00000000
e7547331
f12dd08b
3e08c8f5
11ccdeef
e4f538f9
63244193
7ef8473d
3e091c77
3eb6b7c1
e130d39b
b37f8e85
bdd50aff
3e000f89
7e97a6a3
9e77becd
14c6ca87
dddc6051
3e00daab
8efdf815
19b87b0f
7e9aca19
64988fb3
3e035a5d
85a83c97
cb2e6ce1
204ee5bb
03dd05a5
3e082f1f
c33e68a9
ad17fcc3
faa419ed
adce72a7
3e05dd71
764bf4cb
7ed5b735
0cd5272f
2563eb39
3e06edd3
30c2fd7d
397a6cb7
713bb201
7ee907db
3e010cc5
8090633f
691451c9
e61662e3
3e49050d
3e0d2ac7
7e88ea91
b6371eeb
41380655
7d2ae34f
3e089c59
7ab75bf3
218f309d
7ea7acd7
61268721
3e0739fb
7d53a3e5
7f85a75f
a479cae9
f29ad903
3e0e802d
7beaf2e7
683d87b1
ca6a590b
96ece575
3e01af6f
7b80dd79
7ef1da13
d5fff3bd
d537fcf7
3e06ec41
34b17c1b
6bfccb05
463ffb7f
7eb6d409
3e0d5f23
c71c8b4d
5f0fcb07
c03bb4d1
f86da32b
3e0c5495
7ea18b8f
3964ae99
49fe6833
eddd46dd
3e035d17
53b4e161
8eefce3b
7ea48225
90c75f9f
3e036d29
5c55f543
cbdb266d
cfa3b327
e04b71f1
3e08fd4b
1d6e53b5
edd277af
d18c0fb9
01e50653
3e0f29fd
4ea1cd37
7ee86681
22ca305b
a912c945
3e03d3bf
f0d79649
2e9c9b63
3732518d
7eaeab47
3e04bf11
4c04676b
47cae2d5
575c73cf
1b3f00d9
3e0db473
7efd9d1d
168b4d57
f5197ba1
bfc8a27b
3e0fa065
755d57df
8f4b4f69
7e895183
02ea0cad
3e08b367
95bf9c31
90a7e18b
ee9a01f5
94477fef
3e0581f9
0ae07293
63d0a03d
adf7dd77
00000000
3e03249b
04630785
7efbebff
bdb69889
d0a417a3
7fc00000
d049cb87
f3b40951
2d3b6bab
7ea3b115
3e0b9c0f
14679319
650540b3
1730335d
7fef7d97
3e0455e1
7ed1b6bb
1fd4fea5
5d87901f
0d6171a9
3e04edc3
d69b32ed
28e9f3a7
7eda0671
fb4705cb
3e0ff035
f460c82f
666d3439
afa41ed3
e8e4567d
3e0a2db7
e46e1b01
a4ec58db
342d85c5
0b88443f
3e03dac9
a183d3e3
7ea49e0d
3c212bc7
59799391
3e02afeb
e586bf55
b79f044f
af1e6559
7ec50cf3
3e05099d
d39fedd7
cd657021
d1cb0afb
b2349ce5
3e06085f
7e95d3e9
fd58ca03
e52e992d
def773e7
3e0ab0b1
25e66a0b
49f01e75
7ede506f
b9c32679
3e000b13
6a6a4cbd
7f68bdf7
c6c25541
d175cd1b
3e024405
7f88dc7f
4caf5d09
157bd023
a181244d
3e04cc07
8a455dd1
7e8a342b
44b40d95
b2a6ac8f
3e037799
d7ad1933
f5cc1fdd
b9dc9e17
7eccca61
3e049f3b
626e7b25
3998c09f
9e287629
c274e643
3e043f6d
7ea13427
bd019af1
2cc60e4b
e09a8cb5
3e0018af
360758b9
9d843753
7ea282fd
42038e37
3e0ccf81
6b4f815b
2a314245
87bdb4bf
c3491f49
3e0c0c63
9d1fea8d
7384ac47
48576811
bd21f86b
3e0b9bd5
9ff294cf
7eb6c9d9
c47d6573
94b5761d
3e058e57
7c0a64a1
608e737b
86c29965
7effb8df
3e095869
51094283
6bfc25ad
f7273467
3e8ec531
3e05f28b
7eef3af5
b10620ef
0579caf9
6f20a393
3e0cf93d
8b8a9e77
91cd89c1
7eb9759b
9cea8085
3e06ccff
91a12189
f7b488a3
3740f0cd
2f90cc87
3e0fb251
00000000
02ed6a15
9fc2bd0f
6f185c19
3e05f1b3
fbb10c5d
7efabe97
195e3ee1
dd5887bb
3e00f7a5
a6faf11f
39687aa9
bd55dec3
7eb64bed
3e0974a7
28c22f71
804616cb
5f2e2935
7a30692f
3e0a7d39
7fc00000
6829af7d
a43deeb7
9f048401
3e03a9db
3d1dfec5
d5c4253f
7ef763c9
8e7544e3
3e04370d
b6d92cc7
b54e3c91
5c7240eb
ae797855
3e07254f
f6882e59
1a56bdf3
38fee29d
2e5c2ed7
3e085921
ce12dbfb
7eb995e5
34ca695f
7495dce9
3e0abb03
8952b22d
abc7f4e7
dddbd9b1
7ee67b0b
3e075775
fe3ef16f
86e96f79
7cf23c13
a9f8a5bd
3e0d7ef7
7eb1be41
433e1e1b
010bbd05
fc15bd7f
3e0be609
194e4123
8009bd4d
7e9dcd07
28b306d1
3e0ac52b
d54fc695
97efcd8f
92c64099
4bdfca33
3e0ef8dd
f149df17
fb48b361
3efd703b
cadc7425
3e0e219f
b1217f29
7e97d743
c411586d
1562b527
3e0bc3f1
d7c71f4b
de6ac5b5
fd71b9af
7ee6a1b9
3e076853
8f79dbfd
a4294f37
c4153881
4cd8d25b
3e03bb45
7e9b95bf
119ea849
4c7f7d63
eb31838d
3e0ead47
b25e1111
1843896b
7eb054d5
10ccb5cf
3e0292d9
1cd11673
af914f1d
5003cf57
a45f4da1
3e08447b
1e199265
6fe619df
894b6169
bf0d3383
3e023ead
bed9b567
7ec1ee31
93a8038b
65e873f5
3e08c1ef
901213f9
9fe4d493
c6ed523d
7ee15f77
3e0ef2c1
6103c69b
0d15f985
5895adff
856faa89
3e08f9a3
7edb89cd
429bcd87
548f5b51
df7c8dab
3e0b2315
9d2dde0f
72ad2519
7eeaa2b3
4555e55d
3e09ff97
208c27e1
126358bb
00000000
3db2521f
3e0383a9
6cbacfc3
28f564ed
e06cf5a7
550e5871
3e0927cb
90506235
7ec40a2f
392bc639
3bea80d3
3e03087d
83c5afb7
30feed01
2bfefadb
7eb277c5
3e04063f
b43eecc9
bceab5e3
8647d00d
69552dc7
3e06e591
7e95d1eb
2c103155
9d53464f
8ad5f759
3e0c6ef3
6a6cbb9d
c1dc6fd7
7e8f4221
cd5eacfb
3e028ee5
0152ca5f
7fc00000
1d60ac03
4f9acb2d
3e0c75e7
0c4102b1
38ea8c0b
c3e29075
2063926f
3e03b879
f9f86d13
7eaafebd
a4163ff7
c8052741
3e0a6f1b
73093605
cbe69e7f
d84c6f09
7ea4b223
3e06564d
d48ace07
2b84afd1
edcf562b
7e8f7f95
3e0cee8f
7ecd0999
b6967b33
6d15d1dd
e57b2017
3e089c61
b98a413b
04ee6d25
7e87829f
7dfe8829
3e0ec843
8162716d
ace83627
3999ecf1
1acc304b
3e0efeb5
8ea75aaf
27a9eab9
7e4e9953
e77534fd
3e031037
77c1a181
7ee6235b
175a3445
bebd76bf
3e083149
81b6ee63
b1671c8d
5c7cae47
7ec8ba11
3e091a6b
ab990dd5
b9ead6cf
fed25bd9
afa8c773
3e01281d
7ee61057
fe1836a1
2326157b
eb148b65
3e007adf
cb216a69
18952483
7e8c57ad
08503667
3e091731
172e148b
1f85acf5
f94f62ef
818e5cf9
3e0d0593
3531ab3d
2efc2077
b2745bc1
5052179b
3e057285
d8088eff
7ea23389
4e616aa3
009a22cd
3e0ace87
bf930451
cda31eab
b96cdc15
7edcff0f
3e05ee19
dd6353b3
841ebe5d
8b5d4097
7d1e10e1
3e0229bb
7e94e9a5
31adb31f
77228ca9
4ba3c0c3
3e087ded
3cd476a7
bfbe8171
7ed038cb
54169b35
00000000
eae10f39
aad3b1d3
fc20617d
ea1170b7
3e0d5601
b10e4bdb
91eaf0c5
6807e73f
0a6a75c9
3e0426e3
5e8f690d
7e952ec7
be238e91
cabd62eb
3e0aea55
6893674f
fc07c059
84061ff3
7efe949d
3e00b0d7
6a7a2b21
dfae7dfb
c2af87e5
2f1f2b5f
3e01eee9
7eaa9d03
c806e42d
c2b4f6e7
9d0a2bb1
3e029d0b
aad1c975
04cc336f
7ee20179
db829e13
3e0157bd
3e9300f7
d1bc9041
e5dac01b
14aaaf05
3e0b7f7f
49f0f809
c17f2323
8986ef4d
d33bcf07
3e0a58d1
60f7e72b
7ef33895
7fc00000
afb7d299
3e012c33
fc70aadd
a6706117
d86c8561
7e9b123b
3e046625
13a4e39f
94bf9129
c1e9b943
d4d78a6d
3e01b727
7efc15f1
05d5414b
c9f737b5
e620fbaf
3e0133b9
e379ca53
ee948dfd
7ec0d137
dad20a81
3e07745b
a364ad45
6d2357bf
61f5ba49
90725f63
3e00b58d
409eaf47
af976311
cc92ab6b
2625c6d5
3e0cf7cf
d47624d9
7e847873
a8b5011d
8c8c5157
3e051fa1
64f7e67b
7db38465
cf7edbdf
7edb7369
3e011583
040a70ad
e38ab767
b7544031
06b8258b
3e06e5f5
7eda03ef
69eea5f9
a6f93693
369a043d
3e0ae177
b7ddc4c1
bca4689b
7ed8eb85
c2bf6fff
3e08bc89
9dfddba3
7f7cbbcd
c3fdcf87
66faad51
3e0dafab
f5a29515
5cd0200f
b482b719
b7e004b3
3e0b975d
78b48197
7e93f9e1
7984fabb
f01ce2a5
3e0d141f
a8d595a9
6a10b1c3
b3df96ed
7efff7a7
3e02aa71
af5b49cb
3a80d435
61374c2f
377a5839
3e00e2d3
7ed1ba7d
e72131b7
1b1fbf01
77219cdb
3e0769c5
500fc83f
00000000
7ee197e3
06fb020d
3e092fc7
8b243791
54e8f3eb
8529a355
8417884f
3e0d8959
eca3d0f3
e8b46d9d
d328f1d7
9c491421
3e024efb
ce2080e5
7eaf8c5f
b8edf7e9
0b788e03
3e06fd2d
2cd177e7
203754b1
dbfeae0b
7ee50275
3e08d46f
e7b44a79
3190cf13
0b7bb0bd
f3d3c1f7
3e07f941
7eaf111b
75f02805
a554607f
43798109
3e0d9423
d47b884d
adb0d007
7ed401d1
2a24782b
3e0af195
c163308f
0f869b99
af8fdd33
d8ef83dd
3e09a217
c3146e61
43afe33b
2dfe5f25
3186449f
3e049a29
e618aa43
7ef0a36d
153f3827
cfc23ef1
3e02524b
d7b370b5
13de9caf
64dc7cb9
7ea8fb53
3e07e6fd
03329237
7d467381
278cc55b
7fc00000
3e0d38bf
7ef74349
88b1d063
e63e4e8d
8484b047
3e0a0c11
45c03c6b
3d567fd5
7ef318cf
5efdedd9
3e042973
a6fcda1d
b3f69257
85b608a1
51cdb77b
3e067d65
ad313cdf
a8797c69
ce310683
35ac89ad
3e093867
e9b36931
7ec6368b
5eac1ef5
6aa8a4ef
3e02eef9
9d496793
5b265d3d
1d7da277
7eab2dc1
3e0ab99b
0b706485
28ba50ff
c0334589
1b1e4ca3
3e0354cd
7ed4d087
dac65651
23fc40ab
327c4e15
3e07410f
12c38019
30e0b5b3
7e9c705d
4acfc297
3e0de2e1
cb9bcbbb
0c48dba5
7170751f
fc6c9ea9
3e01a2c3
968aafed
46ef78a7
904ad371
d46a5acb
3e0f0d35
0016ed2f
7ef7a139
2a3213d3
6ca7137d
3e04f2b7
93462801
8e38eddb
5547e2c5
7edba93f
3e0d87c9
716308e3
0f8a9b0d
6f6130c7
4888e091
3e0884eb
7eac5c55
ffdfa94f
b5175259
00000000
3e0e469d
70f532d7
677bfd21
7eda1ffb
f73579e5
3e03ed5f
9b7e00e9
57ca7f03
0f4b162d
40b1f8e7
3e087db1
ab8ebf0b
9c9c3b75
5469756f
906a9379
3e030013
979a09bd
7ed882f7
c7576241
9c87621b
3e09a105
cef1417f
54e60a09
ffc00523
7e94214d
3e09d107
2e51aad1
5955092b
ae26aa95
d7bc518f
3e096499
7ed28e33
92925cdd
cea6e317
6b205761
3e08b43b
3cfc5825
d4aba59f
7eeda329
e1cb9b43
3e0dbc6d
0610b927
4c6c67f1
13f3634b
6013a9b5
3e003daf
67cbc5b9
e75c2c53
4a3f3ffd
c0685337
3e0edc81
0d26165b
7ee59f45
3fbb19bf
61dccc49
3e054163
74dfe78d
382eb147
4e60b511
7ef1cd6b
3e0b38d5
a6dd39cf
2e69b6d9
6747da73
6668b31d
3e04d357
7e9af1a1
f9a7887b
33dd7665
14279ddf
3e0b8569
4a44f783
0172a2ad
7ecbb967
e6769231
7fc00000
043557f5
7abb45ef
5f5b37f9
a01d9893
3e06b63d
58e46377
7cdc96c1
4c550a9b
7a2bdd85
3e0931ff
d391ce89
7ec2bda3
81adedcd
d46fd187
3e05ff51
ac2ed1ab
fffa0715
8d82620f
7ee84919
3e0566b3
9f51495d
11af0397
332bcbe1
9cb69cbb
3e08d4a5
7eb7d61f
01e7a7a9
a57693c3
f759c8ed
3e02f9a7
1626fc71
497d6bcb
7ec14635
8d3a8e2f
3e08ea39
5aa744d3
3fa06c7d
e58cb3b7
22d09101
3e043edb
286c5bc5
adeb8a3f
a44510c9
45e879e3
3e0e340d
a0ed31c7
7ed18991
5f4c15eb
70d31555
3e0bca4f
1cf51b59
756b32f3
4b8c1f9d
7e8573d7
3e02e621
28b5f0fb
cdee72e5
a01c4e5f
d3f209e9
3e007003
00000000
0e5679e7
3dbda6b1
8f22d00b
3e077475
df9e166f
9804dc79
7eb93113
9edc62bd
3e0143f7
d33acb41
2763b31b
b7671a05
8bd2227f
3e069309
3f267623
c6d0ba4d
35e6d207
62b353d1
3e099a2b
59f66395
7ed9728f
41d02d99
42993f33
3e0935dd
55e82417
60904061
a9e5853b
7e9e5125
3e05069f
345aac29
c5028c43
f40ed56d
34a63a27
3e0a90f1
7e88744b
f317e2b5
3225deaf
6d9f0eb9
3e035d53
beca98fd
3c621437
7edb4581
dbc3675b
3e0c1845
83ecfabf
8ba65549
75bcb263
bba5808d
3e0cb247
025b5e11
c6275e6b
81a3f1d5
d10b5acf
3e097fd9
842f8b73
7ef88c1d
65171457
92e3daa1
3e05597b
77686f65
1461fedf
bd618e69
7edce883
3e0cbbad
7fd23a67
3d9dbb31
fd6e588b
186290f5
3e01e6ef
7ee780f9
bf75c993
4dab0f3d
d70f2477
3e01ffc1
8fb35b9b
908b5685
7efc12ff
d6d45789
3e0b2ea3
24fc86cd
5a4ed287
6789a851
326562ab
3e0bc015
5841830f
19f11219
3e6e17b3
52aa225d
3e024497
7fc00000
7ed56dbb
b18ccda5
e643371f
3e06b0a9
e26f84c3
664ce1ed
281a7aa7
7ee72571
3e047ccb
5d977f35
18a22f2f
5e9e3339
eba075d3
3e0dc57d
7ee874b7
59befa01
ef738fdb
0734d4c5
3e0f6b3f
ea0099c9
abf1eae3
7e95cd0d
5a3d32c7
3e0e3291
ff83a6eb
e59dce55
583beb4f
a1b6e459
3e04e3f3
5aadf89d
26d9b4d7
0a0dcf21
2715c1fb
3e0b6be5
f2f8af5f
7eca12e9
eafa6103
df1f482d
3e0efae7
f816cfb1
96bae10b
28f6ad75
7e96b76f
3e032579
8ed36213
b142bbbd
00000000
aa823441
3e04041b
7e989305
ebf7037f
ff6b1c09
5410e723
3e01534d
03a7d307
cb78fcd1
7ec22b2b
ee6a1c95
3e0a938f
344af699
6de3f033
dd440edd
e9ed6517
3e042961
f786563b
1fe44a25
eac2679f
12abb529
3e0d7d43
4013ee6d
7effbb27
78ecb9f1
8221854b
3e001bb5
42af7faf
065657b9
4d4e8e53
7ef9f1fd
3e0fd537
80fbae81
a364b85b
d7f69145
6f62dbbf
3e03de49
7e882363
4a8f198d
2eceb347
0eba0711
3e00ef6b
cec0aad5
837d7bcf
7eed48d9
2b9b3c73
3e0c651d
0ecd5557
5390c3a1
ba672a7b
c0976865
3e005fdf
44ab9769
d4f8d983
a76ad4ad
421cbb67
3e08e431
3d08698b
7eb3c9f5
99ac87ef
f057c9f9
3e01fa93
3ba3683d
a7fde577
4f6b68c1
7e95ac9b
3e0ecf85
de42f3ff
59fae089
43979fa3
f46f1fcd
3e01d387
7e815151
c69ff3ab
8ce17915
af44a40f
3e0ddb19
f2fac8b3
cb26fb5d
7eb98597
fcd39de1
3e083ebb
5aa4c6a5
9c92981f
6289b9a9
9eec75c3
3e03faed
9155fba7
2d0b4e71
63af8dcb
6e91b835
3e0dd02f
b6c77c39
7e9da6d3
eaff1e7d
ff0835b7
3e016301
5996e0db
81a14dc5
88d74c3f
7ea022c9
3e0f5be3
0a11660d
7fc00000
c30edb91
71bf37eb
3e0c8755
7ed00c4f
d35cad59
084294f3
12f3d19d
3e01f5d7
016cb821
887992fb
7ecc64e5
f719105f
3e061be9
51d85203
423f612d
16eb7be7
e4d3f8b1
3e06f20b
5119e675
0cd3586f
03e56e79
56f19313
3e0d14bd
147ec5f7
7ead9d41
ec28551b
b76e0c05
3e0fe47f
b883a509
4e7f5823
49b5ec4d
7eacd407
00000000
eafebc2b
fb81d595
145fb48f
77a9bf99
3e02a133
7ed2e7dd
9ab6a617
739c1261
6c2b273b
3e0e4325
7db3c89f
0ae0be29
7efc6e43
f23d076d
3e0d3c27
48c2e2f1
a53e964b
790c54b5
697d20af
3e01a0b9
ed0dbf53
054d4afd
b0a19637
c1001781
3e0a095b
b6350a45
7e9cbcbf
02e56749
c8d79463
3e0cb28d
91c4b447
037cb011
6e9e806b
7e8163d5
3e039ccf
da0511d9
6d8aed73
cb843e1d
59479657
3e01aca1
7eccfb7b
9f6a6165
20a2c0df
89d9a069
3e08ca83
a19cedad
e62b3c67
7e980d31
38a67a8b
3e0902f5
c88b28ef
1b2c12f9
93b22b93
8cbfc13d
3e00a677
e5c8d1c1
5d7bfd9b
f4364885
d14dd4ff
3e056989
16c810a3
7e85b8cd
b158d487
e5dcfa51
3e0e84ab
6c4b3215
a28bc50f
44aea419
7e8b79b3
3e07d45d
c2e4c697
29bd86e1
aa1f0fbb
fd60bfa5
3e05f91f
7eb0c2a9
eaed66c3
ae9f13ed
60557ca7
3e037771
28ce9ecb
722ff135
7ebd712f
79d4c539
3e0ed7d3
e364777d
ddebf6b7
fdc7cc01
54be31db
3e01c6c5
8d332d3f
7123abc9
6c90cce3
3330ff0d
3e0934c7
e2038491
7efec8eb
9d1f4055
f1a82d4f
3e067659
7d7445f3
045daa9d
3fce36d7
7eafa121
3e0163fb
03f15de5
bc7d715f
20a624e9
8c3a4303
3e037a2d
7edbfce7
93f521b1
51f7030b
cfe11f75
3e03f96f
882bb779
e393c413
7fc00000
3f9386f7
3e0d0641
4610a61b
46e78505
d60cc57f
c9802e09
3e01c923
895e854d
0275d507
7a304ed1
523f4d2b
3e0d8e95
5bc8d58f
7eec8899
d8055233
5c85c0dd
3e03e717
b137fb61
00000000
c95c3c25
7ee9299f
3e09c729
7bbf5f43
9a8a206d
d2febd27
fefd0bf1
3e0fa74b
7efc8db5
b68ec1af
3070e9b9
9550f053
3e04a3fd
c8e75737
10688081
7eb35a5b
88178345
3e0a9dbf
705af049
40ab0563
80ce4b8d
a47eb547
3e035911
59e0116b
8ee61cd5
c12dbdcf
5d00dad9
3e0e9e73
2f80171d
7e85d757
191695a1
2736cc7b
3e015a65
4ca921df
1ceba969
8dbcbb83
7ef306ad
3e0dbd67
016b3631
00488b8b
8cc23bf5
21adc9ef
3e045bf9
7e965c93
d1001a3d
82276777
af8a3ac1
3e064e9b
6181c185
8f9cb5ff
7ef3f289
677c81a3
3e0051cd
a283d587
c79ca351
592115ab
1c58eb15
3e06e60f
cf636d19
07a02ab3
4b8cad5d
fcd40797
3e0b6fe1
1749e0bb
7ec0b8a5
50fd5a1f
4abbcba9
3e0257c3
a7fe2ced
a518fda7
bd7fa071
7ef1afcb
3e022a35
5071122f
37c60e39
81a408d3
b2edd07d
3e03b7b7
7ee23501
f0e982db
89663fc5
60d30e3f
3e0b34c9
e7263de3
8c74980d
7ec535c7
c15c2d91
3e0259eb
ffd5f955
3ec44e4f
7d543f59
2529f6f3
3e0b839d
d96e77d7
0c568a21
b44d34fb
313a56e5
3e05d25f
50aa2de9
7ea03403
ceeb932d
c6907de7
3e0a4ab1
259b140b
354c5875
c3189a6f
7ed60079
3e09f513
cb4dc6bd
e56c47f7
94b06f41
04fcf71b
3e04fe05
7efda67f
c260b709
33e83a23
dd2b1e4d
3e02d607
e021f7d1
6f83de2b
7e9d4795
5775f68f
3e035199
36dc0333
d7dc99dd
92952817
7c37e461
3e00c93b
d08e3525
03628a9f
88f6d029
7fc00000
3e0b396d
98a43e27
7e9b34f1
1384b84b
00000000
3e0462af
e1d432b9
56182153
885ffcfd
7ef11837
3e04e981
7060ab5b
dd9dfc45
bd5c7ebf
69b47949
3e027663
7ea3e48d
76fcb647
e62e0211
bf25a26b
3e0ed5d5
6c6bdecf
f4e0a3d9
7ef64f73
249ff01d
3e081857
3def7ea1
66249d7b
5dfc5365
51f382df
3e01b269
8364ac83
b46d1fad
13943e67
62225f31
3e0e9c8b
fb7f74f5
7e946aef
0580a4f9
99fe8d93
3e04733d
ab622877
3cafa3c1
9f549f9b
7ef13a85
3e0f96ff
82c67b89
45b4f2a3
0b9eeacd
d772d687
3e004c51
7ee7a6ab
2d0aa415
9de6070f
12fc3619
3e08dbb3
7375865d
7b874897
7ebd58e1
5378b1bb
3e04b1a5
6f18bb1f
39aad4a9
717b48c3
ef8145ed
3e007ea7
5b4fc971
7318c0cb
91586335
74e8b32f
3e0b5739
34ad39d3
7e9b297d
8fff78b7
ff609e01
3e08d3db
36beb8c5
13b6ef3f
07d6bdc9
7ebfaee3
3e0c310d
cd2536c7
f118d691
5489eaeb
2730b255
3e046f4f
7ea60859
0f63a7f3
d29d5c9d
3bd2b8d7
3e017321
9ebd05fb
dc274fe5
7e92335f
a69236e9
3e0a2503
1877ac2d
2508fee7
796373b1
5d43250b
3e0b9175
f9a13b6f
fd644979
8a642613
aa441fbd
3e0908f7
3987d841
7eed481b
54c67705
0d32877f
3e054009
3ee2ab23
d51bb74d
f053d707
7ef7a0d1
3e0c6f2b
96a10095
1767178f
c71e1a99
1c36b433
3e0772dd
7eaa6917
649bcd61
54319a3b
b9642e25
3e0feb9f
2ed7d929
f5d14143
7e90526d
ec0dbf27
3e0d5df1
7eadc94b
21c8ffb5
037e03af
661b7bb9
3e035253
489f55fd
05bed937
1d655281
bc11fc5b
3e087545
00000000
7ef20249
1cdde763
979d7d8d
3e0eb747
f41cab11
ae6f336b
419b8ed5
7eedffcf
7fc00000
72720073
3ae3c91d
9d4e5957
a42c67a1
3e066e7b
7ebb4c65
4081e3df
6cbbbb69
f4909d83
3e0b38ad
bceebf67
ed3d8831
7e98ad8b
a8e0adf5
3e0f0bef
e500edf9
37eabe93
72eccc3d
6760e977
3e090cc1
33c6f09b
8304b385
ae0677ff
a57d0489
3e0163a3
2ba183cd
7ea5d787
a047f551
e3b237ab
3e005d15
c5f9280f
9f78ff19
16558cb3
7e825f5d
3e0e8997
90d341e1
6eab82bb
5f6caaa5
7a781c1f
3e0ddda9
7e8839c3
15285eed
cfebffa7
4783f271
3e03d1cb
cce29c35
e7a4542f
7ed4a039
983a6ad3
3e0c827d
832f39b7
eb430701
4c4c24db
bfbb31c5
3e0ed03f
a10646c9
60dd1fe3
0f67ca0d
1d4937c7
3e097f91
aed57beb
7eaf6b55
29c8904f
9adbd159
3e0158f3
cf73359d
76faf9d7
fcd05c21
7eb0d6fb
3e0848e5
3442945f
b25e3fe9
d0781603
2427c52d
3e057fe7
7eb09cb1
08ef360b
f40eca75
826ddc6f
3e069279
c4925713
645e78bd
7ee9c9f7
79c34141
3e01991b
f32bf005
8dab687f
abcdc909
6f611c23
3e00504d
e8e8d807
993149d1
0c19002b
2648b995
3e0c388f
ee0ce399
7e956533
15f64bdd
bd83aa17
3e03b661
04e66b3b
13de2725
1e214c9f
7e9ce229
3e003243
f8496b6d
dd3b4027
280386f1
21dada4b
3e0538b5
7edba4af
4d46c4b9
61328353
c802aefd
3e009a37
faf9bb81
50c74d5b
7e96ee45
05ac40bf
3e038b49
a13d5863
ff3b168d
9b44b847
2a6f5411
3e0cc46b
7dec47d5
2bb420cf
00000000
be71b173
3e0ba21d
0ad89a57
7ecd50a1
450c3f7b
331e4565
3e0444df
4979c469
f1408e83
afcd51ad
7e8d4067
3e0cb131
bf46be8b
24e5e6f5
caadacef
cb6536f9
3e0aef93
7e99253d
c623aa77
e12675c1
d53d419b
3e0c2c85
7fc00000
18178d89
7eb1d4a3
47c81ccd
3e0cd887
b7339e51
ae00c8ab
b05a1615
ca50490f
3e09c819
c3763db3
62b3385d
8739ca97
334d2ae1
3e0253bb
88b8a3a5
7e9b7d1f
dd34e6a9
f6192ac3
3e0377ed
d5fb80a7
121c1b71
7d72e2cb
7e90d535
3e03f52f
f2f1e939
bc4b9bd3
cc61db7d
9d22fab7
3e097001
7e8375db
b45baac5
574ab13f
2e19cfc9
3e0e90e3
5917630d
553138c7
7ebe2891
2b250ceb
3e022455
e7b0b14f
9cf59a59
eb6309f3
456d0e9d
3e073ad7
d3234521
6ca8a7fb
eaed41e5
9eb6f55f
3e0e48e9
f8ea0703
7efbde2d
3f4600e7
2861c5b1
3e0f470b
6d660375
6d7e7d6f
6e2cdb79
7ec48813
3e0cd1bd
578e8af7
e562aa41
3fd9ea1b
61356905
3e08497f
7eda5209
d5638d23
f168e94d
4d41d907
3e0ef2d1
ab69912b
fe947295
7e95598f
35dfac99
3e081633
f8b924dd
ee20eb17
cd8f9f61
2c9f3c3b
3e0c2025
2b66ad9f
1845eb29
8df32343
1926846d
3e0cc127
17cdaff1
7e8beb4b
622571b5
a97d45af
3e060db9
cb85b453
968a07fd
bda65b37
7ef22481
3e009e5b
94096745
2cba21bf
3d191449
9f20c963
3e0caf8d
7e8eb947
1925fd11
6b0e556b
66e100d5
3e0e41cf
d9d7fed9
f4f56273
7ed77b1d
6926db57
3e0239a1
0506107b
6e253e65
196aa5df
b41bcd69
00000000
8cb36aad
84efc167
c29fda31
56f8cf8b
3e0f1ff5
6ce04def
7ead7ff9
f94f2093
a1697e3d
3e0a6b77
1877dec1
93b7929b
c317a585
7e8039ff
3e061689
d17645a3
f012b5cd
acd7d987
aa834751
3e0359ab
7ef7cf15
baeb6a0f
d31e9119
9f1aeeb3
3e08115d
34390b97
5b2b13e1
7e9d24bb
7ba89ca5
3e02de1f
b1cfefa9
ffae1bc3
3ae290ed
91cf01a7
3e084471
b2a5f3cb
7fc00000
f7e7962f
3c733239
3e00ccd3
987b347d
7edabbb7
6933d901
ebbec6db
3e0023c5
07fa923f
3f1158c9
a0a401e3
7eeafc0d
3e0d39c7
02a6d191
d9789deb
d918dd55
95dcd24f
3e036359
7ea8baf3
c48ae79d
b7977bd7
52da2e21
3e0478fb
6ec63ae5
1a6f565f
7ea251e9
44dff803
3e03f72d
1b0a81e7
1376eeb1
fc53580b
0d613c75
3e031e6f
ace72479
567ab913
a9ff2abd
88774bf7
3e061341
32d63b1b
7ee2e205
a8692a7f
f4cadb09
3e09fe23
35c5824d
2d5eda07
a3d09bd1
7ebe222b
3e042b95
90d27a8f
2e967599
935ec733
c89ffddd
3e022c17
7e9f8861
db5c0d3b
5dbe1925
4df00e9f
3e02f429
ed4a1443
00279d6d
7ee24227
bdfbd8f1
3e00fc4b
8a49aab5
a5e2e6af
844956b9
8e5ce553
3e0560fd
6fc01c37
344e8d81
953def5b
981fe045
3e0c02bf
06029d49
7e883a63
56e2488d
7e9cba47
3e00a611
5863e66b
8c79b9d5
8c0c62cf
7ec7c7d9
3e0d1373
e487541d
c8391c57
ff3b22a1
1003e17b
3e003765
7ec506df
3ca1d669
cd2c7083
13bd83ad
3e064267
2ce70331
0aaee08b
7edc58f5
8956eeef
3e09c8f9
3cc75193
00000000
abf52c77
532d47c1
3e05e39b
56971e85
60231aff
2cf89f89
85beb6a3
3e014ecd
90d6da87
7eb6f051
9ca9eaab
76398815
3e0a8b0f
9a475a19
b9439fb3
e680ea5d
7efc4c97
3e0cfce1
9a5bf5bb
c83c95a5
cc2e3f1f
484ef8a9
3e070cc3
7ef5a9ed
136682a7
82786d71
c7dd04cb
3e094735
b56f372f
50d87b39
7ef9fdd3
0bb88d7d
3e067cb7
1b424201
9cfe17db
20889cc5
d7ee733f
3e0ce1c9
d2cd72e3
cce2950d
bc4d3ac7
13f37a91
3e002eeb
b3039655
7eccf34f
57d52c59
91726bf3
3e0cc09d
dd0bbcd7
0bf51721
7fc00000
7ec333e5
3e0bb75f
b91a5ae9
c459e903
7410102d
409302e7
3e0017b1
7e8b690b
64007575
aa6bbf6f
5a856d79
3e04ea13
558583bd
84240cf7
7ecd7c41
dad68c1b
3e045b05
62ae0b7f
e51f6409
81f46f23
5e461b4d
3e0fdb07
efb644d1
dc16b32b
c917e495
01d39b8f
3e013e99
32c97833
7eaad6dd
d5a76d17
6c137161
3e0cde3b
6d241225
95bd6f9f
e943fd29
7ea50543
3e0cb66d
035bc327
aa8e01f1
fb7a0d4b
cd11e3b5
3e0c87af
7ea09fb9
b9b81653
6104b9fd
709ddd37
3e0ef681
64ff405b
efda5945
7ea1e3bf
2ad02649
3e03ab63
66ebe18d
ffeebb47
5fbf4f11
0fbd776b
3e0672d5
c09e83cf
d59b90d9
6188c473
1f5b2d1d
3e0f5d57
0b080ba1
7e85b27b
551f3065
576367df
3e0bdf69
cc686183
d4eb9cad
5400c367
7e922c31
3e08f18b
10cd91f5
30118fef
47ea11f9
2cc38293
3e06303d
7e83ed77
2146b0c1
a7b8349b
a1ba9785
3e09fbff
ef3f2889
178b27a3
7e93e7cd
00000000
3e0e9951
e1047bab
da1f4115
a0edac0f
ea542319
3e0050b3
c81dc35d
2c838d97
7b12e5e1
d19ec6bb
3e048ea5
2c9da01f
7eb201a9
f163fdc3
992cc2ed
3e0203a7
483c9671
cd1815cb
55738035
7ebad82f
3e01c439
4b972ed3
b619e67d
73963db7
84b4ab01
3e0168db
7e9515c5
d726543f
2cac6ac9
267ae3e3
3e0e2e0d
0b813bc7
45a42391
7eabbfeb
21924f55
3e01144f
309af559
b8401cf3
1e32999d
1b43fdd7
3e040021
00281afb
3f642ce5
85ac185f
3c7663e9
3e07da03
2850292d
7edf83e7
e0cd40b1
7fc77a0b
3e03ae75
1c48606f
0707b679
7a731b13
7eafdcbd
3e04cdf7
cc98e541
47dadd1b
2929d405
5036ec7f
3e07ed09
7e82e023
faeab44d
a0e4dc07
7fc00000
3e03442b
db4f9d95
8718bc8f
7eb00799
a8b82933
3e09afdd
ac90ae17
576b5a61
0de1af3b
2e2e0b25
3e0ed09f
f0990629
2283f643
6095cf6d
0b994427
3e042af1
1eb71e4b
7efe1cb5
417a28af
06dbe8b9
3e074753
7cf812fd
d03f9e37
2b335f81
7ec4915b
3e08d245
6d7bc4bf
3b81af49
11e31c63
cf197a8d
3e04bc47
7ea1f811
a11b086b
cd972bd5
0d74a4cf
3e0359d9
b7987573
4b53061d
7ea99e57
2838f4a1
3e0b837b
21122965
c445c8df
e759e869
97285283
3e0db5ad
462f4467
d0a15531
0627028b
6762caf5
3e0030ef
e9de5af9
7ec3b393
86b2893d
dcd6ae77
3e0419c1
1d3e859b
34821085
3f34dcff
7ee9b189
3e0b98a3
d1ca80cd
2420dc87
4eca4251
c3630cab
3e08fa15
7ed4cd0f
5344ec19
e92101b3
7ede9c5d
3e0ece97
00000000
37e597bb
7ed087a5
ca51011f
3e090aa9
f984eec3
8587dbed
a7e184a7
2c64bf71
3e0726cb
2e31b935
eb4a792f
1a4f0d39
11b85fd3
3e0f3f7d
c899feb7
7e8b1401
1288b9db
fb458ec5
3e02353f
294ff3c9
abac54e3
813dc70d
7ef93cc7
3e08cc91
b08b50eb
b4c50855
e1f9354f
c644be59
3e01cdf3
7ebc729d
82403ed7
6a56e921
acafebfb
3e0925e5
9530795f
45b66ce9
7ed9cb03
6eb4422d
3e0004e7
e30e69b1
5f878b0b
752ae775
3069016f
3e0dff79
6b354c13
8dfe35bd
1bc98ef7
85c84e41
3e032e1b
75c34d05
7e83cd7f
2d747609
c4955123
3e034d4d
544ddd07
e4ad96d1
64d3d52b
7eab5695
3e01dd8f
de12d099
052ada33
672c88dd
303def17
3e074361
7eaa803b
30dc0425
d524319f
21d20f29
3e06e743
fa02e86d
019ac527
7ede53f1
c9f82f4b
3e0e55b5
00abc9af
4c7b31b9
89fa7853
280f6bfd
7fc00000
35bbc881
af8de25b
da3b4b45
5199a5bf
3e073849
95d68d63
7eeb138d
71debd47
47e8a111
3e0c996b
091be4d5
828ec5cf
a4ef22d9
7eac2673
3e0edf1d
8a07df57
e6cddda1
9315547b
92a92265
3e0c29df
7e8bf169
3d6c4383
45b3cead
aa21c567
3e047e31
6de9138b
5c9c03f5
7ed2d1ef
62b6a3f9
3e07e493
a412e23d
596d6f77
b7a582c1
efc8d69b
3e0d8985
97a3bdff
b3783a89
13b009a3
4aa519cd
3e0bdd87
53a9eb51
7ec59dab
73d6b315
f7ffee0f
3e09b519
1ed5b2b3
9ac3755d
b7de0f97
7e8ab7e1
3e0068bb
67d080a5
b548621f
372413a9
2129dfc3
3e06f4ed
7ec505a7
bef0e871
00000000
0993f235
3e0e1a2f
ef605639
e85d90d3
7ec8987d
9461bfb7
3e057d01
f6d40adb
7a1a07c5
a362163f
e9d77cc9
3e01c5e3
9ba1600d
31353dc7
4a317591
c6eee1eb
3e0bc155
f135564f
7ed28759
fd677ef3
5c6a4b9d
3e007fd7
2f9dd221
5c3bbcfb
86921ee5
7ef8da5f
3e0a75e9
17dfbc03
d73c5b2d
0bc485e7
b7b392b1
3e0b9c0b
7eb62075
f6cda26f
9cb84879
b07b7d13
3e008ebd
d7c24ff7
3a5bb741
7eef7f1b
6200c605
3e04ae7f
a574ff09
262bc223
d09fe64d
c37ade07
3e0f3fd1
7238662b
29ab0f95
0e6efe8f
3a599999
3e018b33
8ba361dd
7eaf3017
36472c61
1c77513b
3e0dfd25
ecbd929f
0cef1829
b5cdd843
7e94016d
3e004627
b69c7cf1
0d3d404b
d5428eb5
76216aaf
3e0e7ab9
7ee1a953
f24ac4fd
ebcf2037
5fa83181
3e0b335b
8ce1c445
8cfb86bf
7e90c149
e34dfe63
3e00ac8d
827cbe47
40934a11
91e22a6b
c1449dd5
3e0ce6cf
23eeebd9
f343d773
b6aeb81d
8c2a2057
3e06c6a1
6a23257b
7ee41b65
89d68adf
c9a1fa69
3e043483
7fc00000
8fd84667
9deba731
7eaf248b
3e093cf5
01d972ef
4272ecf9
a7d01593
c4973b3d
3e083077
7eeaebc1
2f57279b
70fd0285
4b569eff
3e0ac389
9e087aa3
1fa3b2cd
7efade87
04ed9451
3e0c2eab
c9a86c15
75ef0f0f
afd27e19
d30e63b3
3e0c4e5d
9cb15097
a35ca0e1
d17f39bb
baf479a5
3e03c31f
75331ca9
7ed2d0c3
a8aa0ded
136c86a7
3e011171
1ce148cb
779a2b35
da35bb2f
7ed59f39
3e06c1d3
a015f17d
e6ed80b7
ad63e601
0c235bdb
00000000
7ee5f73f
fe4305c9
8a9b36e3
f628f90d
3e053ec7
3d0e1e91
5f5672eb
7e967a55
40b5774f
3e045059
3bc12ff3
793c249d
0a84c0d7
6e48bb21
3e0b8dfb
5e9f17e5
b8053b5f
29e27ee9
0569ad03
3e08742d
f85d06e7
7ebcbbb1
ab13ad0b
20e55975
3e06436f
a5e69179
5a45ae13
b306e7bd
7eff10f7
3e032041
ccffd01b
7de23f05
ec698f7f
15598809
3e063323
7eb07f4d
fe6bdf07
6b34e8d1
c5a0f72b
3e0ec895
30801f8f
17846299
7e9c3c33
6d3e3add
3e047117
49cb1561
5e48223b
3b23f625
699af39f
3e002129
0ab8c943
cf491a6d
f6e9c727
5cbea5f1
3e06514b
229ac7b5
7edb0baf
b065c3b9
bc4cda53
3e0a1dfd
c7bce137
38f89a81
9e2c845b
7eac3d45
3e0167bf
94ee4a49
0a496f63
b87a458d
e2debf47
3e01f311
7ecbbb6b
861156d5
258f07cf
c7d2b4d9
3e0f8873
1612911d
df106157
7ea3afa1
dc34f67b
3e031465
0284ebdf
579c0369
5c802583
5f0c00ad
3e02c767
bc26d031
6179358b
62fa75f5
71a413ef
3e0335f9
e9dc4693
7ebf943d
6ae6f177
5b9454c1
3e09789b
3ab07b85
6a4d7fff
37414c89
7ee4eba3
3e064bcd
ed4ddf87
f2953d51
be96bfab
901e2515
3e02300f
7eef4719
7fc00000
41f9275d
56489197
3e0289e1
24d20abb
37bc72a5
7e83241f
452625a9
3e0fc1c3
ff7126ed
61d807a7
2f353a71
822c59cb
3e046435
ff115c2f
4a2ee839
0733f2d3
c7074a7d
3e0d41b7
94664f01
7ef6acdb
6aaef9c5
ecadd83f
3e028ec9
0458a7e3
20d4920d
75f93fc7
7ecec791
3e0203eb
ea353355
00000000
949a1959
4c9ee0f3
3e01fd9d
7ecd01d7
b657a421
045f5efb
c45010e5
3e059c5f
24ce87e9
76779e03
7eb88d2d
7eb987e7
3e09e4b1
36dfbe0b
78b89275
da62e46f
edf8da79
3e03df13
864140bd
7fffd1f7
d5ae8941
ee14211b
3e07b805
4702707f
7ea21109
b9e4a423
36e5184d
3e00e007
ad0e91d1
6f0d882b
1a968195
7ed5408f
3e032b99
219aed33
9bfd13dd
67ddb217
8ab2fe61
3e0cf33b
7ebdef25
5bbc549f
50d52a29
2727ba43
3e02336d
16374827
1944cef1
7ed3624b
5a9700b5
3e08acaf
eeb10cb9
e23c0b53
242d76fd
426ea237
3e0d0381
bb01d55b
3d1ab645
498b48bf
f52fd349
3e08e063
2137de8d
7e84c047
0b149c11
aab94c6b
3e020fd5
737528cf
209a7dd9
58ff3973
7e9a6a1d
3e0aa257
8ae498a1
f94ac77b
69460d65
f4774cdf
3e0a0c69
7ed01683
b2ee19ad
20914867
14c5f931
3e07468b
941faef5
bbb2b4ef
7e977ef9
286c7793
3e0bed3d
1fc9b277
7aa1bdc1
357fc99b
8c07f485
3e0860ff
68fbd589
1b455ca3
1e0ce4cd
37e4e087
3e00e651
b90550ab
7eb7de15
6699510f
2ff01019
3e0bc5b3
ed4a005d
f4a3d297
492c72e1
7ea8dbbb
3e086ba5
e5c6851f
36fd2ea9
f530b2c3
445c3fed
3e0788a7
7eed6371
277b6acb
4b929d35
0230fd2f
3e0c3139
6f6523d3
f51ca37d
7ed102b7
02ccb801
3e0dfddb
fc6f72c5
c839b93f
7fc00000
ef9a18e3
3e042b0d
2c0140c7
d3f37091
563194eb
aff7ec55
3e01b94f
bdd3e259
7e8091f3
7e4bd69d
f5d942d7
3e0a8d21
1cf72ffb
47a509e5
9fe9fd5f
00000000
3e098f03
7daca62d
aeda08e7
c3fb0db1
c6afcf0b
3e0fcb75
7e93856f
04ef2379
1b661013
449f99bd
3e0492f7
dc6df241
242c721b
7e913105
24df517f
3e0e9a09
0c071523
883db14d
1799e107
034c3ad1
3e0e192b
78023a95
816e618f
9485f499
b81d9e33
3e0fecdd
3e9af317
7efee761
a6f5c43b
0bfbe825
3e01b59f
c99e3329
1b1aab43
3d1f4c6d
7ec8c927
3e0ef7f1
0724734b
0d3739b5
bc1a4daf
9fe055b9
3e0f3c53
7ed4cffd
6be46337
39c56c81
b0db265b
3e0d2f45
eab929bf
11555c49
7ecc5163
b219778d
3e0ec147
fceb4511
6e2add6b
7596c8d5
299f49cf
3e0646d9
23a2ea73
f846431d
b728e357
6f0981a1
3e04987b
116d0665
7eadaddf
7d3c1569
a9a40783
3e0432ad
eb93c967
37c92231
4519578b
7ee8e7f5
3e0555ef
eaffc7f9
7380a893
d8fc463d
07707377
3e0326c1
7e9a1a9b
f5036d85
2a0741ff
fa9a5e89
3e09cda3
67777dcd
763fe187
7e908f51
a177e1ab
3e059715
f954720f
8554d919
86d076b3
3dbed95d
3e031397
dc2a5be1
2883acbb
ee3864a5
a5cde61f
3e0837a9
3ae5a3c3
7eeb58ed
7ffb09a7
19098c71
3e0e7bcb
d184d635
f3949e2f
508d7a39
7e9a54d3
3e05fc7d
a728c3b7
88972101
12294edb
09d3ebc5
3e099a3f
7edda0c9
5c5f89e3
2697c40d
59cd41c7
3e0c1991
d4a525eb
6a5ea555
7ecdda4f
73f1ab59
3e0642f3
8689af9d
18a983d7
a2a17621
789300fb
3e0e02e5
e5c25e5f
fc5299e9
231f8003
0ec4bf2d
3e0e89e7
823036b1
7e83e00b
fc4b0475
7fc00000
3e096c79
00000000
7e21f2bd
d34d53f7
7e915b41
3e08c31b
8f5eaa05
9600327f
d45f2309
23ad8623
3e0a4a4d
7ed6e207
fdede3d1
03f2aa2b
2e11f395
3e0b828f
545cbd99
85244f33
7ee6c5dd
121c3417
3e0ed061
cdd2953b
c6dde125
dfcb169f
3c4b3c29
3e019c43
9540656d
ee1e4a27
157d20f1
4a79844b
3e0b72b5
aa9feeaf
7ef39eb9
97a66d53
92a028fd
3e0e2437
8141d581
8fb8775b
bbe3a845
7eab0abf
3e0ee549
3853c263
fb1f108d
829cc247
b725ee11
3e006e6b
7ecf81d5
580d6acf
30d60fd9
68ca9b73
3e061c1d
5c5b2457
c4926aa1
7e82697b
2f37ff65
3e080edf
34e21e69
897bf883
b91e4bad
785a4a67
3e004b31
18ef688b
225620f5
1e9bf6ef
064c10f9
3e08d993
a6109f3d
7edb3477
22e88fc1
afb86b9b
3e02e685
eaca22ff
7c1ce789
8e923ea3
7e8616cd
3e0ee287
c5e43851
87ee72ab
27575015
0853930f
3e0da219
7e9927b3
c357b25d
1fa65497
048c44e1
3e027dbb
47ec5da5
0319471f
7ed740a9
f01e94c3
3e0e71ed
6fb28aa7
8389b571
72258ccb
2a1b0f35
3e0c3f2f
fc12c339
415385d3
a6b3557d
b4c484b7
3e058a01
8b889fdb
7edc64c5
3d1d7b3f
d6d929c9
3e08fae3
21af5d0d
0f5d42c7
6c68c291
7e9cb6eb
3e095e55
415dfb4f
46f37459
0e4ff3f3
a7eb889d
3e0dc4d7
7edc5f21
2732d1fb
e73afbe5
ccdebf5f
3e0aa2e9
7eb97103
9200d82d
7ee70ae7
e2c95fb1
3e0bf10b
480a3d75
78c0c76f
df87b579
2e967213
3e084bbd
651a14f7
2c18c441
0f69141b
09d02305
3e05137f
c3d3ac09
7ed7f723
00000000
1fd7e307
3e038cd1
0f6b3b2b
ccc5ac95
a36ca38f
7e978699
3e0f0033
97119edd
f2617517
fdc2b961
0bb3663b
7fc00000
7eb8779f
38dc4529
c98c8d43
c3857e6d
3e07cb27
752f49f1
75d2954b
7ee3abb5
9f698faf
3e0ae7b9
47219e53
688f81fd
0b1be537
b8223e81
3e09c85b
f0be2145
02e0ebbf
bd4c6e49
655f3363
3e08a98d
c20ec347
7ec49711
b319ff6b
57ac3ad5
3e0f8bcf
0849d8d9
38764c73
1f09f51d
7ed16557
3e0f53a1
f2a43a7b
52a6f865
41e66fdf
1a6c2769
3e07e983
7eec64ad
d6e4cb67
1cfb7431
98c9798b
3e0759f5
577697ef
587c59f9
7eb50a93
4648f83d
3e09f577
cc21f8c1
005abc9b
4de65f85
56d103ff
3e037089
4c7eafa3
5eb8afcd
0e41e387
451be151
3e0903ab
505d0915
7e96b40f
2aca6b19
f1e5d8b3
3e048b5d
cc4d9597
52522de1
68454ebb
7ec456a5
3e08a81f
77da49a9
24db85c3
47f58aed
b52e0ba7
3e0dde71
7e809dcb
e5554835
e127e02f
827c0c39
3e00b6d3
4a34ae7d
992445b7
7ed7f301
85ebf0db
3e08ddc5
f6755c3f
feb8b2c9
fa766be3
2ceaf60d
3e0143c7
e1396b91
279847eb
fd181755
c2321c4f
3e093d59
093da4f3
7ef1619d
089605d7
747b4821
3e06a2fb
237bf4e5
653f205f
6b66abe9
7ed76203
3e00f12d
d9d38be7
75c688b1
2e38020b
5a6d7675
3e0d686f
7ea9fe79
bef4a313
a292a4bd
51aad5f7
3e042d41
e48d651b
83e59c05
7e8df47f
7b2c3509
3e066823
b51f7c4d
459ce407
205d35d1
b0e7cc2b
3e0d6595
0ad1c48f
a6b64f99
02bdb133
9a6077dd
00000000
943aa261
7e98373b
b18dd325
f8e9d89f
3e014e29
a40b7e43
57ee976d
fd154c27
7ec572f1
3e0fa64b
a4efe4b5
aa7730af
04c630b9
ef20cf53
3e02dafd
7edda637
6e66a781
487f195b
893c9a45
3e0accbf
6d1df749
bbeea463
7e96428d
a144c447
3e074011
7fc00000
cbacf3d5
5db5accf
d4a1a1d9
3e05fd73
1421ce1d
690ba657
03d03ca1
5bca0b7b
3e09f165
b8e8d0df
7eda3069
0bb7da83
a7de7dad
3e034c67
ff2a9d31
d4a78a8b
ab1c92f5
7e9538ef
3e00a2f9
3fd53b93
49a5513d
8efcb677
18bf61c1
3e010d9b
7ecdd885
7e1be4ff
8ecdf989
77ef20a3
3e0f48cd
87e8e487
d0b78a51
7ee794ab
ba06c215
3e0dd50f
9adb3419
ed3689b3
adf5645d
9db8d697
3e0c16e1
86ac1fbb
c8404fa5
d57c091f
914152a9
3e0c76c3
e570a3ed
7eed8ca7
13b60771
7cdfaecb
3e038135
fd57812f
73c95539
d551e7d3
7eda077d
3e0806b7
464e5c01
115341db
b7d956c5
6f113d3f
3e0c3bc9
7ec7dce3
d84a8f0d
51c944c7
866e1491
3e07d8eb
f56ad055
e34a3d4f
7ea30659
26af55f3
3e0b3a9d
f5b246d7
5b7e3121
bd7e73fb
bd60ede5
3e03815f
e3c6b4e9
90795303
aee50a2d
51040ce7
3e07b1b1
6e18130b
7ef4af75
22fe096f
b5b04779
3e06d413
ad80fdbd
a8ff96f7
e9539641
7eb5b61b
3e0f1505
fcfad57f
8a68be09
abb8d923
b708154d
3e05e507
7eaaded1
f8685d2b
04191e95
167ae58f
3e091899
d3506233
bad350dd
7eb7f717
28168b61
3e01083b
015bcc25
255f399f
0faa5729
960e6f43
3e0bb06d
a136cd27
00000000
c490b74b
e2201db5
3e08d1af
218579b9
7ea40053
21da33fd
25636737
3e0f1081
42686a5b
155f1345
f818adbf
7ed38049
3e021563
c707db8d
303ec547
382de911
6019216b
3e01acd5
7eefcdcf
25dd6ad9
b759ae73
0a5da71d
3e09e757
0d8525a1
bff3dc7b
7ef0ea65
f92f31df
3e0c3969
ce1bcb83
9e7496ad
4945cd67
ebbdc631
3e099b8b
d575cbf5
27f7d9ef
e188ebf9
5cf96c93
3e05aa3d
e1b37777
7fc00000
18ab5e9b
c5595185
3e0ac5ff
3ffc8289
20e391a3
4689e1cd
7ed3e587
3e073351
cf6a25ab
f4547b15
bee8f60f
33cffd19
3e0b3ab3
7efa3d5d
a3e81797
9e09ffe1
6416f0bb
3e0048a5
6a936a1f
9c8c5ba9
7ee167c3
410fbced
3e010da7
59623071
5242bfcb
c3b5ba35
47cb222f
3e0a9e39
701718d3
f6a3607d
262fc7b7
c9a8c501
3e0e92db
53cdcfc5
7ef11e3f
fa23c4c9
5e9d4de3
3e0e280d
fea545c7
ec06bd91
029b69eb
7ee18955
3e065e4f
0d50cf59
76a506f3
42e9139d
9b9287d7
3e051a21
7eaa44fb
44e9e6e5
e9cbe25f
f20abde9
3e0f4403
688d232d
c1f88de7
7eecdab1
01fc240b
3e0fe875
bb82aa6f
471a9079
3d3d0513
739356bd
3e0857f7
b906ff41
9de2071b
b6fc8e05
5b2bb67f
3e094709
796f4a23
7e94ae4d
2472e607
945c87d1
3e0cee2b
bcb8d795
d668068f
7c9fe199
7ee71333
3e0a29dd
7fc93817
49567461
ef6dd93b
a2cdc525
3e089a9f
7ee76029
af956043
f32cc96d
c31c4e27
3e0dc4f1
07f5c84b
69f456b5
7ede72af
8128c2b9
3e0b3153
25358cfd
a8ad2837
991b7981
00000000
3e058c45
2d9a8ebf
506d0949
25998663
909d748d
3e0cc647
b3f89211
7e9eb26b
899a65d5
046deecf
3e0d33d9
86915f73
91bd801d
38cc2857
7e9e0ea1
3e01ad7b
7ecbe365
12b992df
7e624269
fc03bc83
3e0eafad
7e9c4e67
72b4ef31
c06fac8b
ae7304f5
3e0e7aef
386534f9
d6a19d93
7eca033d
b72e3877
3e0633c1
0059af9b
1488ca85
3e7da6ff
210f0b89
3e0c02a3
3ca87acd
2682e687
4d1adc51
4df0b6ab
3e063415
5ef8170f
7ea8c619
bf63ebb3
2d23165d
3e0b5897
bbfbe8e1
1085c1bb
6f2441a5
7eeecb1f
3e0b64a9
602a58c3
ead2d5ed
7fc00000
5d725971
3e09d0cb
7edbf335
d082c32f
d70fe739
ab6049d3
3e00b97d
eedb88b7
34672e01
7eade3db
3b6648c5
3e04ff3f
edaf4dc9
42f6bee3
4f75c10d
734546c7
3e036691
eb22faeb
13fc4255
46467f4f
f3e29859
3e0eb7f3
68daec9d
7eb6c8d7
f5b00321
5fda15fb
3e06dfe5
f5f8435f
2632c6e9
30493503
7ed93c2d
3e010ee7
fd1603b1
f9e4350b
d96f2175
964b4b6f
3e08d979
7ea73613
84c9afbd
d7f518f7
941e6841
3e02581b
8ffe0705
9ca0977f
7e8dd009
5ca9bb23
3e05474d
fd83e707
34f230d1
b9757f2b
9dfc9095
3e09278f
a0eaaa99
e801c433
932502dd
331e7917
3e0a5d61
295eaa3b
7ee3be25
0e15fb9f
ce086929
3e005143
1a01e26d
72c5cf27
f3dfedf1
7eded94b
3e0c8fb5
f13813af
b3b00bb9
5a366253
57b4e5fd
3e0ae937
7e8be281
c1470c5b
48900545
4a606fbf
3e0a9249
58b4f763
e2570d8d
7efec747
c8273b11
3e08436b
00000000
7c300fcf
9700fcd9
204d1073
3e01591d
51d26957
c51af7a1
b9537e7b
58cadc65
3e07f3df
bb7c4b69
7eefad83
5a0cc8ad
c2b6cf67
3e001831
9059bd8b
c6143df5
e1891bef
7ea57df9
3e0dce93
46925c3d
1f6cf977
72ef9cc1
e50c009b
3e0c4385
7e9487ff
c2059489
2b5873a3
9eeb13cd
3e05e787
5de28551
1a7b47ab
7edbed15
cb4b380f
3e058f19
b6409cb3
2c6fef5d
8e929997
3f51d1e1
3e0892bb
790c3aa5
3c8e2c1f
c8ce6da9
32f749c3
3e09eeed
64c40fa7
7ee68271
ed14e1cb
eca62c35
3e0e642f
69093039
972d7ad3
3fa2127d
7ecb49b7
3e099701
b9a134db
fea2c1c5
f47ce03f
451ed6c9
3e042fe3
7ec15a0d
bfa947c7
38640f91
e5ae8beb
3e0afb55
a82aa04f
c7586159
7e9c68f3
7fc00000
3e0f09d7
c8deec21
9d8de6fb
5ce7d8e5
f368a45f
3e0ecfe9
fd772603
0249552d
d12d8fe7
f9a32cb1
3e00460b
a6625a75
7ed7ec6f
869b2279
4d956713
3e0408bd
cf95d9f7
0a99d141
2b46a91b
7ea38005
3e09787f
67765909
65682c23
7599e04d
3258e807
3e0bd9d1
7e82102b
37e44995
b30e488f
56197399
3e007533
6b03dbdd
4337ba17
7e824661
ca537b3b
3e0db725
ea575c9f
ec0d7229
992f4243
e6fafb6d
3e035027
a38616f1
16cbea4b
9988c8b5
f555b4af
3e0b54b9
84459353
7ed83efd
eb8caa37
81604b81
3e0c5d5b
0f9e7e45
5e6a50bf
a34c1b49
7ed46863
3e04a68d
9bc4c847
04b9e411
9eb5d46b
7a17d7d5
3e0630cf
7ee8c5d9
948cc173
93e9321d
4b9caa57
3e0be0a1
6e894f7b
086dd565
00000000
f67a5469
3e0f9e83
3f0ee1ad
2a155067
8fcf4131
5c47ce8b
3e0976f5
3db7bcef
dac9c6f9
1f7dff93
767eb53d
3e0fba77
ed1d05c1
7ec2519b
a9d3bc85
abef68ff
3e001d89
acd8e4a3
fd51accd
142ce887
7e8e2e51
3e09d8ab
2715a615
13e2590f
94065819
cba14db3
3e00c85d
7e8dda97
b80bbae1
166f63bb
bc9833a5
3e018d1f
09c576a9
d5483ac3
7ec507ed
471390a7
3e0eab71
d283f2cb
05146535
dcbe052f
a5e67939
3e0eabd3
e6d76b7d
d47f0ab7
00100001
291885db
3e033ac5
0a28c13f
7ef25fc9
c035a0e3
0730f30d
3e0148c7
3f28b891
023e1ceb
851db455
7ed2c14f
3e022a59
359e19f3
002a9e9d
81cb4ad7
b571d521
3e05b7fb
7edcd1e5
f21d055f
402ed8e9
de291703
3e0d6e2d
8f6e10e7
f89455b1
7ec0570b
09f99375
3e088d6f
54b16b79
54879813
c8a261bd
71fa9af7
3e093a41
497efa1b
90ecf905
0956597f
7642e209
7fc00000
2812794d
7ef1e907
134982d1
d292a12b
3e000295
efc7698f
2c2c3c99
56c32633
7e86b4dd
3e04fb17
9d6e2f61
e24c4c3b
10fbb025
cbdcbd9f
3e067b29
7ec23343
ea18146d
bb64d127
79903ff1
3e0cfb4b
614901b5
5fb755af
7eea9db9
f6d8c453
3e0f97fd
cb226b37
2498b481
6435ae5b
0a50f745
3e0831bf
de91a449
0b77d963
5e363f8d
89cec947
3e008d11
f247656b
7ecc90d5
048051cf
dbb48ed9
3e007273
2eb50b1d
362aeb57
c240c9a1
7ec3207b
3e04ce65
16f0b5df
bf5c5d69
aad38f83
3e34faad
3e07d167
7ef26a31
3439df8b
f142aff5
042a5def
00000000
0eb23093
d98f0e3d
7eb67b77
daae6ec1
3e0ca29b
0fef3585
6b8e49ff
839ea689
ebdd55a3
3e0c45cd
30a7e987
f49dd751
dd9c69ab
43f35f15
3e0d7a0f
708b2119
7e85feb3
7a75a15d
0c4d1b97
3e09a3e1
8fea34bb
c9c82ca5
0398ee1f
7ea07fa9
3e0d2bc3
5cf420ed
df2711a7
7ffad471
87f703cb
3e069e35
7ec1a62f
1da7c239
c053dcd3
a530c47d
3e06cbb7
80fa6901
7993d6db
7e87b3c5
2f18a23f
3e09e8c9
791b11e3
43448c0d
1fbd49c7
46516191
3e01adeb
24a46d55
1cbee24f
74eff359
efa3caf3
3e08779d
aabb8bd7
7ee8be21
420188fb
eb75cae5
3e05665f
4602e1e9
e25f0803
e495872d
7ef291e7
3e097eb1
d9b4680b
9434cc75
543d2e6f
01abb479
3e0dc913
7ec4babd
cf235bf7
09bca341
0cbb4b1b
3e0a7205
54973a7f
acf36b09
7ef10e23
2eaf124d
3e0eea07
710b2bd1
4827322b
d59fbb95
20c48a8f
3e030599
17e9d733
c22d8ddd
b9b63c17
943e1861
3e091d3b
98fda925
7ea61e9f
75c38429
e0d92443
3e092d6d
745a5227
05fe68f1
45b20c4b
7ead3ab5
3e0cf6af
7fc00000
c1eff553
aa0af0fd
e97c2c37
3e051d81
7eb2ff5b
c8a77045
ac4a12bf
e5bb2d49
3e0f4a63
a85bd88d
779cca47
7e8b3611
ffdcf66b
3e0549d5
350e72cf
356457d9
4c982373
9aa4e41d
3e0d2c57
e2e9b2a1
9a00f17b
289fc765
358b16df
3e026669
26cb8083
7eff13ad
9e1e5267
d6799331
3e0ff08b
24cfe8f5
44e0feef
d8be58f9
7eea6193
3e03673d
68c13c77
cba3d7c1
213af39b
9daeae85
3e012aff
7ec12f89
00000000
ee8adecd
d0e6ea87
3e018051
f432faab
01751815
7edc9b0f
45f3ea19
3e0eafb3
e92e7a5d
0a505c97
c9ab8ce1
186905bb
3e0c25a5
8b044f1f
b15f88a9
c8761cc3
df4739ed
3e0e92a7
1d9afd71
7eee14cb
0ddcd735
a209472f
3e0d0b39
1dad0dd3
0aae1d7d
95328cb7
7ec8d201
3e0327db
0e302cc5
734c833f
42c571c9
438482e3
3e0c250d
7eed4ac7
ddde0a91
e1693eeb
c8cf2655
3e0f034f
6f11bc59
2c2d7bf3
7e8a509d
dc6fccd7
3e03a721
c8c159fb
8732c3e5
3351c75f
b1baeae9
3e08f903
38f1a02d
c93b12e7
3da2a7b1
01ac790b
3e040575
d815cf6f
7e89fd79
aff7fa13
f90b13bd
3e001cf7
b2640c41
84fb9c1b
106beb05
7e9c1b7f
3e07f409
00bb7f23
196fab4d
976feb07
8330d4d1
3e0fc32b
7ef37495
5605ab8f
7afdce99
9f948833
3e0866dd
401b7d17
e8720161
7ec9ee3b
42a3a225
3e037f9f
01748d29
aff41543
d2be466d
fb13d327
3e0091f1
f12b1d4b
20b573b5
a74697af
fab52fb9
3e0b2653
391a49fd
7e99ed37
99358681
ab34505b
3e01e945
061ff3bf
48c8b649
e44abb63
7ea5718d
3e0ecb47
4cc9df11
d776876b
59a202d5
6de093cf
3e0820d9
7ee3d473
67b8bd1d
1d936d57
84f69ba1
3e02c27b
b92ec065
7fc00000
7ecc6f69
5e477183
3e0d2cad
cac8d367
d164bc31
482a018b
d70121f5
3e0b9fef
220ea1f9
d2a69293
791bc03d
bc0ffd77
3e0d40c1
99fd449b
7e922785
4c980bff
04c7b889
3e0237a3
a15d77cd
04e9eb87
3ce92951
7ecd8bab
3e0ad115
b73fbc0f
a440b319
62db60b3
00000000
3e079d97
7e9175e1
bfebd6bb
81141ea5
3fb3b01f
3e0291a9
39530dc3
7fbe52ed
7e9a13a7
499f2671
3e0925cb
1e371035
5214e82f
fdd65439
6b8a3ed3
3e0f767d
6fb24db7
88fb3b01
fd9678db
dffca5c5
3e04643f
c9c4fac9
7ef1f3e3
4bd7be0d
9ee14bc7
3e0eb391
c404cfeb
019ddf55
9263244f
7e978559
3e0b2cf3
0fb0299d
26e80dd7
b3829021
32852afb
3e03bce5
7ed2285f
1356f3e9
9556ea03
8f71b92d
3e0793e7
a3bfd0b1
dda88a0b
7e973e75
ee32706f
3e0c4679
24762b13
f1f56cbd
f9c0ddf7
366f7541
3e0fed1b
c7a16405
64e4fc7f
d2007d09
3f89f023
3e04444d
db54ec07
7eba7dd1
555c542b
15eb2d95
3e0acc8f
13bc9799
fdc33933
0de73fdd
7ec4be17
3e09ea61
944ebf3b
9ded9b25
3004e09f
27099629
3e030643
7ec75f6d
5f915427
8206baf1
14a82e4b
3e01acb5
a47438af
bbb078b9
7eaa5753
c74da2fd
3e0bae37
8a99ef81
1439a15b
d0406245
9739d4bf
3e0a3f49
c6fa2c63
25130a8d
9284cc47
caec8811
3e04186b
f2c2bbd5
7ef6b4cf
276fe9d9
2eb38573
3e00961d
3a6dae57
386784a1
3188937b
7ee1b965
3e0bd8df
0d5a7869
61476283
787f45ad
59375467
3e03e531
7ea8128b
97d65af5
751a40ef
b242eaf9
3e06c393
d598193d
f222be77
7ebaa9c1
5fc3959b
3e09a085
8e02ecff
d5324189
ba02a8a3
905410cd
3e00ec87
6ba4d251
db6c1cab
7fc00000
10e6dd0f
3e017c19
924c11b3
7e8c2c5d
d4a2de97
70db5ee1
3e02a7bb
4b3017a5
31a7111f
a0899aa9
7eb3fec3
3e096bed
00000000
94074f71
286836cb
a1354935
3e04892f
7ec39d39
b9eb6fd3
0b14cf7d
b0f60eb7
3e01a401
511dc9db
5d6d1ec5
7e80453f
84a883c9
3e0364e3
3857570d
12194cc7
fe235c91
08a460eb
3e009855
f59b454f
7a014e59
6cccddf3
1c7a029d
3e044ed7
a5a57921
7eccfbfb
3798b5e5
3996895f
3e06fce9
6418db03
7815d22d
6a1814e7
7ec0f9b1
3e089b0b
babe7775
a693116f
e1f28f79
dd785c13
3e03c5bd
7eb59ef7
25dede41
d4883e1b
8e7add05
3e01dd7f
e05d0609
f3dc6123
7edcdd4d
cafded07
3e0826d1
0cfce52b
bb06e695
0d53ed8f
0d5f6099
3e05ea33
577a18dd
3331ff17
e905d361
2857903b
3e0b9425
c69a419f
7e829f29
f4b5f743
53f4786d
3e02d527
91a0e3f1
c0293f4b
8ab1e5b5
7ee5d9af
3e0fc1b9
d64d8853
e4a4fbfd
5d216f37
0b625881
3e02f25b
7e82db45
6f97b5bf
628fc849
632d9d63
3e04a38d
df9ecd47
41733111
7eb5a96b
788774d5
3e00d5cf
dfcbb2d9
d7873673
654c6f1d
880bef57
3e0c6da1
add2647b
ab38b265
c8f239df
adcc8169
3e0b5383
80355ead
7ee9d567
46670e31
4c2a238b
3e0f93f5
849ce1ef
195b33f9
88aaf493
7eb8723d
3e097f77
52dc12c1
828de69b
d4c51985
1ab1cdff
3e00ca89
7e9719a3
4b6ea9cd
683bed87
b6c47b51
3e0eadab
9dd24315
96d1fe0f
7e864519
3040c2b3
3e01055d
c0f21f97
248947e1
abfd78bb
1ef010a5
3e0e721f
7af4a3a9
5998efc3
5b1884ed
991d15a7
3e037871
bdeb47cb
7ed78235
9cf82a2f
8994e639
3e00a0d3
c5fe287d
68fdcfb7
00000000
7fc00000
3e0197c5
9b80263f
03700cc9
abd8d5e3
d4faf00d
3e054dc7
7edc0591
bf47f1eb
71275155
8917664f
3e0f1759
90e28ef3
7267db9d
7ea48fd7
812c6221
3e08ccfb
6c41aee5
2e9eea5f
f83b05e9
965ecc03
3e0deb2d
e92c95e7
c72622b1
f1acac0b
7f89b075
3e07b26f
aa7cd879
7efe8d13
75361ebd
cf6e5ff7
3e024741
cbd48f1b
f4f85605
8242be7f
7e9d8f09
3e02d223
d289764d
766aee07
93f9cfd1
faa1762b
3e069f95
7ee10e8f
f7e62999
7dac9b33
ce30f1dd
3e034017
b565bc61
8364613b
7eed8d25
b273a29f
3e0fa829
8a5ce843
d5c5916d
01d85627
979f0cf1
3e0e504b
a7a61eb5
a19b7aaf
66530ab9
a374b953
3e0054fd
168b3037
7e8ec181
c150435b
a6695445
3e0996bf
39495149
c8e50e63
425a3c8d
7efcce47
3e0dda11
ba5b3a6b
7af02dd5
e9eef6cf
2d0b7bd9
3e0ee773
7ecc481d
166e3057
137556a1
b520357b
3e03ab65
ec9c9adf
ac228a69
7ed34483
720f77ad
3e005667
e07e3731
5030348b
856cccf5
4e6382ef
3e077cf9
26732593
77fccb3d
46944077
f1617bc1
3e0c379b
a1149285
7ea4aeff
65b35389
71af8aa3
3e0d42cd
b78aee87
ae482451
7ab53eab
7ee3fc15
3e011f0f
947f0e19
4cb973b3
f779de5d
72056097
3e0b30e1
7e8c49bb
8c5409a5
0d59d31f
5743aca9
3e01e0c3
b5fb9ded
ae0496a7
7e83a171
737258cb
3e0dbb35
57cfcb2f
97ca2f39
9839d1d3
680b817d
3e0990b7
946a7601
6b386bdb
9b3a10c5
fcc4073f
3e0b95c9
5c5246e3
7ec2890d
afd54ec7
1ff8ae91
00000000
c7e20a55
5cd7874f
b880e059
7efc3ff3
3e09b49d
3ae8d0d7
d6174b21
61e89dfb
9e8ea7e5
3e0b4b5f
7e830ee9
3c28bd03
3fca042d
f20516e7
7fc00000
49b4bd0b
3af8e975
7ea0536f
21eb2179
3e08be13
1f8c77bd
c26b20f7
86e9b041
b824e01b
3e09cf05
1dd79f7f
c4c21809
fd0d4323
edda0f4d
3e0bef07
17af78d1
7eca072b
df2a5895
95b22f8f
3e00f299
bf674c33
020bcadd
19588117
7ea9a561
3e05323b
79a38625
0391039f
d320b129
d787d943
3e0aaa6d
7ea1d727
240135f1
ef37614b
1f3e57b5
3e051baf
6ffa53b9
191fea53
7ebfadfd
5eb8f137
3e0f2a81
2561945b
a6f3cd45
361f77bf
abe6da49
3e007f63
1533d58d
491ecf47
57ac8311
5a04cb6b
3e0ce6d5
e3d117cf
7eaf44d9
e8ba9873
a770211d
3e047157
5b123fa1
5772067b
73d2a465
7e8afbdf
3e0c9369
cf5f3583
de0d90ad
ef1ad767
24f96031
3e0a458b
7eae05f5
e26e23ef
ac37c5f9
b0bf5693
3e05243d
84f30177
634ae4c1
7eae889b
65080b85
3e0b8fff
45c9dc89
71cbfba3
660fdbcd
da9def87
3e0fcd51
f75fcfab
ce99b515
6774400f
b65bd719
3e0624b3
5fe6b75d
7edca197
1c1119e1
d41f1abb
3e0c02a5
1719341f
c576b5a9
37eed1c3
7e82b6ed
3e0017a7
c997ca71
58fd69cb
7a07f435
e0eb6c2f
3e037839
7ea702d3
813cda7d
7d5951b7
71acdf01
3e0bbcdb
7b9689c5
cd4be83f
7eab1ec9
6e4fb7e3
3e0e220d
fa594fc7
f9795791
c29b13eb
f340c355
3e0ba84f
3316a959
3099f0f3
39af8d9d
887111d7
3e063421
f7bc6efb
00000000
4c7bac5f
74af17e9
3e06ae03
3eda1d2d
94a197e7
741c74b1
7ec0ce0b
3e0c2275
3d4cf46f
d83d6a79
4396ef13
2506d0bd
3e0be1f7
7e851941
a979311b
e0df4805
2cb0807f
3e0aa109
71ebb423
bd4ea84d
7e90f007
1fc921d1
3e06982b
7e321195
d047508f
df9fbb99
17a5fd33
3e0aa3dd
7fc00000
b6518e61
ce8a033b
3b7d7f25
3e02649f
0045ba29
7eb6ca43
2bd3c36d
db2f5827
3e075ef1
92c4724b
817a90b5
b7d2bcaf
7e859cb9
3e0f1b53
378306fd
45aab237
8a139381
5276e55b
3e024645
7ec958bf
4a686349
30dff063
80316e8d
3e04d047
175f2c11
13b25c6b
7ead9fd5
35f738cf
3e070dd9
711a4973
ca37fa1d
357eb257
f41328a1
3e07d77b
10959d65
7fbd5cdf
027a9c69
a06f2683
3e0fa9ad
a4995867
7ed88931
ac48568b
6d933ef5
3e0cc4ef
f7fc0ef9
378f8793
66f17d3d
7e95c277
3e084dc1
b904d99b
b09f8485
245670ff
f5c46589
3e0c6ca3
7e9674cd
e174f087
e27b7651
520e60ab
3e036e15
d22b610f
311ca019
7eb6d5b3
dd77905d
3e07e297
7feb02e1
06b5ebbb
7407fba5
9e1c951f
3e0dbea9
965fc2c3
162dcfed
291f98a7
2d8ff371
3e0c7acb
67962d35
7ecb0d2f
14e0c139
389833d3
3e02337d
f9ad12b7
d6534801
89630ddb
7e9702c5
3e07c93f
b71ea7c9
f1d128e3
6bbdbb0d
aca150c7
3e0e0091
7ecaa4eb
83437c55
0523c94f
aa907259
3e0ba1f3
cb09669d
3ebd52d7
7e991d21
c0943ffb
3e0499e5
95500d5f
13bf20e9
22489f03
100e362d
3e0218e7
c62d9db1
e5d0df0b
d5c35b75
00000000
3e03b379
aea92013
7ea529bd
08b0a2f7
55848241
3e01821b
8648c105
becd617f
c8b72a09
7ece2523
3e07414d
7f49f107
3c46cad1
a7a7292b
e5ddca95
3e00718f
7ed28499
9668ae33
e12d7cdd
728f0317
3e0d7761
dea2d43b
7efb7825
7e97c59f
974ec329
3e09bb43
2010dc6d
8480d927
0ff187f1
fe55834b
3e0ac9b5
94545daf
bbf4e5b9
3e024c53
316a5ffd
3e007337
e86bfc81
7e90365b
a2f4bf45
d9b739bf
3e0dec49
53236163
7fc00000
31aed147
7ef5d511
3e03ed6b
0e0258d5
f06159cf
3222d6d9
63fdfa73
3e03d31d
7eacf357
6e7811a1
ad21a87b
92fc9665
3e03bddf
7a7ca569
8d031783
7ef5c2ad
0bdbd967
3e0bb231
245a678b
e79c77f5
a94f65ef
5aa457f9
3e03b893
a321d63d
79fc8377
0149b6c1
efdf2a9b
3e0afd85
7e1551ff
7ea2ee89
0a90dda3
71410dcd
3e0ff187
3f2b1f51
9ac0f1ab
01f12715
7ea6820f
3e016919
393b86b3
002c695d
c1d72397
e928ebe1
3e00bcbb
7ed7f4a5
b263f61f
9788c7a9
5454b3c3
3e0ce8ed
af5319a7
7fec1c71
7e9f8bcb
97c86635
3e0eae2f
a3c20a39
798d64d3
590b8c7d
2cc4d3b7
3e0db101
21fe5edb
8f3b7bc5
fc27aa3f
e57630c9
3e0699e3
68f1540d
7ead51c7
0da6a991
4dfe35eb
3e0a3555
f9afea4f
aeee3b59
5a6152f3
7e873f9d
3e0d93d7
4d300621
cc7010fb
c74d92e5
6f686e5f
3e0329e9
7e9e9003
43664f2d
e72699e7
2aa2c6b1
3e04f00b
d51e9475
f272366f
7e8dfc79
ae3f5113
3e0782bd
7bf963f7
cde7eb41
db2dd31b
0b563a05
3e0e427f
00000000
8c349623
b8a3da4d
b9c6f207
3e0873d1
0d5bba2b
7ead8395
823d928f
4ae94d99
3e0f5f33
ac7455dd
92504417
accd6061
7ebfa53b
3e0d7125
f681269f
283bcc29
ac20ac43
5a71f56d
3e065a27
7effb0f1
41ea944b
45df02b5
6719feaf
3e082eb9
0d397d53
8a75b8fd
7eda3437
a6286581
3e0d875b
be6b3845
06691abf
4b177549
7eead263
3e08a08d
5d9cd247
cff07e11
15197e6b
a2fb11d5
3e0f7acf
72f29fd9
7ee5ab73
e333ac1d
179f3457
3e00faa1
807f797b
8b078f65
37ee1edf
7ee2ae69
3e0b0883
9edfdbad
34e25a67
90c2db31
3870788b
3e09b0f5
7ea606ef
6430a0f9
7fc00000
22762f3d
3e074477
4d5f1fc1
d3bd7b9b
7eba7685
731832ff
3e057789
c3394ea3
990fa6cd
da6ef287
883ec851
3e0782ab
0492e015
fc65a30f
714a3219
efc437b3
3e05425d
25fa6497
7ecad4e1
f8ef8dbb
824beda5
3e0f571f
1b67d0a9
81cda4c3
6ef001ed
7eca9aa7
3e0c4571
c9b69ccb
9a9e9f35
f1d64f2f
7d875339
3e0695d3
7ea8e57d
26a094b7
75cc1a01
2b9dafdb
3e03f4c5
7a7b8b3f
a7b1b9c9
7ee00ae3
e648ed0d
3e0d52c7
68535291
2eb5c6eb
1134ee55
6e800b4f
3e000459
eb0b03f3
1929189d
25a1d4d7
27aaef21
3e0fe1fb
902a8be5
7ec4cf5f
e38b32e9
96788103
3e02682d
b70f1ae7
317befb1
d1fd010b
7e9dcd75
3e0ad76f
148c4579
52598213
f84ddbbd
3a0624f7
3e0f5441
7e8e241b
0007b305
acd3237f
6c3c3c09
3e0f0723
0484734d
0007f307
7eee1cd1
f9144b2b
3e013c95
199eb38f
59e41699
00000000
74df2edd
3e058517
2c214961
23e0763b
cae36a25
7cae879f
3e0cd529
775b9d43
7ef70e6d
a06fdb27
d571d9f1
3e03a54b
c8073bb5
40239faf
137f77b9
7ef4ae53
3e0511fd
5317f537
5348ce81
2fced85b
ad85b145
3e0efbbf
7ec4fe49
c4364363
f202398d
194ed347
3e0f2711
7cd30f6b
8497cad5
7e819bcf
18a668d9
3e015c73
f967851d
d9d57557
476de3a1
2ee14a7b
3e068865
09ec7fdf
d42cb769
f8b6f983
936df4ad
3e0cdb67
1ece0431
7e8a898b
b79ae9f5
5940a7ef
3e00e9f9
57181a93
74ee883d
7a160577
7ed888c1
3e0fcc9b
613def85
135f13ff
850c0089
d965bfa3
3e023fcd
7e91f387
4db67151
363213ab
b7d89915
3e08c40f
56b6fb19
74d0e8b3
7e821b5d
9ee1a597
3e00bde1
d8925ebb
5fe3e6a5
c2beb81f
7fc00000
3e0a95c3
40871aed
9d061ba7
2fd06e71
0f51adcb
3e08d835
5401f02f
7eb09c39
2d03c6d3
cd6a3e7d
3e0055b7
d09e8301
b64100db
d1706dc5
7e936c3f
3e0142c9
c56d7be3
73c4860d
d21153c7
6363fb91
3e0157eb
7ea3a755
73942c4f
9e55cd59
8e38b4f3
3e0ef19d
763a15d7
4b89d821
7eb3b2fb
26ab84e5
3e05305f
34473be9
6dd67203
1082812d
60bb9be7
3e0918b1
8e19120b
07c10675
b0a7786f
666e8e79
3e07b313
0a5834bd
7ed6e5f7
b0dabd41
e0f2751b
3e0d2c05
28bc047f
21d4c509
fc8d7823
7e890c4d
3e0cf407
ac17c5d1
7ad0dc2b
70b8f595
4543d48f
3e02df99
7ec8c133
ca6e07dd
081ec617
18d93261
3e05473b
f34d6325
b81fe89f
7ec1de29
4a1a8e43
00000000
330d5c27
71c802f1
9120b64b
74d374b5
3e0140af
2b9ac0b9
7533df53
99f86afd
5519b637
3e0d3781
20f4295b
7ec42a45
6598dcbf
bb568749
3e05b463
5d8fd28d
74c4d447
ea11d011
7e90a06b
3e0883d5
3137bccf
b33e31d9
5bc10d73
80bf5e1d
3e0fb657
7efecca1
c8471b7b
1c098165
952ee0df
3e0ac069
97d6ea83
d2200dad
7ebb5c67
273d2d31
3e089a8b
2d9022f5
d09f48ef
abf532f9
6ff84b93
3e0ae13d
0648c677
afb5f1c1
e2861d9b
6b656885
3e09f4ff
14968989
7e9630a3
fd18d8cd
2278f487
3e021a51
a8f0a4ab
abc25215
57afe50f
7e87c419
3e0199b3
e722f45d
3c8ce697
e53aa6e1
67392fbb
3e0fdfa5
7ed2191f
28d1e2a9
6b4b86c3
404233ed
3e059ca7
ad589771
d4f0becb
7eb71135
d471912f
3e0de539
bf84f7d3
aa4f977d
aea416b7
f2d4ec01
3e0851db
ec00e6c5
94ef4d3f
27d4cbc9
aefeece3
3e041f0d
c36954c7
7ed8a491
7630e8eb
f1b66055
7fc00000
a95f9659
53ea65f3
0bd8ca9d
7e9656d7
3e0cc121
221b83fb
1ad07de5
0549915f
8ae744e9
3e086303
7ec69a2d
f42c1ce7
665a41b1
8e39230b
3e083f75
bb28196f
c734d779
7e99e413
47868dbd
3e0ba6f7
3b6a2641
db5ac61b
7856a505
67e8e57f
3e014e09
9cffe923
08b1a54d
efd5f507
ba256ed1
3e016d2b
9af4ae95
7eacf58f
fa85a899
529b7233
3e00e0dd
7e2c0717
02f51b61
052e183b
7edb5c25
3e05499f
565ae729
345d7f43
4e6d406d
336edd27
3e022bf1
7ec1c74b
dc43adb5
4502e1af
f69a09b9
3e071053
706fc3fd
00000000
7eb5a081
2b1d7a5b
3e06a345
b816bdbf
a54c1049
db592563
31416b8d
3e0ed547
63b87911
6a52316b
6dbd3cd5
2cb1ddcf
3e09fad9
98b4be73
7ebb371d
508df757
65f3b5a1
3e00ec7b
d5007a65
e9b541df
256cc969
7efadb83
3e0626ad
da8ddd67
3a105631
bccaab8b
c2295bf5
3e01e9ef
7ead7bf9
d55c7c93
d34b3a3d
053f8777
3e075ac1
2d706e9b
cd30e185
7eb8d5ff
44051289
3e0aa1a3
595371cd
8c23f587
8dd1c351
49b335ab
3e000b15
7fbb060f
7c3c8d19
2a764ab3
3e67cd5d
3e0c2797
04088fe1
7ee400bb
97ffd8a5
c8297a1f
3e0ceba9
475077c3
fe214ced
21c91da7
7ec4c071
3e03cfcb
32f94a35
8325322f
6c2f2e39
e28a28d3
3e08f07d
7ecbd7b7
6c6f5501
8e93a2db
c2355fc5
3e0f2e3f
05bc54c9
5a145de3
7ea7b80d
6c8555c7
3e014d91
fcf479eb
e8ed1955
6e886e4f
814d5f59
3e0016f3
eae6a39d
21b697d7
af73aa21
da0754fb
3e0976e5
c471f25f
7eeb4de9
a71e5403
262eb32d
3e009de7
b45f6ab1
e25d340b
94f37875
7eecba6f
3e0f2079
b9c01513
3fd8e6bd
d4c467f7
415d8f41
3e07171b
7fc00000
7a59c67f
24b1d709
42f65a23
3e0e3e4d
b962f607
ac9717d1
7ed5fe2b
5dd46795
3e0a168f
ac2c7199
81f22333
5cf7b9dd
30fd4817
3e050461
d85ae93b
190d5525
8eceaa9f
6ed7f029
3e047043
415e596d
7e945e27
eda054f1
0066d84b
3e07e6b5
90d882af
047d52b9
ff3e4153
7e8b1cfd
3e093837
97020981
5e4acb5b
10ad1c45
e1d89ebf
3e059949
7eb09663
fd17048d
4afcd647
00000000
3e07c26b
9545f5d5
e06ffecf
7e99c3d9
902c6f73
3e0b101d
25103857
b74c9ea1
fc1ebd7b
439b7365
3e0fa2df
52e2d269
f8a2cc83
6df03fad
aaa45e67
3e077f31
e0f0bc8b
7ee694f5
4e288aef
4f49c4f9
3e04ad93
ff2f933d
86fa4877
df9cc3c1
7edebf9b
3e005a85
97cbb6ff
a3579b89
ed0312a3
91b20acd
3e02f687
7ef56c51
2879c6ab
9581c415
640a270f
3e055619
7b0efbb3
0ad0a65d
7eaf6897
f83a78e1
3e02d1bb
1283d1a5
8ec4db1f
fdcbf4a9
d2d968c3
3e0465ed
a4d09ea7
c394e971
203ae0cb
205f8335
3e0cd32f
11847739
7e9359d3
7986497d
11b798b7
3e0dbe01
fc42f3db
e40dd8c5
ec730f3f
7e87ddc9
3e0dcee3
1d0f510d
dd6556c7
b6edf691
85bc0aeb
3e07d255
7ee88f4f
b61f2859
86d9c7f3
23187c9d
3e0ad8d7
0f7e9321
24f725fb
7e866fe5
64de535f
3e0356e9
29084503
b43acc2d
18591ee7
e4c893b1
3e05450b
4582b175
76f55b6f
f56d6979
8fea4613
3e0f3fbd
5de128f7
7eb4f841
0f37681b
6f359705
3e0ea77f
91f66009
fe70cb23
5d6ed74d
7eb3f707
3e0cc0d1
241e8f2b
49582095
e1cb378f
5eb73a99
3e0cd433
7ef292dd
30928917
0f58ed61
028bba3b
3e034e25
4a0c0b9f
5138f929
7eef6143
4a73726d
3e0ddf27
ed227df1
7fc00000
1b101fb5
22f223af
3e049bb9
f9097253
8aca75fd
33b6f937
a1b27281
3e0c1c5b
ee579545
7ede7fbf
ace32249
188c0763
3e009d8d
e5bed747
0031cb11
3fe1536b
7ef2aed5
3e021fcf
e05d8cd9
52282073
5d9ee91d
ca567957
3e0987a1
00000000
f7da6c65
2e8e03df
ee3cdb69
3e0ebd83
eb0e58ad
8c7edf67
7ee2a831
f11acd8b
3e07cdf5
74532bef
0b4a0df9
c5b0de93
3e37ec3d
3e090977
2ca62cc1
9a51109b
d7b3d385
852297ff
3e0e2489
193f83a3
7eb4a3cd
3ac5f787
7f7d1551
3e0457ab
ab577d15
149d480f
85521f19
7eabacb3
3e0d7f5d
9226a997
51d061e1
cd45a2bb
36abcaa5
3e043c1f
7e9efda9
1de659c3
f44b7eed
bd9c1fa7
3e091271
c5e5f1cb
b069bc35
7ed8742f
d1bdc039
3e008ad3
8bd7a27d
dd6759b7
a5d02701
2af644db
3e0a51c5
771af03f
cd3766c9
34cb3fe3
8b1aea0d
3e0957c7
d38e9f91
7e879beb
b5468b55
6a8cb04f
3e04f159
141778f3
446e559d
f04319d7
7eed7c21
3e0af6fb
c91768e5
f68eb45f
521f5fe9
ae763603
3e0ae52d
7e959fe7
8795bcb1
c6b1560b
fcb5ea75
3e01fc6f
e2dfb279
5a987713
7ee998bd
81c1e9f7
3e006141
68abb91b
021b1005
5907887f
071ee909
3e0f3c23
0e03704d
3fc8f807
7ea669d1
9deb202b
3e0fd995
fe80588f
7ea60399
842b8533
e4116bdd
3e0bca17
51a0d661
93c08b3b
c55d4725
7e8d6c9f
3e0e0229
203e5243
f9ac8b6d
672b6027
8308a6f1
3e0cfa4b
7eec58b5
0b4fc4af
28efe4b9
2b58a353
3e0dcefd
50c8ba37
6bc6db81
7eb16d5b
6fa60e45
3e0860bf
ea84ab49
cd6b7863
bd2e368d
6044d847
3e047411
09aee46b
1a4367d5
b0b840cf
ee8555d9
3e07d173
4986c21d
7ee0ba57
7fc00000
9c065f7b
3e0d6565
3ee064df
877ae469
477eae83
7ed071ad
3e0d6067
50e1d131
fd48de8b
00000000
f4c1ccef
3e0e56f9
7ea10f93
2064453d
52bbca77
5d1395c1
3e07619b
a06b4c85
6dbd78ff
7ea8ad89
f2fff4a3
3e0b3ccd
9fbcf887
22e8be51
e012e8ab
41d13615
3e04690f
0732e819
57cc5db3
430e585d
62e1ea97
3e0a4ae1
b7fc73bb
7ef7c3a5
f3c79d1f
1a5606a9
3e074ac3
4c9697ed
7c2ba0a7
13613b71
7e9502cb
3e07f535
44d8152f
3cdb0939
4eb1bbd3
254cfb7d
3e0b1ab7
7e969001
2aad95db
4aaacac5
0106d13f
3e0aefc9
846cb0e3
d94a830d
7ef158c7
60934891
3e072ceb
aa694455
30f4d14f
766eba59
03d929f3
3e082e9d
2caf5ad7
fbc06521
b3e2c7fb
d3cc61e5
3e03155f
604f68e9
7ee82703
a6befe2d
a39620e7
3e06e5b1
76e1670b
4a8d2375
7bd29d6f
7eb5fb79
3e0aa813
2ba7f1bd
5066aaf7
d78fca41
57240a1b
3e048905
7ec4697f
142b7209
f5f1ad23
82bc094d
3e01f907
7e4412d1
fdbbb12b
7ecb9295
ff79798f
3e08cc99
770e3633
6b5444dd
56090b17
d14cbf61
3e095c3b
55fb4025
b052cd9f
b3a70b29
08914343
3e09a46d
be9ce127
7ed2cff1
fb6e0b4b
046c91b5
3e0165af
5f7f2db9
a62bd453
a1b527fd
7e9e7b37
3e0f4481
8deabe5b
24988745
0ab641bf
640a3449
3e0ee963
7eefcf8d
ca8ed947
3e3b1d11
7d80756b
3e0820d5
ed4261cf
c1911ed9
7eab8273
76929b1d
3e0efb57
73af59a1
bc80307b
71445e65
5876c5df
3e0ced69
50329f83
13b68aad
c57fe167
2d44fa31
3e0aef8b
86f63ff5
7ef46def
27f69ff9
a8154093
3e049e3d
bcc28b77
00e4fec1
3b41b29b
7ec6c585
00000000
80a73689
8a4465a3
03a5d5cd
7fc00000
3e086751
7ee579ab
e8eeef15
1a8f8a0f
f1f7b119
3e010eb3
cee3315d
a8612b97
7ea833e1
a1b744bb
3e07bca5
b22efe1f
2b710fa9
328c3bc3
a305b0ed
3e0f21a7
18dd6471
614813cb
f86a2e35
4c9bb62f
3e0c5239
53c6ecd3
7ee6547d
f912dbb7
fcc0f901
3e08e6db
af6f43c5
9a36b23f
644278c9
7e9221e3
3e0e1c0d
7e9d59c7
edfbf191
cc2abdeb
142ffd55
3e00f24f
7eec8359
661edaf3
8286079d
61df9bd7
3e074e21
17de98fb
0c255ae5
7ebb765f
446371e9
3e0e1803
2b37172d
b7daa1e7
645c0eb1
bb15780b
3e085c75
21a73e6f
3a704479
0d80d913
b08a4abd
3e0f6bf7
6b133341
7ea05b1b
26d20205
44c54a7f
3e0bfb09
51f81e23
4b98a24d
753efa07
7ec5bbd1
3e00422b
9fbb4b95
f4b69a8f
1baf9599
2074e733
3e0b1ddd
7eea4c17
1e5ca861
2b362d3b
783d3925
3e0c2e9f
53b41429
58683443
7e8abd6d
d3d26227
3e00f8f1
3f231c4b
8110cab5
1ed706af
18f276b9
3e030553
33e080fd
27383c37
7e1bad81
05280f5b
3e0f0045
318822bf
7ef3bd49
b3b65a63
1dd5688d
3e0cda47
81d5c611
ab56066b
51d0d9d5
7e9082cf
3e00e7d9
f7333373
74c2741d
3ec13c57
2a9842a1
3e0e017b
7eef5765
8b5126df
f3a2f669
046a9083
3e00a3ad
3ca66267
e40c2331
7eb1008b
24c378f5
3e0b0eef
a8a2e8f9
7c0d7193
0e28f73d
e98d4c77
3e0a67c1
c740039b
88c63e85
70bf3aff
3f89bf89
3e0cd6a3
4c946ecd
7ef6fa87
8eec1051
4fbc0aab
3e00a815
8feeab0f
00000000
ee99bfb3
7edc0a5d
3e046c97
5eea1ce1
9a7615bb
3cfbb5a5
8dda5f1f
3e0018a9
7ea52cc3
8798c9ed
2a96a2a7
1cbd8d71
3e0f24cb
d0606735
d2a3572f
7ec19b39
39601dd3
7fc00000
690e9cb7
9b4f6201
dd2837db
9fd7bcc5
3e0a933f
059e01c9
383b92e3
5615b50d
ae8d5ac7
3e089a91
fd024eeb
7e9ab655
9e91134f
6a4e4c59
3e088bf3
bf47e09d
9fd3dcd7
8d923721
7ede69fb
3e0253e5
f337d75f
8e5b7ae9
f3d80903
21d3302d
3e0322e7
7ed537b1
a34d890b
ea279575
49bfdf6f
3e0e8d79
15bb0a13
c090a3bd
7efc2cf7
49fa9c41
3e00ac1b
d8a37b05
678a2b7f
35f08409
03828f23
3e093b4d
599ffb07
7aab64d1
af68d32b
cdcf0495
3e07bb8f
71ca5e99
7edf9833
d145f6dd
6e8f8d17
3e009161
5176fe3b
bc233225
6ba98f9f
7ea51d29
3e032543
8c2fd66d
b6cbe327
6b1321f1
eadc2d4b
3e0903b5
7e80a7af
e549bfb9
b55e3653
352fd9fd
3e05fd37
e65c1681
f569605b
7ee97945
7f9e03bf
3e014649
0521cb63
325f018d
ae6edb47
9dd46f11
3e0f976b
d88d92d5
5f22a3cf
f654b0d9
833ee473
3e064d1d
c7177d57
7ee52ba1
ee7fd27b
c13e5065
3e0f87df
e68cff69
74268183
e4eebcad
7e90e367
3e074c31
a9eb118b
4134b1f5
33a5afef
e03331f9
3e09a293
7ec1503d
e91c0d77
e2b3d0c1
9042549b
3e09b785
ab261bff
fe504889
7ed947a3
41a707cd
3e09fb87
7783b951
54969bab
a9166115
1191cc0f
3e0d4319
27c670b3
95f8e35d
d1abad97
ee1005e1
3e08e6bb
a7b3aea5
7ec9c01f
235321a9
00000000
3e0fe2ed
3a7223a7
af01b671
7cba35cb
7efaa035
3e0ef82f
1f8ae439
0f7d4ed3
bc85067d
2fce5db7
3e01cb01
7eeb88db
abe435c5
3a62743f
4add8ac9
3e0903e3
a4b14e0d
f6415bc7
7ef94391
7fdddfeb
3e096f55
65c5344f
df941559
c2363cf3
252db99d
3e0c1dd7
3c912021
68e23afb
45c34ce5
e9f8385f
3e0783e9
7fc00000
7e93492d
cdafa3e7
cab260b1
3e099a0b
5beace75
041c806f
4d90d679
7ef93b13
3e0afcbd
5cecedf7
04460541
40a4fd1b
0a18f405
3e030c7f
7ea90d09
1a910023
19bdd44d
d9c4fc07
3e050dd1
2145642b
f486bd95
7efcdc8f
98c92799
3e0e4933
cff4cfdd
ddf8ce17
60a87a61
1ebbcf3b
3e0d2b25
913af09f
417a2629
6ea21643
73f8ef6d
3e096427
fa894af1
7e993e4b
5a453cb5
4b6e48af
3e0508b9
69bd6753
35a332fd
38b7be37
7e807f81
3e0eb15b
1947f245
04f7e4bf
d7f2cf49
00113c63
3e0c9a8d
7e84dc47
22371811
750d286b
bbee4bd5
3e08c4cf
780c79d9
29ce9573
7e8e261d
7031be57
3e0614a1
2005a37b
41b14965
7cd1e8df
175b0869
3e067283
b4c0d5ad
303f6467
20c67531
4629228b
3e09eaf5
bd2450ef
7ea77af9
3989d393
487da93d
3e0ece77
40b139c1
a648a59b
4fb13085
7ed0fcff
3e0ad189
6129b8a3
72dda0cd
5940fc87
ec7f6251
3e052cab
7ea01a15
af78ed0f
c79e0c19
bf7721b3
3e09bc5d
d576ee97
b299eee1
7effb7bb
8c0fa7a5
3e0d211f
2a1a2aa9
fde30ec3
3b2afbed
3011a4a7
3e09df71
827946cb
b838d935
997e992f
d6382d39
3e0e7fd3
00000000
7ed21eb7
8e983401
93b2d9db
3e04aec5
615e553f
c40113c9
721a74e3
7ef0e70d
3e095cc7
388dec91
64bd70eb
ad5c2855
4d3d554f
3e0dde59
7e87edf3
4437929d
76085ed7
44f40921
3e0a0bfb
670845e5
21fc995f
7ef78ce9
ae57eb03
3e07622d
ef4024e7
197389b1
9fc9ab0b
a4520775
3e0d216f
65771f79
d3bb6c13
c20955bd
76a1aef7
3e056e41
232d4e1b
7eb26d05
56dfed7f
77459609
3e037123
3f066d4d
05adfd07
88a2b6d1
7ea5f52b
3e027695
2e05fd8f
7fc00000
03c0fa33
6bc7a8dd
3e060f17
7ee46361
a304a03b
e8db2425
fc10519f
3e032f29
55050743
d1e6086d
7e8ae527
f06373f1
3e0a4f4b
d6d575b5
d31fe9af
f6a451b9
a6a09853
3e0a8bfd
df9d7f37
4508e881
80f8025b
3cca6b45
3e05c5bf
e1085849
7e84ad63
f3de338d
115edd47
3e0dc111
30eeb96b
8bf304d5
3212e5cf
7ea842d9
3e024673
f629ff1d
4a0fff57
97aafda1
cc8f747b
3e084265
7ef849df
160d1169
c62a6383
deb6eead
3e01e567
c6b99e31
2e6b338b
7e8323f5
f0e6f1ef
3e0fc3f9
430e0493
ca5e023d
a0858f77
5212a2c1
3e02f69b
ae9ca985
e1bfddff
bb895a89
8e7e29a3
3e0839cd
a10bfd87
7edf0b51
4857bdab
6bcdd315
3e040e0f
f5f2d519
c5abd2b3
b19e955d
7e862f97
3e07d7e1
7eca88bb
7a0fa0a5
7074821f
a2c533a9
3e07ffc3
7eaa14ed
1b7525a7
beb60871
983c57cb
3e0b1235
fa523a2f
07c97639
7ec3b0d3
bfb3b87d
3e09dfb7
03529d01
987e2adb
56e927c5
d79e363f
3e089cc9
694fe5e3
3254800d
00000000
67869591
3e0101eb
89b2e155
7ef9764f
90cba759
a85d9ef3
3e056b9d
2e489fd7
36baf221
85f5dcfb
7ef13ee5
3e04fa5f
6f9b95e9
98dddc03
527f7b2d
8a94a5e7
3e08b2b1
7e8dbc0b
535d4075
6fa1c26f
9c416879
3e019d13
d37baebd
8b1a6ff7
7e88d741
eab99f1b
3e0fe605
4370ce7f
ebc61f09
b939e223
f873064d
3e0afe07
de345fd1
870a862b
6be22f95
94531e8f
3e02b999
2737ab33
7ebe81dd
d3175017
98844c61
3e01713b
f1ad1d25
bc29b29f
d6d03829
7eebf843
3e07216d
d2506627
dca19cf1
fe1f604b
1e09aeb5
3e058aaf
7ea79ab9
7c07c953
73f5e4fd
05474037
3e055181
3c45535b
63f0e445
7fc00000
f601e149
3e0c1e63
c0d3cc8d
1a7cde47
a4286a11
e6d44a6b
3e0bbdd5
e7f106cf
1a280bd9
0679f773
d8e9d81d
3e024057
b423e6a1
7e9d457b
c3833b65
9362aadf
3e031a69
c8725483
f2d107ad
eae86667
7e90c731
3e01448b
2e605cf5
deed92ef
703c0cf9
29163593
3e025b3d
7ee05077
a6d80bc1
f961479b
752c2285
3e02beff
d9fbe389
c9569aa3
7eb6d2cd
ac9afe87
3e02b451
573e4eab
d61f8c15
80132f0f
5d2b9e19
3e0483b3
67276e5d
0b597097
1bd9c0e1
539959bb
3e0399a5
612fe31f
7ed43ca9
5db0f0c3
e74d2ded
3e0ca6a7
5c263171
ce0368cb
aaa14b35
7ee9db2f
3e0ebf39
d4ece1d3
5401117d
2ca5a0b7
df710601
3e0d7bdb
7ee1a0c5
ad22173f
91f425c9
b20956e3
3e0c190d
fbf55ec7
66e33e91
7e8892eb
aaad9a55
3e09974f
ecbd7059
37374ff3
edb7449d
2f4ce0d7
00000000
a905adfb
827e37e5
95d15b5f
f1239ee9
3e07cd03
b1ab942d
7ead26e7
be21dbb1
ec55cd0b
3e0c7975
40ca636f
81efb179
e3cbce13
7e9207bd
3e0730f7
f7804041
a749f01b
3c515f05
9345af7f
3e0aa809
7ed45323
d6039f4d
a0cbff07
282a08d1
3e03172b
dc85e895
3ee43f8f
7e9d8299
51325c33
3e095add
78cc9117
58883561
10a2423b
5c231625
3e07139f
48514129
2856e943
302c3a6d
8c59e727
3e03c5f1
e9e8714b
7ee1e7b5
154f2baf
138ee3b9
3e02fa53
d1d53dfd
b9b50137
2145ba81
7e96a45b
3e0b5d45
809d87bf
a6df6a49
89f78f63
95ed658d
3e0edf47
7eb71311
a6bddb6b
31e876d5
e61327cf
3e0bd4d9
5c95a873
5ccdb11d
7e988157
9200cfa1
3e0f167b
e4e23465
34910bdf
bd1d2369
c63e4583
3e0f20ad
9ae2e767
f1cbf031
22fb558b
7fc00000
3e0833ef
235c55f9
7ea26693
678ab43d
62ff1177
3e0174c1
5673989b
335f9b85
85699fff
7ed26c89
3e030ba3
0f596bcd
8bedff87
35ca5d51
3428dfab
3e054515
7ec6500f
8d486719
5da134b3
a1d4475d
3e00b197
e08fa9e1
876c2abb
7efb92a5
bf2f441f
3e0745a9
e4dde1c3
029446ed
138827a7
c7fa5a71
3e0e79cb
8fcb8435
06c57c2f
1b980839
0d1a12d3
3e026a7d
ee7561b7
7ef36f01
4520ccdb
307e19c5
3e09f83f
06c3aec9
5c46c7e3
c087b20d
7eb95fc7
3e03e791
ff7423eb
a04c5355
653db84f
b5933959
3e0500f3
7ead1d9d
891521d7
1674c421
ef197efb
3e0f30e5
f1a1bc5f
a88fa7e9
7ef5be03
52fbad2d
3e09a7e7
340f04b1
00000000
255fb275
e437046f
3e01fa79
9299ff13
e7cc60bd
e457f1f7
bf5ba941
3e0e411b
0c56d805
7ede907f
4c733109
adf2c423
3e08384d
30010007
f683b1d1
04dfa82b
7ecda195
3e09608f
9dac4b99
91b10d33
8e1833dd
fb45d217
3e001e61
7ef7133b
b83d0f25
7c28749f
93b64a29
3e05da43
5085536d
64276827
7ec9eef1
8db5824b
3e0e20b5
efccccaf
ae5a2cb9
30622b53
6ed896fd
3e06c237
267a2381
edebf55b
fd29d645
830768bf
3e00f349
caf70063
7eaafe8d
2c04e047
87a9bc11
3e0b6c6b
27d92fd5
3c7948cf
4fd39dd9
7eb55973
3e058a1d
9c42c257
c141b8a1
5444e77b
5be52d65
3e036cdf
7efb2c69
cf8e3683
197139ad
eca16867
3e0b1931
4f49668b
eb06cef5
7ec6d4ef
5d609ef9
3e029793
a2d70d3d
7061d277
5a8eddc1
4089e99b
3e071485
882480ff
668cf589
a7937ca3
d12004cd
3e050087
7c560651
7e9770ab
8caefe15
81bd710f
3e093019
0f61e5b3
f1a5205d
944bf297
7ea992e1
7fc00000
1de78ba5
9a72a51f
581e4ea9
bb8ed2c3
3e0f5fed
7eb7a8a7
92328371
d99d8acb
2799bd35
3e051d2f
1dd55139
85cb43d3
7e87c37d
570922b7
3e09d801
0cf81ddb
36be92c5
b5f5d93f
ef7737c9
3e0838e3
4fd74b0d
f14160c7
16c89091
0c63b4eb
3e0f0c55
6dc5d94f
7ecd0259
dc76b1f3
3bc6f69d
3e0162d7
2467ad21
68314ffb
d48429e5
7eb61d5f
3e0fb0e9
4d87af03
c66fc62d
d72a28e7
2c602db1
3e01ef0b
7ed6eb75
69e7a56f
99f84379
c5ec3013
3e0ab9bd
491cb2f7
329b1241
7ef6921b
00000000
3e0b717f
589fba09
b0953523
3d90d14d
aafa0107
3e015ad1
d4d0392b
f7b95a95
a0d2818f
491f1499
3e03be33
3e7b0cdd
7e831317
f0bc0761
1a4fe43b
3e0b0825
9c0dd59f
48ff5329
19b8cb43
7e826c6d
3e08e927
07b417f1
f986934b
537e59b5
b08e6daf
3e0975b9
7ed55c53
daffeffd
0edc8337
fb128c81
3e05465b
8f3c4f45
0cb549bf
7ec67c49
057a7163
3e0c978d
546ee147
86006511
849cfd6b
4a6de8d5
3e0369cf
89ff66d9
28590a73
8801631d
d9310357
3e06a1a1
8cdeb87b
7e8c2665
f2b9cddf
5bbd3569
3e022783
4bf752ad
f023e967
066e4231
7e9b778b
3e0007f5
a69975ef
ae48e7f9
a646c893
9147663d
3e089377
7e8046c1
c7a43a9b
d6b28d85
162361ff
3e0b7e89
6af7eda3
9f0a9dcd
7ee00187
1f45af51
3e0a01ab
f8ecb715
9cf8920f
882df919
6fa696b3
3e09f95d
bfeb3397
5a277be1
4c1dccbb
d27784a5
3e0a061f
385957a9
7ec3c3c3
938e78ed
a2ab29a7
3e0eac71
cf709bcb
020bf635
8c48be2f
7ef69a39
3e0074d3
1bc11c7d
7660e3b7
80244101
35d36edb
3e030bc5
7ec5ba3f
dc0ec0c9
154da9e3
cf4ae40d
3e0d61c7
7fc00000
cb5745eb
7ef5c555
e691fa4f
3e0acb59
12dc62f3
6884cf9d
86f1a3d7
5bbe9621
3e0d20fb
b9fd22e5
3d0e7e5f
f913b9e9
661da003
3e07df2d
f98ea9e7
7e9556b1
2d46000b
51f22475
3e0c466f
ec528c79
8dc26113
a8ad12bd
7ea573f7
3e0e7b41
3b12e31b
2b4dca05
765c527f
0cb04309
3e0ba623
7e8d6a4d
21b70207
606303d1
1ac4ca2b
3e091395
00000000
2575dd99
7eba6f33
5c01e5dd
3e045417
e8ebf061
21acb53b
855d0125
5137369f
3e0c5c29
e5afbc43
43a3856d
ad0e6a27
6d8240f1
3e0ba44b
654292b5
7e940eaf
cc9cbeb9
06cc8d53
3e0b48fd
cf964437
2f0ef581
03a2975b
7ef2c845
3e072abf
00d00549
4981e263
e612308d
fc9ce247
3e0b0e11
7e928e6b
29a6a1d5
32118acf
990f2fd9
3e00bb73
4f513c1d
96e34457
7eef8aa1
907c897b
3e071f65
2fb42edf
cfe33e69
44ba1883
a8a16bad
3e0a6a67
d0556b31
5bf1888b
223d40f5
1db016ef
3e0530f9
9e5ef993
7edbbf3d
33735477
dbd5afc1
3e028b9b
dbd20685
3f6642ff
72ae0789
7ee05ea3
3e0936cd
c07f0287
ae995851
3f0092ab
85ce7015
3e07b30f
7ef6c219
8e6f47b3
10b2d25d
f04e7497
3e0964e1
fcfc9dbb
60ab7da5
7ec5671f
5a7860a9
3e0cb4c3
294191ed
4ae2aaa7
81ced571
2547accb
3e022f35
44705f2f
e2fbe339
78b9a5d3
ec9e757d
3e0ca4b7
99d2aa01
7eb2bfdb
462b84c5
fbd99b3f
3e0a49c9
44171ae3
cee27d0d
c59d62c7
7ebde291
3e0ed6eb
1d007e55
dfa21b4f
3d6c9459
4bc613f3
3e06a89d
7e85e4d7
4c797f21
336cf1fb
dd1a1be5
3e0adf5f
b22bc2e9
32379103
7ec3f82d
e5b72ae7
3e0e7fb1
759e110b
72315d75
5c14e76f
2d90d579
3e0c9213
51d36bbd
7fc00000
5b45e441
6bb3341b
3e0f4305
f341337f
7ea4cc09
16661723
f5ae034d
3e080307
1be8acd1
e6bd5b2b
757ccc95
7ed0c38f
3e00a699
7a452033
76acbedd
4f499517
be7fd961
3e0d863b
7ee2fa25
aba4979f
00000000
a92aad43
3e089e6d
3e27eb27
99b469f1
7eb4b54b
11aacbb5
3e0dafaf
701407b9
c6c7be53
60baa1fd
5f140537
3e0f5e81
fc03e85b
0e4d4145
f5dd0bbf
c13d8e49
3e0d5363
7bbbc98d
7e8ee347
6bd9b711
4a8c1f6b
3e035ad5
f143abcf
0d02f8d9
de2c6c73
7ec5151d
3e098557
d75c73a1
6f1e5a7b
62c61865
15f28fdf
3e0d4769
7e960983
bf6f84ad
4c74eb67
84a09431
3e0b998b
73ce79f5
9f0ab7ef
7ec579f9
c2fb2a93
3e04183d
09221577
f18f18c1
ece4dc9b
18957f85
3e0d23ff
70949089
ea4ccfa3
9f4bcfcd
8ee20387
3e010151
f3fb23ab
7ed42915
583ad40f
66a38b19
3e0bf8b3
ffefab5d
3575b597
294f4de1
7edf6ebb
3e0376a5
bbd4c81f
4e7b69a9
bcb9a5c3
5d18aaed
3e0e2ba7
7eb2fe71
eb22bdcb
bedc6835
0adc002f
3e052c39
12f6d6d3
749fce7d
7edc65b7
eae51301
3e0610db
6f57fdc5
9db17c3f
00e9d2c9
14648be3
3e0e160d
0b7163c7
498e8b91
9f4a67eb
052f3755
3e063c4f
59d25d59
7eb3c4f3
9d6c819d
a7de25d7
3e086821
a590c2fb
cddb14e5
0d8b405f
7ea7cbe9
3e058203
ada4112d
aba3abe7
c3aba8b1
f1fa220b
3e049675
7e91886f
edb31e79
1afac313
961dc4bd
3e02f5f7
30b14d41
e157851b
7ed4bc05
236a147f
3e0d5509
99948823
f7f29c4d
427d0407
9bd255d1
3e09ec2b
a1548595
c3b5e48f
b0cf6f99
b4d3d133
3e0b97dd
e4d2d617
7ef7c261
8572573b
d90cf325
3e05f89f
84326e29
74299e43
7fc00000
7e856c27
3e0a92f1
8d11c64b
e8b704b5
f86b50af
366f50b9
00000000
7ecdfafd
cd55c637
f533c781
fd69395b
3e0bba45
7556ecbf
ed8f1749
7e9cc463
e989628d
3e04e447
735c6011
2c89b06b
5e0413d5
48b9cccf
3e0ac1d9
98dc1d73
115cee1d
d493c657
ec2d5ca1
3e042b7b
d0591165
7ef4f0df
d1db5069
a7f5fa83
3e019dad
c5436c67
b34fbd31
18a9aa8b
7e83b2f5
3e0958ef
ca59c2f9
241b5b93
2f70713d
4194d677
3e0c81c1
7e8b2d9b
1cfcf885
a3b804ff
7e5f1989
3e0d40a3
f1a268cd
81090487
7eecaa51
c6f9b4ab
3e0de215
1841f50f
f3345419
478ca9b3
4450845d
3e00f697
d8f936e1
4bc63fbb
49ff6fa5
2c28291f
3e0272a9
717a96c3
7e93c3ed
ac9daca7
aafb2771
3e01cecb
c13aa135
ef8ba12f
13b27539
7eb807d3
3e05277d
bd0026b7
035b7c01
967d61db
c42876c5
3e0d5d3f
7ead5bc9
9635fce3
8e7daf0d
f90964c7
3e033491
d449f8eb
9201f055
7e8e5d4f
b31c2659
3e0575f3
c5965a9d
ad7a66d7
9a1b5121
8ab893fb
3e000de5
8fafa15f
1607d4e9
24f77303
09a82a2d
3e042ce7
658cd1b1
7eda330b
969bcf75
9752296f
3e096779
005cf413
058c1dbd
c7d7b6f7
7e80b641
3e0fd61b
070e3505
16d6f57f
b839de09
1246f923
3e0b354d
7e860507
701ffed1
50ba7d2b
d5d03e95
3e0f058f
7fd23899
55e68233
7eee70dd
a7201717
3e03ab61
01db283b
5d5aec25
904b599f
810b7729
3e0c8f43
de5ed06d
89a6ed27
8544bbf1
b8f2d74b
3e073db5
f23cf1af
7eae99b9
404a2053
e30553fd
3e0b8737
a75c3081
17d28a5b
1bee3345
7e94cdbf
3e04a049
eeb03563
00000000
93bee547
f3430911
3e0b416b
7ea8ccd5
4873edcf
63968ad9
7fc00000
3e08c71d
74920757
226245a1
7eedfc7b
63900a65
3e0b51df
7fad5969
dad9eb83
5b77b6ad
2fd5ed67
3e02e631
a10bbb8b
52dcebf5
008bf9ef
16d20bf9
3e0f8c93
8a70ca3d
7ecb9777
972deac1
46357e9b
3e087185
fec6e5ff
2c0da289
1fb1b1a3
7e9d01cd
3e040587
86ec5351
c7fc45ab
904b9b15
848d160f
3e091d19
7ee15ab3
6dd55d5d
3e103797
ce071fe1
3e0110bb
c51f68a5
69bf8a1f
7ead7ba9
c5bf87c3
3e02dced
86212da7
bd275071
06e4dfcb
463cda35
3e0f422f
5c63be39
d8fd38d3
ea0e807d
5767e7b7
3e05e501
e368b2db
7e9cefc5
2f2d3e3f
f554e4c9
3e0b6de3
6e81480d
9e6565c7
6d5bdd91
7ecd89eb
3e08a955
6c6a7e4f
d949ef59
a59b26f3
b6e4339d
3e0aa7d7
7e823a21
f2e464fb
584906e5
e318025f
3e0bdde9
6b9d6403
07d0432d
7ec8ade7
59d1fab1
3e0e440b
bac70875
7856ca6f
2aa3b079
ba432513
3e0e76bd
f27077f7
2db41f41
dbac271b
24ebae05
3e07d67f
abda6709
7efd6a23
18e7ce4d
12530607
3e01a7d1
0ebf0e2b
a2eff795
a04c268f
7eb90199
3e0d3333
558549dd
a6315817
0f939461
c547f93b
3e0ce525
7e84ba9f
b7c88029
60b38043
b38fe96d
3e0c6e27
64a2e4f1
fcd7e84b
7ebb76b5
225292af
3e01e2b9
19d15153
cae0acfd
86254837
f8e89981
3e0fdb5b
a034ac45
da16aebf
c9de2949
f8c7a663
3e00948d
dafce647
7e8db211
3e90d26b
44f185d5
3e020ecf
663653d9
1dc77f73
d7f8a01d
00000000
3e0b2ea1
cd1bcd7b
ac6b0365
6045b2df
0b636269
3e01dc83
7eb1cfad
9c2c6e67
bfda0f31
0571cc8b
3e0a24f5
00b29aef
4a2e54f9
7ee7bd93
6895233d
3e065877
471353c1
ce63cf9b
bcb7ea85
3519c6ff
7fc00000
06aa22a3
0abb9acd
10a30687
67cffc51
3e02d6ab
3fbd5415
7e9c370f
1701e619
baba0bb3
3e0e365d
21837897
987908e1
969fe1bb
7ee361a5
3e0aeb1f
b5dc84a9
c98878c3
4d75f5ed
e568aea7
3e077971
7ecbf0cb
dde31335
53b6e32f
2ff90739
3e0669d3
f77bd97d
f893a8b7
7ef44e01
e15803db
3e0568c5
3ed11f3f
65606dc9
ee64dee3
0ea8e10d
3e0566c7
2fd88691
24551aeb
d9936255
068a9f4f
3e0bb859
8894d7f3
7ed60c9d
f2fee8d7
8d4d2321
3e0435fb
11f5ffe5
17c4635f
d173e6e9
7ec75503
3e0c5c2d
b8012ee7
307b23b1
3f26550b
55964175
3e0f6b6f
7ef1f979
58ad5613
a5d4cfbd
a7cd38f7
3e0b8841
805c781b
f26d2705
7efcb77f
175ef009
3e07db23
5798674d
63e40707
55e750d1
92c79f2b
3e03b095
acfd478f
0083ca99
0b97e433
04c022dd
3e069917
fab77d61
7eb8ca3b
eae2de25
ca021b9f
3e098929
a23e7143
9ee5026d
cc35ef27
7ee50df1
3e00f94b
0db3afb5
98ac33af
fad92bb9
1bdc8253
3e0005fd
7eb30937
79d90281
d7b12c5b
381f2545
3e0c8fbf
99dbb249
5c631763
7eca2d8d
f1fee747
3e0c5b11
8e9a636b
435e3ed5
80b42fcf
0dba1cd9
3e033073
a4fc791d
06da8957
32f817a1
b7cd9e7b
3e09fc65
8b9413df
7efd6b69
932dcd83
a00fe8ad
3e06ef67
00000000
55dbdd8b
ec7b5df5
7e9d3bef
3e0e9df9
5293ee93
59dd7c3d
db851977
4a5cbcc1
3e06209b
7e8b6385
56b0a7ff
a716b489
8b2693a3
3e0e33cd
ce160787
0517a551
7e8d67ab
dfd30d15
3e0f580f
ce3eaf19
8216bcb3
b04b0f5d
59bab997
3e0ef1e1
0292b2bb
984b5aa5
8cba4c1f
916f8da9
3e0569c3
99dd0eed
7ef42fa7
acaba271
a2b701cb
3e0d4c35
7fc00000
1e725039
21139ad3
7e8d327d
3e0369b7
9916b701
a04b54db
6871e1c5
3db9003f
3e0ff6c9
7ec24fe3
fef47a0d
506967c7
d2b92f91
3e00abeb
b4521b55
70eec04f
7ed18159
be1288f3
3e0be59d
52e729d7
8cfc0c21
8c4806fb
d946f8e5
3e04c45f
77ffefe9
e3754603
2a8c752d
84fdafe7
3e084cb1
2b92660b
7e897a75
112c0c6f
23244279
3e0b8713
f6af28bd
f7edf9f7
5846f141
7e90c91b
3e02a005
24b5987f
8ac77909
dd764c23
ca6d004d
3e090807
7ee0f9d1
ecd4302b
471b6995
8df2688f
3e029399
40369533
811efbdd
7e9fda17
933f6661
3e0d9b3b
141cd725
4ec37c9f
12ee9229
2b4d6243
3e0e1b6d
d2237027
c68b36f1
0cae0a4b
2f4fe8b5
3e09d4af
ecc474b9
7eebb353
b8035efd
7a04ca37
3e0d6b81
9d267d5b
73ad9e45
dbe670bf
7ebd3b49
3e028863
5227c68d
e8c4e847
e54f0411
78a7f46b
3e0ef7d5
7eba50cf
ea21e5d9
ccc2e173
2324521d
3e04ca57
2d5900a1
cd836f7b
7e8cf565
b02674df
3e0b7469
389dbe83
c99201ad
ba257067
75f46131
3e09ee8b
a74096f5
efcbdcef
a592e6f9
45c41f93
3e09d53d
3f07da77
7e8a25c1
00000000
3b02dc85
3e0b88ff
94713d89
bd2704a3
d464cccd
7ecd0887
3e034e51
7f1bf8ab
008cc615
7306790f
5e5f7819
3e076db3
7ebbe85d
f6b5fa97
ed88dae1
5d8983bb
3e0753a5
921dad1f
0ee696a9
7ea65ac3
546827ed
3e03b0a7
aa03cb71
88a612cb
851b8535
f0f2252f
3e0f9939
dde4cbd3
87c28b7d
8f372ab7
6f1d2001
3e02a5db
0bd25ac5
7ee4e13f
01237fc9
cca3c0e3
3e04130d
7d1168c7
e5fdd891
bc703ceb
7eb4d455
3e06e14f
b92b4a59
561439f3
e1a5be9d
9b936ad7
3e0ef521
7effd7fb
7fc00000
64e9255f
646ff8e9
3e073703
6f208e2d
7bbe30e7
7ef975b1
9c02770b
3e00b375
e8fcad6f
cdba8b79
830db813
b2ad81bd
3e02baf7
66a65a41
68c91a1b
dc5c1905
c532797f
3e040209
cc38bd23
7ee5994d
2a520907
4d3ea2d1
3e04c12b
3e272295
532b898f
c4c55c99
7ed94633
3e01d4dd
affd1b17
692b4f61
59a66c3b
3efad025
3e08dd9f
7ed79b29
0be05343
f7fb346d
85d4f127
3e055ff1
f89f1b4b
4b9021b5
7eab75af
d193bdb9
3e0ee453
dd4ab7fd
321a8b37
49e5d481
bb9fce5b
3e001745
dfb451bf
cd82c449
7025f963
68a95f8d
3e0ee947
e6c5ad11
7eb9856b
2623b0d5
1a0471cf
3e0daed9
7c069273
e2702b1d
1c330b57
7e9de9a1
3e0d407b
68d3ee65
ddfcd5df
81dd7d69
7991af83
3e081aad
7ec7f167
78978a31
fabbff8b
c0a9cff5
3e0e7def
ed9b2ff9
c5785093
7eda2e3d
554e9b77
3e0b8ec1
9506c29b
959e5585
9baa69ff
61afc689
3e0b75a3
436f65cd
84480987
b4d2f751
d82e89ab
00000000
30619a0f
7ee44119
7c5c1eb3
4750c15d
3e053b97
9826c3e1
b78454bb
52074ca5
7ec50e1f
3e019fa9
91fb4bc3
0d1740ed
c5d731a7
15bff471
3e0923cb
7eadbe35
5cf5c62f
8c10e239
6b39fcd3
3e0be47d
a4aeebb7
dc878901
7ebdf6db
aad6d3c5
3e04c23f
4cdb08c9
b60931e3
0ff7ac0d
a17d69c7
3e068191
4b83cdeb
a7bb8d55
f683024f
b2e91359
3e09eaf3
9783979d
7e83abd7
6885de21
f1bba8fb
3e04eae5
9d61865f
26c401e9
a95d2803
7ed8a72d
3e02b1e7
a2ce9eb1
a076880b
8ddbec75
33114e6f
3e04d479
7e83e913
69cfdabd
a87b7bf7
3069c341
3e056b1b
18c99205
78f35a7f
7ec48b09
007f2e23
3e02324d
bf2f0a07
37804bd1
7fc00000
0dd6db95
3e08aa8f
683c2599
acfff733
2148addd
421e5c17
3e0b3861
d9233d3b
7efcc925
78123e9f
15a4a429
3e074443
85bc4d6d
f74a7227
c20388f1
7e942c4b
3e045ab5
415116af
394706b9
b5161553
e1b610fd
3e044c37
7e823d81
431d1f5b
15b69045
fac632bf
3e0c4d49
404d6a63
b74ef88d
7e9cea47
30a05611
3e0f166b
2a7c69d5
531292cf
819d77d9
25ce4373
3e00041d
20054c57
d646d2a1
b9fb117b
283ee765
3e0736df
25238669
7e89a083
fb0233ad
9f2e7267
3e0eb331
6f32108b
c8b708f5
87f51eef
7e8778f9
3e008193
408e873d
2e595c77
e890f7c1
7145139b
3e0dce85
7e8d4aff
9ed24f89
69b3e6a3
ce9dfecd
3e070a87
e746a051
af451aab
7eec3815
ea00bb0f
3e0d0a19
cf44cfb3
5a899a5d
9ef87c97
5828ace1
3e0325bb
ed5b45a5
00000000
2f80a8a9
f3d43cc3
3e0a59ed
dc2eb2a7
7ee01d71
d49034cb
36e3f735
3e0d672f
2b362b39
d9132dd3
74993d7d
7eeaacb7
3e05f201
033d47db
d57f4cc5
7608a33f
ac7691c9
3e02a2e3
7eaf450d
cdad6ac7
9db32a91
1c9b5eeb
3e064655
31b3234f
498adc59
7ea39bf3
e685709d
3e07ecd7
6460c721
d8fb79fb
2111e3e5
f71de75f
3e0c0ae9
51971903
2eb4c02d
268b32e7
a307c7b1
3e0e990b
a33b2575
7ee9ef6f
4f931d79
ff7e1a13
3e0633bd
28e83cf7
45912c41
e545bc1b
7edb0b05
3e083b7f
b4591409
8a499f23
fbc2cb4d
dfd00b07
3e05f4d1
7e91e32b
462a9495
ca69cb8f
4c96ee99
3e0aa833
651386dd
61039d17
7eaf2161
efa40e3b
3e02c225
3c9f9f9f
ddd5ad29
13923543
69a1666d
3e03f327
6155b1f1
e88d3d4b
b3fc93b5
70bab7af
3e0e4fb9
f9314653
7ec569fd
6e920d37
7fc00000
3e0e705b
9c310945
3d1c13bf
30b9d649
7ef8db63
3e08918d
abaeeb47
52deff11
72e8a76b
fb7922d5
3e04b3cf
7eb140d9
da19f473
6473dd1d
349b8d57
3e03bba1
b0bce27b
6d4de065
7ef597df
764d8f69
3e059183
22f04cad
0458f367
9d09dc31
0fac218b
3e0841f5
9b6fbfef
8257c1f9
aa6cb293
1e66e03d
3e081d77
d96a60c1
7e87649b
51c14785
4db42bff
3e08d889
044057a3
05f097cd
498a0b87
7e9e4951
3e0fabab
0691f115
afe3dc0f
c419d319
70b180b3
3e06735d
7ebfbd97
bd8e95e1
a885f6bb
72533ea5
3e0fd01f
f2a3b1a9
55312dc3
7ee172ed
c84a33a7
3e044671
5a8b45cb
9bbe3035
bfc9082f
00000000
3e005ed3
f5ba967d
b3ea6db7
bd885b01
664098db
3e0bc5c5
d200843f
7ef61ac9
cd6013e3
218ade0d
3e016bc7
6223d391
3fb6efeb
adb4ff55
7ea7444f
3e00a559
0d314cf3
5eab499d
8a302dd7
299fb021
3e0f4afb
7ef2dce5
821e485f
6d1813e9
3d550a03
3e04d92d
fa97b3e7
55a4f0b1
7eeaaa0b
ff3e5e75
3e06906f
46d56679
047c4b13
09808cbd
8418fdf7
3e0c9541
c30a0d1b
f0908405
5a411c7f
e7519d09
3e081023
df27644d
7eb50c07
b92f9dd1
f12e742b
3e024d95
9c6eec8f
01d5b799
33d95933
7e825fdd
3e0cde17
fb470a61
ad28df3b
696cbb25
3671009f
3e0ab629
7eb12643
33aa7f6d
53817427
d70bdaf1
3e0a4e4b
2028ccb5
366858af
7ed998b9
b5d07753
3e08c2fd
12f3ce37
75670f81
cd23c15b
064f8245
3e05f4bf
fc2b5f49
bd284c63
3d062a8d
c184ec47
3e01a811
6506386b
7e99dbd5
edfad4cf
aca909d9
3e09a573
472bb61d
69f5ce57
84c4a4a1
7e82b37b
3e00d965
3f17f8df
055b9869
81858283
150265ad
7fc00000
7ed90531
ec2a328b
e4bd7af5
492e60ef
3e0c0af9
2face393
df63393d
7ebade77
eda7c9c1
3e0db59b
d348c085
f79f0cff
a8c36189
8c50c8a3
3e0730cd
99d10c87
d159f251
177e3cab
c9dbaa15
3e0afd0f
57ca9c19
7ea231b3
e0674c5d
9a4afe97
3e087ee1
5f8cc7bb
70ef37a5
cc53311f
7eaabaa9
3e021ec3
cbfc8bed
9a29b4a7
8f4c6f71
e08a56cb
3e0c6935
7e98a92f
0a2cbd39
96518fd3
3dffef7d
3e0e2eb7
511ec401
da47e9db
7ebc3ec5
6d3c653f
3e09a3c9
00000000
128a770d
7d596cc7
d6f87c91
3e0680eb
9fa7b855
e8df654f
8d7a6e59
cf42fdf3
3e05229d
15ec6ed7
7ec29921
60871bfb
3a77d5e5
3e02a95f
11181ce9
7c96fb03
f6d8f22d
7ee834e7
3e0619b1
c5eabb0b
31e59775
5ee7316f
ccfbaf79
3e0e7c13
7e8ee5bd
ca0dbef7
920bfe41
75d25e1b
3e09fd05
a7cdfd7f
f22e2609
7eea8123
c6affd4d
3e0e0d07
709d46d1
694f052b
30be0695
92b80d8f
3e088099
490c0a33
a41538dd
851a1f17
66c2f361
3e01b03b
3adab425
7e86619f
cbe3bf29
39541743
3e07986d
5e42f527
b32603f1
b88b5f4b
7ef905b5
3e09f9af
21b8e1b9
faf3a853
c9d01bfd
26198f37
3e0f7881
7ead125b
e411fb45
7793d5bf
4380e849
3e0bbd63
9417c38d
071eed47
7e885111
4127c96b
3e0e94d5
6fd4f5cf
0184d2d9
a23d5673
ab078f1d
3e040f57
06198da1
ef4c847b
c857d265
31fe59df
3e0da169
d0897383
7eb87ead
03f9f567
ab0c2e31
3e0c438b
18b6b3f5
a13101ef
32a453f9
7ef11493
3e03923d
ea119f77
b54932c1
b418069b
2c743985
3e0dedff
7e91ea89
11e539a3
b901c9cd
9ddc0d87
3e099b51
c8a0cdab
ddc96315
7ef61e0f
945f6519
3e06e2b3
7fc00000
1f1a3f97
b88667e1
559798bb
3e0f30a5
b40a921f
ae95c3a9
56770fc3
1d3ba4ed
3e0d35a7
54989871
7e8d67cb
4d5ea235
9bac4a2f
3e0e0639
05b6c0d3
dd69487d
5e35efb7
7e992d01
3e033adb
3b50b7c5
57bc463f
e2a12cc9
aac6f5e3
3e0e100d
7ed56dc7
8c312591
bbfa11eb
463e7155
3e0b864f
5ac83759
43d8aef3
00000000
da6cafd7
3e098221
20d2ecfb
23a0cee5
6beb0a5f
cafc25e9
3e0cec03
46210b2d
effcb5e7
120b42b1
ba6ecc0b
3e00d075
120bd26f
7e85f879
ec04ad13
55c13ebd
3e067ff7
e95f6741
0d9eaf1b
06e77605
7e9ede7f
3e0eaf09
c8c0f223
425c964d
284b0e07
8c6eefd1
3e03962b
7efdbf95
bd452e8f
1eff4999
54c2bb33
3e0c11dd
aa4b6017
dfa2dc61
7ebe813b
ddecad25
3e0fc29f
11c0c829
bf7b0843
ba28b16d
66c87627
3e042cf1
fc90704b
386d3eb5
c48f9aaf
34fc2ab9
3e0ad953
eacb74fd
7e835037
6f5be181
bb3a635b
3e087445
8fb5b6bf
96ba7149
20132e63
7ecd5c8d
3e0cee47
6bf2fa11
174d5a6b
da474dd5
29f316cf
3e049bd9
7e950773
2007681d
76f65057
b8d276a1
3e0a557b
fe52cb65
7e28badf
7ea3aa69
0b116483
3e0297ad
be707667
91a35731
9932548b
7b53ecf5
3e07a2ef
dd209cf9
afb94593
4ac7eb3d
6e2c6077
3e0e9bc1
e466579b
7ec3b285
3d40ceff
32447389
3e0daaa3
54c062cd
65ab0e87
2cfd4451
7ec75eab
3e0b1c15
eb253f0f
09d82e19
cc0f93b3
fad4fe5d
3e0d8097
7e9850e1
9aa669bb
1b1329a5
f905f31f
3e04cca9
166000c3
3c9ebded
7eb4b6a7
5848c171
3e0478cb
ba24db35
1f03eb2f
d4b34f39
959ff1d3
3e06a17d
7581b0b7
8e779601
35628bdb
348930c5
3e00273f
31ccb5c9
7fc00000
94f5a90d
0c156ec7
3e0dce91
3521a2eb
31792a55
611ba74f
7efa0059
3e025ff3
5df4d49d
e7b0f0d7
d1b46b21
f422bdfb
3e0dc7e5
7eb76b5f
2ac42ee9
35a6dd03
478d242d
00000000
3bd46bb1
92f6dd0b
7ea00975
8774736f
3e044179
ee8ede13
649797bd
564340f7
cc16d041
3e0f001b
9188ef05
4cb3bf7f
cf933809
489b6323
3e0d2f4d
17fc0f07
7ea498d1
0b9c272b
7de17895
3e064f8f
a6ea1299
66fd6c33
97a6eadd
7ec0a117
3e06c561
6fcf523b
e2a2a625
037d239f
a181d129
3e05f943
7e9dca6d
7d11f727
de8655f1
e899814b
3e0577b5
ad093baf
9b2373b9
7ec60a53
baeacdfd
3e011137
ab6c4a81
3fcbb45b
3a82ed45
0f1b97bf
3e07fa49
8fce9f63
3aa6f58d
619eef47
8fc1a311
3e06eb6b
7dd406d5
7ed537cf
f9e864d9
5470b873
3e0b411d
6e9c9157
2cef5fa1
59ec267b
7ef1c465
3e071bdf
c5ddb369
411d5583
4810b0ad
0aaaf767
3e0e8031
7ebc658b
9c9525f5
900243ef
7e80e5f9
3e057693
1530443d
050b2177
7eb804c1
91b8a89b
3e072b85
f8f7afff
0edafc89
559a1ba3
dca2fbcd
3e0e0f87
ed64ed51
74f1efab
3790d515
8218600f
3e04f719
478c44b3
7ec1d75d
8704c197
090e39e1
3e093abb
e69b22a5
ab45541f
7217d5a9
7eccf1c3
3e05d6ed
126037a7
2a5cea71
129f89cb
498f1435
3e0f8c2f
7ecc9839
560d22d3
61a7fa7d
239171b7
3e09ff01
3c75dcdb
8965a9c5
7e88083f
64dc3ec9
3e0dd7e3
4661420d
4f196fc7
f7ce7791
404d33eb
3e07e355
8d9fc84f
1c0fc959
849010f3
1aaaad9d
3e0931d7
5c835421
7ef68efb
7edec0e5
dac7cc5f
3e0037e9
cf74ce03
8b1d3d2d
0c71b7e7
7e8194b1
3e02ee0b
71b34275
cf21146f
7fc00000
659d0f13
3e01f0bd
7e8401f7
00000000
2c43511b
dbce6805
3e0ca07f
c21bc109
6df9d423
7ea1c84d
e3711007
3e0e41d1
55c8b82b
31693195
ef2b708f
3fb8db99
3e0c1d33
bd25c3dd
6af9e217
398eae61
6964233b
3e0c9f25
725e849f
7ea6da29
0254ea43
9936e36d
3e0f7827
4dcc7ef1
8ca6924b
bb41b0b5
7ec6dcaf
3e0ebcb9
9d753b53
ca2e26fd
9822d237
26e0b381
3e01055b
7eb16645
05c578bf
a0d98349
e90e1063
3e048e8d
9684f047
5bf44c11
7ea47c6b
be04bfd5
3e0b58cf
bd702dd9
2d506973
7d731a1d
c706d257
3e0048a1
07c1f77b
4b34bd65
62497cdf
ec7bbc69
3e0d4683
02b2c9ad
7ea97867
edfda931
f64a768b
3e0a5ef5
46d0e4ef
a6c52ef9
e1d5a793
7ebc9d3d
3e0de277
e0856dc1
cc0ef99b
e5cea485
2ff290ff
3e058589
7eba8ca3
e0a994cd
80951087
7a309651
3e0080ab
9d6a8e15
754f810f
7ef5c019
618cf5b3
3e02b05d
8a200297
196822e1
51d00bbb
6bc71ba5
3e08b51f
3eaedea9
64bde2c3
25d0efed
1b4fb8a7
3e051371
38ae9acb
7e9d4d35
a07f2d2f
0ac9e139
3e0e53d3
667d537d
786532b7
a9606801
7e8d2ddb
3e0622c5
92d3e93f
0bcfc7c9
823f48e3
57f0db0d
3e0170c7
7eb32091
ed7cc4eb
15da9c55
1a67e94f
3e099259
70b1c1f3
d084869d
7e8572d7
80b63d21
3e0e5ffb
10f3b9e5
4c1c2d5f
1c0040e9
fcc6bf03
3e01562d
915238e7
f692bdb1
3012ff0b
9eea7b75
3e01b56f
ba7cd379
7eaf4013
23b049bd
4d88c2f7
3e01a241
d31ba21b
75b7e105
bea9817f
7e884a09
3e0c4523
ce3a614d
9aaa1107
da3bead1
00000000
3e04ea95
7e84918f
796ba499
defece33
bfc89cdd
3e072317
3a9a9761
59fcf43b
7efa9825
7fc00000
3e0fe329
df07db43
51f3fc6d
12f0f927
6376a7f1
3e07a34b
eca1e9b5
10c87daf
a01e05b9
a4a86c53
3e057ffd
06589337
7eb91c81
b3fa565b
1f83df45
3e0359bf
77bf0c49
3bd18163
41c6278d
7eaef147
3e0af511
15d60d6b
2ad978d5
49e579cf
c5dbf6d9
3e041a73
7edef31d
90351357
995531a1
709bc87b
3e0bb665
1a3fdddf
20fdc569
7ec13783
5778e2ad
3e0bf967
83c0d231
eedc878b
5b0397f5
e7e385ef
3e0d77f9
05a9d893
a36cf63d
ab14a377
15b6d6c1
3e094a9b
3d8a1d85
7eb171ff
c7b40e89
4f5efda3
3e042dcd
f3b01187
63603f51
995311ab
7ee84715
3e0aa20f
5f9a8919
2a11a6b3
f107895d
81ff4397
3e060be1
7eeadcbb
3a9714a5
9790161f
bd29e7a9
3e02d3c3
0fa008ed
5a0339a7
7eb13c71
aec1abcb
3e0f8635
bea2ce2f
f62b2a39
a87384d3
0276ac7d
3e0cf3b7
11ead101
4da87edb
860a9bc5
5a63ca3f
3e0750c9
b7c4b9e3
7ea4740d
1c6d71c7
24fbc991
3e0055eb
2f015555
17740a4f
d0e75b59
7ed772f3
3e025f9d
6415b3d7
ce4d2621
802a30fb
50acb2e5
3e048e5f
7ef449e9
cd9cb003
18a96f2d
cff6b9e7
3e07e6b1
14a7100b
72c5b475
7ec6566f
7b171c79
3e057113
f3f2a2bd
195183f7
58950b41
9ef7f31b
3e055a05
4c8a627f
7ed8d309
e942b623
3a76fa4d
3e071207
279d93d1
7eadda2b
8264a395
b221b28f
3e026d99
64c57f33
2f8f75dd
deb86417
7e8a8061
3e09c53b
00000000
efed469f
ac1cec29
a33ecc43
3e05156d
7e867a27
af84d0f1
3cccb44b
28a622b5
3e0e1eaf
5ef14eb9
845f9d53
7ea0d8fd
33525437
3e058581
c397a75b
af7a5845
98e53abf
9a889549
3e08f263
918bc08d
5f9cf247
2d859e11
740b9e6b
7fc00000
85139acf
7eabbfd9
2e9bcb73
df6ecc1d
3e075457
b19e1aa1
a479997b
2ea6af65
7efa3edf
3e03ce69
68592883
d662fbad
f9f27a67
73e7fb31
3e02988b
7eb0d0f5
833a26ef
cbf9c0f9
46020993
3e014f3d
da3f6477
ce4c3fc1
7ec79b9b
3ce99685
3e0452ff
c3f69789
b8876ea3
9d22c6cd
6a8f1287
3e03e851
a089a2ab
ab0a0015
b089c30f
58a35219
3e0a57b3
ed60625d
7ea28497
da47f4e1
0509adbb
3e0b0da5
f19b771f
7d88f0a9
312bc4c3
7e9321ed
3e0abaa7
16f16571
84d8bccb
67a5bf35
db0a6f2f
3e007339
7eecb5d3
c594057d
5658b4b7
21d93a01
3e07cfdb
4dd314c5
c137ab3f
7ee2d9c9
7ece2ae3
3e0c0d0d
c6bd72c7
8c287291
6de7e6eb
cccc0e55
3e042b4f
8ea92459
308123f3
67a4389d
3469f4d7
3e080f21
3f8a01fb
7e89abe5
f290ef5f
64cc52e9
3e06a103
82a5882d
d85f3ae7
fae10fb1
7ebf210b
3e04ed75
33bef76f
2a956579
25dfa213
cf58fbbd
3e0e44f7
7edc7441
9fd8441b
d876d305
7daf437f
3e0d5c09
5f2d2723
0ad7934d
7ee81307
a9633cd1
3e066b2b
3fd85c95
d202d38f
0f7d3699
31103033
3e0a4edd
a3bda517
b4de6961
603a963b
05e28a25
3e0aa79f
036df529
7ef9bd43
25da2e6d
9fdffb27
3e06f9f1
68e5c54b
ff4e5bb5
00000000
7ea897b9
3e0ace53
12d031fd
2f101537
b595ee81
cc38f85b
3e04d145
7edb1bbf
99361e49
0de46363
2975598d
3e0ef347
52e44711
1c452f6b
7eeeead5
4885bbcf
3e0f88d9
77077c73
1a22a51d
b4dd9557
cb4b03a1
3e0b6a7b
e0d5a865
65f89fdf
f3add769
2c751983
3e0114ad
2d3cfb67
7ef32431
c40ca98b
d40209f5
3e04c7ef
e8ea09f9
b2de3a93
3e39a83d
7eae2577
3e05a8c1
7fc00000
73ed0f85
587b33ff
401d2089
3e03dfa3
7e955fcd
f5321387
8aeb9151
b5c433ab
3e0fb915
188ce40f
5a901b19
7ea708b3
aedd3b5d
3e09c597
aacddde1
c52c7ebb
f52306a5
f8ead81f
3e0bf9a9
cea8b5c3
9daa3aed
b8b63ba7
c2958e71
3e03cdcb
219ff835
7eb6102f
3d99bc39
7ce9e6d3
3e055e7d
ff7875b7
692ba301
22eb20db
7ebf8dc5
3e0f8c3f
580262c9
e75b9be3
6d77a60d
08d173c7
3e091b91
7ea377eb
7f3ac755
a2584c4f
f94eed59
3e0ed4f3
68ea119d
9d8235d7
7ea6f821
61edd2fb
3e0aa4e5
47b1505f
72085be9
99d49203
6ec5a12d
3e0bbbe7
809e38b1
59db320b
4e682675
647b986f
3e07ae79
0efdd313
7ee354bd
a12f05f7
1487dd41
3e0c951b
c14c4c05
6218247f
1b25e509
7e9b9823
3e0c2c4d
e6ed1407
ef8ce5d1
1aa2fc2b
75f01595
3e07f48f
7edbff99
53dee133
968927dd
8586e617
3e065261
95df673b
62cc8325
7e8c089f
74a2fe29
3e08ae43
6103476d
eafd7c27
2acd22f1
8d02d64b
3e0a94b5
056560af
2543e0b9
0d59ff53
bea38afd
3e01d637
ce9a5781
7ede495b
da534a45
c914fcbf
00000000
ad33d463
9982f28d
67c4f447
7ea6f011
3e02c06b
1d2fa3d5
a43bdccf
1c7751d9
59f72d73
3e0a7e1d
7ed7d657
765beca1
ad413b7b
28a8a165
3e0b00df
b1dbe069
3c150a83
7ea32dad
424b7c67
3e024d31
c0aaba8b
1e7742f5
e8b368ef
ccbe52f9
3e0e6b93
5856013d
40e0e677
09a311c1
77903d9b
3e048885
1c8614ff
7ea7a989
b36450a3
0a2bf8cd
3e091487
e9473a51
e902c4ab
7b397215
7ed4050f
3e00e419
3ab7b9b3
c57e145d
c6350697
30b7c6e1
3e034fbb
7edeffa5
bd7e391f
03f302a9
fba9a6c3
3e0553ed
f8b5bca7
7fc00000
7e92decb
ce3e3135
3e05b12f
b9a70539
1feb17d3
013ab77d
8f5c36b7
3e020c01
5f1271db
405006c5
acab6d3f
6e85ebc9
3e0d0ce3
9f973f0d
7ea974c7
cbadc491
366308eb
3e0d8055
50306d4f
a0d8b659
3a6085f3
7ed3ea9d
3e0e76d7
4f69e121
f755a3fb
c1af9de5
5e15b15f
3e0864e9
7eb68303
6d09ba2d
867c3ce7
c8bf61b1
3e0b430b
762f5f75
b77c396f
7ebdf779
bca00413
3e01adbd
7d43c6f7
0b974641
80a4e61b
39c5c505
3e05057f
25226e09
0b8e0923
1804c54d
ed361507
3e0a8ed1
02e38d2b
7eabce95
de91158f
e91ec899
3e019233
adbc00dd
94142717
e4b23b61
7e88383b
3e0a7c25
abc1699f
8fbc0729
fcfb9f43
9250606d
3e0efd27
7e874bf1
b923e74b
bc8acdb5
e37701af
3e0329b9
d69d3053
799ae3fd
7ed79737
f702c081
3e079a5b
9535c345
0412ddbf
6a3d3049
86074563
3e048b8d
6b7ef547
e6cd9911
8ac4516b
dc945cd5
3e05fdcf
d8731ad9
00000000
72f6571d
5c961757
3e00d5a1
a22b0c7b
961f9a65
96c161df
7eede969
3e08fb83
eff946ad
491dfd67
02b57631
894ccb8b
3e007bf5
7ed609ef
07769bf9
52229c93
65965a3d
3e07a777
ac647ac1
62fa8e9b
7ee00185
abd4f5ff
3e063289
6518c1a3
eae691cd
85c41587
e406e351
3e0555ab
54472b15
cd5f260f
b915ad19
5d4c6ab3
3e02ed5d
31244797
7e85afe1
627e20bb
963ef8a5
3e059a1f
e9fe0ba9
c82e97c3
e4446ced
7ef93da7
3e09e071
e735efcb
fd806a35
c5d9522f
30984e39
3e0048d3
7ec4107d
1603f7b7
ddfc7501
3c3dc2db
3e047fc5
514b4e3f
c8ed74c9
7e827de3
01dad80d
3e0575c7
c4066d91
fda699eb
62043955
ae4c8e4f
3e067f59
831636f3
a6e1c39d
7fc00000
e290ca21
3e0174fb
57f896e5
7ebe125f
2e2c6de9
b41c7403
3e01d32d
4c30bde7
63448ab1
af1f540b
7e9a9875
3e00da6f
72684079
3ec63513
446406bd
d41c87f7
3e0aaf41
7e91371b
d1e33e05
84b5e67f
1702f709
3e047a23
74d15e4d
2f431607
7e8c37d1
a1281e2b
3e0b8795
eb3e368f
b7459199
dd084333
7212d9dd
3e056817
08b22461
b635093b
f18c7525
2a3aca9f
3e091029
ff429043
7ec1796d
da847e27
3fa574f1
3e08f84b
c31f06b5
f7cca2af
b72672b9
7ee46153
3e063cfd
9ae15837
becf2981
5c34eb5b
d3bc3c45
3e04bebf
7e96b949
a85eb663
420a248d
2efcf647
3e084211
7109e26b
989d15d5
7ef41ecf
a952e3d9
3e028f73
b116301d
49985857
c0a9bea1
a218dd7b
3e0a9365
ed0bc2df
a7e3f269
7de0ec83
00000000
3e047e67
fc6c9f31
7ef2dc8b
9f4db4f5
f73caaef
3e02e4f9
a48acd93
f5fab33d
72926877
7e89e3c1
3e08df9b
06cf7a85
1667d6ff
53e8bb89
a45132a3
3e052acd
7eb31687
0b2a8c51
e98be6ab
8df8e415
3e0e470f
35ae7619
7e651bb3
7eabc65d
e0d78897
3e0798e1
5facf1bb
4542f1a5
be70fb1f
51ed14a9
3e0788c3
b4c785ed
ea00bea7
bbda0971
dd5d00cb
3e06a335
7b50f32f
7eed9739
277979d3
9971697d
3e0fb8b7
2b7ade01
ca6d13db
215cf8c5
7eaf2f3f
3e08fdc9
8a1beee3
2442710d
fda576c7
0cc31691
3e0e2aeb
7edef255
ccacaf4f
e6984859
0e4fe7f3
3e039c9d
0d62f8d7
6f1bb321
7eb145fb
6be58fe5
3e0a735f
fd1476e9
a6866503
dffdec2d
1ba93ee7
3e0db3b1
e7c7650b
09a9d175
04497b6f
7d768979
3e006613
ec5a5fbd
7eb948f7
fbe21841
f581881b
3e04b705
e2eac77f
80c78009
cdfeeb23
7fc00000
3e041707
fc61e0d1
0570af2b
8c0f4095
bc2f578f
3e005a99
7ee2f433
738db2dd
777aa917
4a160d61
3e05da3b
43626e25
8df82b9f
7e9a1929
390d8143
3e06926d
9eedff27
0ba79df1
6972094b
a4573fb5
3e0643af
f46dbbb9
c2af9253
5cf595fd
71af1937
3e0f9281
e8e63c5b
7ee6b545
0fda9fbf
6ad44249
3e0a2763
9a83bd8d
c23ef747
9c46eb11
7ed3736b
3e09ced5
e8f63fcf
1f16acd9
41de4073
105a091d
3e0e9957
7ee6a7a1
bd0aae7b
21f98c65
2c9a23df
3e0dfb69
d00cdd83
791178ad
7e8eff67
2087c831
3e0ced8b
f5aeedf5
65e74bef
c1932df9
6376fe93
3e030c3d
00000000
cc134cc1
10db309b
bc62f385
3e0eb7ff
6f9f4489
7e8da3a3
d0c7c3cd
25661787
3e023551
d6d677ab
b84e9d15
7341680f
7eab3f19
3e01ccb3
a8389f5d
e54ec997
a2cd81e1
3bdfc2bb
3e0aeaa5
7ed05c1f
cbc01da9
7fc479c3
636e9eed
3e0c3fa7
410e3271
838811cb
7ef0dc35
7f0c942f
3e06e039
ac06aad3
9042c27d
479f79b7
f05d4701
3e0064db
935971c5
4857103f
896886c9
18b95fe3
3e0e0a0d
3ec977c7
7ee3bf91
a239bbeb
575dab55
3e00d04f
a4ce1159
ec0d98f3
4969759d
7e8b39d7
3e0a9c21
09a516fb
8d7688e5
c8dad45f
81e07fe9
3e045603
7eae052d
04e5bfe7
cf7adcb1
9473760b
3e0d0a75
1e161c6f
4768d279
7e9e9713
6f74b8bd
3e0a09f7
151d8141
ef75d91b
a10a3005
3463a87f
3e000909
5f7d5c23
aad6904d
a6a91807
f41b89d1
3e0d402b
44b6f995
7ee4788f
e63f2399
8041a533
3e0c8bdd
6c53ea17
38ddf661
329aab3b
7edc6725
3e098c9f
7c5f2229
ba5c7243
8b0fab6d
011b8027
3e0dc6f1
7e9f1a4b
f03378b5
0343e4af
949904b9
7fc00000
a558eefd
6740da37
7e93fb81
be9b8d5b
3e052e45
00a480bf
24f5cb49
09999863
0b21568d
3e04f847
eb999411
eba1046b
469a87d5
45bc60cf
3e0e75d9
2eddf173
7ec1e21d
a5e8da57
108790a1
3e007f7b
605c8565
656c84df
557c0469
7ebcce83
3e0391ad
a82d8067
ff06f131
4b4afe8b
1ab426f5
3e05ecef
7ef776f9
9ee72f93
e02f653d
ef53ea77
3e00b5c1
f351819b
799a6c85
7ed998ff
db39cd89
3e0e14a3
f5ee5ccd
02dd1887
00000000
222508ab
3e085615
8898890f
998c0819
fc227db3
b369785d
3e0a0a97
9e476ae1
7e9693bb
3036e3a5
7473bd1f
3e0726a9
8ad56ac3
8039b7ed
325bc0a7
7ea65b71
3e0722cb
3b1f1535
e10c352f
16c42939
f117dbd3
3e081b7d
7e933ab7
bca3b001
39d7b5db
70f9eac5
3e02f13f
0f7c0fc9
98dad0e3
7efda30d
67b178c7
3e086891
9f894ceb
e1006455
8a38f14f
dfe7da59
3e0f49f3
08634e9d
ce777ad7
b45d8521
0b1ce7fb
3e0b81e5
844f355f
7e9088e9
a5e64703
5b821e2d
3e0640e7
c12c05b1
c523870b
b7b44375
7ea6bd6f
3e0f1b79
6050c813
5db311bd
593ecaf7
59bcea41
3e0e2a1b
7e93a905
8920897f
fbfc9209
267fcd23
3e0f294d
fc021907
803932d1
7e8dd12b
4602b295
3e0d998f
6711ec99
43a45633
6def64dd
cdf12b17
3e09df61
1b537c3b
cbfa6025
453eed9f
df082b29
3e0f6343
34ecc46d
7e8d0127
f6d7eff1
f9d02b4b
3e03b1b5
1a6585af
27a84db9
90d1f453
7ee047fd
3e069b37
728c6481
ed54de5b
4527a745
f8b261bf
3e0b5449
7efd0963
23e2ef8d
980ef947
f3503d11
3e02956b
588f40d5
8ac681cf
7eca3ed9
0661a273
3e0dbb1d
35371b57
028c79a1
83fa507b
04637e65
3e02e5df
7fc00000
26f0bf83
2ab9aaad
16100167
3e0a1a31
e3fd0f8b
7edd5ff5
62088def
973fbff9
3e0b6093
59ffbe3d
b1daab77
79521ec1
7ecbd29b
3e05e585
19b879ff
26b85689
531285a3
a738f5cd
3e081987
7eed8751
db7799ab
1ee60f15
8a33aa0f
3e00d119
78c72eb3
e3be515d
7e894b97
1f2553e1
00000000
8c26dca5
db5b1e1f
35122fa9
756a5bc3
3e08d0ed
5f2f41a7
76a28471
1fea33cb
14f14e35
3e0fd62f
19457239
7ead0cd3
a351747d
144afbb7
3e0e1901
3b1306db
4a3e63c5
3c72d23f
7ef398c9
3e0041e3
ac513c0d
885d79c7
69511191
cedcddeb
3e071d55
7ee5124f
27e5a359
df14faf3
d081279d
3e07bbd7
8d146e21
cf98b8fb
7e847ae5
5107965f
3e0491e9
d2dc3803
247a372d
64aac1e7
45412eb1
3e07980b
00af7c75
887b5e6f
57f96479
d486f913
3e056abd
3b278bf7
7ec05341
b26a7b1b
aec12205
3e016a7f
2d6d1b09
33063e23
f16bc24d
7e9f1a07
3e0adbd1
7662622b
1ff26b95
689aba8f
98c8b599
3e0b0733
7ed63ddd
ac526c17
5e99c861
8b104d3b
3e0c5925
b8c84e9f
bb953429
7e865443
a4eddd6d
3e028227
360618f1
3e053c4b
07d7eab5
a7cb26af
3e0b96b9
74a92553
b38ba0fd
eeb05c37
57e8cd81
3e022f5b
323e2045
7e8442bf
dce4dd49
50e47a63
3e08888d
fa9cfa47
436ae611
0e48266b
7ea7f9d5
3e04a2cf
fdba07d9
d8695373
94fd941d
c5495c57
3e0562a1
7ef8217b
9e0e7765
02dd46df
3aa41669
3e08b083
3ac3c3ad
c5b68267
7eb14331
98b3208b
3e0a98f5
0f7f2eef
f46c08f9
cb539193
96f4173d
3e056c77
8d0787c1
1f4a239b
4af55e85
915b5aff
3e0adf89
685af6a3
7ea78ecd
29171a87
a3a13051
3e0e2aab
7b27c815
7fc00000
a0f99a19
7eefdfb3
3e072a5d
8f4c8c97
b5673ce1
aa9035bb
41bad5a5
3e067f1f
7e9138a9
4f834cc3
443be9ed
51c6c2a7
3e02ad71
362144cb
00000000
7ed7772f
e6aabb39
3e063dd3
df8ecd7d
5cc6bcb7
ab5c8201
2d5257db
3e06dcc5
dd66b33f
374f21c9
ada9b2e3
6f48d50d
3e0d7ac7
939dba91
7eb46eeb
e231d655
08d5334f
3e076c59
145eabf3
31c3009d
729bfcd7
7eaf5721
3e0889fb
e40173e5
3f03f75f
f39c9ae9
33562903
3e06502d
7eb342e7
ebba57b1
f28fa90b
004eb575
3e03ff6f
be97ad79
6d412a13
7e9bc3bd
e7d44cf7
3e07bc41
9b6acc1b
55129b05
7c664b7f
16c1a409
3e00af23
22ec5b4d
2a001b07
95a084d1
92baf32b
3e062495
ea9bdb8f
7ee37e99
fdf5b833
1ce116dd
3e07ad17
b58db161
91d11e3b
9b225225
7e95af9f
3e063d29
8b614543
6b12f66d
7a3c0327
bb9841f1
3e0e4d4b
7ea023b5
bb74c7af
6672dfb9
c1045653
3e0af9fd
a08e1d37
aca93681
7ed3805b
72f89945
3e0a23bf
fab26649
d2cfeb63
8dd2218d
6ceefb47
3e098f11
46a1b76b
c264b2d5
0da6c3cf
a70dd0d9
3e050473
18d16d1d
7e9f9d57
4ac24ba1
76f9f27b
3e0d7065
877ba7df
ea0e1f69
2be4a183
7ef1dcad
3e010367
98dc6c31
796d318b
019bd1f5
4739cfef
3e0c51f9
7ecfc293
270c703d
8f342d77
3420f0c1
3e0c749b
7f18d785
34423bff
7ee16889
5b2767a3
3e0a27cd
91da1b87
18b8d951
d828bbab
080d8115
3e05ec0f
2a066319
3d9c90b3
f3d4035d
86d3cd97
3e0d25e1
a2d306bb
7ef2cea5
10f5e01f
a5f441a9
3e003dc3
0b7302ed
1a2243a7
a5c6d671
7edc55cb
3e01c035
dca3182f
0ef40439
e3636ed3
52f0267d
3e067db7
7eceeb01
2095a8db
7fc00000
00000000
3e0eaac9
625723e3
c2646e0d
7e817bc7
de4e6391
3e0fffeb
79c08f55
d889544f
1e8d3559
dc2c5cf3
3e08d99d
e1d43dd7
7aae4021
e19c5afb
dc226ce5
3e04585f
eff8a3e9
7ed41a03
9cd6692d
eb7fc3e7
3e0780b1
0f4bba0b
4691ee75
fbf0a06f
7e99f679
3e0f5b13
4b461cbd
6f450df7
cbf32541
496f1d1b
3e081405
7eef2c7f
47fa2d09
5c9f2023
c890f44d
3e051c07
3eea2dd1
c517842b
7ebddd95
80e0fc8f
3e024799
14e46933
c00fefdd
1f60ee17
f9e59a61
3e05ef3b
c52c4b25
1fa7109f
225b4629
cac03643
3e0c0f6d
f3798427
7e8e6af1
0e7b5e4b
8a0c5cb5
3e0268af
322e28b9
85e38753
7e4e52fd
7eafde37
3e0d9f81
2f98d15b
97571245
ac7404bf
0463ef49
3e0f5c63
7effba8d
ff04fc47
fccc3811
58ff486b
3e056bd5
6b7ce4cf
c54599d9
7e84b573
8dc9461d
3e09de57
c0f334a1
08ffc37b
f2506965
455e08df
3e0c2869
d7a49283
9943f5ad
2a4f8467
00eb9531
3e0b428b
01310af5
7eb870ef
63709af9
a9cff393
3e08c93d
ca06ee77
fe9e59c1
3f52c59b
7ee05085
3e0d1cff
e88bf189
3b77d8a3
a3f0c0cd
9e611c87
3e048251
7e874cab
55973a15
b89d0d0f
cbf72c19
3e0d41b3
f394dc5d
231f0e97
7e970ee1
ca19d7bb
3e0ec7a5
ffa9411f
e93b4aa9
12412ec3
80ce1bed
3e01c4a7
22eeff71
429b66cb
d23ff935
57b2b92f
3e014d39
ca849fd3
7ef57f7d
020a3eb7
77a55401
3e0cf9db
5be3cec5
bd1a753f
eeb233c9
7e8894e3
3e04070d
58f97cc7
d9630c91
28ef90eb
35f34855
3e01754f
00000000
467e0df3
ffb2b29d
79d07ed7
3e012921
4f242bfb
b1e765e5
7ec8b95f
7238ace9
3e060b03
6c3a822d
459044e7
dfd8a9b1
7fc00000
3e092775
a111416f
18803f79
4c418c13
861475bd
3e09cef7
5e228e41
7ef76e1b
b0a18d05
3cbc0d7f
3e06b609
99b19123
72598d4d
c70e1d07
7e97d6d1
3e08152b
61999695
3b6a1d8f
f3451099
12571a33
3e02c8dd
7e8e2f17
bba18361
a45ec03b
30da4425
3e0c719f
cc944f29
a1a32743
7ec9286d
5a7b0527
3e0893f1
babc6f4b
5b1c95b5
b59409af
30cd71b9
3e06b853
f265abfd
30959f37
e4560881
6262225b
3e098b45
6191e5bf
7ef97849
e332cd63
5851538d
3e0efd47
8612e111
5560d96b
9eca24d5
7e9705cf
3e0162d9
cd986673
83e51f1d
1a181f57
d8881da1
3e09947b
7ee76265
4c8469df
928e3169
5ee88383
3e0a0ead
ff420567
f35ebe31
7eed538b
9f6a43f5
3e0b11ef
9548e3f9
43d42493
80a9223d
f79daf77
3e0fc2c1
52dd169b
4e4bc985
3bdbfdff
539a7a89
3e0c49a3
25cb59cd
7eac1d87
38142b51
4ce9ddab
3e04f315
0b482e0f
16cbf519
7c81f2b3
7ef9b55d
3e0e4f97
9884f7e1
3064a8bb
1c4ec0a5
3ba0a21f
3e0653a9
7ee61fc3
344d34ed
6c2545a7
4e7b2871
3e0e77cb
56a23235
81065a2f
7eb29639
c229d0d3
3e0ed87d
7ed1ffb7
d8dfbd01
4a284adb
c3b847c5
3e0a563f
a839bcc9
703e05e3
5907a00d
f8b57dc7
3e0bb591
c05321eb
7eca0155
e8bd964f
08c4c759
3e03bef3
8c608b9d
4a90bfd7
cdd81221
7eaffcfb
3e005ee5
70911a5f
0a5cb5e9
00000000
5dc29b2d
3e04c5e7
7efdd2b1
a4cfdc0b
e7046075
f875e26f
3e0a8879
b287bd13
fc06cebd
7ef28ff7
ebb5f741
3e03bf1b
85df0605
91ccee7f
c2173f09
5c480223
3e06264d
273b1e07
9ea97fd1
abdca62b
3e194f95
3e073e8f
888bd999
7ecdcb33
6dd9a1dd
457f7017
7fc00000
d02b913b
6e2c3d25
9b95d29f
7eb15829
3e0a1843
625a416d
bf408627
92a6bcf1
ff01804b
3e00ceb5
7e89aaaf
f250bab9
b92de953
85a104fd
3e0f6037
e7427181
3e2f735b
7e800445
6df3c6bf
3e030149
91aa3e63
29c6ec8d
c27cfe47
97bd8a11
3e066a6b
7ff2ddd5
aff526cf
a0612bd9
29b01773
3e04f81d
4d3a6057
7e8106a1
ae17657b
dd225b65
3e0ecadf
aba43a69
d1b07483
605427ad
7ef88667
3e05e731
c3b3648b
6c477cf5
cc01b2ef
2e052cf9
3e0c5593
7ead7b3d
27f87077
3dc52bc1
d36b679b
3e0b4285
c08edeff
6e8d0389
7ea4baa3
03c9f2cd
3e0b1e87
0257d451
1c506eab
7296ac15
9a374f0f
3e04be19
d1baa3b3
b2828e5d
8a019097
2456e0e1
3e0379bb
d872b9a5
7edc031f
55755ca9
530f10c3
3e004ded
15ccc6a7
b86b5171
8f2588cb
7ea86b35
3e0dfb2f
4927df39
da5301d3
97ec317d
825dc0b7
3e0e2601
7ef79bdb
f730c0c5
d9de373f
b5a545c9
3e0776e3
bc8f390d
e0357ec7
7eb85e91
d9bab2eb
3e04ba55
493db74f
01369059
42ad6ff3
f232649d
3e0500d7
6582fb21
433fcdfb
365d57e5
839d7b5f
3e04bee9
f865ed03
7eeeb42d
76fd46e7
1d86fbb1
3e07ed0b
61339975
121e836f
edf8d179
7ed1ee13
00000000
c62f50f7
04ad6041
9194101b
8ac07f05
3e01cf7f
7efbc809
b4627323
1256bf4d
532c1f07
3e0f28d1
8045372b
c33d0895
7ec85f8f
9eb6a299
3e087c33
98747add
83b4b117
f7455561
d2fc623b
3e023625
6973339f
deb26129
55f50943
210f5a6d
3e0a0727
d1c8e5f1
7eca914b
ed2907b5
88c34baf
3e0803b9
47991a53
c8005dfd
bbad2137
7e92da81
3e00c45b
fa4a7d45
e199a7bf
48d08a49
19a5af63
3e00858d
7fc00000
c1cc3311
4c2ffb6b
6dbf96d5
3e0747cf
7d44f4d9
d04bc873
7e88d11d
d120a157
3e0defa1
e129367b
b3015465
769d2bdf
b29e4369
3e0c6583
331240ad
3e730767
b7711031
f47d758b
3e08b5f5
cccc53ef
7ea575f9
1d688693
e6d5d43d
3e073177
d26e94c1
d0fdb89b
bc0ebb85
7e85bfff
3e038c89
0d812ba3
cdec8bcd
3a8e1f87
08ff7d51
3e0affab
7e8c6515
756a700f
e7218719
b57754b3
3e0f675d
7498d197
958cc9e1
7e864abb
be3ab2a5
3e0b641f
9e6865a9
cabc01c3
95b766ed
d53847a7
3e0f7a71
f57099cb
a752a435
1e799c2f
7d012839
3e0032d3
87dd8a7d
7ead81b7
61808f01
37caecdb
3e0d39c5
0726183f
a6f4cec9
c434e7e3
7ebad20d
3e097fc7
8cf90791
852643eb
e6637355
fa01d84f
3e0c5959
7e8b20f3
c1283d9d
d65d41d7
0691e421
3e039efb
050e50e5
07eddc5f
7ed0c7e9
4a73de03
3e0ecd2d
6e59c7e7
dff424b1
ca63fe0b
6206d275
3e0b246f
ef0b1a79
bca01f13
d95780bd
58b011f7
3e08c941
f3a8611b
7ec5f805
75bab07f
1bc45109
3e00e423
288b584d
00000000
cff8d1d1
7eb1c82b
3e04c195
e49d808f
c5c56b99
11c72d33
103353dd
3e0df217
7ead3e61
bcd1333b
9dbc2f25
ac94949f
3e076a29
5363fa43
05e8736d
7e978827
274f0ef1
3e07a24b
ce2540b5
2bc0ecaf
fe034cb9
8e884b53
3e03b6fd
e75ee237
8b474381
30d6155b
4d38f645
3e0388bf
a2121349
7ea52063
751e1e8d
c5050047
3e0edc11
669d8c6b
f8304fd5
157d68cf
7e8cbdd9
3e0b7973
0d10aa1d
b5cae257
879ed8a1
bf3f077b
3e044d65
7e8f8cdf
377c4c69
b9cc5683
0ff459ad
3e018867
a9103931
a14b868b
7eedeef5
a7daf4ef
3e09bef9
7cf8b793
7fc00000
d0f9f277
ca7bfdc1
3e04099b
f6663485
1bc0a0ff
f41e1589
43e19ca3
3e0324cd
76252087
7e8b2651
352990ab
52261e15
3e01910f
8ca25019
37b805b3
8600405d
7ef41297
3e06b2e1
7d5d1bbb
5da6aba5
5f1ec51f
093f6ea9
3e0cf2c3
7ea27fed
ba67c8a7
8777a371
9bbfaacb
3e00dd35
b2993d2f
dbbe7139
7eb163d3
7ef2e37d
3e0142b7
a8e6f801
20223ddb
010db2c5
b3b1f93f
3e0857c9
107658e3
840a6b0d
c68180c7
e99db091
3e05d4eb
d5262c55
7e89f94f
c8c62259
88ecd1f3
3e02169d
b16982d7
4104cd21
c36b6ffb
7ee349e5
3e023d5f
f620d0e9
3005cf03
9f32e62d
0f7a48e7
3e054db1
7eb40f0b
797e0b75
cc3bc56f
bf016379
3e025013
60b5d9bd
15f4d2f7
7ec83241
6ac0b21b
3e0f7105
2497917f
2470da09
65235523
82e3f14d
3e0a2107
3f367ad1
3b22592b
07707a95
d036a18f
3e083499
4949de33
7e962cdd
a66b3317
00000000
3e0a043b
affa2825
74f9f59f
58607329
7ed6eb43
3e058c6d
80290927
233937f1
fbe8b34b
29c579b5
3e028daf
7eb295b9
9dfb7c53
9a2b0ffd
c1d4a337
3e0fac81
67af665b
53cb6f45
7eb169bf
b7379c49
3e089163
0effb78d
e5ef0147
9f158511
ab0f1d6b
3e0508d5
dca789cf
e5b886d9
3d0f2a73
a7bc831d
3e092357
c4c3c1a1
7ed8d87b
efab4665
85c5eddf
3e0e5569
4f204783
86fa72ad
04b40967
7e936231
3e0d978b
8ab727f5
6d2d95ef
019207f9
e90ce893
3e02863d
7ea0b377
b5ed66c1
832e5a9b
4861ad85
3e0f81ff
7ebc9e89
b7c60da3
7e9dbdcd
a5802187
3e0acf51
9e9c21ab
d2e3d715
509cb20f
1b071919
3e0cb6b3
1f75195d
08135397
68249be1
7fb7ecbb
3e06a4a5
7026261f
7efa77a9
7fc00000
afb198ed
3e0b49a7
0c93cc71
9212bbcb
c2931635
7efcde2f
3e0fba39
85e694d3
0d2c3c7d
559903b7
07b16101
3e0d8edb
7ef22bc5
ef81da3f
753fe0c9
de3bc9e3
3e0e040d
e54d81c7
c6a65991
7e8965eb
b88ce555
3e061a4f
b7e3eb59
0fd282f3
da7fef9d
0539c3d7
3e0bb621
e00740fb
8b5c42e5
a45a9e5f
85d4d9e9
3e0bc003
b94aff2d
7edec9e7
7bfa76b1
0008200b
3e094475
8cb0666f
eddbac79
d8c88113
7eb832bd
3e0d93f7
33eb9b41
06dd031b
573cea05
66b8727f
3e016309
7ec9c623
b1608a4d
3d972207
52d823d1
3e06ea2b
e6803395
3013c28f
7e8efd99
b7508f33
3e0d05dd
aaec7417
8d291061
8586d53b
d3dc2125
3e03569f
440d7c29
e4cddc43
8206a56d
7bfe8a27
3e0760f1
00000000
7e89b2b5
34882eaf
d545deb9
3e02ad53
49f668fd
5b0e6437
6cdc1581
7e8cb75b
3e01e845
48234abf
18412549
6ab00263
6105508d
3e0d0247
7ed02e11
2984ae6b
22fdc1d5
1c15aacf
3e084fd9
2336db73
938c5c1d
7eeb6457
734caaa1
3e06a97b
76763f65
eb404edf
fae45e69
0ff83883
3e048bad
027a8a67
7b7a8b31
aef3a88b
b22460f5
3e0436ef
d5de50f9
7ea51993
6fa6df3d
450b7477
3e02cfc1
57ccab9b
42012685
a40262ff
7ebf2789
3e0e7ea3
552c56cd
d89f2287
274e7851
0612b2ab
3e059015
7e9bd30f
224fe219
57c567b3
ee0df25d
3e069497
e98684e1
1116bdbb
7eea9da5
1e71871f
3e0980a9
4edad4c3
09e4b1ed
3612caa7
1013f571
3e09cccb
c4294f35
b5a47f2f
59e50339
c01fc5d3
3e09957d
1434c4b7
7edfca01
23dcdfdb
f97aa4c5
3e05bb3f
723b69c9
3d853ae3
0c159d0d
7edd82c7
3e030291
9380f6eb
20979e55
8de63b4f
7fc00000
3e0c33f3
7ee1c89d
e1ce04d7
c2169f21
4fa711fb
3e093be5
dc76ff5f
fb6ce2e9
7eb5b103
c587182d
3e074ae7
75939fb1
c8e0310b
2c587d75
4f69076f
3e09f579
d5a2b213
70de8bbd
50ca54f7
1a730441
3e0d541b
baae6305
7e9d537f
bd75ec09
2bf43723
3e01234d
38982307
9addccd1
ce0f7b2b
7eb3ec95
3e04e38f
4049c699
6bdb4033
e647dedd
bc31b517
3e0cf961
7ee7a63b
99621a25
d590b79f
b99e8529
3e08cd43
394bbe6d
c5980b27
7eb989f1
6c96d54b
3e01ebb5
ba51cfaf
d53d27b9
566dde53
e8e5c1fd
3e0c2537
7cbc7e81
a06e085b
00000000
f8d92bbf
3e0eae49
f8bb7363
7eaee98d
b70f0347
9deed711
3e0e3f6b
e35a7ad5
e3c7cbcf
a1bc18d9
7ee28c73
3e00351d
4861a557
233993a1
fb987a7b
02e53865
3e0eafdf
7eee6769
0c542983
8372a4ad
d2050b67
3e05b431
2fcdb98b
d83599f5
7e9ed7ef
e10e99f9
3e014a93
d8df383d
733a3577
a6fc38c1
e96efc9b
3e049f85
e10943ff
f3a5b089
981aefa3
6fdeefcd
3e022387
bf862151
7e8d43ab
c64b4915
1cdef40f
3e0cab19
159218b3
81cacb5d
ae9dd597
7ecc6de1
3e098ebb
35c296a5
7a00e81f
b51c89a9
6497c5c3
3e0bcaed
7e8e4ba7
21f81e71
aec4ddcb
28638835
3e00202f
994e4c39
6adcf6d3
7e8aee7d
a99485b7
3e023301
5f4030db
97271dc5
54ed9c3f
931af2c9
3e02abe3
2051360d
ca3183c7
41e3ab91
26fc87eb
3e065755
1fba5c4f
7ecb7d59
3529e4f3
5867a19d
3e0645d7
28b58821
224ae2fb
083a34e5
7ed7605f
3e08ebe9
f5d3a203
53e7312d
8d73cbe7
a190c8b1
3e0c420b
7ebbb675
2465a86f
a83c3e79
8700e313
3e08e4bd
ee5b15f7
5c5e6d41
7ea1a51b
1dc3dc05
7fc00000
6dce7509
5fa2a823
cac5bc4d
4f5d2407
3e0775d1
f08c0c2b
ee8ba595
8c9a048f
4ae88f99
3e09f133
3296b7dd
7ebaf617
feb4e261
aa4c773b
3e0c1325
8dc2189f
49138e29
5447be43
7eb4d76d
3e058c27
9d4fb2f1
90f3e64b
bc7e24b5
565f70af
3e0870b9
7eed0f53
06f91afd
09cde637
0c00e781
3e03595b
3d5ada45
60d30cbf
7e803749
b04ae463
3e0c828d
87450447
b1f18011
147bd06b
805b33d5
00000000
a713e1d9
9f123d73
9e980e1d
501be657
3e0a7ca1
25be4b7b
7ef83165
c20110df
75dc7069
3e041a83
28e4bdad
83538c67
f774dd31
7eabca8b
3e0ad2f5
dabd78ef
b322e2f9
18617b93
a53b913d
3e0cf677
7e99a1c1
48154d9b
6c2c1885
d95424ff
3e003989
248b60a3
46b588cd
7ea92487
6421ca51
3e0bd4ab
58f50215
6566150f
db8d7419
b1e2c9b3
3e0ba45d
b1091697
ec7656e1
20e05fbb
5bbe8fa5
3e04491f
478392a9
7ed8b6c3
28b6e3ed
08cdcca7
3e004771
f523eecb
7f41c135
f1bfc12f
7e9b9539
3e0e27d3
e2b0477d
25b846b7
50689c01
2ba781db
3e0796c5
7e897d3f
67de7bc9
f0a41ce3
d4b0cf0d
3e0984c7
00185491
9c7c18eb
7e991055
51d27d4f
3e054659
f39b95f3
a5117a9d
754286d7
68b87121
3e02b3fb
0b1f2de5
707bc15f
d848f4e9
c9759303
3e0b4a2d
75a44ce7
7ef1f1b1
069c530b
f9c2ef75
3e06496f
53c28779
fce31413
ed973dbd
7eafd6f7
3e0dd641
5949f61b
107d5505
40b3157f
760afe09
3e051923
7eae554d
91e62507
08151ed1
b90c9d2b
3e075e95
a943258f
366b5899
7efca233
9c0990dd
3e083717
eb90cb61
0735483b
495a0c25
0b37799f
3e0c9729
274aaf43
6a41f06d
82170d27
d2c9dbf1
3e04f74b
7fc00000
7eb111af
cdd7b9b9
f0f04053
3e0073fd
3f53a737
aaa95081
fd3caa5b
7efd5345
3e00edbf
a2b5c049
a15e5563
47ee1b8d
073f0547
3e082911
7efd616b
89ffecd5
4bf80dcf
314faad9
3e05ee73
ddd3e71d
089a2757
7ebf65a1
4ae81c7b
3e0f2a65
534771df
00000000
f7980b83
a87ad6ad
3e060d67
7d080631
758ddb8b
60440bf5
e92019ef
3e0b2bf9
5685ac93
7ebbea3d
07e3b777
259b0ac1
3e0f9e9b
bcb79185
9ce305ff
a81ec289
7effd1a3
3e0021cd
28942587
a5217351
d08e65ab
bc42bb15
3e01360f
7e823d19
3cb77ab3
38b07d5d
e8385797
3e043fe1
bf4b30bb
0b5e88a5
7eebaa1f
cbce9ba9
3e0da7c3
0d55fced
9ad14da7
b0ec7071
cb86ffcb
3e03fa35
cd33622f
e8ccde39
51e358d3
6d79a07d
3e0007b7
acc30501
7e92d2db
e56c0fc5
b7695e3f
3e0604c9
64798de3
b934680d
4e2585c7
7eb0fd91
3e0fa9eb
148fc955
342e9e4f
35430f59
e49146f3
3e0f539d
7ea2c7d7
121f5a21
309e84fb
fba826e5
3e04225f
5f8cfde9
809b8403
7e93632d
5798cde7
3e071ab1
9b80640b
f26e2875
452aea6f
9e2cd079
3e094513
7ca996bd
79c897f7
32613f41
2976471b
3e0ace05
6fe3f67f
7eab8709
b78b8a23
f4baee4d
3e032607
4d46c7d1
37912e2b
19271795
7eb0468f
3e022199
d0935333
b2a069dd
dc997817
65d0b461
3e02193b
7ecc0525
5df0da9f
f5a9a029
21d1a043
3e03096d
14fc8e27
7ea804f1
7eba084b
d38296b5
3e06b2af
e67b02b9
daf77153
008bccfd
739d6837
3e05b981
6129fb5b
ab43cc45
9692cebf
d34f4949
3e05c663
1a83b48d
7efd0647
d322d211
a782f26b
3e08a5d5
0c762ecf
d06f73d9
c4fd9f73
7eb3c01d
3e0c6857
db584ea1
7fc00000
6a0a2365
bdd1d2df
3e048269
7efffc83
9234efad
cb3c8e67
9cff2f31
3e03ec8b
e24144f5
31c6baef
7ef774f9
00000000
3e00433d
8e5e7877
420073c1
ac6def9b
f4e70a85
3e05e6ff
82314b89
c5f842a3
68cebacd
0ac32687
3e051c51
d014f6ab
7eb47415
0b40570f
385b0619
3e002bb3
7bd9565d
642b9897
04f628e1
7eba01bb
3e0281a5
3c470b1f
d1fda4a9
42e698c3
401915ed
3e08cea7
7efc9971
41ee10cb
44ea3335
e6eb032f
3e022739
ae2c89d3
5f66f97d
7ecbc8b7
f0816e01
3e0223db
b60488c5
af8d3f3f
6d118dc9
a9d2fee3
3e0c010d
b3c586c7
4dada691
6d873aeb
2f2a8255
3e0ebf4f
54d4d859
7e8af7f3
29d12c9d
ebc708d7
3e0a4321
8c4e55fb
69d51fe5
4990835f
7eb506e9
3e057503
abdf7c2d
43514ee7
f3e043b1
9468750b
3e0d6175
7ef38b6f
177b1979
76337613
56dfefbd
3e0558f7
e678a841
6ea6981b
7edc4705
8258d77f
3e001009
fbc5fb23
b7eb874d
da442707
06dc70d1
3e09bf2b
236ad095
0f61678f
f01cea99
3f2e0433
3e0b42dd
c0eeb917
7ef49d61
a612ea3b
3fe1fe25
3e0e3b9f
32caa929
53dc9143
b3c8226d
7ea60f27
3e0a2df1
6e23194b
defacfb5
502053af
d2024bb9
3e02a253
7e8b25fd
b6ab2937
56262281
fe1b4c5b
3e0e4545
8458afbf
1fccd249
7e913763
753d4d8d
3e0f0747
00517b11
380c836b
23355ed5
95384fcf
3e033cd9
ffb95073
9fb7991d
cbe2a957
30d537a1
3e07be7b
ad091c65
7ea033df
de7e8b69
90ebed83
3e0308ad
81d70f67
e75a5831
2b5dfd8b
7ee27df5
3e015bef
72b7bdf9
f85a0e93
fd289c3d
a79d3977
3e09dcc1
7ea0409b
a4ba8385
c5ccc7ff
1c27d489
3e04b3a3
00000000
40b62787
7fc00000
1d9f87ab
3e0a2d15
8893780f
0c17cf19
5decdcb3
c4262f5d
3e02d997
e14c11e1
792cd2bb
478a7aa5
ece66c1f
3e00ada9
f6b389c3
7e802eed
60244fa7
3970c271
3e0921cb
d3b46c35
4ee6a42f
63db7039
7ef9bad3
3e08527d
a2bb89b7
aba3d701
96f574db
624101c5
3e05203f
7e8116c9
d0b06fe3
52a79a0d
f12987c7
3e0e4f91
e912cbeb
9e693b55
7eb2e04f
614aa159
3e08a8f3
81e7059d
642f49d7
e1192c21
8b0226fb
3e0618e5
9800e45f
6fc10fe9
d9736603
e2cf952d
3e0dcfe7
896d6cb1
7ed4860b
d7b09a75
6f002c6f
3e0d6279
99a1a713
0c3a48bd
304619f7
7ef41141
3e0ae91b
e681c005
8811b87f
3e189909
65846c23
3e00204d
7e992807
c4d619d1
96a6502b
e6528995
3e06888f
de4bb399
444cb533
7eba1bdd
0207fa17
3e0c8661
0807bb3b
9d9bf725
c32f9c9f
c9cfb229
3e0b8243
09c13b6d
f4139027
799056f1
12902a4b
3e0708b5
e53df4af
7eed94b9
3891d353
b6ae7efd
3e0cea37
82fa8b81
e4109d5b
67bcbe45
7ee290bf
3e0e5b49
6db0a863
e81ae68d
45c50847
55e42411
3e0a146b
7ec617d5
f63e70cf
8d5b05d9
14f90173
3e0f721d
f6acea57
57b620a1
7efd8f7b
c5ac1565
3e0294df
927c9469
a6dbde83
e41521ad
5a359067
3e098131
f84c0e8b
3227b6f5
b1dffcef
005c06f9
3e0a3f93
f614f53d
7e9ffa77
04f745c1
04d6919b
3e01fc85
4b27a8ff
06025d89
dd7524a3
7ef7eccd
3e0d2887
b2786e51
c92e18ab
6a03e615
e22a990f
3e089819
7ecd8db3
a197085d
00000000
b305fae1
3e03a3bb
f41673a5
9ac9cd1f
7e87b6a9
7a047ac3
3e0b47ed
b373d0a7
0348eb71
4ec832cb
9522a535
3e06452f
59b8b939
884aebd3
b8adab7d
7fc00000
3e0a4001
476cc5db
7ea17ac5
7da1013f
01d49fc9
3e01e0e3
2797330d
165188c7
1cd2f891
7ea25ceb
3e0bf455
9cdb014f
eaa46a59
868a59f3
5320de9d
3e0b8ad7
7eac1521
3cb9f7fb
ff1b11e5
e7b5455f
3e0118e9
9b255703
6be3ae2d
7e8e50e7
215e95b1
3e04970b
e447d375
8f50cd6f
d6c3ab79
c193d813
3e08a1bd
83aadaf7
b0d37a41
98133a1b
b7cb3905
3e0e997f
45e52209
7ec6dd23
6ab8b94d
91b22907
3e03c2d1
9736e12b
f1de4295
c68fa98f
7ede7c99
3e0f6633
a53cf4dd
afe53b17
c4e86f61
e1008c3b
3e09f025
7eb4fd9f
4ab8bb29
9e7e7343
95de546d
3e051127
e89a7ff1
ff013b4b
7ed741b5
e09f95af
3e0cddb9
cc250453
c075d7fd
a912ab37
ff32f481
3e09ee5b
4b6f3745
55b071bf
4c73e449
e4d41963
3e0c7f8d
24cf0947
7edacd11
372ba56b
2efad0d5
3e0891cf
cb26ced9
14bcb273
262b4b1d
7ebb2b57
3e0b09a1
edb7607b
43f30e65
b508f5df
d45e9d69
3e0fcf83
7ebb3aad
64581167
3b3caa31
d13e1f8b
3e00eff5
09529def
24e44ff9
7ebe7093
22254e3d
3e06bb77
cb88aec1
5490e29b
ab4d7585
dbc689ff
3e00e689
7d7995a3
2f0285cd
e7e82987
05081751
3e00a9ab
afe19f15
7e85ba0f
ce3d6119
f9323eb3
3e0be15d
149d5b97
0a23e3e1
ef1e74bb
7ec66ca5
3e012e1f
8fe2bfa9
dcd96bc3
4d3a60ed
bc8751a7
00000000
7ebb43cb
1934de35
49a9e62f
8a7a0239
3e001cd3
4007047d
47e70bb7
7e94a901
d8e816db
3e05f3c5
7390e23f
ca0c28c9
02f751e3
6caacc0d
3e0d89c7
3cfba191
5635edeb
bad2ad55
e047224f
3e023359
e1900af3
7efeb79d
1f4bcbd7
15a2fe21
3e05c8fb
46340ae5
48ada65f
978521e9
7edb4803
7fc00000
e112d1e7
4bb3beb1
7738a80b
17830c75
3e056e6f
7ebdf479
fe0a0913
485afabd
91d39bf7
3e06e341
9c4f8b1b
e8b8b205
7ecf7a7f
7595ab09
3e0d4e23
7a55524d
9f0f2a07
8df56bd1
8dcb722b
3e0dfb95
088cca8f
ad554599
52161733
1063cddd
3e067c17
14b85861
7efd5d3b
edfbe925
3d7e5e9f
3e05c429
d7156443
e81f6d6d
8a3a9227
7e88a8f1
3e064c4b
c13b7ab5
524536af
25f026b9
b83c3553
3e0130fd
7eec6c37
5acf5d81
cb073f5b
f2c5b045
3e0252bf
4c9d6d49
e57b8a63
7ec2188d
039d0a47
3e057611
c5c1366b
c7d389d5
8116b2cf
5dd697d9
3e046373
db1b241d
2e8d6c57
59a3f2a1
e9f5317b
3e0e0765
24a356df
7ea4a669
b547c083
9e8553ad
3e0e9267
64c3d331
c634308b
fc9e28f5
7e893eef
3e0098f9
38f6a193
1159a73d
03f17c77
957e17c1
3e0f339b
7e8cee85
87a96aff
09636f89
eb0206a3
3e011ecd
79272a87
c3fbc051
7ed73aab
96635815
3e04db0f
dca62a19
1c9aefb3
5be4ba5d
43a09c97
3e05cce1
389d45bb
3a1a65a5
2e5c8f1f
3da1c8a9
3e025cc3
588d79ed
7eded2a7
72253d71
9bb254cb
3e0b1735
fc71872f
861f4b39
a4794dd3
7e845d7d
3e02ccb7
49631201
00000000
2cce6cc5
88c4c33f
3e07b1c9
7ee0c2e3
b1e2650d
57ed8ac7
ed884a91
3e0d7eeb
87fd6655
23f7434f
7e83fc59
bf19bbf3
3e00909d
82000cd7
3dfde721
f93599fb
4af103e5
3e0a075f
7c3d2ae9
99153903
b477e02d
93db52e7
3e0ce7b1
a030b90b
7ee24575
36be0f6f
119c3d79
3e043a13
ef2153bd
6ac05cf7
68be4c41
7e8fdc1b
3e0a2b05
ecd45b7f
5d2a3409
23d7bf23
6e15eb4d
3e002b07
7e9b14d1
8a64032b
22e1b495
4ecdeb8f
3e000e99
7fc00000
f8aea6dd
7eebbd17
c1ec4161
3e0e2e3b
00a1e225
aa8bbf9f
4a36cd29
87305543
3e04866d
81f41327
79dad1f1
efef5d4b
d743b3b5
3e0ed7af
fd076fb9
7ed76653
017089fd
968a2d37
3e0fc681
ec08905b
edc02945
841833bf
7eaaf649
3e06fb63
718bb18d
f22f0b47
e8f41f11
1e5ac76b
3e0042d5
7ee8d3cf
d56a60d9
13d01473
f12efd1d
3e03ad57
54b0dba1
4137027b
7eed0065
bd81b7df
3e0eaf69
cdc3b183
0af36cad
4de91367
f8aefc31
3e0e418b
57cf61f5
3703dfef
72a0e1f9
9232d293
3e02003d
08403d77
7ed780c1
8b11849b
50706785
3e004bff
42e9f889
360e77a3
fa83b7cd
7eaa2b87
3e036951
9ff1cbab
ad891115
b887fc0f
73f2f319
3e07a0b3
7ec1935d
0767dd97
888bb5e1
a12016bb
3e025ea5
340bf01f
3d44d1a9
7e8f4dc3
820492ed
3e0a53a7
37296671
222d65cb
a9455035
3d7d282f
3e089439
13567ed3
d425b67d
08228db7
82157b01
3e0ab8db
e79ae5c5
7ebca43f
26273ac9
7b4e33e3
3e0dfe0d
94618bc7
be78f391
cb690feb
00000000
3e0b644f
1409c559
2f276cf3
3da6699d
fd784dd7
3e0cd021
7ef96afb
9d51fce5
7e6a685f
56d933e9
3e032a03
93f7f92d
a067d3e7
7e8a10b1
7d2cca0b
3e057e75
dddab06f
e55e8679
f4826b13
b10bacbd
3e011df7
c5c9b541
d3d42d1b
a97fa405
5f9d3c7f
3e02bd09
c3a63023
7efa844d
6d152c07
28a4bdd1
3e00942b
68596d95
a9530c8f
7feed799
7eef7933
3e0d7fdd
e614fe17
5c842a61
d602ff3b
c4ebdb25
3e0d209f
7ecbd629
becf4643
1f0d9f6d
57719427
3e00faf1
146c6e4b
97efecb5
7edc78af
7702b8b9
3e069753
58a3e2fd
136bee37
f0342f81
960de15b
3e0ea245
e63214bf
7fc00000
c3566c63
e4f94a8d
3e050c47
8016c811
7ef8586b
ef70fbd5
2cfef4cf
3e0229d9
331fc573
f866d61d
a97dee57
7ea1c4a1
3e0cd37b
c09ff965
8fa418df
8d5cb869
b1c3a283
3e0585ad
7ed79467
86fe2531
442c528b
c1a49af5
3e0280ef
bbd52af9
a7f30393
7eae593d
ef52fe77
3e04e9c1
91d7d59b
c677e085
713b2cff
0c548189
3e0ee8a3
f27a50cd
66f12c87
c70f1251
63905cab
3e02ca15
232f1d0f
7ea3bc19
5ef851b3
2ac26c5d
3e031e97
cfd59ee1
38a6e7bb
26ae57a5
7eff511f
3e0bdaa9
e2703ec3
599fabed
ba59d4a7
1a918f71
3e0c76cb
7ec38935
1cccc92f
1e15dd39
82b7afd3
3e0b0f7d
fa664eb7
022be401
7ef209db
4e0b5ec5
3e08853f
da0ac3c9
f9bfa4e3
7cbd970d
f8998cc7
3e0d9c91
9108a0eb
703ed855
ec23854f
30f38e59
3e091df3
9370429d
7eb48ed7
7adfb921
41c13bfb
3e06f5e5
00000000
b7593ce9
a5151b03
7e9c122d
3e0854e7
d90b39b1
1e2cdb0b
390cb775
273b516f
3e04cf79
7e849c13
1e1a05bd
bce5def7
8e391e41
3e0c7e1b
59591d05
15aa1d7f
7eff4609
d8f8a123
3e031d4d
4dbe2d07
6c9266d1
d5a1252b
36752695
3e0c2d8f
b291a099
5fa22a33
80b058dd
e7023f17
3e001361
2b0bd03b
7ed9d425
3472819f
b144df29
3e023743
23bab86d
1ab31527
64ab23f1
7eed7f4b
3e0025b5
0cce19af
23e201b9
2f99c853
3efb3bfd
3e01af37
7efc9881
d917325b
1ea11b45
8f8ff5bf
3e020849
c089dd63
408ae38d
7e9f0d47
0f9d7111
3e09e96b
9e35b4d5
b75915cf
b33df2d9
7cf37673
3e02af1d
281c2f57
0ef6ada1
40c6a47b
7576f265
3e0a79df
a6cec169
7ec79383
d23b9ead
be8a1567
3e014e31
ed2e638b
ca1dd3f5
7fc00000
7eed73f9
3e073493
11ceb23d
c929bf77
a7b652c1
f5a2269b
3e035985
7eea0dff
f5a30a89
a4b359a3
b694e9cd
3e0c2d87
2b2ebb51
d532edab
7ec08315
ba1a3e0f
3e088519
9ded02b3
61e7455d
8d425f97
dc8387e1
3e01b8bb
636e50a5
0736b21f
7236e3a9
63552fc3
3e0ec4ed
3a7d55a7
7eddb871
3f2f87cb
03e5c235
3e006a2f
da672639
029ce0d3
84d4687d
7eee0fb7
3e064d01
28fd5adb
f01fd7c5
23f8663f
51d24cc9
3e0515e3
7ee1300d
94958dc7
01864591
c8ac31eb
3e059155
909fa64f
9ac15759
7ececef3
325e1b9d
3e04cfd7
af66a221
628d0cfb
6affeee5
b9372a5f
3e0d45e9
b85b0c03
99642b2d
06ccd5e7
ecf062b1
3e00ec0b
a6d7f075
7edff26f
00000000
fd0acd13
3e0c5ebd
561e9ff7
520c8741
5f68cf1b
7ed69605
3e0afe7f
033fcf09
73cf1223
422fb64d
ea2b2e07
3e040fd1
7ec5b62b
1d34df95
db294e8f
d6186999
3e08db33
406731dd
a4b38017
7edffc61
4718a13b
3e0bcd25
714be29f
33a1e829
04992843
2e8bd16d
3e089627
03a94cf1
0572904b
59345eb5
f783baaf
3e054ab9
1dc0f953
7ef694fd
697b7037
c3290181
3e04835b
74879445
9031d6bf
842b9149
7ec14e63
3e007c8d
bc7d0e47
27881a11
843f7a6b
c99e6dd5
3e0736cf
7efdbbd9
014b2773
1a42881d
e77e7057
3e0f96a1
0914757b
5ff1eb65
7eb4dadf
1e24ca69
3e0f8483
4d15b7ad
b1809667
d2c87731
f234748b
3e0b0cf5
288bc2ef
62e9bcf9
48ff6593
ad930b3d
3e048077
1f3bbbc1
7ef0779b
c972d285
87dceeff
3e059389
e84bcaa3
d6d382cd
23cb2e87
7eb26451
3e097eab
b6d23c15
8d495f0f
0f314e19
5b65b3b3
3e001e5d
7ed5a097
3e9570e1
34c089bb
7fc00000
3e02131f
c785eca9
13be20c3
7ec1dded
c064d6a7
3e0de171
f5b698cb
c52bfb35
f6380b2f
a19c6f39
3e0611d3
efe1c17d
5339d0b7
1884b601
0f8cabdb
3e0850c5
563c473f
7efdd5c9
cb2e86e3
0828c90d
3e058ec7
93a2ee91
8253c2eb
2b104a55
7edfc74f
3e032059
8e687ff3
aa6ff49d
a47910d7
5d518b21
3e0cddfb
7ecce7e5
60838b5f
4a054ee9
3f24fd03
3e00442d
80a556e7
63398bb1
7eb8fd0b
0b472975
3e08936f
f9fd6179
9014fe13
39a2b7bd
fa1b60f7
3e03f041
8cb9201b
27f80f05
8b8fdf7f
6a645809
00000000
66804f4d
7edc2f07
b199b8d1
f8ee472b
3e089895
d27a6f8f
7a833299
1e938c33
7ec20add
3e08c117
5ca3e561
3a29723b
dba1c625
1369439f
3e02f129
7ec41943
cf80ea6d
aa821727
290b75f1
3e0ba14b
79cc97b5
a87d5baf
7ecc93b9
b46c2a53
3e05edfd
62a93137
ebb96a81
6a35d45b
5e120d45
3e07b7bf
efc91a49
277cbf63
f01a158d
8a1f0f47
3e06c311
a4e90b6b
7eab26d5
84d957cf
e4a184d9
3e06d873
54e6611d
f7a4b157
8ecc7fa1
7ee6467b
3e00e465
fda33bdf
835ed369
c2db7583
4213d0ad
3e0b1767
7ec3a031
633e858b
f6fc45f5
4d9663ef
3e0a05f9
f44b9693
dc7b643d
7ea34177
6a2524c1
3e02c89b
76664b85
ac13cfff
67ec1c89
49683ba3
3e061bcd
37de2f87
889a0d51
02840fab
3087f515
3e0c800f
6a0e1719
7ee264b3
3f9cf75d
262ce197
3e0b59e1
b9535abb
39da42a5
4f71741f
7eb8f5a9
3e0b11c3
9548f6ed
5c1057a7
1b220a71
dc41a9cb
3e063435
7ed3ac2f
03b5b839
73f342d3
d2131a7d
3e0991b7
cec71f01
371ffcdb
7eb4c9c5
f7c4283f
3e0d5ec9
3e2bf7e3
be14620d
b3d98fc7
86239791
7fc00000
7f6f0355
aa63e84f
9508e959
e88630f3
3e05cd9d
230151d7
7ea07421
ed30aefb
2f3de0e5
3e03ec5f
9c3157e9
4972ee03
67605d2d
7ec1d7e7
3e06b4b1
39450e0b
f65a6275
70f5346f
694faa79
3e032f13
7e9d10bd
b8dc21f7
0bdf5941
bf0d711b
3e0d8805
6b68c07f
596ce109
7e87f423
3ef4e84d
3e013007
d2b361d1
039ad82b
74a05195
1e0f908f
3e01fb99
17d23d33
00000000
96620217
4ccbce61
3e0e433b
067bbf25
7ecaa49f
a607fa29
28730a43
3e0a036d
970f9827
64d19ef1
9688b24b
7e88d0b5
3e0afcaf
fbd7dcb9
039b5b53
ecd946fd
fa9af237
3e0dd381
7ecb255b
6b408645
d74198bf
874aa349
3e0c3063
6417ae8d
b7851047
7e896c11
df969c6b
3e0bdfd5
e7ff78cf
44a94dd9
f9868973
c0ae3a1d
3e0ef257
80cd68a1
7abc177b
15d3dd65
54d59cdf
3e0cdc69
74eb6683
7eb5e9ad
5cb99867
c822c931
3e0c968b
3b617ef5
4ce504ef
e58e4ef9
7e9bc793
3e07bd3d
a7460277
18728dc1
ef19199b
aafdc485
3e0eb0ff
7ee6a589
d808aca3
6bbcb4cd
2fb53087
3e05b651
de32a0ab
aae1ae15
7ef3a10f
1dcee019
3e0315b3
062dd05d
c1c82297
42e542e1
acea2bbb
3e063ba5
2774d51f
b7cffea9
431c02c3
c5740fed
3e0fd8a7
181a3371
7ed0bacb
3fa46d35
08b34d2f
3e030139
856473d3
bb68737d
071d52b7
7eed8801
3e074ddb
dc3542c5
1890093f
f080e7c9
22ad68e3
3e03fb0d
7ea190c7
69084091
bbaee4eb
3871bc55
3e0c094f
4582b259
2527e1f3
7effa69d
0a4d92d7
3e035d21
77087ffb
75d2d9e5
12e84d5f
b44160e9
3e04df03
c194762d
51a258e7
b6f7ddb1
8a551f0b
3e019b75
e365d56f
7e85f379
23b56013
c1bb69bd
3e00e2f7
7fc00000
0665c21b
f5270105
7e85a17f
3e096a09
056a6523
5b8d814d
c60a3107
08310ad1
3e0b692b
7ecc0a95
cde8b18f
8604c499
3794ee33
3e03bcdd
ea5f4317
fa57b761
7ed7143b
b2f9b825
3e00059f
b6110329
f5a5fb43
13d71c6d
00000000
3e0bc7f1
0319c34b
0ae909b5
9d3c9daf
144725b9
3e0e8c53
afc09ffd
7ed0b337
8b063c81
1f64765b
3e02ff45
3daf79bf
dab02c49
347fa163
7eb9478d
3e0f1147
41a01511
44482d6b
d7b098d5
b36999cf
3e0516d9
7eea3a73
ed9a131d
4a3d3357
543251a1
3e05e87b
013ad665
354bfddf
7efee569
427f5783
3e0c02ad
34fc1967
aa65f231
c95ea78b
5e6ab7f5
3e07a5ef
013697f9
506ff893
33b8163d
ec2cc377
3e03f6c1
66f36a9b
7eb93d85
764d91ff
19c52e89
3e0d1da3
00674dcd
1b503187
17955f51
7ee531ab
3e0f6715
106ec20f
ba73a919
2ae7c6b3
71e2a95d
3e076397
7ea32be1
1f84fcbb
f6d634a5
8cbc361f
3e0b07a9
e210f3c3
73c328ed
7eb359a7
03765c71
3e03cbcb
18d6a635
ef56ee2f
d8944a39
e759a4d3
3e01cc7d
eb3513b7
6177f101
89529edb
0cd9bbc5
3e0fea3f
17d870c9
7eb2d9e3
da57940d
722d91c7
3e00e991
5b6275eb
e6187555
45382a4f
7ee07b59
3e0d92f3
c97d7f9d
6a5dd3d7
df6a4621
43e450fb
3e0bd2e5
7e80ae5f
223569e9
289ad003
7dec8f2d
3e06d9e7
b46d06b1
ef69300b
7eecd475
481a766f
3e003c79
444b9113
f67dc2bd
c6a9a3f7
73422b41
3e02131b
63347a05
c4e6827f
0f29f309
5650d623
3e0a1a4d
f1873207
7e92b3d1
5afffa2b
ee9bc395
3e05d28f
0d1b8d99
8ddb9f33
42aa95dd
7ea08417
3e07a061
bd73e53b
711bb125
f959669f
bffe0c29
3e0cec43
7eb8356d
7fc00000
5f89f0f1
47aed44b
3e0d42b5
01023eaf
2f9a6eb9
7e85bd53
d1cbf8fd
3e0a7437
00000000
4f81c75b
30897845
3b615abf
3e09b549
c1471263
547ee08d
719d1247
1b1abe11
3e0dbe6b
95a951d5
7e97bacf
6364dfd9
9bd1eb73
3e09ec1d
acaf7457
98fb3aa1
d873b97b
7ec5cf65
3e065edf
e664ee69
3b974883
9de61bad
cf029a67
3e0d1b31
7ef4b88b
f017f0f5
1a4e46ef
c3c2e0f9
3e082993
7c0c6f3d
73d78477
7eb95fc1
8bd1bb9b
3e08b685
3c5072ff
1287b789
bdd58ea3
3135e6cd
3e0f3287
79a90851
6f9bc2ab
e1812015
74ade30f
3e0c7219
827077b3
7ebb825d
e74aa497
5cc514e1
3e03cdbb
d3ca2da5
8f47971f
6faa10a9
7e89e4c3
3e0641ed
51aadaa7
6d368571
4ffadccb
c4acdf35
3e0e8f2f
7ed99339
a9d2d5d3
e37f257d
9610d4b7
3e065a01
d3f1efdb
492234c5
7ef3cb3f
d313f9c9
3e0c4ae3
60af2d0d
14fd92c7
3ffd9291
bd1a06eb
3e032e55
cb084b4f
dd224459
85f743f3
461f589d
3e0214d7
12e52f21
7ec421fb
9be8cbe5
0a5d0f5f
3e0d72e9
1d74c103
2c68a82d
09af5ae7
7ec62fb1
3e01410b
7f6c0d75
af13176f
d09e8579
0965c213
3e041bbd
7eb664f7
90099441
1422641b
40e5f305
3e0b637f
f5de7c09
7cbb4723
7eaab34d
28c83307
3e085cd1
c7b88b2b
c08f7c95
9a66f38f
55165699
3e065033
54156edd
98a5c517
cd9b8961
ac94b63b
3e01aa25
d086c79f
7ecf1529
5697dd43
70bd4e6d
3e001b27
3e7c19f1
7447e54b
c6957bb5
7e8bdfaf
3e01b7b9
e440ee53
e2fb51fd
1b083537
a7e30e81
3e03185b
7ea3f145
e0573bbf
f5273e49
67928363
3e08798d
1e4f1347
4cf96711
00000000
a0460ad5
3e09dbcf
4218a8d9
34bd9c73
7fc00000
9fe5b557
3e0823a1
47d58a7b
c8f4c865
d204bfdf
a32ef769
3e033983
1b7434ad
7ecd1b67
0e184431
9f8ec98b
3e0929f5
0868e7ef
bd3329f9
1ea45a93
7e84c83d
3e064577
17b2c8c1
6db40c9b
169c2f85
ad9753ff
3e0e4089
7e81ffa3
8e287fcd
0dd23387
5820b151
3e0653ab
bdc6d915
6531040f
7ee93b19
a87d28b3
3e085b5d
9131e597
d9cafde1
c1c69ebb
1a6226a5
3e06f81f
3e6d19a9
7e86d5c3
8acd5aed
e4665ba7
3e0aae71
9695edcb
7ea71835
c76a302f
d902dc39
3e0006d3
42407e7d
17b095b7
91b8c301
7e9540db
3e0eadc5
168bac3f
b23382c9
1949bbe3
f72ac60d
3e0193c7
7e8e3b91
f0d597eb
5f51e755
e11c6c4f
3e080d59
ca24f4f3
6be5319d
7eca55d7
8fc41821
3e07f2fb
9b69c4e5
87fd705f
3fc97be9
d5d2b203
3e08c12d
245bdbe7
268358b1
359d520b
250f4675
3e0fb86f
db80ce79
7e83f313
116e74bd
ff8725f7
3e04fd41
fa86b51b
1e3b6c05
ab74447f
7ef70509
3e09b823
ea2f4c4d
7bcd3407
c30205d1
ca751c2b
3e073595
7e8c148f
edf51f99
1df50133
f2a447dd
3e0f0617
13537261
c2b9873b
7ecba325
5cf8289f
3e041e29
0a56ce43
7066676d
b2ed9c27
73d242f1
3e04f64b
1c61b4b5
eb5980af
aeed00b9
b5801f53
3e0eaafd
ce09f637
7ee77781
aac8695b
44626a45
3e011cbf
dc38c749
3761f463
6576128d
7ec51447
3e0c1011
0e74e06b
8786c3d5
273ffccf
15b071d9
3e0d4d73
7eb59e1d
33dff657
b6b90ca1
a23b5b7b
00000000
ae4720df
1ddd0069
7ed32a83
e3264dad
3e0b9c67
af876d31
1cacda8b
9f5e62f5
10c788ef
3e0772f9
58848b93
1621213d
8b790677
f39031c1
3e0a5d9b
09c3a885
7ea234ff
13b8c989
7fc00000
3e0f18cd
34b93487
42fc5a51
3914e4ab
7eb09215
3e08250f
a5ba0419
ad0dd9b3
33d9345d
5fdd2697
3e04e6e1
7eed6fbb
5a9e1fa5
ac2a591f
6f1422a9
3e07c6c3
138873ed
dce5dca7
7ee2d771
5d34fecb
3e055135
d8d9d12f
b1902539
905137d3
e825d77d
3e0456b7
8cef2c01
fc3c91db
249f26c5
d4678d3f
3e070bc9
63db2ce3
7eca5f0d
31e994c7
9882e491
3e0528eb
4ae4a055
97748d4f
2851d659
7ed6a5f3
3e0f0a9d
ff2696d7
e6070121
dc8fc3fb
f88ebde5
3e01d15f
7ee984e9
61b4a303
9fccda2d
28cc5ce7
3e0481b1
36bd630b
21567f75
7ed0596f
f5471779
3e062413
179ccdbd
341be6f7
6bc46641
35ef061b
3e04e505
bba1257f
aaf38e09
8a1c2923
b757e54d
3e063507
ea0faed1
7eb5ad2b
5e62ee95
b7f5358f
3e07e899
77c7b233
ae5720dd
b9fc4717
7eef5b61
3e02583b
b5599c25
aead899f
591d2729
d599bf43
3e03806d
7ecf1d27
8f8c6bf1
c586074b
2cd1edb5
3e0b21af
32ec49b9
8f435053
7ec603fd
6fcfb737
3e0fe081
f5f1ba5b
73c4e345
600efdbf
bf2e5049
3e056563
4227ab8d
66ff1547
f9e2b911
bb36716b
3e0b7cd5
33ba1dcf
7eac3ad9
4620fe73
6cb1771d
3e0e3757
afadf5a1
f7a52c7b
e73eba65
7ecd81df
3e0f0969
cbf71b83
84fc66ad
c7ae1d67
5b5a9631
3e0eeb8b
7ef79bf5
00000000
94bfbbf9
dee8bc93
3e017a3d
3b6fc777
02d19ac1
7e84ae9b
548f2185
3e0115ff
3c275289
7be6e1a3
0c79b1cd
8f643587
3e0c0351
5ad775ab
c83e4b15
2b03460f
85eecd19
3e028ab3
d41e0d5d
7ecc6797
8402cfe1
201840bb
3e0e18a5
e681ba1f
919f2ba9
590cb7c3
7ee78ced
3e095da7
40cf0071
b3d80fcb
58078a35
188d722f
7fc00000
7ed668d3
652f307d
df3c17b7
df899501
3e07e2db
e3d39fc5
61876e3f
7e9e94c9
6ff09de3
3e0df80d
cc0595c7
9d5b8d91
0e58b9eb
6b1b5955
3e00ae4f
393f9f59
ca0c56f3
f2dce39d
e246d7d7
3e0dea21
557b94fb
7ed7b6e5
d70a325f
74ed8de9
3e0a9403
84b4f32d
2700dde7
a229aab1
7ee1740b
3e01b875
9194fa6f
adf16079
d3cc5513
d8ef26bd
3e04a7f7
7eb7cf41
d65b571b
17d25e05
9f12067f
3e041709
91129a23
98a47e4d
7ea33607
f58157d1
3e0a3e2b
4a42a795
4d22568f
525eb199
481e6333
3e0df9dd
9dcd8817
26ef4461
a40f293b
5a0b9525
3e06ea9f
ea9a3029
7ee0b043
e224996d
13749e27
3e0a94f1
0a2b184b
87e626b5
6ec0c2af
7ecf92b9
3e0a8153
51615cfd
10597837
769c4981
6a1f0b5b
3e0b5c45
7ed0debf
2e07d949
938cd663
16fd448d
3e0d1647
94ed6211
e1fc026b
7ef435d5
f8783ecf
3e0c03d9
de98af73
cf51501d
7e207857
5a06dea1
3e02fd7b
bed9b365
d297e2df
8ce51269
131f0c83
3e067fad
08c49e67
7e91bf31
8af4fc8b
c934d4f5
3e00caef
92dc04f9
c1d0ed93
7cc5d33d
7eaa8877
3e0703c1
2172ff9b
86fe9a85
a503f6ff
00000000
3e0f52a3
7ed84acd
2dd33687
7ddfac51
ba9e06ab
3e000415
2052670f
1f079619
7ebb3bb3
e986e65d
3e0fa897
d134b8e1
fdc711bb
080211a5
fe1d1b1f
3e0e34a9
c595a8c3
ef6aa5ed
3f30dea7
441f2971
3e0f20cb
ee6dc335
7e85132f
e356b739
b8df99d3
3e0c897d
4527d8b7
1987fe01
a89733db
7eac18c5
3e0b4f3f
c6ea1dc9
4d8a0ee3
bb75910d
2de596c7
3e083691
7ea04aeb
4ff61255
24f0cf4f
a7116859
3e0607f3
740ebc9d
8e2b18d7
7eb8d321
616b65fb
3e04afe5
7fc00000
005596e9
34048503
9bc10c2d
3e095ee7
6b92d3b1
4509850b
5dd0f175
a19d9b6f
3e0fa979
caf68613
7ee57fbd
1d9168f7
350f3841
3e0ba81b
5413d705
65c6e77f
ff98a009
7e8d0b23
3e05174d
bb743707
755700d1
f6c2cf2b
5ec66095
3e03778f
7ee97a99
9ef91433
bd28d2dd
ce62c917
3e032d61
8f3ffa3b
e0618e25
7ee44b9f
45fb3929
3e0ba143
7439b26d
905e1f27
ba2cbdf1
76d4294b
3e0e5fb5
91da63af
9396dbb9
9c55b253
bf20b5fd
3e073937
5a4cb281
7ed05c5b
ed75d545
3cd6bfbf
3e056249
3fe84763
73f6dd8d
aebf1747
7edc0b11
3e05936b
0920eed5
857a5fcf
edcfccd9
41946073
3e05291d
7ee6b957
45c3c7a1
d384ce7b
dc18ac65
3e0643df
a13f1b69
d5cafd83
7e9498ad
5b9f1f67
3e0ce831
9c1f0d8b
f4160df5
677b6bef
07dc4df9
3e0d1e93
84ce2c3d
33a94977
fb806cc1
9765509b
3e021385
635ad7ff
7eb06489
f8dbc3a3
fb5ae3cd
3e063787
ede75551
686897ab
5545bd15
7ee5880f
3e045f19
00000000
0413bf5d
4876e997
83caa1e1
3e09e2bb
7eaa0aa5
02fc7c1f
ec613da9
f1a299c3
3e01beed
c8fc5fa7
95d35271
7eaa31cb
2777fc35
3e00b42f
5c900039
4deccad3
24ade27d
c1d799b7
3e0a6701
184a84db
d52891c5
2993303f
d599a6c9
3e077fe3
32812a0d
7e8997c7
2838df91
33ebdbeb
3e04cb55
1c14f04f
01c73159
d403b8f3
7ee4959d
3e0359d7
a127bc21
105f36fb
e1d5a8e5
ab26f45f
3e019fe9
7ef27603
74f1252d
50b5dfe7
a75ffcb1
3e05960b
be042a75
03ea3c6f
7ef1f279
b6a4b713
3e0fd8bd
f27229f7
bacaa141
863ff91b
cff95005
3e0fc87f
6dc12909
ef8b7c23
d7a9b04d
1d893807
3e00a9d1
f18f602b
7fc00000
d448988f
ba584399
3e07c533
3047abdd
5bbc0a17
b01b1661
7ef4cb3b
3e0b8725
e365ac9f
fb404229
647a9243
ac72cb6d
3e0ba027
7e92e6f1
1b813a4b
5dfa98b5
0b3804af
3e0224b9
efa4e353
ec040efd
7eb8fa37
fd611b81
3e05ad5b
57c44e45
1620a0bf
ef66eb49
55c7b863
3e04768d
1a451847
242eb411
dd93246b
02f1a7d5
3e0080cf
34f795d9
7e941173
87fd021d
0b70fa57
3e04b0a1
79fa9f7b
cefba565
9bf8a4df
7efd2469
3e0aee83
2756b1ad
d03da067
3d2c1131
a94d1e8b
3e0b46f5
7eea0cef
83c096f9
dd2d4f93
2ffa853d
3e0c0a77
04edd5c1
1a5ba19b
7ec98c85
1cf5b8ff
3e0aed89
339c34a3
a5017ccd
75fd3887
aa52fe51
3e0728ab
14bf7615
7fbca90f
bbe52819
b0789db3
3e04985d
4a322a97
7ec48ae1
6630b3bb
5bf603a5
3e0fdd1f
449846a9
ed338ac3
00000000
7e8be0a7
3e0b7b71
b7d942cb
93263535
8d40552f
80ad4939
3e0dfbd3
7ea33b7d
654b5ab7
83b0d001
5901d5db
3e090ac5
847f113f
d82d2fc9
7ec8f0e3
89b0c30d
3e0198c7
ce3d8891
71bb6ceb
a7978455
f37d114f
3e00fa59
64c569f3
c1de6e9d
803f9ad7
fcfaa521
3e0707fb
558aa1e5
7e9b555f
c8d1a8e9
14646703
3e053e2d
9c3660e7
e59125b1
2365a70b
7edb6375
3e0add6f
31483b79
a6d6e813
1fbe31bd
7216eaf7
3e0a0a41
7eb84a1b
1b82c905
dcfca97f
73cdb209
3e0ded23
5562494d
eb623907
7eae52d1
d25ff12b
3e09d295
e641b98f
57ab0c99
203a7633
008a84dd
3e094b17
88c6ff61
aaad9c3b
d1f98025
ea2b0d9f
3e094b29
2dcd8343
7ecfe46d
737d2127
3e5d0ff1
3e024b4b
f8fad1b5
ead9a5af
7fd16db9
7ef81453
3e0b67fd
8a8ebb37
efd98481
7fc00000
f5b6c745
3e0e81bf
7eec7449
e52b2963
06560f8d
758f1947
3e055d11
d264b56b
a96660d5
7ecaa1cf
41035ed9
3e07c273
fe08db1d
b33f3b57
216999a1
5b74707b
3e029e65
068f05df
539f2d69
0daedf83
d1bccaad
3e002167
b28f3a31
7eff2f8b
45c47ff5
f49cadef
3e08dff9
35a18093
0e4ade3d
b6f2cb77
7ebf3ec1
3e05f29b
2c250585
e1d499ff
5cc97689
2be0a5a3
3e0c15cd
7eb83987
4322a751
ee09b9ab
e4dd2f15
3e07ca0f
dfa9f119
fd9d4eb3
7e99715d
c0b16b97
3e0273e1
10eb84bb
ec65fca5
14873e1f
ceb34fa9
3e087bc3
234bf0ed
dddf61a7
6467a471
ee8c53cb
3e086e35
2603f62f
7eae9239
c9932cd3
00bc947d
00000000
d3db3901
7abd26db
750d83c5
7eaef23f
3e04b8c9
6f6e61e3
51045c0d
a21d99c7
74a63191
3e0efdeb
7ede3d55
bb29324f
bddec359
680b1af3
3e0c479d
e66fdbd7
02318e21
7ed2d8fb
f6e39ae5
3e03b65f
25e5b1e9
b1da5803
adbd572d
217ae1e7
3e064eb1
6899b80b
d2569c75
ff4f7e6f
05828479
3e0d1913
6da08abd
7effabf7
d86d7341
8a349b1b
3e004205
ad7d8a7f
a1be3b09
24145e23
7ebee24d
3e0f3a07
4f2ffbd1
a934822b
30298b95
ec7eda8f
3e01d599
7ea12733
bdf15ddd
ccba8c17
2ed6e861
3e0a6d3b
5d3b7925
06346e9f
7ef65429
5ea47443
3e00fd6d
f9b2a227
4a0b38f1
4ce75c4b
1e9f0ab5
3e0f46af
f244b6b9
7fcf4553
c336c0fd
c6287c37
3e05ed81
14fc4f5b
7ecd4045
ee8062bf
a055fd49
3e029a63
5bbba88d
d09d1a47
95000611
7eba466b
3e0f19d5
7e18c2cf
a1f327d9
c99f7373
4538b41d
3e017c57
7ed282a1
87f2417b
75ad9765
8a6966df
3e053669
a2e6d083
2646e3ad
7ec6a267
7fc00000
3e05408b
8c91b8f5
ea934eef
d03528f9
2a99b193
3e0f373d
94bd8c77
01f4a7c1
8754439b
9d247e85
3e077aff
14abff89
7ea916a3
2cbaaecd
8d373a87
3e065051
e5e04aab
559ee815
9036eb0f
7ed2ba19
3e05ffb3
12924a5d
bbf4ac97
9be45ce1
caaa55bb
3e09f5a5
7eb29f1f
1ab258a9
92e16cc3
90df09ed
3e06e2a7
0147cd71
054364cb
7eeea735
3d0b972f
3e03db39
d02c5dd3
2179ed7d
607edcb7
4b69a201
3e0c77db
4e75fcc5
7822d33f
f90041c9
3317d2e3
3e0bf50d
c30d9ac7
00000000
93668eeb
d1c8f655
3e09534f
3f408c59
edd4cbf3
343e209d
7ee41cd7
3e0c7721
8f52a9fb
55e093e5
9ad0175f
e8ddbae9
3e044903
7ed9702d
f08362e7
a91f77b1
51d1c90b
3e05d575
b8681f6f
48a0cd79
7ec74a13
46a6e3bd
3e0c6cf7
9054dc41
13b4ec1b
6181bb05
a1426b7f
3e02c409
369ecf23
dd3f7b4d
0a603b07
4095a4d1
3e0d132b
873d4495
7efffb8f
34fc9e99
7b8bd833
3e0c36dd
d05fcd17
324ad161
e22b3e3b
7ea17225
3e01cf9f
d6675d29
06ff6543
d9f6166d
4dac2327
3e0d61f1
7ea06d4b
5ee743b5
1ce8e7af
779bffb9
3e0a7653
8d8619fd
50863d37
7ef65681
463da05b
3e07b945
0d9643bf
3aa38649
b07e0b63
7945418d
3e0f1b47
c9feaf11
fa13d76b
3c3bd2d5
cc2ae3cf
3e06f0d9
f6ab2473
7e8c8d1d
1527bd57
c29f6ba1
3e04127b
497c9065
3787c7df
7d8f3f69
7ea2c183
3e04fcad
98b12367
bc818c31
58ef518b
5202f1f5
3e0defef
7ec571f9
cc15e293
a457903d
454c4d77
3e0e10c1
9156949b
c5c7f785
7ede5bff
cc728889
3e0587a3
2acd47cd
6e7a3b87
49edf951
6bbadbab
3e04a115
22da0c0f
a1df8319
6372b0b3
e1af235d
7fc00000
840a45e1
7eed26bb
aa31eea5
9b22001f
3e0561a9
5cfe5dc3
1c9622ed
09d263a7
7e8bf671
3e0e75cb
a608e035
e257382f
8e5d2439
c7498ed3
3e0b467d
7ebe9db7
7a5c0b01
a13fc8db
438275c5
3e0ab43f
373fcac9
184543e3
7e978e0d
fbc19bc7
3e038391
97421feb
fdd7af55
5b4d744f
ed865559
3e027cf3
e323f99d
dd1c5dd7
48cb6021
00000000
3e018ce5
e290785f
7eb9c3e9
97523a03
af19892d
3e0fe3e7
4e7ca0b1
ef0dda0b
c1390e75
7ec4c06f
3e031679
32857b13
3ad13cbd
919d2df7
23a04541
3e093d1b
7ef73405
c84b4c7f
b54b4d09
aead4023
3e04144d
7b853c07
765f4dd1
7ee9a42b
d6f4fd95
3e051c8f
94fb6799
62fa8933
402b0fdd
70c90e17
3e02ba61
70700f3b
68ab6b25
be13309f
933c6629
3e0e5643
4abf2f6d
7ee9a427
c4938af1
1e5d7e4b
3e037cb5
8f5688af
9fd748b9
b209a753
7ef972fd
3e07fe37
439abf81
0082f15b
a5663245
63f024bf
3e050f49
7eed7c63
eef2da8d
c6051c47
67615811
3e01686b
489c8bd5
328104cf
7efeb9d9
3e3ad573
3e04661d
ef41fe57
655054a1
01f9e37b
32ef8965
3e0a28df
275d4869
0fe2b283
0dc715ad
345fa467
3e00b531
f62d628b
7e982af5
854c90ef
f839baf9
3e061393
7c13e93d
d89f0e77
4c8b79c1
7edce59b
3e0f7085
14093cff
141d1189
25c5f8a3
6503e0cd
3e013c87
7ee9a251
8f996cab
590e5a15
d1c12d0f
3e004c19
9c2361b3
85effc5d
7ec72e97
a1942ee1
3e03f7bb
f78de7a5
3255611f
385c6aa9
369f4ec3
3e013bed
7071e4a7
76341f71
12bd86cb
7c471935
3e06d92f
fe0a6d39
7eeabfd3
98609f7d
b6c25eb7
3e027401
c60719db
e432eec5
28d6953f
7ee353c9
3e06b4e3
7fc00000
5c399cc7
0a382c91
fd21b0eb
3e0a6855
7ec5954f
58b01e59
c0f42df3
4b2dd29d
3e089ed7
aa2e4921
385e4bfb
7ec685e5
6b94d95f
3e09cce9
ff542b03
c2fda22d
abe064e7
363dc9b1
3e0deb0b
00000000
f165616f
5b895f79
d4c7ac13
3e0f95bd
5c51eef7
7ecfae41
85c18e1b
a610ad05
3e082d7f
bae7d609
9c3fb123
35acad4d
7eee3d07
3e0cf6d1
91ca352b
af50b695
58ce3d8f
55de3099
3e0d3a33
7efde8dd
bdf64f17
915ea361
b5b8e03b
3e096425
79e8919f
79f56f29
7ec14743
31ac486d
3e0b2527
536db3f1
cb1e8f4b
6f63b5b5
a80829af
3e0691b9
0fecd853
af90cbfd
918dbf37
13a32881
3e0c425b
b1e8ab45
7e8e05bf
c2ea9849
21e0ed63
3e04738d
805f1d47
fd280111
89d2f96b
7ea144d5
3e0b25cf
621a82d9
b04e8673
a1a03f1d
fa203f57
3e053da1
7e83b47b
c2068265
4d9089df
9f0f5169
3e06a383
c0bd2ead
41d22567
7e83de31
df6f738b
3e0163f5
4a0f31ef
069203f9
549a4493
c6f4423d
3e05cf77
36ece2c1
9c67369b
7dfae985
a5f81dff
3e0b9a89
b41a69a3
7ede79cd
2c4c3d87
82494b51
3e0bfdab
0bbc1315
acec4e0f
c7a51519
7ed812b3
3e04d55d
6a566f97
848217e1
f1fec8bb
4e8de0a5
3e0cc21f
7e8773a9
2fc43fc3
ce7054ed
ccd565a7
3e004871
298097cb
55295235
7eba7a2f
e89bb639
3e0ff0d3
0e89f87d
0c0a1fb7
3e6cdd01
0bd26adb
3e0767c5
7016763f
df6adcc9
872c25e3
0fbac00d
3e059dc7
5230d591
7e8541eb
53e12155
7c81b64f
3e0de759
2e49def3
fc5bab9d
76d8dfd7
7ef53221
3e0a1cfb
84af7ee5
45dd3a5f
351dd5e9
cada1c03
3e05bb2d
7eb4e5e7
f062f2b1
8591fc0b
0aab8075
3e0a026f
4b53a879
7fc00000
7e91eebd
21caaff7
3e031741
8e4ddf1b
6fce2605
00000000
28685f09
3e062223
f819464d
711b3e07
ef1e9fd1
e0aec62b
3e006f95
d01b5e8f
7ea4f999
f563eb33
36f4c1dd
3e079017
0cfe8c61
c205b13b
7aab5d25
7e81f29f
3e027829
6d283843
1ebd616d
bc30a627
d8abdcf1
3e03a04b
7e97eeb5
76fdcaaf
18f9dab9
06540953
3e0c24fd
68378037
030f9181
7e99935b
c20f2445
3e0fe6bf
d0e42149
00d85e63
22ba0c8d
7a7d1e47
3e02aa11
c0b88a6b
b749fdd5
87f946cf
b69a4bd9
3e063773
cd60181d
7ec28057
1ede26a1
6811857b
3e017b65
d67aeadf
74a55a69
eaee9483
7ed747ad
3e08a667
095b0731
24b5848b
3a2e9cf5
c915d2ef
3e0e4cf9
7ea27593
14f89b3d
e7909077
64b24bc1
3e05879b
2d8a6285
932afeff
7e9e2389
4ff2daa3
3e0d12cd
28db3e87
d90cf451
f1628eab
9f0dcc15
3e0b6f0f
67ddde19
6910c3b3
8dddae5d
18a9b097
3e0400e1
87cd99bb
7eb1d9a5
5888231f
1d967ca9
3e0d30c3
14936ded
2efce6a7
a4b07171
7ec7a8cb
3e0f8b35
c7d21b2f
de10ff39
efb921d3
6bd7517d
3e05e0b7
7e8b4601
82a1bbdb
687fe0c5
169a573f
3e0665c9
30e596e3
77c2590d
7ef59ec7
6a8d7e91
3e0cd2eb
9ddbda55
e581d74f
a5afb059
5e238ff3
3e0d849d
a8dd20d7
b9201b21
ed79edfb
7a3c77e5
3e099b5f
2fa5dee9
7ee40d03
e131d42d
4e4d66e7
3e0c1bb1
9eda0d0b
595ab975
f372a36f
7e81f179
3e080e13
5a2847bd
f20770f7
a1da8041
8bde301b
3e0f9f05
7efdef7f
8dcce809
17f09323
dea9df4d
3e0c3f07
521448d1
7597572b
7ef42895
8bac7f8f
00000000
c05e9c33
060f9add
9e9cd117
26027561
3e06823b
4e215625
015f539f
7fc00000
93932943
3e027a6d
e73a2727
7ece05f1
fcacb14b
aa7027b5
3e076baf
89e123b9
a53f3a53
4e2b7dfd
7ea54137
3e0ffa81
056ae45b
65d99d45
5295c7bf
7ac1aa49
3e03cf63
7ed3a58d
c45f1f47
51e15311
01a21b6b
3e06b6d5
971b67cf
2ffe14d9
7e81e873
9a43f11d
3e08c157
55bb0fa1
fba3567b
11207465
c8a94bdf
3e0f6369
c9ba8583
751560ad
f2032767
0d163031
3e0f958b
9a2fd5f5
7ee073ef
e7ee95f9
4f2ea693
3e00f43d
832f5177
65dbb4c1
5b87d89b
7ebddb85
3e01dfff
ea74ac89
094f4ba3
1c7fabcd
f92e3f87
3e049d51
7ecd1fab
a3038515
280e900f
d0faa719
3e0d74b3
118a875d
9bc0f197
7e89e9e1
7ca06abb
3e09d2a5
0787841f
a30985a9
c09a21c3
b8da86ed
3e0867a7
a9849a71
c712b9cb
4ed9c435
462dbc2f
3e0a4839
48e652d3
7ec8aa7d
5ae5a1b7
a00daf01
3e050cdb
6c1c59c5
2c62383f
d725eec9
7ea307e3
3e0df20d
0c399fc7
e34e2791
1ad863eb
bc7a9355
3e05f84f
7e857959
608140f3
7a235d9d
33a561d7
3e0f0421
f48dbefb
fd6d70e5
7eb9fc5f
6011e7e9
3e01fe03
0b81ed2d
7e29e7e7
1bd944b1
ac261e0b
3e0df275
27df446f
c7943a79
f6a63f13
5ae2a0bd
3e0831f7
42b5e941
7ef2811b
22351805
a516d07f
3e057109
c60f0423
795e784d
95c14007
7eedf1d1
3e03e82b
0c3be195
9b81a08f
7dde8b99
a1dd4d33
3e0e73dd
7e961217
6c6a5e61
6fab533b
133b4f25
3e00b49f
c9788a29
00000000
7ecb936d
3007a827
3e042ef1
a179c24b
dfec60b5
77b50caf
ddac6cb9
3e0e6b53
b42ed6fd
d1d70237
80146381
83c0355b
3e081645
25ffa8bf
7e833349
5b534063
77113e8d
3e052047
30d3fc11
5c8fac6b
58876fd5
7fc00000
3e05ddd9
a5a19973
984bca1d
df530257
ddfbf8a1
3e09277b
7ea36d65
341bacdf
797d6c69
b40a7683
3e0779ad
b4c1a867
4b355931
7ecda68b
48d50ef5
3e0f14ef
daf2def9
3f3ed793
fa6d4d3d
41921277
3e091dc1
869e299b
03955485
bf5cc0ff
11af3589
3e0fbca3
e74644cd
7ec54087
cbc04651
8b3bb0ab
3e0d3e15
e805b10f
92fb7019
700e25b3
7edb605d
3e0c3297
6da3d2e1
e0773bbb
2d65cba5
33cae51f
3e008ea9
7ecb12c3
4b459fed
4497e8a7
0cbcc371
3e01cacb
8fa7fd35
a2cd5d2f
7ea79139
e29783d3
3e0e037d
747962b7
d3f41801
434c5ddb
5b5cd2c5
3e0e193f
b8d977c9
b8e478e3
483d8b0d
abc1a0c7
3e02d091
a8c7f4eb
7ebd4c55
b84e194f
a63f4259
3e02f1f3
66bd369d
2731a2d7
eda1ed21
7ea58ffb
3e0269e5
5c4e5d5f
5661f0e9
2283ef03
07f6062d
3e0a68e7
7eaa6db1
bd762f0b
1aa52b75
3e8fe56f
3e0a8379
4af87013
46c0f9bd
7eccf2f7
8ef55241
3e0ad21b
2ade9105
bc73b17f
8041fa09
29b17523
3e07114d
01ba4107
352b9ad1
b174792b
a7279a95
3e0ac18f
62515499
7edffe33
1bb14cdd
f2535317
3e064761
3104243b
59f94825
5de6159f
7ec19329
3e050b43
aac8ac6d
a6992927
cebe57f1
0e4ad34b
3e0c99b5
7ef6adaf
a45bb5b9
1ca19c53
00000000
3e0cc337
2daccc81
db19865b
7eda8f45
80ad89bf
3e08bc49
f6d6b163
1572d78d
876f2147
482aa511
3e013d6b
a41c28d5
ce2ba9cf
d171a6d9
61c54a73
3e07a31d
4d414357
7ea0e1a1
33d2f87b
b6ca6665
3e020ddf
c8bf7569
b9de6783
51fd92ad
7ec42967
3e088231
bc9fb78b
d61e47f5
43c1b5ef
e4db27f9
3e030893
7edda63d
32b8d377
225a86c1
4eb87a9b
7fc00000
1e5ba1ff
98cdbe89
7e942da3
be30ddcd
3e004187
87afef51
b52e41ab
3cdaf715
1440d20f
3e003919
7152d6b3
e850395d
603b7397
0621bbe1
3e020cbb
4af5c4a5
7ed2461f
a39b97a9
8f8003c3
3e04b8ed
180b69a7
5e58ec71
64b4dbcb
7e9a3635
3e00fe2f
9fc8da39
ccccb4d3
8e975c7d
44d123b7
3e0e8101
7ea7aedb
c6414bc5
e5bdfa3f
9e7100c9
3e09e9e3
d0b1240d
c30da1c7
7efb7991
e8bb85eb
3e040555
421a3a4f
31dd0b59
1cc8a2f3
dc7b0f9d
3e01e3d7
7df8d621
abc160fb
ecbb62e5
1ba6be5f
3e05f9e9
1c19e003
7e8e1f2d
eb2ee9e7
50df96b1
3e0a400b
ad406475
4784866f
7f64cc79
7ecea113
3e0352bd
4355b3f7
1698bb41
e2a7231b
132c0a05
3e04927f
7ed28309
52d7e623
0b33aa4d
69774207
3e0d43d1
78690a2b
9ab75395
7ef7e28f
77a81d99
3e06af33
823825dd
8f549417
c1663061
f960f53b
3e0b4125
640f769f
1fee9c29
f3ebfc43
5069c56d
3e0eaa27
cd8c80f1
7e9fe44b
4ad0d2b5
117c4eaf
3e0efeb9
1518cd53
7da188fd
f6868437
7ea93581
3e06d75b
67110845
729f6abf
bfb24549
9bde2263
3e08708d
00000000
27e54e11
a076ce6b
ac54e1d5
3e09cacf
19816fd9
986cfb73
7ec77c1d
3bf38457
3e09caa1
f870c97b
f2155f65
b6cc6edf
b5e57e69
3e065883
37a7abad
5f8aaa67
b69fab31
11f5c88b
3e0b80f5
4bd856ef
7ea770f9
54eb3993
ac71ff3d
3e039477
fdafefc1
c3d6cb9b
38304685
7e9e82ff
3e004789
867c9ea3
313f76cd
00bf4287
30039851
3e04d2ab
7ebcb015
bcbff30f
61a90219
311b87b3
3e09125d
c19eb497
3403a4e1
7eb0ddbb
4229bda5
3e0da71f
3ebaa0a9
1638f4c3
7a87d1ed
3142eaa7
3e091571
7fc00000
69306f35
36d89f2f
60ce2339
3e05e5d3
2874b57d
7eece4b7
11ecea01
8806ffdb
3e09c4c5
a951db3f
17ec89c9
46f35ae3
7ec8bd0d
3e0da2c7
2fe82291
eab316eb
b42ebe55
4c2a5b4f
3e0ed459
7eb253f3
6b5ce89d
889624d7
c7b3bf21
3e0131fb
78d85be5
7c431f5f
7eae02e9
c933d103
3e0a382d
48576ae7
96f8bfb1
2c22510b
767f9d75
3e0d276f
79a31579
c128d213
1fe9abbd
dea274f7
3e002441
5447741b
7e9d8305
b4f9737f
12470c09
3e025723
2254434d
dcf84307
a9d2ecd1
7ee19b2b
3e0b0c95
6499038f
4de2e699
6d716033
e5e2fedd
3e09d517
7efa1961
d8c1c63b
ac613a25
0f7cd79f
3e0fa529
9866ed43
cc2ede6d
7e882b27
92bea9f1
3e08f54b
a0390bb5
5fc5efaf
ca6647b9
f613fe53
3e00e1fd
37044537
37099e81
54d8285b
f96b8145
3e054bbf
791fce49
7ee99363
0aa2098d
498f2347
3e03f711
a9705f6b
01319ad5
e64bebcf
7ef538d9
3e08ac73
593b551d
bb69c557
00000000
98129a7b
3e045865
7e8acfdf
d0ef8769
58124983
d775c4ad
3e052b67
03ead431
134fd98b
7e9cb9f5
5e32f7ef
3e07b9f9
9a876a93
7a2a583d
ed525577
ec6958c1
3e091c9b
5df3bf85
be2563ff
06b6d089
55e90fa3
3e020fcd
c0224387
7ebb4151
131f63ab
59426915
3e03140f
8e55cb19
bf6838b3
93a5eb5d
7ec5f597
3e098de1
4613aebb
a301b6a5
482d081f
abbda9a9
3e05e5c3
7edeeaed
a03e6ba7
0cbd3e71
8266fdcb
3e0aa835
8e44402f
fcb76c39
7ec316d3
79760e7d
3e0ca5b7
3bff5301
e3ea50db
4ef63dc5
1c29bc3f
3e0c12c9
7840cbe3
f204560d
98f1a3c7
ca38cb91
3e0ea7eb
c55d7755
7efe7c4f
2fc49d59
e32004f3
3e02c19d
166e65d7
7fc00000
af0502fb
7e9954e5
3e03805f
7caa0be9
39d1c203
8a2a512d
7f43ebe7
3e05e8b1
7efe620b
0662d675
7039c86f
f2c55e79
3e070313
2d3404bd
d4b335f7
7e8b8d41
0aebc51b
3e02fc05
b622547f
bf1f9509
35b0c823
2d98dc4d
3e0d4407
42bc95d1
a85e2c2b
cbc2c595
657e248f
3e01af99
49001133
7eb1d7dd
ffa31617
8bf20261
3e06973b
d80b3325
702e389f
9df4ae29
7ee5de43
3e07f76d
bce5ac27
ae54d2f1
a4d6064b
204544b5
3e0390af
7ec190b9
cf932f53
03a43afd
56460637
3e0e0781
973d795b
ef69fa45
7ecf2cbf
9e715749
3e090463
816fa28d
12452447
8086a011
0c6df06b
3e0253d5
4ec20ccf
684d01d9
b5485d73
bbd32e1d
3e040657
6ce79ca1
7eb86b7b
09975165
de8d30df
3e0d9069
10723a83
c167ddad
5163ac67
7e99fd31
00000000
55d1f2f5
8ad198ef
2bec02f9
1ca79b93
3e06b13d
7ec51677
7e86c1c1
f51f6d9b
4b5b3885
3e0044ff
0d815989
92d980a3
7ec8a8cd
a3494487
3e06ea51
671df4ab
006c2215
c28a350f
53e69419
3e08e9b3
2106c45d
d2b13697
8ff376e1
05fa7fbb
3e0dafa5
0980691f
7ea4b2a9
b236d6c3
225a03ed
3e0deca7
89856771
c9460ecb
cd48e135
7ef3e12f
3e04b539
0e8447d3
119b677d
9e7066b7
2d75bc01
3e01a1db
7ec6b6c5
4e459d3f
068f9bc9
5b123ce3
3e03ef0d
7789a4c7
94ed7491
7eae38eb
7b303055
3e069d4f
c20e6659
f211b5f3
148c9a9d
4d0aa6d7
3e059121
552cd3fb
89fe4de5
6147e15f
2a8a14e9
3e03b303
6f2e6a2d
7ef46ce7
4a5711b1
6ade730b
3e0a0f75
affa696f
7acba779
09693413
7ea25dbd
3e07f6f7
b1daf641
1694161b
a9ec7505
7a8f357f
3e0c1e09
7ee33923
bd01754d
7fc00000
300a3ed1
3e0ebd2b
293e7e95
0aa7458f
7e847899
8b12c233
3e04b0dd
f2f05717
254deb61
1c8f683b
c5592c25
3e03999f
13cdb729
07e8cf43
8625106d
8a872d27
3e0efbf1
d1b7174b
7ef57db5
4f2531af
7c00d9b9
3e066053
155b93fd
644bc737
3df67081
7ea6ca5b
3e0c7345
740d0dbf
bfa6e049
640c7563
60613b8d
3e0f2547
7eed4911
d96f816b
d0d70cd5
5f7c2dcf
3e08cad9
bb7c0e73
1f8f071d
7ea24757
fc1c85a1
3e023c7b
05ce4a65
985391df
d0af9969
24562b83
3e0df6ad
2cf62d67
9dad2631
5a0ffb8b
fdab2bf5
3e0439ef
31644bf9
7ecbcc93
cf070a3d
32fbd777
3e082ac1
d149be9b
00000000
4aff25ff
7eafe289
3e0df1a3
d34341cd
ba344587
53569351
e92085ab
3e09db15
7ed5560f
425b5d19
878d9ab3
938b9d5d
3e007797
de015fe1
84e550bb
7e9da8a5
9817ca1f
3e0fbba9
e77bc7c3
cb791ced
bf816da7
34b19071
3e091fcb
fb4b1a35
a7e7822f
0535fe39
dac978d3
3e04c07d
e9d827b7
7ed02501
5ebcf2db
863b2fc5
3e057e3f
9bb724c9
ff67ade3
93e7880d
7ee5a5c7
3e061d91
1cb1c9eb
65a6e955
0bf2be4f
213c2f59
3e0766f3
7eda739d
3c6ae7d7
9d3c7a21
7e58a4fb
3e0746e5
05b0425f
6e4e1de9
7e99a403
f656832d
3e08ede7
d79c3ab1
8042840b
ba154875
21ff0a6f
3e05f079
e44f6513
5934b6bd
1120b7f7
c70e5f41
3e00671b
b0c9ee05
7ec0167f
b07ca709
ee99aa23
3e0e0e4d
1e134607
01bbe7d1
70634e2b
7ede3795
3e04668f
f5eb4199
43a97333
9fbb89dd
23019817
3e0dd461
7efc393b
044b2525
915cfa9f
c38ac029
3e0fc043
e456296d
d5ecae27
7ead24f1
169c284b
3e09b6b5
103ad2af
f12422b9
ac1d9153
7fc00000
3e058837
6882d981
77141b5b
4652ec45
630eeebf
3e006949
cf23e663
7ef6d48d
c2fd2647
bab7f211
3e05126b
6b9fc5d5
287a4ecf
caa893d9
7eb3bf73
3e0ee01d
3e648857
3cb56ea1
39100d7b
b7a94365
3e0df2df
7ee5a269
a3be1c83
b3b80fad
0a4cae67
3e044f31
bf760c8b
542864f5
7edadaef
1dc094f9
3e03fd93
762b633d
11f69877
cced93c1
9a780f9b
3e062a85
525206ff
8ac26b89
954662a3
56e1dacd
3e034687
4d3a3c51
7ea716ab
50ab9415
00000000
3e042619
e1664bb3
7b34765d
b6d3b897
7ef348e1
3e0421bb
df61a1a5
03f32b1f
7e1ec4a9
cc44b8c3
3e0c35ed
7ec8eea7
9e41b971
171030cb
3bf15335
3e0f232f
91cb4739
4792a9d3
7ed2197d
3c03e8b7
3e0e8e01
9dac43db
cb53a8c5
30495f3f
04c2adc9
3e011ee3
3d0f210d
6c05a6c7
fb82c691
c6b95aeb
3e01a255
b712df4f
7ecdf859
b78117f3
e24c4c9d
3e0f28d7
6c876321
3a8875fb
51b43fe5
7edca35f
3e0626e9
c0c39503
afa29c2d
dea16ee7
474563b1
3e0a950b
7ee48175
d647ab6f
f7843979
a3b99613
3e0b0fbd
777d78f7
e7a5c841
7ef0b81b
674b6705
3e04f77f
15013009
e3541b23
a83ea74d
60a44707
3e0190d1
756bdf2b
3e21f095
81c5878f
6fb60a99
3e042433
97f662dd
7ed6d917
9031bd61
7c6d0a3b
3e011e25
71da5b9f
3d2bc929
157ab143
7eab426d
3e062f27
a76f4df1
8385394b
4041efb5
179473af
3e0b6bb9
7ea8c253
a63645fd
8ca34937
c2734281
3e056c5b
c73d6545
3954cfbf
7ebdf249
93bf5763
3e006d8d
caff2747
f4669b11
f17ea36b
930c7ed5
3e0c6fcf
ab2c5cd9
076f7073
2a72b91d
a0eac957
3e0257a1
e4c1de7b
7ea83c65
a7ac53df
47ffab69
7fc00000
dc1628ad
f9672f67
a0ff7831
7ee01d8b
3e099df5
4e457bef
8100ddf9
ae202e93
3073bc3d
3e055977
7eb6fcc1
60aa609b
6169a385
44e8e7ff
3e08f489
7ac2d3a3
46a473cd
7ed64787
0381e551
3e01a7ab
19c14d15
7f37980f
d9f0ef19
49c2fcb3
3e014f5d
200af997
8a4931e1
ffc6f2bb
86c99aa5
3e028c1f
00000000
7e91a9c3
98234eed
f5d46fa7
3e05e271
3dfb41cb
1f3b8c35
ba9ac42f
7ec49039
3e0fdad3
24e3727d
a4f3a9b7
4e30f701
9d9f94db
3e0021c5
7eb1403f
d1b236c9
cc9e8fe3
365aba0d
3e09a7c7
b7636f91
82c4ebeb
7e805b55
3277004f
3e03c159
8dfec8f3
5ee2259d
857769d7
c5364c21
3e0c46fb
820538e5
024d045f
f7822fe9
df718603
3e02b52d
1c9defe7
7ed28cb1
e716a60b
4857ba75
3e044c6f
0c368279
57a7c713
b1c568bd
7e9e39f7
3e013141
d7a5091b
5d70e005
fb6dd87f
8169b909
3e028c23
7e93404d
fef94807
924b39d1
5078702b
3e09a995
73baa88f
7a64d399
7ee2d533
5d553bdd
3e001a17
81b9a661
bee1db3b
b71b1725
479bbc9f
3e00d229
7f89a243
73245b6d
2603b027
bc9576f1
3e024a4b
0ade28b5
7eb214af
e416b4b9
2ab7f353
3e099efd
c6f50a37
dbc7ab81
3afabd5b
7ecbde45
3e0eb0bf
aa9f7b49
c1dec863
0e0e068d
b2c52847
3e094411
7e8c346b
d71d37d5
234290cf
c09425d9
3e0f2173
f19a921d
e4350a57
7e9340a1
bb77af7b
3e0b3565
1d3eb4df
b87db469
2519fe83
8e9841ad
3e05b067
f23ea131
5e4e2e8b
4d0ed6f5
83f41cef
3e0526f9
c2505f93
7ee0153d
98381a77
68e465c1
3e00b19b
0d611c85
32c3c8ff
07937d89
7ec344a3
3e0b0ccd
d58d4887
062d8e51
234038ab
637b0615
3e0eb90f
7fc00000
d0a3adb3
e9f2285d
ee063a97
3e031ae1
1bbdc3bb
67d593a5
7ef5ed1f
c928d6a9
3e029ac3
dbae67ed
01a3f0a7
ec8e0b71
24ea52cb
3e09c535
495a652f
8ba1d939
00000000
7998cb7d
3e076ab7
fd376001
7e96e5db
78709ac5
cf5d213f
3e05bfc9
158000e3
0fca530d
bf91a8c7
7ea81891
3e047ceb
00e31455
8e1f214f
ac1d8a59
c70079f3
3e0bfe9d
7ea3aad7
37493521
abf417fb
4ffa31e5
3e01655f
5cf238e9
11a37703
7ea6ce2d
845e70e7
3e03b5b1
5886b70b
296ef375
45a4ed6f
6fcccb79
3e09f813
36c3c1bd
2482faf7
8b009a41
d75d5a1b
3e0a5905
6ceab97f
7eb64209
4d54fd23
640bd94d
3e024907
7128e2d1
1189012b
35956295
7ef3c98f
3e079c99
d4858633
7fd814dd
bfcd5b17
b0a58f61
3e0aac3b
7ef91025
22a11d9f
ce19db29
411c9343
3e01746d
4ab53127
f81f9ff1
7ee35b4b
d01e61b5
3e03b5af
81e5fdb9
cecb2453
33a0f7fd
300acb37
3e001481
9a740e5b
43fe5745
dbac91bf
5b650449
3e023963
2d8f9f8d
7ecf2947
70efed11
719dc56b
3e01f0d5
750cb1cf
9adfeed9
bd72d273
7ee66b1d
3e034b57
c6d829a1
cd31807b
af122e65
9c1515df
3e0fbd69
7e8def83
5b3e5aad
4ce83167
8de1ca31
3e003f8b
0f780ff5
23e6bdef
7ead6ff9
63049093
3e006e3d
5f7edb77
9bf5cec1
241b029b
50fc9585
3e02a9ff
cdd20689
5e47b5a3
aa95a5cd
5b884987
3e0d3751
fd52c9ab
7ed8bf15
2fa9da0f
d5168119
3e085eb3
9107015d
30c57b97
0c2103e1
7eb894bb
3e058ca5
171d4e1f
f183dfa9
37b78bc3
1d5d80ed
3e0771a7
7eca3471
dbdd63cb
0dbbfe35
465e062f
3e032239
f1063cd3
e572247d
7e9f2bb7
43a1c901
3e0236db
007513c5
7fc00000
d73d48c9
5fe571e3
00000000
d4fda9c7
1050c191
70e80deb
5de9cd55
3e0b424f
dedb5359
7e862af3
5379d79d
7193ebd7
3e001e21
812fe8fb
4b932ae5
03f9c65f
7ec641e9
3e096803
a85ee72d
25e2f1e7
8498deb1
5dfac80b
3e0a2c75
7eb98e6f
b2471479
dd102913
b6e61abd
3e0bbbf7
2dc40341
7c19ab1b
7ea7d205
f1ab9a7f
3e06cb09
e29b6e23
f828724d
8eef4a07
746a8bd1
3e0d922b
2e451b95
1470ea8f
826e6599
072c3733
3e0eeddd
82ee9c17
7ef57861
b8d77d3b
707b0925
3e0a7e9f
0566e429
6a338443
da828d6d
7eaab227
3e0dc8f1
5a586c4b
20029ab5
733956af
a29946b9
3e025553
7e8c50fd
d7e48c37
8c9c7d81
62f15f5b
3e04d045
c7be72bf
d80e8d49
7ea9aa63
8535388d
3e0d2a47
d3ca9611
40b3566b
f52aa9d5
bf1ad2cf
3e0fb7d9
083a8373
d356441d
4d158c57
6d0112a1
3e0f517b
d77d2765
7eaf76df
d325c669
1485e083
3e0873ad
d14eb267
03e8f331
2d36508b
7e8548f5
3e0d5eef
1419b8f9
a03cc193
7224c73d
e9899c77
3e0b37c1
7ed9539b
bc3c0e85
40458aff
03f48f89
3e0026a3
3ec43ecd
65474a87
7eb0e051
55695aab
3e0a7815
fa48fb0f
ffff4a19
79f10fb3
ed3fda5d
3e08bc97
2522ece1
60b765bb
16d985a5
9808af1f
3e02e8a9
7a907cc3
7eb099ed
4a8ef2a7
f46a5d71
3e0474cb
38f23735
c1a5a72f
71086b39
7edf6dd3
3e0f7d7d
085aecb7
b1703201
c39187db
141d8cc5
3e00e33f
7ed8d1c9
bbcee2e3
a315850d
f22daac7
3e0d6a91
c2ff9eeb
bf948655
7ebb634f
ae7d1c59
3e0fdbf3
eb7bb09d
00000000
a79b0721
296fb9fb
3e0023e5
aeb6275f
397e4ae9
f0935903
ca3b002d
3e0b72e7
1dd207b1
7ef2d90b
7fc00000
7e122f6f
3e055d79
ce8a5a13
c22c73bd
bc987cf7
7eeb6c41
3e09fc1b
5db94b05
99b07b7f
95fb5409
cd65df23
3e090b4d
7e904b07
2c1034d1
85b6232b
8f98d495
3e020b8f
9fc92e99
0056e833
7ec9c6dd
d2d3dd17
3e096161
90584e3b
b7a10225
2877df9f
4697ed29
3e0e7543
4767a66d
dd643327
225ff1f1
07517d4b
3e0ad3b5
33a2f7af
7eb08fb9
307d8653
3d9ba9fd
3e024d37
441ce681
a472b05b
cf4f4945
7e9453bf
3e0c1649
65551b63
a4fed18d
48af2b47
0f093f11
3e0ce76b
7ea762d5
116cf3cf
de2380d9
5d863473
3e0a1d1d
92abcd57
948dfba1
7eb1227b
858c2065
3e0dd7df
9d4fcf69
9d81d183
82f68cad
a7793367
3e041c31
ceb0618b
f03681f5
e297ffef
f2ea01f9
3e08f293
18fd203d
7ed85d77
9c44a0c1
9b9ba49b
3e0f8785
7fec6bff
39fb1889
77dc97a3
7e96d7cd
3e0a4b87
78888951
3b83ebab
e4803115
d12c1c0f
3e0c1319
7eddc0b3
8e9cb35d
548ffd97
e388d5e1
3e0a36bb
04d17ea5
4638101f
7ee5f1a9
bced6dc3
3e07b2ed
a7aa73a7
85ee8671
f9cf85cb
46cc7035
3e01482f
2411b439
ff3c9ed3
4290d67d
6c5aadb7
3e029b01
6794d8db
7eea05c5
d878c43f
2c585ac9
3e0c53e3
7cf11e0d
2721abc7
aace1391
7e9b2feb
3e033f55
82af844f
ab02e559
611d8cf3
aca1899d
3e006dd7
7ed9f021
b4b38afb
0bb11ce5
8ab6885f
3e0a53e9
bd514a03
ee3b192d
7eb7f3e7
00000000
3e0eea0b
f48c9e75
6daed06f
13e7a679
f4888b13
3e06ccbd
c8c93df7
e576d541
f49e4d1b
f26ec405
3e095c7f
c1f3dd09
7eb45023
5ccda44d
4df54c07
3e09ddd1
58d2b42b
e9908d95
c6372c8f
7e87f799
3e059933
b6389fdd
bf7d1e17
4dc14a61
7fc00000
3e0afb25
7ec9409f
21acf629
32ed6643
9a70bf6d
3e01b427
31161af1
2c4e8e4b
7eb70cb5
8a5098af
3e0bd8b9
0e1cb753
794f02fd
23e40e37
fb014f81
3e08015b
226dc245
25ae34bf
750d9f49
d9848c63
3e0c6a8d
4f852c47
7eabe811
4cea786b
45c81bd5
3e0314cf
671b49d9
cd55e573
39a1f61d
7e860e57
3e0ee4a1
0476f37b
493f1965
f03038df
a55dd869
3e01c283
7e88a5ad
df67b467
bf234531
ac2e728b
3e0bbaf5
2156a0ef
189e4af9
7eb92393
a2f9793d
3e0b1e77
898209c1
42e1f59b
49a70085
fad74cff
3e05a189
60ed08a3
fb8d70cd
44114c87
4cc43251
3e027cab
d0c9ea15
7ed33d0f
807cdc19
5d4e71b3
3e0d8c5d
559b3e97
d752bee1
21c107bb
7eed77a5
3e0b711f
35ecfaa9
0ece5ec3
7742cbed
ea89f4a7
3e06af71
7ece96cb
c74aa935
7300e92f
c1fefd39
3e0dcfd3
53d62f7d
371e6eb7
7eb90401
1c9c29db
3e0a7ec5
44b4a53f
5cbbe3c9
e82dc4e3
76f0b70d
3e09acc7
38a2bc91
6d3ac0eb
d0d5f855
ff67a54f
3e0cae59
c42f3df3
7eeb629d
3d7caed7
3d7cd921
3e0b5bfb
f03615e5
a7fae95f
ed9a5ce9
7e933b03
3e0f322d
050874e7
f77059b1
866efb0b
d033d775
3e0f716f
7e8def79
5f0abc13
ba2525bd
bfbdfef7
3e063e41
00000000
96c83d05
7e863d7f
c5d06609
3e06c123
4d563d4d
a71e4d07
f88786d1
51f3452b
3e0c4695
cd804d8f
dd2ac099
86384a33
ed4b78dd
3e0a5f17
123d3361
7ee5f03b
ead8f425
035ea19f
3e05ff29
f2905743
639dd86d
e7233527
7eb043f1
3e0f9f4b
ef8745b5
874239af
b60b21b9
743fe853
3e065bfd
7e89cf37
4149b881
d281525b
e9303b45
3e0c15bf
b5632849
0737fd63
7efe038d
861f2d47
7fc00000
aa0c096b
890cd4d5
0edd35cf
f4f712d9
3e099673
e67dcf1d
90244f57
a7d3cda1
a240c47b
3e061265
341699df
7ecfe169
2205b383
d33ebead
3e0a3567
24566e31
d5b0838b
0b84f3f5
7ed941ef
3e0693f9
a2fd5493
a019d23d
b841df77
2a2372c1
3e0c469b
7ed27985
c1062dff
e5b42a89
478179a3
3e0809cd
391c4d87
3d63db51
7ec50dab
0db7a315
3e0e5e0f
f611a519
6cc322b3
e0c2655d
0b6a7f97
3e00a7e1
d8cbd8bb
ddad70a5
6a62d21f
c5d803a9
3e034fc3
5181e4ed
7ead75a7
9422d871
17d1a7cb
3e0ce235
c9148a2f
dad04639
0f8300d3
7ebf887d
3e062fb7
87336d01
f2a77adb
34eef7c5
0034863f
3e036cc9
7ea335e3
2114500d
1855adc7
06db6591
3e0e51eb
a06cb155
ac63c64f
7eba7759
d9c4eef3
3e093b9d
32fcefd7
9e83c221
b4472cfb
425f0ee5
3e034a5f
207e65e9
61592c03
7ca74b2d
2d9cf5e7
3e0582b1
7bf30c0b
7eff1075
43b4126f
b1183879
3e00ed13
c6d77ebd
b176bff7
4ab9a741
7eb2ef1b
3e05b605
05571e7f
3190ef09
2edd3223
d202d64d
3e0b4e07
7ed92fd1
8117d62b
00000000
090d6e8f
3e018999
32eefb33
518251dd
7e9ba017
e41d1c61
3e02c13b
f6eaed25
e8b8029f
e5830829
59b74843
3e0ef16d
60a8b627
11ae6cf1
1e54b04b
09fb7eb5
3e07daaf
824e6ab9
7ee71953
2e21b4fd
2af39037
3e062181
df0ea35b
b396b445
a0adf6bf
7e9cb149
3e0f6e63
55339c8d
fc7d2e47
731d3a11
01319a6b
3e058dd5
7efb56cf
17b6dbd9
3c814773
a47da81d
3e069057
b38cb6a1
cb0e957b
7e910b65
d140fadf
3e05ea69
3d8da483
9298d7ad
b490b667
a3ed9731
3e06948b
17222cf5
ad9fe2ef
78b2dcf9
f2458593
3e0e2b3d
7fc00000
7ea8dbc1
b87a979b
35a1f285
3e090eff
7b66b389
3b99eaa3
e8e6a2cd
7eeb4e87
3e078451
e1eb9eab
2b495c15
3f6d7f0f
a48a6e19
3e0bd3b3
7e8b3e5d
85fdc097
9f1290e1
dedaa9bb
3e0169a5
005e331f
57a70ca9
7e9c40c3
f9e4fded
3e04f6a7
30d30171
ced8b8cb
60331b35
dd6c2b2f
3e058f39
c06c31d3
0bcce17d
40f1f0b7
3291d601
3e06cbdb
172770c5
7ef8673f
992ef5c9
1a9ca6e3
3e0be90d
f495aec7
a5780e91
df85e2eb
7ea76a55
3e03e74f
4dec4059
b1de9ff3
86eb149d
714130d7
3e0eab21
7e96fdfb
922c07e5
e64fab5f
f9466ee9
3e031d03
0713642d
dff576e7
7e9eabb1
557b1d0b
3e0e4975
4a1cb36f
be068179
419b1e13
9eadd7bd
3e0380f7
06711041
8f03401b
4e672f05
da6bff7f
3e057809
0fb7a323
7ed36f4d
9cbc4f07
568ed8d1
3e00672b
6b4fb895
88de8f8f
de1c5299
7ea9ac33
3e0d2add
d210e117
53610561
1483923b
64a0e625
00000000
7ec41129
78623943
98640a6d
e7f23727
3e0095f1
0b5dc14b
7f13b7b5
7ef17baf
a175b3b9
3e024a53
c7410dfd
fca15137
bc068a81
a49ff45b
3e012d45
f113d7bf
e9ba3a49
cf2adf63
358d358d
3e0f2f47
afebe311
7edb2b6b
158246d5
ed5d77cf
3e0aa4d9
5bdcf873
03a1811d
90acd157
7ea99fa1
3e00667b
b6300465
d7af5bdf
d0dff369
54999583
3e06f0ad
7ecb3767
cde8c031
4cc0a58b
e16365f5
3e0a83ef
d31325f9
2e11b693
7ec6843d
353b6177
3e0244c1
a6cce89b
d7156b85
6f2fefff
50fd3c89
3e065ba3
79c93bcd
7e7e4f87
b3cf2d51
a0162fab
3e0f1515
e760a00f
7ee73719
173884b3
0778175d
3e050197
930879e1
43ed7abb
1d1962a5
7e9d941f
3e0a15a9
018931c3
7fc00000
b5c077a7
9be72a71
3e03c9cb
7e9d5435
c007cc2f
bd1ed839
a1d962d3
3e0e3a7d
a001b1b7
d5543f01
7eca1cdb
5503e9c5
3e00483f
c53e7ec9
be1a17e3
c5c7820d
2899afc7
3e08b791
6bb173eb
9d862355
d728084f
9e020959
3e0c50f3
8ca0ed9d
7ec971d7
5cbd9421
ffeacefb
3e0d00e5
27600c5f
07f277e9
d3710e03
7ea37d2d
3e01f7e7
cfcbd4b1
23072e0b
0b018275
22c9546f
3e08ca79
7ea94f13
d1a830bd
c53441f7
dd8c7941
3e07911b
81aca805
22c4e07f
7ebe0109
96161423
3e08084d
59315007
042881d1
c16cf82b
47d77195
3e03b08f
afeb1b99
afe85d33
e15c03dd
d1ca2217
3e08ee61
cf18633b
7efadf25
f336c49f
d0e91a29
3e012a43
23fd236d
8cffb827
0bd6bef1
7eead24b
