80000000
bf800000
3f800000
ff800000
7f800000
ff800000
3f800000
00000001
007fffff
3f800000
3f800000
4b800000
00000001
00000002
7f7fffff
ff7fffff
00000001
bf7fffff
00000000
80000000
80000001
c0000000
7f800000
94b80b02
2f342584
3f185d56
d4c0aef8
0001caea
753635ac
7e8367be
6367eda0
9b5187d2
00014ad4
c9f7bf26
dedf0148
4cbde1ba
7ef904fc
0001038e
de2089f0
58dd78a2
7a4f0424
8ed6d4f6
00012798
7e97ec8a
874ce84c
e130d35e
2b117a40
0001dd72
dd6f5174
b4729ec6
7eda21e8
4ebfeb5a
0001df9c
da95d72e
a19fbe90
01c0b642
7d7832c4
00011c96
1480f038
bb02de2a
233beaec
a9eb0efe
000156e0
07b20312
7edea814
bd144e66
b6349288
0001c4fa
59410a3c
340d7ace
db684330
7ec9c3e2
0001b164
5dd43436
c0fa08d8
decd9fca
5cab3d8c
00011a9e
7eac8380
8374f8b2
7dd84eb4
7ac4ce06
00015328
612f6e9a
830f84dc
7eedee6e
6fa217d0
0001a182
ba958004
8ae31bd6
e60e7178
f1e0316a
0001e02c
0ca5f63e
b4ee0020
2779be52
17044554
00011da6
47a763c8
7eece83a
7d5a4f7c
039f320e
00013c70
84ed4f22
add99ea4
b0dcd376
7ee62a18
0001930a
daaad2cc
7676a1de
785cccc0
202853f2
00018bf4
7ef23d46
3a8fc468
e98e31da
0dc96a1c
000145ae
5c09b110
b0d7ccc2
7ecc0d44
28a95b16
000132b8
7f800000
2a8b156c
bc741d7e
3020e960
0001b992
4e932294
e33f2ce6
7c777508
b1fb4b7a
0001d4bc
3214294e
7e8775b0
7d881a62
a314cbe4
0001b2b6
307f8b58
84d6c64a
2e8ba80c
7e86691e
00015600
8522ef32
8a460934
6a3aec86
5c8675a8
0001351a
7eb48f5c
6527dcee
18168a50
b9663802
0001da84
755ada56
e39133f8
7e9897ea
de548aac
000184be
794912a0
0e3ef4d2
bacb3fd4
a4cd7c26
0001c648
7258eeba
a88099fc
0eac608e
cadeeef0
000125a2
1c493924
7e8fd1f6
09062c98
ddaa398a
0001bd4c
de89705e
9afd1f40
25a4ca72
7ecac674
0001dbc6
d7ba66e8
0919785a
da10f49c
da89b42e
0001a390
7ecbe342
3f84e7c4
48379996
02067538
0001ab2a
03df3fec
404a2bfe
7ea67be0
bbbc7012
00019d14
a4570b66
b52f5788
44c5d1fa
2a0d9f3c
0001d7ce
26bba830
642370e2
1eb6e664
aaba3136
00010dd8
895cecca
7ef1128c
57bfb79e
776d2880
0001e5b2
73d8c3b4
a31e0b06
b56b9828
7ec5fb9a
000199dc
0ceecb6e
041ffcd0
7cc8ce82
ac873504
000198d6
7ec8f678
114dfe6a
e86b352c
d2d2133e
00012520
e9a12b52
7f800000
7e9bdaa6
cb9728c8
0001f53a
afebe47c
4f468f0e
855da170
58a3fc22
0001d3a4
366fd076
99db2f18
132ee00a
b1f5a7cc
00013ede
9cf271c0
7ebe40f2
d8b000f4
b5387a46
00010968
8761beda
1d1d7f1c
6b9722ae
7e9c9610
0001f9c2
02a2c244
1d72d816
3c98b7b8
e26791aa
00016a6c
7eed3a7e
f5010e60
2b2d2692
8feb1794
0001e9e6
aa5c3a08
4ccd587a
7edb69bc
91c8864e
0001dab0
679bc762
143e00e4
9a70afb6
84a99058
0001134a
21db7d0c
f0c6061e
6cccfb00
acd5dc32
00017e34
5f6e2986
7ec5baa8
762cc21a
2c4da45c
0001b9ee
bdbe6f50
83886502
67178f84
7ed15756
0001b8f8
7a8064ea
6386dfac
d55ba1be
827e37a0
000161d2
7ec834d4
5f573926
7abe8b48
b8e7fbba
00012efc
3f6dbd8e
cff153f0
7ecad2a2
51d76e24
0001cef6
bd653198
2e30868a
09e2924c
0f160d5e
0001c440
bbf4b772
acba3b74
a8ff18c6
b9eeabe8
0001055a
c0ef099c
7eb1912e
aac58890
d04b1042
00019cc4
625b1696
5c5ffa38
84d8782a
7e9694ec
000148fe
a430a0e0
763add12
758e9214
df4dc866
00011c88
7e91defa
3fee343c
7f800000
9e630d30
00011de2
adaa1b64
08542e36
7ece12d8
15e039ca
0001e78c
cd99549e
d081cd80
06dad2b2
866d38b4
00014806
7e14dd28
fb50889a
d841aedc
a9a3a86e
0001e1d0
e7a4fb82
7e8cea04
30d015d6
49577b78
0001cb6a
b9a78a2c
3a32303e
db584a20
7ebc9852
00012f54
a17f97a6
d55aedc8
c98b023a
fb91797c
0001ec0e
7e9a0670
d3cea922
6cf608a4
40b6cd76
00013418
88af2d0a
37547ccc
7e8fdbde
66dc16c0
00012df2
06e975f4
7732b746
92f84e68
08294bda
0001941c
11d8ffae
9b837b10
8cd626c2
1f0d7744
00015516
2b5c3cb8
7ec65eaa
9ff9bf6c
379a577e
00013360
36e59392
6bd70c94
cd2ca6e6
7e94ff08
0001657a
8dc5febc
a3b0e34e
a3d63fb0
2d237462
000135e4
7ee4acb6
b7a79558
51dd604a
973f520c
0001a31e
ac8ba000
5cfcc932
7eeef334
4a556686
0001ffa8
00314f1a
c3fab95c
929196ee
c1ba5450
00019202
31674484
d9fbd456
dbae3df8
c1dc31ea
000134ac
fb55bebe
7e875ca0
3b75ced2
fa5929d4
0001f626
256c5048
f06b08ba
13cbc3fc
7ee31a8e
0001b8f0
512f7fa2
6af9a324
889dcbf6
7f800000
0001d38a
7ecb674c
42d6aa5e
42d06940
0eb8a472
0001b074
59d355c6
13f6f0e8
7ea8925a
d2e11e9c
00016e2e
32d66d90
cdbe3d42
cc5a51c4
23329396
00017f38
45b1452a
e561e9ec
44a465fe
ce0ec5e0
00014a12
1cc48714
7ef88566
d8a0e188
a851ebfa
0001c93c
407891ce
925e7230
2332cae2
7eb15064
00012b36
7db617d8
545786ca
0bb8bc8c
3aa6f19e
00017280
7ebbbfb2
0595adb4
ecec8506
52922228
0001159a
d978c3dc
da8c856e
7e97c6d0
2ff52882
00019f04
c3d492d6
4c3a0078
5405986a
9ef7df2c
00014d3e
678b6f20
ed4c0552
c8592454
119754a6
0001b2c8
07880f3a
7ecb0e7c
f131490e
742a6b70
00015622
75e23da4
9fb1ca76
7c413918
7ea37a0a
000151cc
6eea78de
2619bbc0
ffc61af2
f5b6eaf4
0001f446
7eea9368
3be4d8da
1501a91c
404edcae
00016010
ad0353c2
710c2c44
7ea1d216
fef3c1b8
00012baa
0ecf146c
a4fb747e
5cbd5860
81120092
00010194
6bb163e6
a3a1c408
094d727a
414493bc
0001404e
f3fba4b0
7e9f2162
f54c6ae4
8b0ca9b6
00019a58
774ead4a
deb7270c
bee1401e
7e9e4500
7f800000
36e16834
faf0a386
3a4044a8
f129dc1a
0001ce5c
7e9473ee
740a3950
4828bf02
854af984
00015156
64fac2f8
fd2bfeea
7ea789ac
7a83dbbe
000181a0
95bf3bd2
cffe1ed4
b386b326
cdee1548
000115ba
bb0f58fc
638c778e
63121df0
4d882ca2
0001d824
3ff2c8f6
7e9f3b98
9919208a
e4c83c4c
0001475e
1ab80e40
edf09172
de552574
7edb92c6
000135e8
59de1f5a
5fe7339c
fb9d4b2e
7d3b5290
00016a42
7ea306c4
5abe1096
978f0438
ae7e122a
00013eec
529f82fe
9f40eae0
7e93b712
568e7c14
00014266
9d17a688
2185f8fa
7aeb5e3c
03aeeece
0001d730
b7e877e2
c24c8564
35a42836
54f21cd8
0001d3ca
7a3a918c
7ee88e9e
76a71780
4c10acb2
000122b4
ae61c206
82e36728
9141a29a
7ec3d8dc
0001626e
4791abd0
25b95582
2bd45404
418d0fd6
00018578
7ecf656a
e85c342c
2c8e6a3e
af129420
00017252
bb481954
e96311a6
7ede77c8
6e791c3a
0001a37c
e774a60e
940ed070
00800322
5a6272a4
0001c776
a5b23e18
758bc70a
8c4e26cc
cd7915de
000160c0
733807f2
7e985ff4
c0433146
6ab0d868
000165da
7f800000
c6f8b9ae
444d4510
7ea480c2
0001e144
b4074f16
075f46b8
62dff8aa
b5b8696c
0001917e
7e997d60
d9b26d92
336af694
e5ea20e6
00018908
cafb7f7a
81d728bc
7e9d9d4e
387509b0
0001ce62
05319fe4
0068a6b6
fa1f9f58
86b3fa4a
0001fc0c
44bcdd1e
9804ea00
96a6a332
cee7dd34
0001e086
767b89a8
7e96691a
3890e35c
b0cb50ee
00011e50
e2a6ec02
b2c2ae84
496cce56
7e9b47f8
0001cbea
bb95deac
22e5f8be
7215a6a0
327ca8d2
000113d4
7eac7026
c443da48
724d22ba
c366edfc
0001d48e
912082f0
f954d9a2
7efa0d24
03fbc5f6
00014098
537b6d8a
1b59114c
f3f3e45e
5ff3b340
00017e72
e4009a74
3897cfc6
6f837ae8
e007ac5a
0001489c
1c61282e
7ef43790
05009742
cf7fbbc4
00018d96
18648938
8f3edf2a
073493ec
7ece9ffe
00010fe0
ec6e2412
72ec7114
a669ff66
43626b88
000105fa
7e87f33c
01194bce
2f513c30
301224e2
0001ba64
a55a2536
d30221d8
7ea220ca
b2d0668c
00012b9e
63b7bc80
df5999b2
89a297b4
ed8aff06
0001ac28
62a82f9a
1922eddc
38fa3f6e
955f90d0
00018282
44160904
7f800000
847b0a78
068d326a
0001892c
578a873e
01edb920
5ac6df52
7ecb0e54
0001cea6
359e3cc8
ce5e293a
94fa387c
0bec030e
00013570
7e86b022
6a76a7a4
9bc3c476
09f74318
0001140a
fbe8fbcc
b73bb2de
7e9105c0
ab1df4f2
0001d4f4
e7596e46
8e4b1d68
fc37f2da
9935d31c
000196ae
c8302a10
61b9adc2
f5c59644
83a0cc16
0001cbb8
8d9ac5aa
7eb5be6c
ef59ae7e
01c9a260
0001da92
bf12eb94
0bd6dde6
84374e08
7e9d8c7a
0001bdbc
26a1fa4e
c1426eb0
c2727b62
94aad4e4
0001a3b6
7e99a458
500d474a
23e2d10c
49cc7a1e
00018f00
c0299032
1b825234
7ec31d86
868acea8
0001f61a
b579f85c
82362dee
23a60350
62991902
00016384
8d334b56
220fccf8
8fa798ea
d11833ac
000115be
689acba0
7eae15d2
770408d4
46862d26
00019f48
5cac2fba
7cd282fc
a07b318e
7e82e7f0
000186a2
2bd84224
a4b8c2f6
2b294598
7bd1ba8a
0001e64c
7ed0815e
62835840
91bc6b72
f2400f74
00010cc6
1107bfe8
2125395a
7eaf5d9c
4d59052e
00011c90
decfc442
e57070c4
6df10a96
460e0e38
0001ac2a
b83be8ec
9631bcfe
7f800000
e0bc9112
00016614
5030bc66
7e813088
b2ca12fa
8a38883c
0001a8ce
7848a130
5bafd1e2
353eef64
7ec42236
000126d8
5b756dca
057a3b8c
6d07c89e
221c6180
000186b2
7e870cb4
7a683c06
3701f128
a302bc9a
000102dc
067f1c6e
598175d0
7e9daf82
2debbe04
000109d6
59d98f78
f1beff6a
e760de2c
63baa43e
0001de20
61324c52
94e20354
10168ba6
76b201c8
0001363a
64efcd7c
7e97600e
b4d39a70
8b015d22
0001dca4
d8dac176
f9104818
7a38610a
7e97d0cc
00014fde
43caaac0
7777e1f2
659749f4
d023ab46
00016268
7ecf7fda
57ede81c
1ce873ae
d6670f10
0001dac2
c8804b44
51ee4916
7eb250b8
684992aa
0001136c
6c56cb7e
d34dc760
f64f4792
254ee094
00019ae6
53401308
2533997a
ea3852bc
215a574e
0001d3b0
15ca2862
7eb809e4
f53ca0b6
77e7a958
0001944a
c196a60c
9e10171e
28ce3400
7ea07d32
0001c734
cefa5a86
ba6e13a8
4dcb831a
c9770d5c
00010aee
7ef1e850
97ff4602
da6e1884
43adc856
000151f8
86d365ea
92ae88ac
7ec632be
e273f0a0
000182d2
e864fdd4
8f93ea26
da6b6448
7f800000
000117fc
30408e8e
46394cf0
9f4a33a2
f34a7724
0001bff6
3dac4a98
7e9c078a
aab6bb4c
71e11e5e
0001fd40
f6505872
59138474
7e2c49c6
7ee004e8
0001c65a
0971729c
5e84e22e
0a620190
a212f142
000125c4
7e988796
708b9338
f89c792a
e9573dec
0001d9fe
1ecf59e0
eb7efe12
7ee45b14
5dab7966
0001f588
6ada1ffa
a97d1d3c
ea8a05ce
7d940630
00017ee2
fa162464
46e21f36
039e2bd8
81bcbaca
0001108c
d6e5659e
7ed50680
f74773b2
7fff81b4
00017906
5acf3628
2251499a
151d17dc
7eb7f96e
00015ad0
37bddc82
39557304
5aee86d6
c00c1478
0001cc6a
7e81332c
211ec13e
09a00320
b211b952
0001f854
fefe48a6
cd99c6c8
7e84433a
ddf9627c
0001bd0e
55b3ff70
7b700a22
4d5b11a4
aaa5be76
00014d18
0d7cae0a
f55aa5cc
6c5cecde
f8584fc0
0001cef2
76b4bef4
7ea1e846
d4fba768
485b0cda
0001fd1c
8c2e50ae
bef1f410
1c4007c2
7ecf0044
0001c616
7d99d5b8
c2ec5faa
1aec686c
8e87e87e
0001ec60
7ecbb492
b61ed594
9acc57e6
cc1cd808
0001a67a
b206e7bc
de46b44e
7ed938b0
5495d562
7f800000
14b49db6
b509ae58
509be14a
715e7b0c
0001b41e
b730d900
3c8b6a32
12733c34
b6659786
000158a8
fa94101a
7e88225c
b9a7e7ee
4c91cd50
00017302
74a1cd84
3cdc4556
8274d6f8
7ef332ea
0001ddac
33444fbe
2fa115a0
b76cefd2
d859f2d4
0001a726
7ebd2948
944649ba
42e5acfc
7639eb8e
0001b1f0
3972e0a2
2e50ac24
7ecebcf6
53034f98
0001548a
a383904c
e5a5bb5e
df9ea240
27584572
0001f974
6f8486c6
cb8c49e8
143c535a
a2c7879c
0001bf2e
7e16e690
7eca1e42
ca0ddac4
1bf40496
00011838
2139462a
ea8692ec
ce93f6fe
7ed17ee0
00016b12
377e5014
9eda3666
a13aba88
d7de2cfa
0001b23c
7e9062ce
8f336b30
0d472be2
86815964
00011c36
562a30d8
69f807ca
7e89e58c
47f7029e
0001ab80
1bec60b2
ce0bf6b4
bd3eb606
1a707b28
0001d69a
c1b82cdc
ee24d66e
84c13fd0
03520982
00012804
a37703d6
7e929978
fbfe996a
36b5882c
0001de3e
5e772820
1d652652
c8cbed54
7e9a05a6
00018bc8
e3c5503a
5016f77c
ae8a1a0e
16e86470
0001b722
7eab46a4
e124bb76
b7be5218
16b4fb0a
00017acc
7f800000
3239f4c0
7e87bbf2
d86633f4
00012546
9811ec68
2ada99da
5e9a121c
93a82dae
0001d910
c3b134c2
1eb1b544
2aa54316
79555ab8
00012caa
c225bd6c
7eed057e
04521160
0cbc2192
0001ca94
a3d514e6
3ecd9d08
b33bb37a
7ee97cbc
0001114e
15a29db0
4ed58262
608e73e4
0ce09ab6
0001b358
7ed12e4a
833a500c
7433511e
dee77e00
00015732
5cc9b134
7384d486
7eb09da8
1e509d1a
0001375c
bfaec4ee
1685b250
6327a002
28698284
0001c256
17e55bf8
e106ffea
5a1732ac
a0766cbe
00013aa0
7dfa5cd2
7ee2e7d4
30cb6426
e7e2ee48
000156ba
ef8d41fc
4267488e
dca216f0
7e8f8da2
0001e124
d327b9f6
bb2e5498
a88ca18a
d264654c
0001585e
7eaa4740
f4d43272
70766e74
aa90c3c6
00018ee8
6635e05a
47319c9c
7ef89c2e
441fcb90
00014b42
38ba8fc4
d5038196
fc029d38
01ca132a
0001e7ec
8e9313fe
7327a3e0
845fd812
fe2c4514
0001f366
eed57f88
7ed639fa
a742473c
7ccabfce
0001d030
3340d8e2
2a808e64
ab3a1936
7e8a35d8
000154ca
b9efba8c
903c9f9e
65425080
11054db2
00016bb4
7eb7f306
7f800000
1dca639a
4d6741dc
0001b36e
8bdf24d0
8c5a3682
7ee4dd04
e6b380d6
00011e78
bb0c666a
247ddd2c
ef82fb3e
fea24d20
00019352
ec9ee254
a3e9c2a6
fce550c8
477a5d3a
00018c7c
abd1770e
7ef0c970
c2a96422
9e8f7ba4
0001b876
27535718
65e1480a
271c4fcc
7ece26de
000199c0
773da8f2
daaba8f4
34ba6246
dafc3168
000126da
7e8e271c
03560aae
5f03be10
5c9661c2
00016a44
d50ec016
39e4dfb8
7e8df9aa
3173126c
0001227e
03d23660
dda08e92
977abf94
9891d1e6
00016208
f5adc07a
f8e011bc
debb6e4e
cfc002b0
00012f62
0e57a8e4
7ec097b6
bbc9b858
f8fa7b4a
0001250c
9612ee1e
eff22300
5abd4432
7eb42634
00011186
4d0fe2a8
89012a1a
afe64c5c
21e9a1ee
00019750
7ee9cd02
45c53784
37553f56
0629e0f8
0001ccea
ffe987ac
46dc89be
7ef75fa0
96fbc9d2
0001dcd4
28f52126
135cb348
0fb063ba
8d48d6fc
0001a58e
e4547bf0
0c203aa2
3f191624
06b4b6f6
00015998
a8b2ee8a
7ed93a4c
46caf55e
1209ec40
00011f72
c105e374
ff5100c6
e560d3e8
7ea36d5a
0001b19c
f340792e
ac7cb090
7f800000
64fb44c4
0001fe96
7efc2238
6a4ee02a
9d213cec
7bc630fe
0001c8e0
b27e4512
376e3a14
7ed3b066
ae444488
000146fa
25c2dc3c
cd391cce
176e3530
4cae85e2
0001c364
ce741636
ffbe3ad8
c04aa1ca
94e98f8c
00013c9e
88f6f580
7e923ab2
9fe0e0b4
f6e53006
00010528
39f4f09a
082a56dc
a69a906e
7ed109d0
00016382
450a9204
f4a3fdd6
779ba378
b60e336a
0001322c
7e83183e
3a217220
83680052
d705d754
00017fa6
754915c8
b4236a3a
7e8e217c
e74cd40e
00012e70
b9741122
3887b0a4
bc3eb576
61bc5c18
0001950a
5d1b24cc
e014c3de
75f93ec0
b56795f2
00011df4
44549f46
7eba7668
78b5b3da
31963c1c
0001e7ae
b68aa310
b6ef8ec2
cb331f44
7eac3d16
000164b8
f28cc6aa
b8d4676c
f4533f7e
b2a65b60
0001fb92
7e86b494
49028ee6
51ab2708
f513cd7a
0001a6bc
c243cb4e
5e3167b0
7eb0dc62
cbb4dde4
000194b6
2567bd58
9417c84a
0d2dfa0c
47268b1e
0001c800
8e843132
1f329b34
aedf4e86
304327a8
0001b71a
4033615c
7ed87eee
a5697c50
c41ffa02
0001ec84
d89fbc56
9d4265f8
8b0a99ea
7f800000
0001a6be
2b2084a0
d27136d2
bfb0d1d4
50d2de26
00017848
7ed370ba
6c186bfc
ad5e028e
d45ae0f0
0001e7a2
b4db4b24
26f5b3f6
7e805e98
26cd3b8a
00010f4c
d42b925e
773d9140
a5280c72
aa295874
00013dc6
3e0918e8
cb04fa5a
f141c69c
a53c562e
00019590
0da7a542
7ecff9c4
1b3e7b96
3ac9a738
0001ad2a
ee8c91ec
662d4dfe
e4cfede0
7e90b212
00012f14
b89e6d66
2f870988
7ca253fa
b957713c
000179ce
7e899a30
299032e2
f93af864
52621336
00013fd8
ce61eeca
19f7648c
7ee3d99e
0dff9a80
000127b2
c3a955b4
38466d06
204c4a28
d5137d9a
00016bdc
b9236d6e
0d16eed0
16c69082
f6c44704
00017ad6
411e2878
7e84006a
1c4a872c
42b7353e
00019720
1e176d52
d800cc54
67a53ca6
7e80dac8
0001773a
9ce7b67c
30fc310e
3c7d9370
a7b2be22
0001e5a4
7ed9b276
b6f96118
1615e20a
112df9cc
000160de
1fd6e3c0
980582f2
7ef292f4
25a2dc46
0001bb68
841140da
6fb2511c
5b4dc4ae
28658810
0001bbc2
09d1d444
b5fdba16
497fe9b8
6cff93aa
0001bc6c
cb545c7e
7ece8060
1ac56892
e326a994
7f800000
91d7ec08
816dda7a
f4093bbc
7e80284e
0001ccb0
c24c8962
e8a612e4
299c91b6
3dd9c258
0001154a
7ec5cf0c
576e281e
0e036d00
9abf1e32
00011034
cd1a8b86
c74a6ca8
7ebe441a
f794765c
00015bee
0a596150
b4ca2702
fd38a184
fc9e3956
0001eaf8
a5fa66ea
5fca31ac
7f44c3be
e59da9a0
0001a3d2
c9f5c6d4
7ee49b26
43cc3d48
4eea7dba
000100fc
ec275f8e
fcb545f0
1c9d94a2
7eb18024
0001b0f6
04a76398
f2db888a
c37ee44c
b4c02f5e
00013640
7efff972
7be0cd74
35ed7ac6
de855de8
0001875a
96e7db9c
476c332e
7eb27a90
902ed242
0001aec4
4869f896
056b2c38
13347a2a
500be6ec
00016afe
30a212e0
e2171f12
41ae2414
e89d2a66
0001ce88
dd7660fa
7e80063c
8cb1d6ce
90f8ff30
0001dfe2
c3f62d64
07041036
c4a244d8
7eed3bca
0001398c
9445769e
445c3f80
f30814b2
2405cab4
0001aa06
7ebd8f28
bf260a9a
4aec80dc
afe04a6e
0001d3d0
b82abd82
5a11fc04
7ea0f7d6
2b74ad78
0001cd6a
c64edc2c
a61f523e
c31bbc20
133ada52
0001c154
bd10f9a6
b78c9fc8
e851843a
13554b7c
00018e0e
7f800000
7ee56b22
df341aa4
ea28af76
00016618
171e2f0a
9354cecc
953dfdde
7e8888c0
00016ff2
c4f407f4
a8a51946
c2b30068
9260cdda
0001661c
7e97a1ae
04946d10
effde8c2
4e048944
00013716
388b6eb8
776660aa
7ed3116c
5789797e
0001a560
2705d592
f8da9e94
1d0008e6
0bd8b108
0001e77a
dd3bd0bc
5ff0854e
381031b0
ca5c3662
000147e4
a4988eb6
7e9fc758
682e624a
df71a40c
0001c51e
bb0a1200
4f6e0b32
33eb8534
7e89c886
0001b1a8
92cad11a
26098b5c
91d238ee
ed9d4650
00015402
7ed05684
7350b656
05ef6ff8
04de33ea
000186ac
b146e0be
036ecea0
7eb810d2
e2cebbd4
00015826
e8c20248
9ff58aba
2cf395fc
f124bc8e
0001aaf0
840a41a2
0b1bb524
6d93adf6
d8226898
0001d58a
eaafb94c
7e88cc5e
69a0db40
874be672
00014274
b7c9b7c6
16d5a2e8
9ba4145a
7ea1f09c
0001102e
d38b5f90
dc29ff42
7b3563c4
3c497596
0001b138
7e95472a
119f3bec
729787fe
f3c837e0
00018c12
b2ac1914
5c4fe766
7e889388
033e6dfa
00019b3c
9bbc33ce
903c6430
6daf8ce2
e6456264
00010d36
b95249d8
7f800000
624f0e8c
595b139e
0001e480
49f101b2
7ef63fb4
1424e706
ea02d428
0001979a
72eb95dc
5ad1276e
e79eb8d0
7e82ea82
0001b104
fead74d6
869f3278
2ecb9a6a
a467312c
00016f3e
7e96e120
32d24752
5db2b654
ca30b6a6
000164c8
4fd6913a
12d6e07c
7ef6eb0e
b1da5d70
00011822
8be84fa4
482bac76
f1ef6b18
9e1a7c0a
0001a3cc
18a09ade
138e2dc0
8a9d5cf2
69897cf4
00015646
24ed4568
7ea45ada
25267b1c
14157eae
00015210
6eb315c2
e7cb3e44
11bcb416
7eeaf3b8
00012daa
ff70666c
68f2967e
fb1aca60
91ba4292
00019394
7e8cc5e6
0fad7608
80fdf47a
238265bc
0001e24e
237d96b0
9ddfe362
7ec47ce4
08488bb6
0001cc58
4127af4a
8bb1790c
d599621e
9164b700
0001f832
6525fa34
1aad0586
50d4f6a8
394b5e1a
0001a05c
84dd15ee
7eb52b50
267a8102
1afc0b84
00013356
7783f4f8
77b600ea
effadbac
7efcfdbe
0001f3a0
73897dd2
5a3bb0d4
06a41526
ab8bc748
000197ba
7eff2afc
8c56198e
36660ff0
eaeaeea2
0001ea24
33f0aaf6
8e716d98
7ed4228a
d7f48e4c
0001695e
96d08040
930bd372
7f800000
9359f4c6
0001e7e8
f461a15a
1370059c
9c67ed2e
e5384490
00012c42
bdc618c4
7edcf296
812a3638
9bea142a
000190ec
349aa4fe
7e425ce0
eb7ff912
7ebe0e14
0001a466
5e475888
bdfa7afa
128d303c
34fa90ce
0001c930
7eed39e2
b0289764
42640a36
24d64ed8
0001d5ca
c598e38c
05a4b09e
7e918980
814deeb2
0001b4b4
4ea22406
e09c1928
c027249a
09feaadc
0001046e
9e609dd0
c34f1782
75696604
576df1d6
0001b778
399d676a
7e93862c
f08b8c3e
79660620
0001b452
8269ab54
5f0473a6
d12029c8
7ecf9e3a
0001757c
8342480e
c506c270
5f26c522
343084a4
0001a976
7ea87018
7b0ac90a
41de78cc
773737de
0001d2c0
3a9749f2
3eb2f1f4
7ec59346
96fb8a68
0001e7da
3c7e901c
bcc75bae
3bee3710
eedc42c2
0001f344
15aa3116
751e78b8
7c0ffaaa
0721bb6c
0001b37e
873eef60
7ee2af92
93fe8894
9fcd82e6
00013b08
9434017a
16dcfabc
866d3f4e
7ebefbb0
00019062
9cf1b1e4
24ac88b6
c027d158
2414fc4a
00014e0c
7efcff1e
e1135c00
f227e532
1af46f34
00014286
e3583ba8
36bfeb1a
7eafb55c
7f800000
00011050
4780ae02
f83bc084
98d1b056
d1ec79f8
0001cdea
523130ac
50e71abe
a90d18a0
58ceead2
0001a5d4
0d51d226
7ea98c48
b4e7a4ba
b21ebffc
0001768e
e7bc74f0
213f9ba2
afac1f24
7e81a7f6
00017298
4abe6f8a
db4d634c
69b6065e
51542540
0001c072
7eff2c74
989e31c6
8ef22ce8
58132e5a
00011a9c
ef33ca2e
29392990
7efc5942
4deacdc4
00016f96
d247bb38
dc32e12a
f501e5ec
33d1c1fe
000181e0
e9e26612
fc640314
4ed16166
06da1d88
000187fa
1a71c53c
7eecedce
a3bf2e30
7f9ee6e2
0001cc64
69220736
572e53d8
3a4722ca
7ef6b88c
00014d9e
2f6a2e80
691edbb2
d09329b4
26d36106
00015e28
7e95b19a
6025bfdc
0d4ee16e
9b7682d0
00014482
cd731b04
8ae26ed6
7ef03c78
9063346a
0001db2c
778fa93e
6d892b20
315d2152
fdb4a054
000130a6
16a7eec8
c9bcab3a
ed160a7c
25c1a50e
00012770
4b357222
7e8cb9a4
a24da676
58357518
0001160a
0e414dcc
8101d4de
9c9577c0
7e8536f2
000166f4
1be3d046
68ddcf68
ef0774da
e6eaa51c
000138ae
7e991c10
40796fc2
5c14a844
684bae16
7f800000
1652c7aa
b6e7106c
7ee0d07e
52b71460
00011c92
b96e7d94
2ac23fe6
f4d30008
745e0e7a
00018fbc
94f99c4e
875460b0
e7433d62
5832e6e4
000185b6
b3e9d658
7ef6494a
fa6d230c
90949c1e
00010100
8032d232
a556e434
3f0f7f86
7eaf80a8
0001781a
9be0ca5c
7f8ecfee
ad60f550
6dfadb02
00017584
7ea02d56
6528fef8
d9419aea
307b85ac
000137be
d0da3da0
708857d2
7ed19ad4
53b38f26
00015148
18ceb1ba
865254fc
c554d38e
1166d9f0
000148a2
c7525424
16c6a4f6
e38b7798
6e9cbc8a
0001384c
b71aa35e
7eabca40
efe7ad72
1886a174
00016ec6
6ebe71e8
96b8bb5a
3c482f9c
7eb3a72e
00010e90
98d38642
7ba382c4
e01fec96
f0394038
0001ae2a
7ed13aec
403cdefe
2932a6e0
4eb8d312
0001f814
6da01e66
0140e288
7ece94fa
c76a5a3c
00014ace
57fe9330
5dc493e2
7aab0164
00940436
000158d8
72226fca
9a688d8c
53d3ea9e
4b16d380
0001c8b2
433f9eb4
7eb89e06
814aa328
bcf83e9a
0001d4dc
b4dbbe6e
2ee067d0
44437182
7e90d004
0001ebd6
5d16c178
031d016a
9728302c
ffc7c63e
00015020
7f800000
1f939554
5fc7eda6
4203b3c8
0001b83a
67d39f7c
e675020e
7edb8c70
3eb81f22
0001eea4
3e6ca376
e3967a18
76c7630a
e8b822cc
000171de
41171cc0
17e723f2
bac1dbf4
45b60d46
00011468
292701da
7eeaba1c
b6c715ae
dc980110
00019cc2
d6975d44
d9a12b16
450182b8
7e8994aa
0001656c
dc65ed7e
ad833960
288f8992
d9727294
0001fce6
7ea3c508
f17c1b7a
44ce24bc
b5b9f94e
0001c5b0
fd22ea62
03081be4
7e9082b6
e67fdb58
0001964a
5ce8f80c
ace0391e
2c6ca600
f6b1bf32
00015934
e9cebc86
33dac5a8
7685051a
c6a5df5c
0001acee
a9f4da50
7ee90802
df772a84
c922aa56
000183f8
67f567ea
dad9daac
555754be
7efb62a0
0001c4d2
17fa8fd4
a9c94c26
c6e11648
cda9beba
0001e9fc
7ea2308e
03653ef0
3c44f5a2
228c8924
0001a1f6
22567c98
f06f098a
7ebb0d4c
67b3405e
00016f40
e1039a72
25221674
6042abc6
265eb6e8
0001485a
7952449c
f567842e
8836f390
2a9eb342
000137c4
0ecf6996
7efec538
64a07b2a
18b48fec
0001fbfe
e9a8cbe0
ea034012
906bed14
7ea2db66
0001a788
8be6a1fa
7f800000
5deda7ce
e891f830
000140e2
7eca3664
d8ba0136
505a5dd8
bbf1bcca
0001628c
95b9879e
a8177880
7e9cb5b2
828013b4
0001db06
cb5fe828
61cecb9a
89afe9dc
509c9b6e
00014cd0
f8eb9e82
a2428504
c1e768d6
9b914678
0001ce6a
6590852c
7eb3e33e
17cb7520
99b7fb52
00018a54
6bb7aaa6
a33378c8
e772c53a
7ea5347c
00015f0e
2083f170
09aecc22
328123a4
8f3fa076
00017f18
7e93b00a
2142f7cc
d6330ede
3aecc1c0
000110f2
01a750f4
213c4a46
7e9e5968
763a8eda
0001cf1c
a814f2ae
7c6ae610
980fc9c2
e6ae1244
0001a816
6c3107b8
8ab461aa
4eadba6c
229f0a7e
00015e60
2d13f692
7e8a6794
e3c7b9e6
c1488a08
0001287a
1f64b9bc
b8ae564e
bc7b2ab0
7ef69762
000150e4
ee107fb6
a7e9e058
2894e34a
f178cd0c
0001d61e
7e974b00
25a4ac32
77d7ce34
ba41f986
00010aa8
58d5921a
f87ef45c
7e9089ee
b4dcbf50
00013502
8972df84
0d592756
761e08f8
4a9d34ea
00012fac
055d71be
5a7087a0
775731d2
29b784d4
00010926
20fadb48
7ef8cbba
e1f57efc
17238d8e
0001a3f0
c0f5a2a2
115abe24
7f800000
7ef58198
0001568a
89cfe24c
4b7fdd5e
f0d71440
be938772
00018b74
7ea2e8c6
05d2fbe8
e4dfd55a
9170599c
0001612e
4333d890
95dde042
7ed0ecc4
1432e696
00014a38
4cc5482a
6aabe4ec
c0af18fe
b172f0e0
0001ad12
9e4de214
06599866
2b8a6c88
ba72aefa
0001843c
3ffc04ce
7ef95d30
d46bede2
a37d6b64
0001fe36
b72e62d8
e7b509ca
9788378c
7ed3249e
00011d80
6349a2b2
de5488b4
819f1806
d1492d28
0001589a
7e92fedc
b091786e
58b031d0
bb07cb82
00013a04
6577e5d6
dadfcb78
7eec9b6a
f80cda2c
0001003e
6dea9a20
bd936852
970d7f54
3f5b67a6
00013dc8
dbbbd23a
088ac97c
0277bc0e
55005670
00017922
e91958a4
7ec69d76
3ad48418
8a53fd0a
0001cccc
c199abde
da1666c0
0706fdf2
7ea0c5f4
00018746
3d7c9e68
a6421bda
78a6e41c
5196cfae
0001cb10
7e88f6c2
dc58c744
58682516
28348cb8
00012eaa
d6af0f6c
fe0c277e
7e978360
a00c6392
00015c94
b1d876e6
26414f08
0294357a
e70f4ebc
0001b34e
2d8c8fb0
1b3e4462
676e85e4
0d447cb6
0001e558
5352304a
7e9ca20c
7313731e
7f800000
00019932
5ff64334
80693686
d3ad4fa8
7e9a1f1a
0001095c
db1f66ee
1e18a450
22216202
6d029484
0001a456
7ed68df8
513901ea
d3d284ac
3e978ebe
0001aca0
066c9ed2
2a0879d4
7e90c626
28e8a048
0001d8ba
096513fc
d158ea8e
805e08f0
551a4fa2
0001f324
f24d9bf6
58688698
4defa38a
0578b74c
00017a5e
00aab940
7e977472
e8150074
8eb725c6
000140e8
9461625a
d4a26e9c
3c6b3e2e
7e84bd90
00010d42
d645a1c4
c04a6396
3705cf38
0cde152a
000139ec
7eb635fe
d09115e0
03f41a12
eec3d714
00015566
fb6d3188
8df2bbfa
7ecc193c
bc3e61ce
0001c230
0ced9ae2
6344a064
8b21fb36
24d667d8
000156ca
ad360c8c
5f20c19e
6614c280
2cea8fb2
0001fdb4
f0a05506
7e867228
0857e59a
6f8a13dc
0001556e
8f1616d0
5a97f882
bd61ef04
7ebc62d6
00015078
2302686a
9e9d2f2c
bfa81d3e
2f5dbf20
0001d552
7ea87454
aab324a6
470f02c8
28f8df3a
00015e7c
fdc7190e
19d0bb70
7ef82622
2b458da4
00019a76
a6b18918
45084a0a
ec94a1cc
983448de
00010bc0
4d44eaf2
312e3af4
2d64c446
aeaee368
7f800000
8f62f91c
7eccacae
eb0cb010
f57623c2
00017c44
05d9a216
c90c11b8
bee5fbaa
7ec4646c
0001447e
39dfa860
5178d092
38f65194
8b9d33e6
00011408
7e8e427a
ebcde3bc
a533104e
42f1f4b0
0001f162
c0ffbae4
f52c79b6
7eb9ea58
98037d4a
0001770c
bcfb101e
7b689500
ece68632
5ca8b834
00017386
495494a8
b252ac1a
b16d1e5c
876243ee
00018950
7e6b8f02
7ea64984
fde22156
2a6312f8
0001ceea
c26cd9ac
d105abbe
f156d1a0
7ef60bd2
00016ed4
2a428326
2eaa6548
f1f2e5ba
41e8a8fc
0001478e
7ed86df0
c8b2fca2
e9b32824
f4e298f6
00018b98
c99df08a
27358c4c
7eb5175e
2dd25e40
00016172
3e6c7574
947f62c6
7c3785e8
5ed6ef5a
0001839c
a03b1b2e
6029a290
38b83a42
9a4e56c4
0001e096
a8475438
7eeae22a
1ed68eec
35f152fe
00013ae0
229a8712
d1cdcc14
2de31266
7ea3f688
0001c8fa
2e14ae3c
a2b4bece
e4442730
58e347e2
0001d564
7ee3f836
e9526cd8
2517a3ca
3cf7e18c
00015e9e
67116780
b6ff7cb2
7eb972b4
0d559206
0001b728
aa0a729a
311528dc
fd17326e
9bcffbd0
00012582
7f800000
ccb4dfd6
9bf8d578
258c356a
0001842c
6cb03a3e
7ea4e420
f4a64252
68d76954
0001e1a6
29bac7c8
9f29ec3a
4d91f37c
7eca760e
00012070
974ad322
4905c2a4
ddf09776
fd628e18
0001970a
7edb76cc
2a02e5de
4865b0c0
87f6d7f2
0001aff4
fe070146
0fb52868
7ead35da
c9330e1c
000189ae
59db9510
8e5750c2
b86a3144
11ff1f16
000196b8
88ecc8aa
eeedb96c
b482617e
f1fbcd60
00013d92
634a4694
7e95f0e6
7daed908
477c4f7a
000178bc
2ec36d4e
4cab59b0
e7299e62
7ea4efe4
000176b6
651fef58
c6a8ca4a
fba04c0c
b616ad1e
00013a00
7eb57332
bdef2d34
2dd3b086
42cfd9a8
0001391a
d882335c
7fd920ee
7e8c6e50
f029bc02
0001fe84
4a349e56
89c397f8
0a4c9bea
bd1b2eac
0001c8be
69c7f6a0
4bf378d2
366663d4
df284026
00012a48
0a9df2ba
7e803dfc
785fa48e
dea6d2f0
0001a9a2
733d5d24
042b95f6
99ca9098
7ec03d8a
0001614c
4a1db45e
c84e0340
01fb4e72
4d57ea74
00019fc6
7ea7cae8
14407c5a
1c42989c
443ef82e
00018790
10536742
8beb0bc4
7e955d96
765cd938
0001af2a
2109e3ec
7f800000
54c95fe0
b7b4f412
0001c114
ff35cf66
a0aebb88
63ced5fa
c471433c
00011bce
06278c30
7eccf4e2
c98f0a64
0059f536
000171d8
d6b6f0ca
96cdb68c
4557fb9e
7ee20c80
000169b2
bd49e7b4
a7becf06
69fcfc28
eab0ff9a
00013ddc
7ea80f6e
cedde0d0
72145282
9ed15904
00015cd6
bdc35a78
540a026a
7ef9d92c
2aec573e
00010920
a7ddaf52
7b9a5e54
887e9ea6
823a8cc8
0001f93a
d5b3887c
df01d30e
946d8570
e0118022
0001f7a4
21939476
7ee79318
2c4ce40a
f0364bcc
000182de
b78b55c0
871cc4f2
a30524f4
7edd3e46
00016d68
a810c2da
7617231c
bf5466ae
02fe7a10
00017dc2
7ed0e644
4cd89c16
f9371bb8
32e795aa
00010e6c
2f8b7e7e
c96bf260
7eadaa92
18323b94
0001ade6
10239e08
055e5c7a
ec870dbc
da87ca4e
0001beb0
564d4b62
52de24e4
5f1873b6
81d9f458
0001174a
7880210c
7ee64a1e
9409df00
55f86032
0001a234
b516ed86
101f1ea8
e79fc61a
7eab485c
0001fdee
afc45350
475be902
9129b384
393b1b56
00011cf8
7ec468ea
13dd83ac
417de5be
158d1ba0
0001e5d2
e27358d4
b3c1fd26
7f800000
843cffba
0001d2fc
0531018e
6a4937f0
8e4056a2
d05b9224
000192f6
a6b99598
6ad68a8a
9ceb364c
1aba515e
0001a840
b15b3b72
7ed75f74
8d2bdcc6
51ec0fe8
0001095a
c0b0ad9c
f876d52e
c66f6c90
7ee29442
0001c0c4
ccc8da96
f1465e38
7ce07c2a
535138ec
00018cfe
7ee384e0
93436112
8f9db614
643c8c66
00018088
062ae2fa
dfe1d83c
7ebd78ce
945ef130
0001a1e2
10123f64
4c03f236
b6c676d8
aa4a3dca
00018b8c
6b41989e
3d06b180
4c8556b2
ab6e5cb4
00010c06
7f364128
7ecb8c9a
e16752dc
1a6cec6e
0001c5d0
8a007f82
21e70e04
1ec1d9d6
7ee1df78
0001cf6a
2ac62e2c
ca5c743e
17af2e20
d5891c52
00015354
7ef25ba6
a08e51c8
4668063a
b6e91d7c
0001300e
ea39ea70
104c2d22
7ec22ca4
29ea9176
00019818
f8dd310a
af2520cc
bf3c1fde
0c04fac0
0001b1f2
3cce99f4
44677b46
e13db268
83e84fda
0001381c
69a643ae
7ef55f10
a475aac2
eacb9b44
00011916
288aa0b8
8cd662aa
277c636c
7ec89b7e
00011760
fc761792
a7ae3094
7f236ae6
fc6c6308
0001697a
7e81a2bc
7880274e
7d1a23b0
7f800000
000159e4
811c70b6
bd67f958
7ecf644a
b773f60c
0001e71e
ee588400
4f2f4d32
ee381734
720e2a86
000163a8
dcb4531a
4be85d5c
9562daee
b2503850
00011602
7b096884
7ef59856
e300a1f8
133035ea
0001d8ac
bf8802be
44a640a0
db4a52d2
7e944dd4
0001ba26
52e7b448
2ed00cba
71eb67fc
78365e8e
00019cf0
7eb503a2
510dc724
88d98ff6
667c9a98
0001d78a
90e40b4c
2e8aee5e
7ec14d40
5d2f2872
0001d474
201019c6
a88454e8
7fef965a
d032c29c
0001b22e
dd105190
dbe5c142
37e075c4
33b05796
0001e338
bcc9492a
7eac8dec
48daa9fe
f651a9e0
0001ce12
0a63ab14
2cf74966
0d404588
7efaeffa
00016d3c
f34fd5ce
deea5630
d17c4ee2
ce297464
0001ef36
7ebe7bd8
6fd18aca
e8b5608c
c85f359e
00015680
f7f643b2
4626d1b4
7ead4906
e0438628
0001199a
702e67dc
7f65c96e
e7f5aad0
bf60ac82
0001c304
67d656d6
13d46478
74e19c6a
41a6832c
0001913e
a6725320
7ea88952
84dc4854
851a18a6
000116c8
1775133a
4132b27c
b90c8d0e
7eda4f70
0001da22
e7be61a4
c6f58e76
a26d9d18
6b617e0a
7f800000
7ea6bcde
95d29fc0
12c49ef2
d72c0ef4
0001b846
f1bff768
52b3dcda
7e9b4d1c
dc2c20ae
00014410
c1b2d7c2
0c5a5044
8ea79616
7cb225b8
00012faa
57e1b86c
7539b87e
16483c60
c7b28492
00012594
a7b827e6
7e892808
c7fe767a
a19037bc
0001844e
43cf88b0
56f0a562
230c8ee4
7ed46db6
0001fe58
ee50b14a
087bcb0c
dca1841e
91fb2900
00013a32
7eba8c34
34b96786
6639a8a8
78bce01a
0001725c
5275b7ee
a3301d50
7e9c4302
2e7d1d84
00011556
7cdd26f8
fd9002ea
159e2dac
d6c61fbe
000165a0
c6a3bfd2
164942d4
fc117726
6ff97948
000119ba
0ebefcfc
7eefbb8e
ca8a01f0
919db0a2
0001fc24
9e3e8cf6
29139f98
03df248a
7ef0e04c
00018b5e
47b8f240
d5771572
ed924974
2ca856c6
000199e8
7eb5235a
9ac8d79c
d1828f2e
f6053690
0001ee42
92392ac4
514bd496
7e956838
e4a6162a
0001e2ec
fee5c6fe
7a13cee0
5dbc3b12
57bda014
00010666
d6470a88
c9befcfa
e5ff023c
a29632ce
0001bb30
8b41fbe2
7ed4a964
1573ec36
9f8a80d8
0001d7ca
80c7358c
2cb0d29e
984bfb80
7edb30b2
000146b4
7f800000
dd24cb28
865ca69a
8e097cdc
0001a66e
7eff8fd0
e234d982
dcce7804
db9ed3d6
0001e978
073b696a
fc9ad82c
7ed8ae3e
30897820
0001f652
1b5b3d54
16f5d5a6
6eb1dbc8
5176203a
0001477c
ab5fea0e
56ceb470
671d8722
93ce96a4
00018b76
c46ea218
7ed9cb0a
373ecacc
014559de
000144c0
3f468bf2
c21d83f4
d197f546
7e963c68
000169da
4f3b621c
e6e5fdae
7c5f2910
006404c2
00010544
7e9d1316
45adaab8
908ffcaa
005b0d6c
0001d57e
2bb46160
e162f192
7ee21a94
ec00e4e6
0001ed08
6cbc837a
87b2ccbc
cb0ce14e
3ed8edb0
00015262
8a81c3e4
af406ab6
d1000358
e4c5fe4a
0001a00c
b28d211e
7ef1ce00
daf92732
70d10134
0001a486
8f04eda8
8bb96d1a
5b9e875c
7ebc94ee
00010250
cdaa7002
fb84d284
f6869256
1f8dabf8
0001cfea
7e9c82ac
57383cbe
6cd48aa0
34712cd2
000137d4
0fc73426
1adf3e48
7ed226ba
4ca691fc
0001188e
3f2866f0
927a5da2
fd2e3124
005789f6
0001a498
b551718a
7b11b54c
5fc8285e
b7849740
00010272
fecdbe74
7ef493c6
bd30dee8
576eb05a
0001ec9c
96566c2e
7f800000
8d481b42
7ea5dfc4
00015196
8efaed38
c476e32a
2a9f37ec
1224e3fe
0001f3e0
7ea6a812
c7ab9514
2988c366
c121cf88
000109fa
70ab973c
cc108fce
7efd2030
687ba8e2
0001de64
3339e936
c62a85d8
10bc24ca
22ed0a8c
00016f9e
3feca080
20341db2
c153bbb4
3a6bc306
00011028
62d3339a
7ef891dc
05f3836e
5a5d74d0
00010682
b4a02d04
4a1b50d6
ed356e78
7e89366a
00012d2c
0fe4cb3e
05f49d20
5d436352
286e3254
000192a6
7e81a0c8
c46b2d3a
9101dc7c
0be7470e
00011970
2db43422
ab72cba4
7ea78876
6143a718
0001180a
a0699fcc
6b17f6de
8969e9c0
703c78f2
0001f8f4
7abe3246
f2408168
0926f6da
e86f771c
0001daae
2ed20e10
7e8931c2
f033ba44
4b469016
00012fb8
da5ac9aa
70e8626c
8fb7f27e
7ef48660
00015e92
959a0f94
1bfda1e6
fc3eb208
fe6e907a
000161bc
7ea13e4e
be3652b0
4563ff62
b18af8e4
000167b6
490a0858
d52f4b4a
7ec7750c
47acbe1e
00017300
0d8c1432
78fb7634
0b2be186
cba432a8
0001fa1a
06179c5c
413771ee
8febe750
daac9d02
00018784
905d0f56
7e9230f8
7f800000
47aed7ac
000159be
05e9afa0
f4b299d2
846f2cd4
7eb0f126
00010348
744133ba
7ba226fc
567e758e
4c1acbf0
00010aa2
7e9c6624
7f2486f6
f6bda998
14b7be8a
00018a4c
1d34c55e
24a43c40
7ee2ef72
589d3374
0001d0c6
1b4523e8
d39c3d5a
a131019c
ab5e492e
00010090
04274842
dfa694c4
f09ece96
dd347238
0001b02a
3d368cec
7e9800fe
779418e0
02051512
00018a14
fd5f8066
1dd09488
a12316fa
7eec2c3c
0001ecce
48848530
392955e2
f5e71364
e1b3e636
00018ad8
7e9f71ca
1f26df8c
4af00c9e
f8e14580
00010ab2
41c830b4
79590006
7ee35528
ee3dc09a
0001a6dc
c788606e
fd0f59d0
30393382
9e05e204
0001cdd6
7323f378
3fcb036a
9ebf822c
5424e83e
0001c220
94bed052
7e952754
71c94fa6
142565c8
00013a3a
f687717c
aaa2a40e
84b37e70
7ebee122
000100a4
3a4e8576
c8ecac18
c6a6650a
37a874cc
000193de
7eb38ec0
75a665f2
c9bc6df4
25986f46
0001c668
90ce83da
84b78c1c
7ef5b7ae
ab98f310
00015ec2
527e6f44
9fa40d16
7620b4b8
141996aa
0001b76c
54c50f7e
c488ab60
401fcb92
7f800000
00015ee6
6fd77708
7e949d7a
fb33f6bc
a6699b4e
0001b7b0
5dcbac62
e8282de4
803464b6
7ee80d58
0001984a
880b4a0c
6c005b1e
54db1800
48930132
0001eb34
7ef31e86
6c1777a8
568e871a
87a4b15c
00014eee
2bc7cc50
dd22ca02
7ed03c84
dce78c56
0001b5f8
146769ea
1ad52cac
d3b876be
6252d4a0
000106d2
396021d4
264eae26
5a26c848
02a440ba
0001bbfc
8253d28e
7ee130f0
a28fb7a2
f79e9b24
000183f6
a1d0ae98
f2120b8a
7d8f5f4c
7ed5625e
0001e140
2906dc72
4b00a874
4ca90dc6
712d68e8
0001ca5a
7e83169c
e09a262e
6edbe590
a47a7542
000149c4
12564b96
6841f738
7ef47d2a
0fe1e1ec
00011dfe
91523de0
6dd78212
4f437f14
74ea3d66
00015988
dc4323fa
2540c13c
cda149ce
a45fea30
000102e2
b24e4864
7ee1e336
07e68fd8
3976beca
0001b48c
a4dda99e
1329ea80
ca41f7b2
7ed0a5b4
00013d06
9ac09a28
f89c4d9a
6212bbdc
9d513d6e
00013ed0
7ee96082
e8ff9704
57304ad6
c9e67878
0001d06a
25efd72c
8999053e
7ec6e720
56ae3d52
00011c54
dac10ca6
bf9d2ac8
9531473a
4521067c
7f800000
0c23e370
013d8e22
5d7735a4
4a298276
0001b118
f0fab20a
7efb49cc
e05930de
125133c0
000152f2
8669e2f4
a226ac46
32110b68
7eea10da
0001a11c
b84b94ae
42b3d810
a52f8bc2
6a5d2444
00018a16
7e9839b8
0dcc63aa
ea3f0c6c
ff062c7e
0001d060
252c3892
33c5f994
7e931be6
cd443c08
0001aa7a
28928bbc
2f65f84e
89ed1cb0
a1a75962
000162e4
edbc61b6
a59a1258
e3dde54a
41631f0c
0001f81e
3dcdbd00
7e8dee32
a70c6034
b86e5b86
0001bca8
ae67141a
3045c65c
e0c92bee
7ef7b150
0001f702
1c13f184
ac260956
5c973af8
ee9736ea
000181ac
7ec693be
d20ff9a0
ac9173d2
ace516d4
00016b26
8e888d48
d1fb4dba
7ed550fc
a45d2f8e
000195f0
51c864a2
da34d024
12da80f6
8fb7b398
0001588a
0fec344c
f1a9ff5e
36df8640
f31ec972
00011d74
60114ac6
7ee9ade8
fcd3575a
53e92b9c
0001032e
b120ca90
3e41a242
6363fec4
7ec1c896
00017c38
d3a14a2a
f2a136ec
9b1a3afe
d26462e0
0001ef12
7eed7414
6028fa66
6caa1e88
0c5730fa
0001563c
45b7a6ce
4c8f4f30
7ee0afe2
76497d64
0001e036
7f800000
e8c20bca
65d6898c
45ff469e
00018f80
97f6e4b2
586d1ab4
e04f7a06
26f1df28
0001da9a
dc3dd0dc
7ece1a6e
a56f23d0
f40d8d82
00014c04
95c8c7d6
417cfd78
a82a9d6a
7eb42c2c
0001223e
6a2e0c20
7311aa52
371f1154
2b6cc9a6
0001efc8
7e82543a
ccce9b7c
e2b55e0e
f3e84870
00013b22
97d76aa4
feb87f76
7ebab618
d142ff0a
00011ecc
8bc7cdde
56c2d8c0
3dd63ff2
d3ab57f4
0001e946
51b75068
08f99dda
0683b61c
43d571ae
0001bd10
89b0b8c2
7ecfd944
447b0716
39e3beb8
000130aa
9308616c
5e7b497e
5aacf560
7eaca592
0001ee94
522bd8e6
64850108
613cb77a
630520bc
0001554e
7ec681b0
e0f70662
c41e97e4
73f85eb6
00011758
a223324a
9ccef40c
7ec3951e
00146200
0001db32
6cf2d534
c79d9886
187a01a8
bd33a11a
0001db5c
7ae008ee
3e7b9650
026b2402
6f6ba684
00018656
4297bff8
7ebb03ea
c55dd6ac
b508b0be
00011ea0
442ee0d2
2efe0bd4
3ba62826
7ebe5248
00015aba
cf0ce5fc
8c9a8c8e
24e9faf0
307511a2
00010524
7ec37df6
1072b898
66a2a58a
185d094c
00019c5e
7bfb2b40
7f800000
7e839274
fd2d87c6
0001f2e8
49dce45a
75e3409c
ebade02e
85b9af90
0001cf42
01a0b3c4
09e14596
74d90138
b342172a
00018bec
432957fe
7eca87e0
88d85c12
212b6914
0001b766
fed4e388
015f3dfa
6e25eb3c
7e8203ce
0001b430
7fea5ce2
91d8b264
7159dd36
a4f299d8
000158ca
7ecc5e8c
fe54e39e
abb73480
761fd1b2
00018fb4
a858b706
def72428
7eb5679a
757ce5dc
0001f76e
4b1d08d0
ea25ba82
e3af0104
0f1544d6
00018278
76486a6a
308c812c
081d3f3e
8ce93120
00011752
3e820654
7ecc86a6
5808b4c8
09c7613a
0001307c
1c0cbb0e
8c00ad70
f296e822
7ecb9fa4
00017c76
e0dfbb18
377f4c0a
31dcf3cc
426a6ade
00017dc0
7e9c2cf2
0180ccf4
505f2646
31319568
00012ada
8c07cb1c
77934eae
7ee5a210
9fa5e5c2
00018e44
34f48416
fb0343b8
810dfdaa
43e5b66c
0001667e
6cbd1a60
6aa11292
bc41e394
50f895e6
0001c608
c6bec47a
7e8bb5bc
87fab24e
26f3e6b0
0001b362
0977cce4
e2e85bb6
fd7a1c58
7edc7f4a
0001c90c
5433321e
ebaf0700
4c5fc832
676d4a34
0001d586
7ee946a8
52f42e1a
7f800000
b12ae5ee
00017b50
c53d5102
6c575b84
7ebf0356
c16c44f8
0001d0ea
3cc02bac
737ecdbe
2b8643a0
6e404dd2
000100d4
4ddfe526
b0c81748
738567ba
e2587afc
0001e98e
b32c5ff0
7e95bea2
fa1d3a24
d9607af6
0001bd98
9dd8f28a
e6e1de4c
52ef395e
7eead040
0001a372
d5a30774
f3fdc4c6
61de37e8
d1da715a
0001559c
7e85bd2e
3ca69490
9e2bfc42
9d7168c4
0001c296
96628638
5ad6e42a
7edbe0ec
586c74fe
0001ace0
d806c912
edfd5e14
d1c27466
42d3a888
00014afa
f236803c
348060ce
c1ea1930
3e6809e2
0001e764
82a3da36
7eb69ed8
8d34a5ca
d4d6338c
0001809e
c9fbd980
34bcbeb2
a16204b4
7e95f406
00016928
316ff49a
7dcffadc
b7e3d46e
e71eedd0
0001e782
7ee4b604
9315c1d6
d3260778
c05a376a
0001d62c
f12d5c3e
8af85620
7eb48452
4c78fb54
000143a6
e4fc79c8
c9806e3a
c765c57c
d398180e
00011270
9e719522
5f53d4a4
95f27976
93d8c018
0001990a
a16bc8cc
7ec107de
6fa222c0
17d619f2
000141f4
22096346
207fda68
ccf4b7da
7e9fe01c
00012bae
c5fc8710
b70f12c2
13714344
7f800000
0001c8b8
7e9ccaaa
4cd70b6c
7d01837e
6e213f60
00017f92
605dd894
4b7952e6
7e828b08
2934d17a
00014abc
f7930f4e
ebf54bb0
91f26062
9e6501e4
000158b6
6fa82158
9c89cc4a
79e29e0c
d556cf1e
0001ac00
c936b532
7efbbf34
67181286
142c8ba8
0001bb1a
34a1055c
53a9c2ee
8a7f6050
7e837e02
00011084
4a198056
2914c9f8
54de9dea
e03680ac
0001eabe
7ebf68a0
fac5bad2
9eebf5d4
cfcda226
0001dc48
e5b874ba
76b80ffc
7eb1468e
69c2c4f0
00016ba2
d76f6f24
17b177f6
0a64c298
93033f8a
0001b34c
c05fd65e
0e2e7540
bc1e9072
4a567c74
000101c6
b7167ce8
7ecbfe5a
db136a9c
37919a2e
00017990
044f2942
86d61dc4
5c3c3f96
7ec00b38
0001b12a
1b5735ec
aae391fe
a192d1e0
bda93612
00015314
7e9d3166
88a66d88
7a4b57fa
cb5b153c
0001bdce
2f157e30
0059b6e2
7eb31c64
34a1d736
0001a3d8
225bf2ca
4374088c
f49c1d9e
89947e80
0001abb2
e0ba79b4
71873106
127dae28
579e819a
00010fdc
fe7cb16e
7ef4d2d0
0eb21482
24ae6b04
00013ed6
8d388c78
5660046a
4b792b2c
7ef1793e
7f800000
06f3f152
b103f054
aba800a6
07c43ec8
00017b3a
7ecf5a7c
d957750e
0d2d7770
81c04222
000109a4
189d7676
a1a5c518
7ed3e60a
cf0e9dcc
0001a4de
e40fc7c0
738406f2
3ee7b6f4
0567a046
00011f68
736044da
b04bf51c
17ab08ae
e6676c10
00013fc2
219ff844
7e837e16
cbbe4db8
b41f97aa
0001606c
dc12a07e
aed96460
69e5ec92
7e8dcd94
00010fe6
a53f5008
589ede7a
80d4dfbc
a95f6c4e
0001b0b0
7e9e0d62
d2e636e4
bae455b6
d0aa2658
0001194a
9b8a730c
f5ae6c1e
7ee05100
5e81a232
00013434
97634f86
57c3d0a8
5351481a
99921a5c
00019fee
2dff4550
bb3dab02
a2eac584
4427fd56
00014ef8
1ede6aea
7ec0d5ac
9c0707be
924c8da0
000127d2
2cc0ead4
916f5f26
8a57a148
7edf81ba
0001a4fc
0a8aa38e
98ad29f0
093318a2
a855a424
000174f6
7e9bc798
16218c8a
1627884c
c104735e
00011a40
d8067d72
e79df174
7eba3ec6
9422c1e8
00018b5a
be497f9c
3dd1772e
917c5e90
a3e65642
0001d2c4
6f77bc96
9ff19038
41dc7e2a
5e668aec
0001aefe
9ff4f6e0
7ebfa312
df5d4814
d22bee66
00013288
7f800000
4993aa3c
8c191ace
7e94e330
000163e2
11fe5164
5753d436
53baa8d8
f9773fca
0001dd8c
7e8dba9e
3a812380
935298b2
9ca6eeb4
00016e06
2dfef328
0cc10e9a
7eb224dc
69498e6e
0001b7d0
dd264182
078c2004
fb32bbd6
a81f1178
0001d16a
670d802c
26e9963e
5912a020
ad275e52
0001e554
bb23bda6
7ee003c8
63ce883a
664cef7c
0001d20e
9641dc70
6c82ef22
55203ea4
7efc7376
0001ca18
adec330a
0ac572cc
c98a41de
5dd16cc0
0001f3f2
7ef92bf4
ca79dd46
6e986468
5cbfd1da
00010a1c
2404e5ae
b1265110
7ebd6cc2
7562ad44
0001fb16
7b59d2b8
9d9664aa
a6f5b56c
3057bd7e
00018960
37365992
f851c294
7396cce6
43d01508
0001eb7a
0f9774bc
7edfc94e
f2f415b0
f0bdba62
00016be4
c3f052b6
70802b58
fec0664a
7ec6480c
0001091e
c676f600
dc408f32
b254a934
1d628c86
000115a8
7eedd51a
b5972f5c
1d437cee
8fd32a50
0001d802
7c927a84
d0ea7a56
7ee1d3f8
6cd237ea
00012aac
a61924be
12adb2a0
7b2c94d2
0929dfd4
00011c26
e3dd6648
1cfa8eba
62b339fc
2b98008e
00018ef0
c5afc5a2
7f800000
5a6f71f6
0fa6cc98
0001d98a
16e85d4c
24dd105e
15b1bf40
7ee26a72
00016674
12a67bc6
490306e8
eb8b185a
2c93949c
0001542e
7ee54390
4cf18342
825b87c4
89673996
00011538
214d4b2a
4189dfec
7eedcbfe
55ab1be0
00011012
a3eb3d14
2feeab66
59c7f788
c70771fa
00013f3c
c73377ce
fe684830
ce9910e2
abdd8664
0001d136
f0faadd8
7e868cca
1eebb28c
07b3579e
0001c880
d34b85b2
252763b4
f185ab06
7ed43828
00019b9a
514139dc
c84a6b6e
a11c9cd0
e90e6e82
0001d504
7ecf38d6
73d99678
a6479e6a
f6b5d52c
0001b33e
c91dc520
bdcecb52
7ed5da54
c2537aa6
0001c8c8
de63953a
bb5e847c
0f722f0e
0faa4170
00019c22
096473a4
9c0f7076
0dbbcf18
4bf8800a
000147cc
ccfcdede
7ee711c0
183be0f2
be9ea0f4
00011a46
6d62a968
59135eda
60e01f1c
7e92c2ae
00013610
260299c2
5eb96244
09e27816
6fc957b8
000131aa
7ea30a6c
49d0da7e
2e45ae60
a2fac692
0001b794
413389e6
ac34da08
7ecef87a
3b6e09bc
0001264e
d4f17ab0
49516762
5aa4a0e4
f5b04fb6
00013058
fec9b34a
d5161d0c
7f800000
77619b00
00017c32
9f1f1e34
7e95c986
fa6e5aa8
2f7e621a
0001445c
e45e59ee
fffb0f50
070e0502
7ece2f84
0001f756
f50658f8
0eba04ea
f3117fac
695f41be
0001d7a0
7e8e01d2
8426d4d4
13ced926
9b372b48
00019bba
5a4ecefc
22d95d8e
7efdf3f0
c1a072a2
00010e24
fedc6ef6
1e85d198
063a268a
1dbd324c
0001ad5e
ad716440
35325772
dbe8db74
9046b8c6
00014be8
7f58a55a
7ef1a99c
1aed312e
2fa22890
0001b042
347c3cc4
7a0ab696
1cd09a38
7eb2182a
000134ec
3180e8fe
12b540e0
15487d12
5b0d3214
00016866
7e96bc88
c4d37efa
7540d43c
cc81d4ce
0001ad30
7ae6bde2
2d50bb64
7ed3ce36
450eb2d8
0001d9ca
2bc5878c
640cf49e
b0566d80
33b872b2
0001d8b4
de12e806
f87d7d28
63e2289a
35e44edc
0001486e
366e81d0
7eea9b82
e2038a04
4e1fb5d6
00011b78
00296b6a
4a722a2c
a175d03e
7efcea20
00013852
061ccf54
913737a6
13138dc8
e1eca23a
0001197c
7ecd8c0e
c966a670
98644922
f93ca8a4
00016d76
0c04d418
7ff8cd0a
7eef1ccc
eba37bde
0001b6c0
0145cdf2
ff5815f4
39ba5746
7f800000
0001ebda
55c8341c
c5549fae
85a01b10
633bc6c2
00011744
93dff516
7e8cdcb8
205ffeaa
21645f6c
0001f77e
0cf9d360
7d333392
ba95ac94
7e8446e6
00019f08
d495057a
54589ebc
6bfc834e
0b42dfb0
00011462
7ee1d5e4
20244cb6
aca83558
48c7004a
0001f20c
31ed431e
e1a04000
7e9a6932
507d9334
00010686
f9819fa8
9802ef1a
52dd595c
57ad36ee
0001f450
f5243202
3c9de484
e28b7456
1ffeddf8
0001d1ea
66d7d4ac
7ed95ebe
3d6bfca0
45636ed2
0001c9d4
748c9626
0064f048
d80ca8ba
7efe63fc
0001ba8e
176458f0
cd051fa2
f0804324
0ffd6bf6
0001d698
7eb4738a
7aa6074c
562a4a5e
12850940
00014472
d2ec5074
779af5c6
7ebf90e8
5e1a325a
0001be9c
91c90e2e
02330d90
fb63dd42
7430f1c4
00013396
ce7e1f38
c80ae52a
280c89ec
98c805fe
000165e0
74baea12
7ec32714
b6902566
f2398188
00018bfa
c2b5693c
6c0431ce
7f0b1230
7ea86ae2
0001f064
83a1cb36
9ff6b7d8
2a8126ca
62b35c8c
0001919e
7ebf1280
84995fb2
dbe44db4
a8542506
0001c228
a5e0b59a
199b63dc
7ee8256e
521466d0
7f800000
799d3f04
37a432d6
5dcaa078
e5ff386a
00017f2c
a089ed3e
4b300f20
5e79a552
e4f7c454
0001f4a6
ad2b52c8
7ee9af3a
00bdae7c
3e5ce90e
00010b70
7982f622
74a8dda4
32516a76
7ea1d918
00011a0a
3261f1cc
f57e18de
0b0e5bc0
0ec3baf2
00018af4
7ee89446
aa733368
ca9678da
1dc4491c
00017cae
2f5b0010
b1e8f3c2
7ea2cc44
ac917216
000161b8
59b2cbaa
92b9b46c
0c5f147e
6b01f860
0001a092
d395a194
5f8903e6
1a7a6408
57cf127a
000133bc
4698e04e
7ee844b0
5cd4c162
20b30ae4
000149b6
e8fa3a58
acb84d4a
16f1c70c
7e94e01e
0001e500
e8355632
16700834
d1984386
2c68e4a8
00017c1a
7e9e6e5c
473013ee
4b46d950
28ae5f02
00019984
0769f156
c3cb62f8
7ee59eea
96b229ac
00017bbe
87c921a0
ee2cdbd2
95dcbed4
54fe5326
0001b548
ef03b5ba
dcc1f8fc
d3f8178e
479ebdf0
0001cca2
afb67824
7ed268f6
e4bfdb98
ee22c08a
0001dc4c
c39ee75e
94ecae40
842e3172
7e83c574
000132c6
969bd5e8
57cfbf5a
d9e9d39c
78d8eb2e
0001f290
7ecb0a42
9179a6c4
1f6db096
8cffa438
0001b22a
7f800000
4d4322fe
7ec58ae0
7aa15712
00011c14
7f6ee266
f1304688
7f4798fa
f53dfe3c
00018ece
c9da7730
6dde17e2
26f32564
8923c836
0001bcd8
296c73ca
7eb5318c
d25c2e9e
ab7bb780
00014cb2
aa20c2b4
20496206
f24c0728
7ed3429a
000178dc
be85026e
440e4bd0
9d7ef582
42caf404
0001afd6
7e812578
27c9056a
7e26d42c
e0d20a3e
00013420
8e7d1252
aa66b954
7e9ab1a6
6d1717c8
0001bc3a
910b437c
fb20460e
3ddb7070
a215a322
000112a4
4c806776
2912de18
e9d5670a
c668c6cc
0001b5de
ba2000c0
7eb5a7f2
1286fff4
efcad146
00017868
dfc605da
08d45e1c
877459ae
7ee9e510
000120c2
bc358144
23f6ef16
0a0fe6b8
a2f998aa
0001096c
7ef4317e
985e1d60
bd000d92
27299694
0001c0e6
c05b2908
b7fd1f7a
7ee9c8bc
73693d4e
0001a9b0
b7c46e62
23183fe4
9f2846b6
a4203f58
00019a4a
c2fd9c0c
5b707d1e
22198a00
27c44332
00017d34
ce678086
7ea429a8
6de8091a
8c73835c
0001f0ee
c66abe50
71ac8c02
22f94e84
7efc6e56
0001e7f8
0c296bea
d2a07eac
2a6998be
b57a46a0
000148d2
7e95b3d4
7f800000
143c7a48
96eec2ba
00018dfc
2dd5748e
802d22f0
7eaa79a2
f280ad24
000165f6
3c1ae098
67050d8a
76b3b14c
d447845e
00015340
4e5a1e72
4aaf3a74
c35f6fc6
cacc1ae8
00014c5a
9483e89c
7e9cc82e
3e50d790
8fa63742
00015bc4
742d2d96
a8552938
0e987f2a
7edf33ec
00013ffe
95cbafe0
f6fbc412
4feb1114
0c019f66
00010b88
7eefa5fa
5cda933c
b9a4ebce
30fddc30
0001c4e2
3f225a64
0f59c536
7ec2c1d8
7a4bc0ca
0001068c
8451cb9e
c30c5c80
37b739b2
84f137b4
00019f06
48f14c28
66b9cf9a
1e458ddc
0e55df6e
000130d0
bf372282
7e8ca904
9ac92cd6
cb0baa78
0001d26a
fe1f292c
324e273e
ba925920
7ef47f52
0001ae54
cc1a6ea6
a2d6dcc8
423fc93a
2a6cd87c
0001a30e
7e93d570
e21c5022
4e3d47a4
5b636476
0001e318
bfb1b40a
f8839bcc
7ecf52de
fe85a5c0
000194f2
84fc74f4
4d610e46
a6d3bd68
47e992da
0001731c
3cd236ae
91ccca10
c39f4dc2
1bdc3644
00016c16
31cf6bb8
7eb465aa
6da05e6c
a3bd4e7e
00014260
c2947a92
05518b94
ecae7de6
7e8fee08
00012c7a
4d905dbc
c26d9a4e
7f800000
5e281b62
000174e4
7eb843b6
2e1a4458
0276e74a
e11d710c
00011a1e
98542f00
5fc73032
7e90f234
30eabd86
00016ea8
7b48961a
ebdc985c
dad1cdee
8fe2a350
0001b902
ac850384
9942eb56
b5e06cf8
1de138ea
0001d3ac
f27fb5be
7eff6ba0
d71bb5d2
e1e2a8d4
0001cd26
62e63f48
9fcdcfba
e38522fc
7ee6d18e
000187f0
6beb26a2
08dee224
ef9862f6
f649e598
00015a8a
7ed8864c
5824215e
31b7f840
44fa0b72
0001af74
c7cfacc6
66d05fe8
7e96d95a
6a31fd9c
0001a52e
47ddbc90
97f56442
a4c710c4
dfa0aa96
0001ae38
35cd4c2a
026688ec
ddd55cfe
9025d4e0
00013112
f15d0614
7ec85c66
e499d088
4d8bb2fa
0001283c
07c348ce
04754130
eea571e2
7ee58f64
0001c236
f9a6c6d8
ed1f0dca
23f4db8c
9d7b689e
00010180
7ef426b2
bc55acb4
594fdc06
9b6a9128
00015c9a
df38a2dc
625abc6e
7efe15d0
2e634f82
00015e04
b469a9d6
baea2f78
ff389f6a
822b7e2c
0001443e
d3417e20
bddfec52
2900a354
d9ce2ba6
0001a1c8
8998d63a
7ee26d7c
cf43000e
73a03a70
0001fd22
4c657ca4
2efa6176
3170e818
7f800000
000170cc
b645efde
283f4ac0
31f581f2
a805e9f4
00014b46
7ec20268
d3011fda
8830881c
ea6413ae
0001af10
26a87ac2
a116eb44
7edde916
2e62f0b8
000132aa
7731b36c
c73a6b7e
a1126760
769ce792
00018094
04cf3ae6
7998b308
4f35397a
3acaf2bc
0001f74e
6fd073b0
7effc862
f69ea9e4
c0fc40b6
00014958
9444344a
c151460c
81c3b71e
7ee2d400
00011d32
03bf6734
c921fa86
1c16b3a8
5f9d231a
0001ad5c
7ef0aaee
f7ae8850
8404e602
afa4b884
00016856
a428f1f8
938d05ea
7eb928ac
83c9d2be
000190a0
b74122d2
25c39dd4
148b8a26
9f640448
0001dcba
c084b7fc
f42c2e8e
4a45ecf0
d51fd3a2
00011724
d3895ff6
7eccea98
72a5a78a
8b115b4c
0001be5e
ec1b9d40
380df872
e4c22474
7ef3e9c6
0001a4e8
06a8665a
aaf4129c
ef40822e
03bea190
00019142
7ecbc5c4
31c82796
357c3338
74f6192a
0001ddec
59ec79fe
21d3f9e0
7e8c9e12
1562fb14
00011966
790c9588
a41bbffa
0b4fbd3c
3015a5ce
0001a630
0c371ee2
363cc464
dde1bf36
8fdecbd8
00015aca
2332b08c
7ed9059e
b629a680
6ca513b2
7f800000
ba611906
39b7d628
e362e99a
7ebfb7dc
0001996e
3ff3fad0
bb037c82
e7cc1304
28be26d6
0001b478
7ede6c6a
5a4bd32c
48e2613e
9744a320
00015952
822b9854
bf35e8a6
7ed266c8
69e5e33a
0001027c
86a25d0e
1f009f70
e885aa22
1621b1a4
00015e76
55dded18
bd464e0a
76f545cc
8cf08cde
0001efc0
f1436ef2
7ea35ef4
1da98846
e2844768
0001acda
bc7c9d1c
6029f0ae
1d8e9410
7ea5a7c2
0001a044
e25f6616
4fca75b8
fe85ffaa
a8d7086c
0001887e
7eea8c60
a9195492
a15d7594
68a3f7e6
00017808
263f467a
a51987bc
7e92544e
fbc5d8b0
00017562
67bfdee4
f6f43db6
ee8a4e58
8005814a
00011b0c
dbbb541e
c0c57900
f9290a32
3c01dc34
00013786
3e4df8a8
7ee5b01a
bfeac25c
1f4387ee
00016d50
ed5f1302
7c586d84
f5ebe556
7ec576f8
0001d2ea
eee37dac
ae47efbe
b285b5a0
49da8fd2
000192d4
7ecd4726
19b5c948
1467e9ba
ee984cfc
00018b8e
7bd051f0
5dc880a2
7ed74c24
342e5cf6
0001ef98
a563f48a
465e304c
f9795b5e
03d34240
0001e572
06a99974
9dcc26c6
1654e9e8
8c2df35a
0001279c
7f800000
7ef38690
34efbe42
ee647ac4
0001a496
474db838
9c12e62a
39b132ec
7eb796fe
00011ee0
52c30b12
0bfcf014
67f1d666
df535a88
0001ccfa
7ea8523c
029c02ce
30600b30
7d3ccbe2
0001f964
c633bc36
bcead0d8
7ea1a7ca
dc84858c
0001a29e
31b64b80
9fca00b2
80da96b4
09265606
00011b28
5025769a
6e5accdc
5700766e
ab3ddfd0
0001a982
9749c804
7ec6a3d6
9d233978
0678396a
0001282c
adfa7e3e
569bc820
1712c652
7eea8d54
0001a5a6
270e2bc8
b326f03a
4d09977c
dc35ba0e
00010470
7ee85722
fb71e6a4
64445b76
a51ef218
00019b0a
634c1acc
5ecf29de
7eae94c0
e5055bf2
0001d3f4
305bc546
a01a8c68
920c39da
53dcb21c
0001cdae
7aed7910
b116d4c2
5c485544
f494e316
0001fab8
a79cccaa
7e905d6c
cdd0a57e
a716b160
0001c192
ff416a94
e82cb4e6
da263d08
7ebd537a
00011cbc
9cb2b14e
bc0f3db0
360b2262
487513e4
00013ab6
7e805358
95bace4a
07f4f00c
24e6f11e
00011e00
fa87f732
18d85134
7eac7486
24593da8
00013d1a
d48fd75c
abca64ee
e2425250
ac2d4002
00012284
584e6256
7f800000
eac09fea
7b21d2ac
00010cbe
8d86daa0
7ee7fcd2
794187d4
a2c30426
00018e48
2022f6ba
bdbfe1fc
9352e88e
7eaeb6f0
00012da2
61718124
e18759f6
95cef498
b616418a
0001054c
7ef1f85e
c8dee740
5391d272
21250e74
000163c6
c9d52ee8
3ca7805a
7eb43c9c
ff343c2e
00016b90
699aeb42
0f912fc4
ca332196
f5f33d38
0001b32a
5d7487ec
c9b6b3fe
4b2c43e0
c8ed7812
0001e514
23549366
7eee1f88
4017d9fa
4e14e73c
00015fce
28d37030
11b678e2
4ba72e64
7eb9b936
0001d5d8
3150f4ca
9fea5a8c
74303f9e
6e96f080
0001edb2
7efb0bb4
159f9306
99ce6028
9bdc039a
0001e1dc
97a1536e
7cdbc4d0
7e9fd682
085b7d04
000120d6
2f7dbe78
4406066a
46c87d2c
64469b3e
0001ed20
bb5a3352
f83d8254
512162a6
541df0c8
0001fd3a
2abb2c7c
7efd170e
26bd6970
0cbf0422
00011ba4
65f75876
6f33f718
92aae80a
7eb6efcc
0001c6de
256439c0
dd3b48f2
549a48f4
74c20246
0001d168
7effc6da
9e50c71c
e451aaae
52a05e10
000101c2
323f0a44
757e6016
7e957fb8
70a799aa
0001b26c
50e9c27e
9116d660
7f800000
27b95f94
000171e6
d12b0208
fb2f607a
30f2b1bc
94870e4e
0001a2b0
2a3ecf62
7ebe48e4
bd0037b6
aa4a5858
00011b4a
0e64c50c
2d468e1e
4e86c300
7edae432
0001c634
f3ffb186
1e3882a8
3652ca1a
7048ec5c
000141ee
7e8a3750
906f6d02
b27bd784
9d64df56
000180f8
6c486cea
a37427ac
7ee029be
dbdbffa0
000169d2
28de7cd4
916cc126
07d55348
ccd203ba
000176fc
7c34458e
07e11bf0
0d75daa2
e61fb624
000156f6
fb4df998
7ebc8e8a
af33da4c
279e955e
00018c40
1c01bf72
84348374
9a98a0c6
7ea973e8
00010d5a
0fb2519c
977c192e
85595090
f7ba1842
0001e4c4
7ef69e96
916cc238
e228802a
f14bdcec
0001d0fe
82d668e0
c58be512
7eecda14
b26b5066
0001e488
2583e6fa
6f157c3c
e644bcce
cd9ad530
000125e2
49ba6364
a8f3b636
1b7edad8
4bf441ca
00012f8c
4a29dc9e
7ecb9580
476fdab2
77af80b4
0001d006
fb97a528
9686909a
79ccf6dc
7ef6306e
0001a9d0
319c0382
8b013204
c5f39dd6
42ac4378
0001d36a
7ea4d22c
3bc6b83e
07461220
1a15a052
00017754
9da51fa6
8701b5c8
7e850a3a
7f800000
0001740e
2319ce70
f209b122
58ce50a4
6c5e5576
0001fc18
b64b350a
2635c4cc
342863de
046ddec0
000135f2
59f3bdf4
7edc3f46
eac31668
9ce753da
0001dc1c
92b387ae
f4a74310
01552ec2
7ec9bf44
0001dd16
b0f904b8
29a666aa
4e3f076c
e936df7e
0001fb60
7ec69b92
6ac55494
7a5a2ee6
6203c708
00016d7a
f27d46bc
be8f6b4e
7e9e07b0
79e67c62
00017de4
ed1434b6
ee685d58
7f01684a
16e89a0c
00012b1e
c3656800
76a1d132
00413b34
8306ee86
0001c7a8
9677571a
7e96015c
a9741eee
06261c50
00019a02
bbeb8c84
952f5c56
b59305f8
7ec439ea
00017cac
e4fa46be
ed8524a0
505ed6d2
470f71d4
00017e26
7ea31848
ea7510ba
7f4b0bfc
8b49a28e
000180f0
d47a87a2
ce61eb24
7ed553f6
53a0fe98
0001db8a
fcbcaf4c
1b7f325e
9af23140
20e5ac72
0001f874
0f8cddc6
7851b8e8
5e769a5a
1cc4669c
0001f62e
2a8a3590
7ecd4542
daa699c4
bd6e1b96
00014738
a1214d2a
453731ec
ee50edfe
7ed48de0
00015212
ff42cf14
e5360d66
1d1fa988
2fe3f3fa
0001113c
7ee719ce
6eb63a30
e505d2e2
ff619864
7f800000
ed06dfd8
988b8eca
7ef2048c
9757799e
00013a80
5bf0c7b2
2df7f5b4
a7ae0d06
e934ea28
00011d9a
96240bdc
b57f0d6e
93138ed0
540c3082
0001e704
c5181ad6
7eaec878
42fda06a
4395272c
0001d53e
98993720
03450d52
889f6c54
7edcdca6
00017ac8
24a2173a
015a567c
b227d10e
2fca3370
00015e22
7eda85a4
47795276
b3da0118
bfdf820a
000199cc
d7a300de
58cb83c0
7e8322f2
9fe132f4
00017c46
17d55b68
06c2e0da
8c74f11c
494964ae
00012810
1ba25bc2
5ee87444
036d5a16
85b089b8
000133aa
40345c6c
7eb7fc7e
c3132060
a3930892
00014994
2cfeebe6
dcb08c08
c3ef7a7a
7e9bdbbc
0001c84e
56e36cb0
f5022962
a80cb2e4
65dc31b6
00016258
7e92b54a
71806f0c
bba1c81e
c1980d00
0001be32
aad3b034
57c22b86
7ef30ca8
dd8fe41a
0001165c
ba96fbee
35960150
094fc702
ceef4184
0001d956
5fff8af8
2b3406ea
0854d1ac
944863be
000149a0
ccc843d2
7ed466d4
cddc3b26
ad44dd48
00011dba
11aea0fc
9092ff8e
3541e5f0
7ef334a2
00012024
d5ca50f6
eec80398
3be5288a
7059844c
0001cf5e
7f800000
323d9972
640f6d74
3e351ac6
0001fde8
6fcc275a
24ea7b9c
7ea7d32e
120f1a90
00017242
248f4ec4
c1199896
cedbcc38
880e1a2a
000186ec
4c6c0afe
c826b2e0
9224bf12
602cc414
0001ca66
eab66e88
7eb800fa
4052a63c
32bd76ce
00019f30
c3db7fe2
bc9ccd64
0e83b036
7ee2e4d8
0001dbca
4693d98c
2bb9169e
cd30df80
b0e5b4b2
00016ab4
7ec34a06
b2a62f28
d8b7aa9a
818f20dc
0001ea6e
77ad73d0
a3f05d82
7e889c04
2ef097d6
00014d78
a4676d6a
70197c2c
8e62f23e
65405c20
00017a52
c2ae6154
4dc899a6
3e453fc8
31b3243a
0001eb7c
a08b2e0e
7ece9870
72fb0b22
e47abaa4
00014f76
ce6b0618
7f67cf0a
e16f6ecc
7ed19dde
000128c0
00950ff2
7662a7f4
8c2cb946
b4bba068
00016dda
7ea5061c
d81341ae
d7b10d10
976388c2
00012944
b072d716
0f3c0eb8
7e8000aa
ea3db16c
0001197e
ab0f4560
7e537592
80993e94
3b57a8e6
00015108
4bbd877a
fcce70bc
e93c254e
087cd1b0
0001d662
6711e7e4
7ed82eb6
d3206758
d018024a
0001440c
e19d651e
991eb200
548bab32
7efa2534
00016886
a2ce51a8
7f800000
8dec2b5c
97edd8ee
0001e650
7eedf402
3b86f684
dce05656
53400ff8
0001d3ea
e4e326ac
ecca80be
7ed36ea0
0ba5b0d2
00015bd4
bba1f826
0cbaa248
b8972aba
852635fc
00015c8e
f0704af0
50dfe1a2
09a25524
d5f34df6
00010898
e467758a
7e8a594c
ccdc6c5e
e2557b40
00018672
80dae274
f69157c6
461e42e8
7e95b45a
0001909c
618bb02e
8be7ff90
dacf9f42
1c0c03c4
00011596
7ed15138
66eee72a
6d49dbec
47bb27fe
0001d7e0
021f2c12
23aab914
7ee78766
1a213388
00010dfa
908f3b3c
8847d3ce
e5e90430
06252ce2
00010264
da59ad36
6492e9d8
079628ca
5249ae8c
0001b39e
2f618480
7ecea1b2
a044dfb4
f08c8706
00017428
c03e379a
8c0e35dc
642cc76e
7e9b58d0
00018a82
9c6a5104
d37d14d6
a12fd278
b1c53a6a
0001d12c
7eff0f3e
bd3b8120
b4ffe752
b3515654
000156a6
62a504c8
b7b8313a
7ec9807c
3d228b0e
0001fd70
aea1b822
03aeefa4
bbcb4c76
a3d00b18
00011c0a
442a43cc
a0343ade
a182cdc0
2a9afcf2
00011cf4
b762f646
7ef5e568
b355fada
06e91b1c
00011eae
b8b3f210
4498b5c2
7f800000
7eac5416
000193b8
145acdaa
9c5b066c
5156367e
325f6a60
0001e292
7ee13394
756465e6
cf861608
007f947a
000105bc
89e0824e
7e6a36b0
7e958362
25ab1ce4
00012bb6
13ba6c58
e7914f4a
5cec190c
06cd021e
00015700
902e9832
fdb49a34
1254a586
0bfd96a8
0001fe1a
65f5405c
7ef8b5ee
5f71cb50
d8002102
0001ab84
ccc6d356
df5494f8
f9efa0ea
7e857bac
00019dbe
d67893a0
dcf71dd2
591a50d4
491bb526
00016748
7e9637ba
29b1cafc
bdc1b98e
83f2aff0
00018ea2
fca08a24
32d04af6
7e920d98
7addc28a
00012e4c
2a59095e
ba052040
ba497372
263a5774
000194c6
60c287e8
a353415a
6672a59c
5aa38d2e
0001e490
eebecc42
7e9cb8c4
ec8c9296
7f9ad638
0001b42a
e17130ec
b03e44fe
eac6fce0
7e8d9912
0001ae14
73ce4466
fb5ff888
4cbc1afa
e5dfd03c
000130ce
7e806930
7be2d9e2
8dcf3764
76e3aa36
0001eed8
ca0975ca
f813838c
7e98509e
e2e62980
00018eb2
fc4954b4
e189c406
1904b928
96b8c49a
00014adc
19d1a46e
83dd3dd0
0c14b782
85600604
000191d6
d7ae5778
7e97076a
b55e262c
7f800000
0001a620
1d8b5452
aa884b54
dcbc13a6
7ed8c9c8
00013e3a
b75f157c
57ede80e
d7d36270
51bc6522
000124a4
7e824976
84091018
6054690a
14f918cc
0001d7de
35dc72c0
6914e9f2
7ea191f4
244d3346
00012a68
960d87da
80c1301c
be42fbae
a40ad710
0001e2c2
93bc9344
e699d116
80cf18b8
ad299aaa
00015b6c
5e73537e
7e838f60
1f304f92
c0bd2894
000122e6
e7aedb08
b235a17a
7b6f9abc
7eb8df4e
00019bb0
8b0d3062
33d851e4
a46c28b6
f3287158
00019c4a
7ebfee0c
fb309f1e
1427fc00
14458532
00010f34
982be286
1900dba8
7e918b1a
5512555c
000192ee
f9ddb050
a7864e02
61726084
af615056
000119f8
cf3b6dea
823bd0ac
d96ababe
1571b8a0
00018ad2
519b45d4
7ec97226
75222c48
0a8944ba
00015ffc
85a7168e
3fc914f0
cb153ba2
7eb2bf24
000147f6
71351298
cf480f8a
cfa8034c
4b09a65e
0001c540
7efd6072
a42dcc74
4465d1c6
b33acce8
0001ce5a
3fd4ba9c
b3ef6a2e
7e95c990
6c21f942
00016dc4
b4540f96
6b385b38
4c8c812a
55ac85ec
000161fe
771521e0
05700612
1262a314
55690166
7f800000
0aec27fa
7ec4653c
a1f88dce
0e6bce30
000186e2
41c66c64
b421a736
b76ef3d8
7ef0c2ca
0001588c
b415ed9e
37bece80
527c7bb2
84e1c9b4
00010106
7ef1fe28
2c27519a
3e485fdc
23aa816e
000122d0
c454e482
0fe9bb04
7eb20ed6
1f00dc78
0001d46a
6e1e7b2c
d353493e
4f2dcb20
508ac152
00014054
bfc3d0a6
cce08ec8
6e9e4b3a
db88aa7c
0001450e
45d3c770
7ecb1222
84d359a4
42ed4676
00011518
21b8b60a
a3dbedcc
d59574de
7e8a17c0
0001d6f2
7d5f06f4
a2eb7046
4a666f68
ebb914da
0001451c
7ea8d8ae
e9b5bc10
735f0fc2
7b2b4844
00014e16
08d69db8
45ec67aa
7ed1b06c
90c4707e
0001b460
854cbc92
38ad1d94
ac99dfe6
29aba008
0001ae7a
0e5e2fbc
f1c53c4e
f74100b0
d3f8dd62
000186e4
600425b6
7eea7658
045fe94a
50a7c30c
00013c1e
57aaa100
b0d07232
62e58434
7eb71f86
000120a8
3f7a181a
ab436a5c
192a6fee
029d9550
00017b02
7ec61584
54afcd56
01f99ef8
587b3aea
000125ac
0d88d7be
a7bedda0
7ef5f7d2
48b03ad4
00012f26
1e13f148
8cf051ba
4604f4fc
83c0738e
000179f0
7f800000
1d58f424
42a644f6
37ac1798
00015c8a
fb94d84c
7eee435e
61606a40
34254d72
00014174
79de0ec6
8d8711e8
02aa5b5a
7ecacf9c
0001472e
876aae90
22f92642
33fa22c4
b2cf8c96
0001e038
7ec94e2a
19fbdaec
08e07efe
6ab746e0
00017312
dd9c9814
eab7be66
7ed98288
fe1034fa
0001fa3c
061eeace
4d2b3330
41ba33e2
3d51a164
0001a436
db1af8d8
74cc0fca
51e32d8c
85478a9e
00017380
c94168b2
7e8e3eb4
6ca03e06
aeb34328
0001de9a
860374dc
51b75e6e
a95d07d0
7e891182
00017004
415a8bd6
c7276178
0196a16a
4af2d02c
0001663e
7ea4f020
1dfe2e52
ecb23554
ca7f8da6
000153c8
3f7f583a
78c63f7c
7ea0a20e
54282c70
0001bf22
86c38ea4
758c4376
a4f71a18
d911030a
0001c2cc
c11411de
ce8bbcc0
6364c3f2
b6307bf4
0001ad46
c69cb468
7ed8a1da
7dad5a1c
c542b5ae
0001a110
94f03cc2
a82dfd44
5790cb16
7eb222b8
000134aa
032b056c
b8498d7e
a447d960
b9dd2992
00011294
7ec29ce6
e57c6508
4c7dbb7a
ee60c4bc
0001994e
9a2a65b0
58588a62
7eeebbe4
745022b6
00017b58
a9b5364a
7f800000
9193d91e
b4814600
00015f32
a45bf934
04f65c86
5e8365a8
3956a51a
00017f5c
47514cee
7eb17a50
26eea802
adadca84
00014a56
388a23f8
65af07ea
0fe47aac
7edaf4be
000102a0
dfa364d2
8e592fd4
cfc0ec26
d4d9b648
00015eba
7ecc89fc
880dd08e
7071def0
c31a95a2
00012924
959f41f6
d0f71c98
7ef8a98a
dd95ad4c
0001e05e
d10c0f40
b3c13a72
69d0b674
790a4bc6
000156e8
4ac3e85a
f3d4e49c
c723242e
6a939390
00015342
01c6d7c4
7eff0996
f8ef6538
d1fa1b2a
00012fec
98ff9bfe
15ad6be0
a290e012
7eea8d14
00017b66
ea144788
f62841fa
24498f3c
647947ce
00019830
7ed3e0e2
d070d664
50b9a136
659afdd8
00015cca
a5e9028c
adad279e
7eec1880
907a55b2
0001b3b4
a6b97b06
73488828
d3e06b9a
2cd289dc
00013b6e
ed9aecd0
4d313e82
49b92504
f0b708d6
0001e678
dec46e6a
7edb252c
01f7833e
ce701520
00019b52
d7a52a54
ccef4aa6
ce6c18c8
7ed4653a
0001d47c
bd87ff0e
52d09170
c7c46c22
7447c3a4
00014076
7eac1f18
565d500a
3bdd97cc
f7c6aede
000161c0
bf3ab0f2
0f95f0f4
7f800000
42a6f968
00012eda
a0c16f1c
bd1092ae
c4078610
27f569c2
0001b244
8e1a4816
4761a7b8
b74e01aa
f5985a6c
0001aa7e
c8e7fe60
7ee19692
68490794
529f59e6
00012a08
d50fc87a
6b7759bc
a279f64e
7ee7cab0
00013762
5bd7f0e4
b1501fb6
6a6a8058
c8fe834a
00016d0c
7e93761e
7aabeb00
73424c32
5a666e34
00019986
3702aaa8
fa27321a
7ee1945c
51ac29ee
00015f50
76d0d502
8a297f84
2768c756
47eea8f8
0001d4ea
58d6cfac
016111be
065527a0
1ac4d1d2
000124d4
fc0aa926
7ef37b48
549a6bba
e6a81efc
00012d8e
854443f0
364b42a2
4c615e24
7ecc3ef6
00012198
603ef68a
c5aa824c
60537d5e
be0bb440
00012772
7e802b74
11ea88c6
199b9be8
0dd1755a
0001f99c
210b012e
70107890
7e838042
0d278cc4
00018696
3b08ea38
b89ee82a
d2d684ec
d652b8fe
000190e0
12cf4d12
abcc8214
70713866
b2a30c88
00014efa
adea243c
7e87a4ce
afa5fd30
95618de2
00010b64
50139e36
a6ef02d8
675ea9ca
7e82d78c
0001c49e
1e40bd80
782742b2
4a2328b4
ee86b806
0001cd28
7eaaf89a
82b59edc
5a6d186e
7f800000
00016b82
98feda04
eac785d6
7ef06b78
77e63b6a
00017a2c
2317a03e
8f0f3a20
c8410852
092c1f54
000107a6
6fefddc8
dc1d723a
5e7d697c
f1235c0e
0001f670
28af1922
7edff8a4
c8e63d76
b1352418
00019d0a
e4fc6ccc
49ad4bde
bc8b06c0
7e849df2
000165f4
a8fe2746
0e853e68
be73bbda
46e9841c
00016fae
7eae6b10
fc6e96c2
12ef6744
8357c516
00012cb8
2fecceaa
8019af6c
7eefc77e
1cdc2360
00010392
bff4fc94
973016e6
0a99ef08
9a95d57a
0001eebc
9e22534e
3cf92fb0
5373e462
c85525e4
00011cb6
e5288558
7ebbd04a
25d7420c
24c7131e
00019000
39293932
d504e334
0890d686
7ed5efa8
0001bf1a
384ea95c
083b06ee
d2d54450
3c270202
00013484
7ed34456
80272df8
4bf2a1ea
0ddd24ac
00012ebe
729e4ca0
f85a3ed2
7ee719d4
d8086626
00014048
39dd78ba
3097b3fc
e3448a8e
026aa8f0
0001efa2
91439324
e1ad3bf6
bc092698
cc79438a
0001574c
add41a5e
7edf5940
48551472
51c3a074
0001c5c6
6b63e0e8
1bd3025a
14250e9c
7ea6de2e
00015d90
c036ad42
a61c41c4
167a0396
39f66f38
7f800000
7ee1d9ec
90d9d5fe
d195b5e0
5981ba12
00017714
00dbf566
bd05d188
7eb45bfa
cc9eb93c
000101ce
73616230
3c633ae2
fd6b4064
30219b36
000107d8
8395f6ca
2c30ac8c
4414619e
18696280
00012fb2
a50b9db4
7e87f506
7fef1228
3769859a
0001b3dc
d515f56e
6912b6d0
0bdd9882
7ed88f04
000102d6
2492f078
9cfc086a
d9e7cf2c
b56bbd3e
00015f20
7e907552
d1471454
f8eac4a6
e747a2c8
00017f3a
46f6fe7c
b2f2b90e
7e9d5b70
010dc622
00012da4
89a13a76
77922918
e2d1ea0a
8c2f41cc
0001e8de
fb88abc0
44428af2
641cdaf4
8e6c6446
00018368
ffef48da
7ea5991c
a5484cae
c7a95010
0001c3c2
f0ae1c44
07494216
d93cb1b8
7eff9baa
0001046c
0e10e47e
f0244860
4e467092
0234f194
0001d3e6
7ee6b408
6d0fe27a
7ce083bc
1bfeb04e
000194b0
6a2f9162
14665ae4
7eec19b6
8eba8a58
00011d4a
510f170c
552eb01e
82fd3500
57842632
00015834
4aec1386
e37d34a8
10a44c1a
4acfbe5c
0001e3ee
b4e52950
7ef12f02
3fdce984
c4f1c156
0001b2f8
c5026eea
7ef779ac
1a094bbe
7ebb71a0
0001abd2
7f800000
33ba2326
6c230548
e01485ba
000148fc
7eade78e
37e50df0
1b089ca2
09b9c824
000138f6
add02b98
06a7908a
7e902c4c
ce88b75e
0001fe40
fd4d0172
ba9b1574
50c702c6
850025e8
00018f5a
34eb239c
8576bb2e
22064290
7cddda42
0001f6c4
0fc58096
7eb7f438
ddc4822a
8c012eec
0001f2fe
8287dae0
46a82712
844c6c14
7efab266
00019688
1c2868fa
d0674e3c
7cc05ece
0370c730
0001e7e2
7ec67564
c0e39836
8e130cd8
21c143ca
0001818c
5215fe9e
43e60780
7edd1cb2
bc8812b4
00013206
68005728
b79c129a
7bb7c8dc
b3f2d26e
00019bd0
0761c582
2c464404
ff047fd6
70097578
0001d56a
670c242c
7ef3da3e
a2498420
9c53e252
00010954
c27681a6
847367c8
dc8b8c3a
7e84937c
0001160e
10c1c070
20e07322
e24c62a4
6f103776
00012e18
7efa370a
817616cc
7f1685de
7fda50c0
000177f2
ff3e4ff4
958ea146
7ebdc868
c45ed5da
0001ae1c
35b229ae
80f83510
a9bcf0c2
5400d144
0001bf16
496836b8
b10668aa
9d58596c
2a66017e
00016d60
dca6dd92
7e88e694
136d90e6
d7077908
0001ef7a
b13318bc
7f800000
7117f9b0
7edf3e62
00018fe4
7c8816b6
b7208f58
22926a4a
9e5aec0c
00014d1e
7ea3da00
9e531332
57fdcd34
22fb5086
000179a8
0650d91a
5464d35c
7ef4c0ee
95490e50
00015c02
b9149e84
67c43e56
ab1437f8
02063bea
0001ceac
fc2b68be
552c96a0
dae118d2
f6c503d4
0001e026
7a38ca48
7ebf92ba
47b2ddfc
174b448e
000172f0
2c9549a2
05c3fd24
208b35f6
7eeb3098
0001dd8a
c261014c
9271545e
9502a340
0eb8ee72
00018a74
7ec33fc6
b6706ae8
58b21c5a
20c5389c
0001982e
6e7f2790
82f90742
7ec1abc4
4fc4fd96
00017938
bc454f2a
90b483ec
bd840ffe
2acdffe0
00019412
9c6a6114
cccd6f66
d7475b88
481075fa
0001e33c
e3eabbce
7ed42c30
94c294e2
48b5aa64
00019536
d3e311d8
11e090ca
9ac8568c
7ecb9b9e
0001ac80
11e609b2
e09887b4
38266f06
fbe59c28
00019f9a
7ed6dddc
c703af6e
3dda80d0
8059f282
0001f904
b930fcd6
ac53fa78
7e83a26a
a844792c
0001f73e
94e4a920
9e0b4f52
6538fe54
c3b63ea6
00012cc8
6a30993a
9326287c
212d730e
f0ba2570
00012022
9e2097a4
7eb33476
7f800000
4716840a
0001ebcc
029922de
997ff5c0
9b1a64f2
7ef3c4f4
0001de46
71180d68
dbc262da
6bd9c31c
ee5006ae
00011a10
7e921dc2
8ce78644
fb483c16
3e67bbb8
000135aa
d015ae6c
4bef1e7e
7eb09260
497b4a92
0001db94
eb1a4de6
a3fc3e08
78dffc7a
c299adbc
00016a4e
49a55eb0
da02eb62
8b44c4e4
7c5813b6
00019458
49abb74a
7ebac10c
9399ea1e
f09e7f00
00010032
00584234
60be8d86
9f47bea8
7ef1661a
0001e85c
551f9dee
c400f350
6ce18902
5be05384
0001bb56
7ec8bcf8
d2fe08ea
d56823ac
d78185be
0001bba0
7fd285d2
7551f8d4
7eb99d26
26228f48
00019fba
b4de72fc
6a9ca18e
0bd5d7f0
bd95f6a2
00013224
a30832f6
19da3598
24e02a8a
e2c5d64c
0001f15e
97524840
7e98db72
0605ff74
b6737cc6
0001afe8
278fa95a
27b34d9c
eab2752e
7ecc0c90
00013442
e27260c4
a6787a96
c3b6fe38
e2ba1c2a
0001d8ec
7ea72cfe
1a6824e0
54510112
e71c5614
00012c66
87262088
88ec82fa
7eb4783c
554918ce
00019130
e62041e2
81b8df64
34839236
108716d8
0001ddca
51322b8c
03b5389e
6edb5180
7f800000
0001fcb4
d6c3ac06
7e9ee128
64dd2c9a
f109f2dc
00018c6e
b1bc65d0
46c61f82
c5ddae04
7e9179d6
00017f78
73f56f6a
ed90ce2c
33a0143e
e2d3ce20
0001bc52
7e8ff354
cca9fba6
7046f1c8
c0c9a63a
0001bd7c
6d98d00e
51068a70
7ee1cd22
d588cca4
00013176
8ba13818
d226d10a
963fc0cc
e14fbfde
00019ac0
bd3451f2
a73d39f4
48ef1b46
9c465268
0001efda
3e51d81c
7ea1e3ae
f291ff10
1cdb4ac2
00013b44
0b55b916
083b40b8
b1f002aa
7ee7036c
00013b7e
85f4b760
64c3b792
686cd094
3e7b0ae6
00010308
7eb6097a
011442bc
c2cbc74e
b686c3b0
00019862
5611f9e4
b4dc10b6
7ee89958
fab9044a
0001960c
419d871e
756d2400
e54ced32
ad46b734
0001ca86
0aeb03a8
d685f31a
8ccafd5c
dc7e7aee
0001d850
2807b602
7ec00884
65853856
395141f8
0001d5ea
5abe78ac
7c0ba2be
050ae0a0
7eb7f2d2
0001edd4
65075a26
bfe05448
7871acba
231e07fc
0001fe8e
7ecc3cf0
9e0aa3a2
c8946724
d2392ff6
00013a98
a8ea778a
993eab4c
7ede8e5e
a6f5ed40
0001c872
88997474
7fd7b9c6
a0ccf4e8
8161365a
7f800000
859e522e
7e6cf190
ab8b6142
d1b715c4
0001f796
d5f48338
7ea2e92a
7a572dec
9efe49fe
000149e0
14d36e12
b4624b14
e78ee966
7ed8e588
00018ffa
5a390d3c
a0db75ce
9d96f630
baf1eee2
00011464
7ee18f36
93ff1bd8
27fb2aca
71b0008c
0001d59e
0e53f680
5553e3b2
7ef571b4
9314e906
00012628
31ebb99a
625107dc
c9c1696e
ebf24ad0
00014c82
9d076304
9da5f6d6
37650478
e8db3c6a
0001232c
aac4313e
7e96f320
e0d62952
137ae854
0001b8a6
5eeeb6c8
b056b33a
43a5527c
7eb82d0e
0001ef70
4d107a22
d88501a4
1b952e76
dd4e3d18
00011e0a
7ec295cc
eb3a5cde
ccc73fc0
43c23ef2
0001aef4
952d5846
a7489768
7ee57cda
23dded1c
0001c0ae
4adce410
689877c2
bf70f044
ea173616
0001c5b8
8a52cfaa
0dcc586c
de9d587e
768cdc60
00012492
74fcc594
7e8fc7e6
9b61c808
7880167a
0001d7bc
6978244e
07bc28b0
b7a64562
7ef32ee4
00010db6
494a9e58
05ba514a
72b66b0c
0ed5241e
0001c900
7ef7da32
aec92c34
4d610786
ea6248a8
0001801a
5b9c125c
201157ee
7eecbd50
68a1e302
0001bd84
7f800000
edadc6f8
70c9a2ea
dc28cdac
0001bfbe
71f805a0
41115fd2
4e27e2d4
df891726
00011948
4278b9ba
7ef19cfc
93db5b8e
8116a1f0
000150a2
2f5a9c24
7e1e2cf6
51343f98
7ee8c48a
0001804c
d1632b5e
13ed9240
8db4b572
b3c0e974
0001f6c6
7eb939e8
3626c35a
c6cb779c
d0be2f2e
0001d690
6e028e42
de8fcac4
7efb7496
35060838
0001b62a
ff4682ec
fb8966fe
0f986ee0
bbc9db12
00014014
5a7da666
bc5faa88
89809cfa
1251a23c
0001d2ce
7ef65b30
7eb79be2
aa7b4964
2af38c36
000120d8
edf677ca
4c41d58c
9224729e
7ea09b80
0001d0b2
b841e6b4
3d1a2606
de8d6b28
0dee469a
00011cdc
7eee466e
3c7c2fd0
fbfa7982
e5c51804
000173d6
262b8978
f9b5096a
7ee5782c
a31c4e3e
00011820
c1e99652
7c79dd54
35ad75a6
b36a7bc8
0001c03a
e982e77c
410b8a0e
d29b5470
aab32722
000136a4
b3d42b76
7ecf4218
aa236b0a
a3596acc
0001f9de
8668e4c0
fec42bf2
518c23f4
7e9f9546
0001dc68
33a509da
6c7e021c
29619dae
cd7bc910
0001a4c2
7e93a544
678cb316
5a5e4ab8
b2a99caa
0001ad6c
efc2757e
7f800000
7eb09192
fc20ba94
000184e6
65d28d08
bbbe237a
45456cbc
a258814e
00018db0
57a5f262
9a6863e4
10000ab6
8d00a358
00019e4a
6852400c
7ec0c11e
ab066e00
8e16c732
0001a134
9c404486
8dad8da8
428b0d1a
7e81275c
000134ee
4620a250
feb01002
5dbb7284
6e163256
00014bf8
7e9d6fea
a9a722ac
60bbdcbe
02392aa0
0001ccd2
4870d7d4
e9bed426
7ed7de48
dd73c6ba
000131fc
09c8b88e
003506f0
8d4ffda2
59b4d124
000129f6
c11f4498
aadb118a
086c554c
421bc85e
00013740
30f0a272
7efc5e74
4fbc33c6
aa797ee8
0001505a
fef58c9c
9c120c2e
97aabb90
7eedbb42
00017fc4
52caf196
30eb8d38
25d0832a
a449d7ec
000183fe
7eae93e0
19344812
16aa3514
d1206366
00016f88
e938a9fa
3f7e373c
7e9c2fce
bca9c030
000148e2
3a3a7e64
5f398936
af6b25d8
45e5c4ca
0001aa8c
b42a0f9e
f1414080
9a91bdb2
2ea25bb4
00016306
41c2b028
7ee4d39a
421b31dc
5d4f236e
000114d0
8ac2a682
f016cd04
2ceaf0d6
7ec60e78
0001d66a
f5edcd2c
eca86b3e
10993d20
8d710352
0001d254
7ebd32a6
bdba40c8
7f800000
d8747c7c
0001e70e
93e3b970
5fc9d422
7eb96ba4
80c72876
00014718
970fb80a
cf043fcc
c0ab96de
155e89c0
000118f2
ef9198f4
22c5d246
9cc92168
b6d896da
0001171c
a2cf7aae
7eeeae10
346ed1c2
084a5a44
00013016
82adcfb8
faf469aa
2bd3026c
7e9b927e
00012660
ed54fe92
4dd8af94
3ed541e6
7a175208
0001307a
7efc01bc
3d6cde4e
9722f2b0
83199f62
000198e4
d2a007b6
df8aa858
7e98eb4a
1002150c
00015e1e
fbd11300
cf29b432
ef8a1634
90d38186
0001d2a8
7afb9a1a
ee7a3c5c
1bd311ee
ce288750
00013d02
c6d72784
7eecaf56
c0e2d0f8
1e653cea
000177ac
40e1f9be
05ce4fa0
0c2039d2
7ecdccd4
00019126
4011a348
1962d3ba
9454c6fc
d5ea158e
00016bf0
7ea0aaa2
97a30624
8c0426f6
d3de4998
00015e8a
61212a4c
6608655e
7ed8dc40
40a08f72
0001d374
f63c70c6
030dc3e8
f08ddd5a
9233a19c
0001e92e
efc7a090
5f4ce842
90fd34c4
244e6e96
00011238
8c15502a
7ee12cec
9c3ba0fe
e218b8e0
0001b512
4bac2a14
1b772066
78e93488
7ee4b6fa
0001cc3c
c0ca8cce
a6b12530
6e1ef5e2
7f800000
00018636
7edf2ad8
ffc911ca
6fa17f8c
7d63ac9e
0001e580
c5deaab2
4196d0b4
7ec0a006
e0cbf528
0001609a
509e46dc
a564006e
608bf9d0
a6fed382
00018204
bc9b6dd6
e6349378
2f44a36a
6b8a222c
0001883e
ebd86220
7eec7052
0233c754
7d80efa6
000105c8
34b5da3a
607a117c
cd4e440e
7e801e70
00018122
c6f1a0a4
526e2576
134d4c18
99f0050a
000114cc
7eb233de
c9a82ec0
522405f2
7e2b0df4
00010f46
27476668
9d0023da
7efa2c1c
547157ae
00019310
5487fec2
1d150f44
7e93ad16
bfd154b8
000136aa
b6f4576c
b1a8af7e
e44d4b60
e26d6b92
0001a494
a105fee6
7eb01708
d9163d7a
fdc696bc
00013b4e
755457b0
0a014c62
dd0ecde4
7ef404b6
0001ad58
6276384a
b9c5ea0c
51b3fb1e
85efb800
0001a132
7ec88b34
fb1abe86
5fc017a8
ca60271a
0001515c
7401eeee
34846c50
7ea86a02
e986dc84
00012c56
7fbb55f8
032109ea
68dfccac
2a3c16be
000174a0
3d55a6d2
e8bec1d4
ed464e26
b11f6848
0001e0ba
26e45bfc
7ebf728e
176dd0f0
7a6557a2
00013b24
8e0523f6
d9714e98
649bab8a
7ee9ff4c
7f800000
aacc8140
8cc47c72
48af4874
8670adc6
000108e8
7eaf6a5a
d085b69c
f355c62e
3a388590
00011542
d691e9c4
1c85eb96
7eb29738
4a4e1d2a
000181ec
8062bdfe
e656dde0
37652212
43421f14
0001dd66
d1ebf988
7784c3fa
3913613c
952ce9ce
00018a30
70c0a2e2
7ef4e864
49e18336
a6272fd8
00015eca
586f548c
bdd1499e
197e8a80
7e9f97b2
000145b4
ed61dd06
0ba93a28
1baded9a
de355bdc
0001dd6e
7e91ded0
20af0082
89763704
e6ffead6
00011878
f3fa706a
753a772c
7edca53e
b26b8720
0001dd52
beeebc54
dcf8aca6
33d5cac8
a812e73a
0001a67c
40bda10e
a7708370
10532e22
183dd5a4
00012276
f04a5118
7ec4520a
0095e9cc
02ecd0de
0001d3c0
8a81f2f2
4d5882f4
b72e4c46
7e99ab68
0001b0da
b8d6411c
0e4734ae
73507810
06152bc2
0001c444
7ea52a16
61c8d9b8
2b6603aa
aa29ac6c
0001cc7e
f2357060
95f9d892
7e849994
8eeabbe6
0001dc08
53304a7a
cda52bbc
da31984e
77d9bcb0
0001f962
65c002e4
91fc01b6
f11ab258
f547854a
0001bf0c
bbbb981e
7ee25d00
3aab8e32
429b0034
0001fb86
7f800000
00b8b41a
dda8665c
7ee4cbee
00015150
e1929702
15ca9184
2735a956
3767daf8
0001d6ea
7e9a21ac
ecca33be
a6f499a0
60ff13d2
0001b6d4
86980b26
a0012d48
7e9cedba
4a87f0fc
0001cf8e
4f8835f0
181e04a2
8e3b7024
4cba20f6
00015398
4e69f88a
e4c6d44c
077d9f5e
ad142640
00016972
3626bd74
7ed8eac6
ebb24de8
d6c4f75a
0001cb9c
1f45a32e
c6fd6a90
f6674242
7eba9ec4
00016896
f1941c38
307aea2a
73cbd6ec
31bddafe
000102e0
7eab8f12
4d6c1414
6b409a66
3cc2be88
0001d0fa
a57bf63c
53c346ce
7ebbef30
06d64fe2
00011d64
a0438036
3bc334d8
d96babca
3b51298c
0001e69e
0f9b2f80
3dd484b2
7d3bbab4
6e371a06
00017f28
53807a9a
7ee070dc
4229ba6e
9debc3d0
00012d82
b883ec04
7c1867d6
e98d9d78
7ea43d6a
0001cc2c
d084c23e
b452ac20
8ebf4a52
e23db154
000169a6
7ea18fc8
c463f43a
7bc13b7c
9260fe0e
0001e870
abc5db22
c51e0aa4
7ed81f76
381b5618
00019f0a
a67cbecc
14db6dde
e23778c0
3753dff2
0001f7f4
0bf08946
ebbff068
d22b3dda
adc6561c
000111ae
bf3f5d10
7f800000
b7667944
d06aa716
00015eb8
b38cd0aa
5573016c
085ee97e
7ef19560
00014592
22788e94
d88378e6
91dda108
2a3e577a
0001c0bc
7ee1f54e
eeb321b0
6a2ca662
9e0537e4
0001feb6
5020b758
f20cd24a
7e89940c
54f7351e
00010200
051a7b32
9b017534
70c53886
0122a1a8
0001411a
dfdd7b5c
e8fba8ee
dc383650
ed70c402
00014684
9fa82656
7ee85ff8
f874a3ea
186876ac
000150be
e485bea0
471c80d2
835cabd4
7e9dc826
0001f248
b2e7faba
4f3f85fc
5f862c8e
0ff69af0
0001b1a2
7ee5a524
98231df6
fd135898
562c458a
0001a94c
25063c5e
9cafcb40
7ee85672
5c323274
000127c6
1bc292e8
824e845a
8e65e09c
0b69802e
00014f90
88226f42
ca7753c4
c110e596
80c9a138
0001b72a
b91f2bec
7eccf7fe
b4cf27e0
ef65fc12
00010914
10b35766
096d8388
d9a0ddfa
7ef88b3c
0001a3ce
8ebf5430
005ffce2
a4ff5264
f7597d36
000139d8
7eaaf8ca
6846fe8c
e448839e
070bd480
000171b2
45ec2fb4
ecc05706
7edfc428
aa47079a
000185dc
36da976e
0e19a8d0
6c6b5a82
e925a104
0001e4d6
ec782278
e1420a6a
7f800000
7ee0df3e
0001d120
2416b752
7ea0a654
230426a6
414154c8
0001013a
af02d07c
92385b0e
3c4d4d70
7eac8822
00013fa4
039b1c76
3ac05b18
4648ec0a
6a7793cc
00010ade
7efd1dc0
2899ccf2
ed6f6cf4
d266c646
00013568
c12ecada
95ca6b1c
7e8eeeae
c5824210
000185c2
dced2e44
97642416
1433e3b8
9ba79daa
0001566c
9388067e
4c01ba60
786eb292
be808394
000135e6
ed726608
7ec0647a
e49e55bc
bfc6524e
000186b0
e3705362
d5de6ce4
b427fbb6
7efabc58
00011f4a
e389690c
ed66d21e
9c43a700
47fd6832
0001ea34
7ea87586
2791e6a8
6245ce1a
a926905c
000185ee
bd901b50
5ec2f102
7e8dfb84
3acea356
0001e4f8
a90c70ea
124acbac
3d826dbe
d56ae3a0
0001edd2
3689a0d4
f8578526
3740b748
92a707ba
00011afc
a477898e
7eb8fff0
b1eb5ea2
9323da24
00011af6
bb225d98
4be2928a
40bc7e4c
7ec2d95e
00017040
fbe84372
0ad1a774
d14564c6
33a6d7e8
0001115a
7ef3f59c
87c15d2e
e7833490
b3519c42
000108c4
0d646296
3cd32638
7eb0842a
ae8680ec
000114fe
1f094ce0
0d146912
d97bfe14
7f800000
00014888
021ceafa
ed89203c
cf8c00ce
4a16b930
0001a9e2
5aa28764
7ea37a36
2b773ed8
fade45ca
0001d38c
6a52209e
4fd07980
f79a5eb2
7eb0a4b4
00019406
f3390928
f001949a
a1729adc
afbf746e
00018dd0
7ef78782
6b5b5604
266561d6
b036a778
0001d76a
2ac3762c
8e70fc3e
7e9cf620
b3e22452
00019b54
a997e3a6
88b519c8
37e20e3a
bb58657c
0001b80e
df39b270
79073522
719a74a4
08121976
00016018
c0f9390a
7e8668cc
2a54a7de
5016c2c0
0001b9f2
5e58e1f4
da910346
af887a68
7ea657da
0001801c
8d00cbae
d6192710
a374b2c2
a807e344
0001a116
7ea768b8
b3b66aaa
1441ab6c
73e5237e
0001df60
47571f92
b51c7894
7ed0f2e6
22db2b08
0001717a
cbb8eabc
75deaf4e
7961ebb0
f8280062
0001a1e4
f24bf8b6
4aa8c158
69736c4a
b59d3e0c
00016f1e
2bb24c00
7ed45532
398a5f34
7d3fb286
00012ba8
2d7a5b1a
8983a55c
cec562ee
7ebc0050
00011e02
f40db084
c8a92056
536569f8
3d983dea
000120ac
7eac8abe
c9a408a0
9ab35ad2
984a95d4
00014226
7f9e7c48
235a14ba
7eeaaffc
4f9ce68e
7f800000
4e000ba2
e2f60f24
151117f6
ac056298
0001df8a
e7d5534c
09b3765e
83e31540
59dc3072
00011c74
2849a1c6
7edf1ce8
5a3d9e5a
b8960a9c
00013a2e
1b441990
47f4c942
b4acbdc4
7eebdf96
0001ab38
f2b9512a
a401d5ec
350731fe
a09771e0
0001d612
7ee1f314
66b4d166
083f0d88
8f8cf7fa
0001b53c
2cbe5dce
41c21e30
7ecf56e2
07d9bc64
00017736
258f43d8
ce8592ca
e06ea88c
a78fbd9e
00011e80
752b4bb2
bd0919b4
22eed106
6d664e28
0001219a
4b59afdc
7ed8516e
217172d0
edf7b482
00010b04
db99ded6
84c92c78
be59a46a
7ec3cb2c
0001193e
3e001b20
0e219152
d3a29054
87dfa0a6
0001dec8
7e8f1b3a
f0c1fa7c
dc83150e
d27a1770
0001e222
1136a9a4
213d1676
7e866518
619d860a
00013dcc
cddf44de
6f0467c0
1881a6f2
4fd656f4
00014046
f92abf68
5811e4da
7f0e951c
87a6a8ae
00010c10
bad1dfc2
7eb69844
71731e16
19eeedb8
000137aa
c7c7006c
7976407e
631e0460
7eb38c92
00016d94
fb85afe6
8217f008
fd207e7a
afe77fbc
00010c4e
7eb750b0
7853ad62
844cd6e4
b923f5b6
0001c658
7f800000
19c5130c
7ee20c1e
8474f100
00014232
1facd434
640aef86
afec70a8
1fa2e81a
0001ba5c
33f83fee
2b3be550
b1c34b02
66a16584
00019d56
0e61eef8
7e980aea
da4b75ac
b30aa7be
00012da0
a82cc7d2
f89f8ad4
28e6ff26
7ed04148
000121ba
c3de44fc
30f6438e
a339c9f0
8988b8a2
00014424
7e9614f6
1fbc6798
412b2c8a
f502284c
0001135e
1b7aba40
04441d72
7ecc9174
7901dec6
000161e8
26a32b5a
fe4c1f9c
710d172e
d158fe90
0001f642
ee2572c4
aa275c96
7b623038
98b61e2a
00012aec
3b324efe
7ef996e0
dbcd4312
6fdbe814
00018e66
da65d288
51f104fa
89e64a3c
7ea4bace
00018330
61b503e2
fca4f164
20d37436
367b48d8
0001dfca
7ea07d8c
6c015a9e
1555c380
733038b2
00018eb4
7a940e06
03679328
7ed2ae9a
0454c4dc
00012e6e
649b57d0
6aebe182
a482c004
3b825bd6
0001b178
eed3716a
42d8202c
112d363e
4d374020
0001fe52
b1418554
7edb5da6
2918a3c8
0f30283a
00018f7c
c6f6720e
660e7c70
24188f22
7ee6dea4
00011376
c3a76a18
f835d30a
8ae012cc
ec9de1de
00010cc0
7ea393f2
7f800000
f0017d46
f2a10468
000171da
204eaa1c
9a8085ae
7ec2f110
73a30cc2
00014d44
24889b16
640a72b8
b3b004aa
7360556c
00015d7e
1daa2960
b083f992
f2106294
d3ee6ce6
0001b508
67fe8b7a
7eaa14bc
78ab694e
9560b5b0
00015a62
9ae20be4
d8aff2b6
0080cb58
7eaa064a
0001e80c
d1eda91e
f68b9600
035e2f32
2a634934
00012c86
7ed7b5a8
08bf751a
cf79cf5c
a55f1cee
0001ca50
33717802
72c91a84
7efa1a56
523273f8
0001d7ea
4869caac
e39cc4be
fc1252a0
b81a34d2
00017fd4
f0bcbc26
99d60648
979c2eba
6ce5d9fc
0001a08e
a4f82ef0
7e8565a2
ad567924
84cf11f6
00016c98
e0bd798a
b842fd4c
3b30b05e
7ee65f40
00010a72
6a280674
936e1bc6
0a4ba6e8
9dfcb85a
0001349c
7e80f42e
59c1e390
ed972342
153227c4
0001d996
9de7b538
76a6eb2a
7eb47fec
1e916bfe
0001bbe0
2cd7b012
86e9dd14
8b864b66
4e609788
000111fa
9fb2df3c
35bf17ce
2614e830
090eb0e2
00012664
9ab97136
7ebb4dd8
0bb02cca
40e6528c
0001f79e
32166880
c1a925b2
267603b4
7eed4b06
0001d828
7ae93b9a
1c63d9dc
7f800000
8e193cd0
00010e82
7ef47504
161ed8d6
a06a3678
0b413e6a
0001752c
2459533e
27c26520
7efc6b52
85747a54
00011aa6
220868c8
a845353a
16d1247c
9f9dcf0e
0001e170
d4cf3c22
732b13a4
d1af1076
d19c6f18
0001200a
e72ae7cc
7e907ede
0cdbb1c0
da3980f2
000140f4
9d47ba46
ebeb4968
fac4feda
7ea2bf1c
000162ae
65d5d610
9de839c2
0ad00244
c6521816
0001f7b8
7e9ad1aa
670daa6c
34347a7e
b78a4e60
00016692
d8685794
180b29e6
7e8d7a08
3fd0987a
0001a9bc
655fc64e
01de1ab0
fb070762
f10b40e4
0001efb6
09aad058
8733534a
d850bd0c
872d461e
00013b00
48111c32
7eadbe34
02bd6986
4796faa8
0001021a
d512e45c
f2f9f9ee
9237af50
7e93a502
0001cf84
42709756
6ed6f8f8
72f3a4ea
d29c1fac
0001e1be
7ec777a0
9a7ba1d2
f50574d4
98467926
0001cb48
1b2b3bba
87016efc
7ec4fd8e
bf0a93f0
000112a2
c7e4ae24
bfbc0ef6
cfa67198
ae43c68a
0001d24c
38bd4d5e
22a60440
7e6ff772
5b177b74
000158c6
e17febe8
7eca455a
7af4499c
5b28d12e
0001c890
9e965042
79d2dcc4
61ba5696
7f800000
0001b82a
a4ebd4ec
af2488fe
d139e0e0
84561d12
0001d214
7efd0866
b42f5c88
b5951efa
fa93743c
000174ce
b2bc4d30
23dc5de2
7ef75b64
25536e36
000152d8
153379ca
9040278c
ca80949e
e02b0d80
000112b2
5e0a78b4
b2fa8806
c2e61d28
9c73c89a
0001eedc
fd5ae86e
7eeb21d0
ed303b82
e3fa2a04
000155d6
8778bb78
e3a30b6a
2b3cca2c
7eb9703e
00018a20
fb97d852
a03b6f54
50eed7a6
a0cc2dc8
0001423a
7ef6b97c
36792c0e
ae334670
2cf9e922
000148a4
08f60d76
2a657418
7ec26d0a
f189bccc
00011bde
2bc556c0
51c36df2
47c6b5f4
cc41f746
00018e68
388c8bda
4c0ad41c
48d03fae
bfbcbb10
000166c2
8c3ab744
7ecf9516
16bd7cb8
33799eaa
0001ff6c
8961977e
80be7360
9380d392
7ed44c94
0001e6e6
bac63f08
5496a57a
6aeb3ebc
0448234e
00017fb0
7e8eb462
d6c875e4
61e3ecb6
f1a8d558
0001a04a
d2b4920c
4ba0e31e
7eb4e000
15380932
00013334
5aa4a686
c12a3fa8
ffd48f1a
31bff95c
0001d6ee
2b339450
f729d202
97d48484
bb1b1456
00017df8
b74f71ea
7ee274ac
405cfebe
fbd09ca0
7f800000
311669d4
ef843626
2b5d9048
7eae48ba
000103fc
3a3a5a8e
4170f8f0
18dabfa2
c606e324
00010bf6
7ed97698
79be138a
a100a74c
397dea5e
0001a940
ee33e472
649af074
7ee295c6
308830e8
0001d25a
51e65e9c
d884ae2e
218fad90
f9097d42
000191c4
cf91d396
796ebf38
1a64852a
bab729ec
0001a5fe
d01805e0
7ec88a12
dcc1c714
ff27c566
00012188
f6d52bfa
ea88093c
678fd1ce
7eb7b230
00010ae2
a87e9064
90a16b36
123757d8
d0aac6ca
0001fc8c
7e8e319e
6f93b280
8ff6ffb2
0232edb4
0001c506
8c636228
bcf2559a
7ebe03dc
3b43c56e
000106d0
92806882
ae13df04
7b73d2d6
bf5b4078
0001d86a
158d1f2c
fe4d8d3e
7ed4af20
9fa74552
00016454
ae0694a6
7ee3f2c8
454b4f3a
a1304e7c
0001890e
02c3ab70
fc989622
c36f7da4
7ef10a76
00017918
9fb6ba0a
f9fc91cc
4c11b8de
4002fbc0
00015af2
7e942af4
4cf03446
1dfbd368
294818da
0001e91c
84461cae
b3f7a010
7ece93c2
43396c44
00011216
1f5501b8
6b4c6baa
66a4546c
43c2b47e
00019860
7aad4092
c4d44194
2360a3e6
e1530408
0001b27a
7f800000
7ee4804e
27d4e4b0
eb8a6162
0001aae4
6b8be9b6
087ada58
b221ed4a
7eac670c
0001801e
04c78500
3ad2f632
45fea834
783fe386
000184a8
7ecd1c1a
35810e5c
62cbb3ee
72837950
0001ff02
50b83984
36799156
7e9c02f8
ef9f3eea
0001c9ac
0c8b1bbe
b0adc1a0
169a7bd2
abbb5ed4
0001f326
48df5548
c52555ba
4e7498fc
1463b78e
00015df0
f2336ca2
7ebd1824
4bb208f6
4ae07b98
0001608a
667d7c4c
0d72875e
5f214e40
7eebd172
00016574
bcead2c6
476475e8
25c15f5a
a3ec739c
00018b2e
7ef49290
ccf0aa42
3bd046c4
b41d5096
00014438
8031522a
60967eec
7ee6c2fe
764a2ae0
0001f712
bb8bbc14
3e868266
9548e688
ad0938fa
00019e3c
b7c62ece
91071730
f3d3b7e2
db99c564
00016836
9e735cd8
7e9613ca
fd2fd18c
05cfce9e
00015780
afcbecb2
62ef62b4
62310206
7eb4a728
0001e29a
bf0918dc
dd60a26e
908aebd0
e5449582
00019404
7eac4fd6
9811c578
0842a56a
63f1742c
0001aa3e
9b5bd420
1e2ab252
7e855954
72d251a6
0001b7c8
e93c5c3a
53fde37c
decbe60e
37a81070
00014322
8cefb2a4
7f800000
fc737e18
2e1f070a
000166cc
77a055de
7e94a0c0
7e3347f2
7ff59ff4
00017146
f6c21868
9cf7a5da
c416fe1c
7eeff9ae
00018510
e56fc0c2
7fcc2144
63e68f16
5cc086b8
000138aa
7e8da96c
3357d17e
e122bd60
704dad92
00013694
8a9960e6
c1b3c908
7efebf7a
e8fc68bc
0001dd4e
814e49b0
b4fa0e62
90fedfe4
0de7e6b6
0001df58
3e873a4a
8db83c0c
42241d1e
fc2e2a00
0001e332
03051d34
7e8f2086
9fccc9a8
92b9a91a
0001235c
250290ee
b8275e50
d0b22c02
7eafee84
00010e56
f9bc87f8
ebe30bea
39ab1eac
01ed38be
0001e6a0
7ed7e8d2
b4f453d4
ed1bb026
b4351a48
000162ba
9bcc2dfc
34c1148e
7eb9c2f0
7b0019a2
00014d24
3cbb05f6
fcbb8098
4a8ead8a
220e514c
0001245e
f95cf340
4317be72
015dda74
1e270fc6
0001bae8
68eaec5a
7e86889c
f3d8682e
f2ad7790
0001d742
392cfbc4
df5ccd96
8845c938
7ef21f2a
0001d3ec
9015dffe
13d04fe0
d1896412
7ce9b114
00013f66
7e93ab88
a83145fa
c9ad333c
42308bce
00017c30
48fd64e2
e648fa64
7ed96536
d18361d8
000160ca
bac5a68c
9e456b9e
7f800000
6014d9b2
0001d7b4
0e5a3f06
82d9ec28
3acb6f9a
73682ddc
00017f6e
7358d0d0
7efcc282
27034904
8b98ccd6
00014a78
f480726a
6669c92c
dd11c73e
7eb6f920
00011f52
b8084e54
6f520ea6
600f7cc8
8621693a
0001787c
7ec3430e
9ce07570
4231f022
8203e7a4
00010476
15b88318
c27b540a
7e9e3bcc
2e62f2de
000145c0
d31934f2
04eb14f4
8368ae46
0f5c5d68
000132da
84bb131c
d3cdd6ae
ab696a10
f584edc2
0001d644
e0800c16
7e800bb8
dace05aa
468afe6c
0001ee7e
1852e260
44621a92
9b902b94
7e861de6
00018e08
20a0cc7a
4ba2fdbc
2e393a4e
1f1baeb0
0001bb62
7ef814e4
18f7e3b6
029ae458
84e0874a
0001110c
1433ba1e
9ce8cf00
7ee4d032
749f9234
00015d86
a4dc0ea8
7e9a361a
723f385c
036d6dee
00014350
ada45902
9f3ba384
75528b56
99b10cf8
0001d8ea
542d73ac
7e8355be
14640ba0
9c8955d2
000148d4
33756d26
bd5edf48
b2ef6fba
7eb7c2fc
0001718e
5a9c27f0
8340c6a2
35e58224
0a7802f6
00018598
7ee4fa8a
23b3264c
6ef7c15e
50ec9840
0001ab72
349d4f74
59174cc6
7e98ffe8
7f800000
00019d9c
31d0452e
46ba5c90
211b0442
b41db0c4
00014a96
eaef4e38
83a6ec2a
9c9128ec
f578fcfe
000174e0
62d7d112
7edba614
d85ffc66
fdb27088
000152fa
58ddc83c
d6cee8ce
e0a1e130
7e9b11e2
00012f64
36c36236
fb6766d8
4ec8adca
926f7b8c
0001089e
7ec5a180
70d1c6b2
9a244cb4
08377c06
00013128
3825fc9a
16db42dc
7eb65c6e
cc7ab5d0
0001ef82
75d8fe04
fbb949d6
6bfacf78
dcb23f6a
00011e2c
3641e43e
46661e20
ea8d8c52
0d1f4354
0001cba6
162341c8
7efa763a
24d50d7c
3feea00e
0001da70
582c9d22
f2ac1ca4
551a0176
7ed18818
0001a10a
27cd10cc
40598fde
5cb3eac0
bc7321f2
000189f4
7eb2eb46
b7caa268
4d32bfda
0873281c
0001b3ae
4ea04f10
870e1ac2
7ead8b44
5bcd8916
000190b8
b27cd2aa
529c536c
f21e0b7e
bed70760
00018792
a6cc2094
2c26dae6
eff15308
4936d97a
000192bc
b5f1974e
7ebd13b0
fa356862
498549e4
0001e0b6
85e8e958
552dd44a
110be60c
7ef7571e
00017400
de5bbd32
eace0734
93499a86
cdbf53a8
0001c31a
7ebc4d5c
ce0c4aee
7e6b2850
400a8602
7f800000
d8cd0856
a27991f8
7ec6a5ea
1ac3c8ac
000172be
633d30a0
cb2ec2d2
b3223dd4
69832a26
0001a448
0b427cba
99b757fc
8817ce8e
9e528cf0
000173a2
e257b724
7ee8fff6
d8ed8a98
d32f478a
0001fb4c
9c885e5e
b5d03d40
49cb9872
7ef0c474
000189c6
5af144e8
f01a065a
9c76b29c
4ffc222e
00014190
7ede3142
fca265c4
49f7c796
4a6cd338
0001b92a
d2ac7dec
181019fe
7ed899e0
0a9a3e12
00019b14
d2dab966
cca53588
ad5d5ffa
bd225d3c
000145ce
faed4630
ddacbee2
c2636464
44e15f36
00016bd8
f20ffaca
7ead508c
d4cca59e
ba7e4680
0001b3b2
109cc1b4
1fc8b906
68a07628
7ef4899a
000157dc
3cef396e
ebf09ad0
0e491c82
e642b304
0001c6d6
7ead5478
90d80c6a
c796732c
40a6013e
00014320
d86cf952
38ca3854
7eed88a6
e20b06c8
0001833a
e2dea27c
bdcdfd0e
384d3f70
259b4a22
000151a4
53e4fe76
38be8d18
3d0fee0a
488fe5cc
00012cde
66418fc0
7ec10ef2
7091fef4
c0b12846
0001e768
29be4cda
9f3f3d1c
042590ae
7eab3410
000147c2
76fc4044
a5cf0616
71fb15b8
0a1f9faa
0001a86c
7f800000
24af2c60
c7e6f492
dc9c1594
000197e6
ddce1808
bec0e67a
7eac27bc
ffddf44e
000178b0
16011562
ad267ee4
a933ddb6
780aee58
0001214a
45d3bb0c
75eef41e
1a5a1900
85c6aa32
00017c34
e7b4d786
7ef698a8
ab37501a
0b4d625c
000127ee
9f0b0d50
57e4b302
d40f0d84
7efb8556
000116f8
986672ea
dd6e1dac
f94b8fbe
856a55a0
00012fd2
7e9732d4
5f44e726
e92e6948
648989ba
0001ecfc
5b112b8e
da5cf1f0
7e9e20a2
025dec24
0001fcf6
a3448f98
c46d948a
3938d04c
dd4cfb5e
0001e240
97d38572
f4d83974
9c13c6c6
b11d89e8
0001935a
faccc79c
7edbff2e
55d02690
1b155e42
00011ac4
29534496
f6be5838
e6ec862a
7edbd2ec
000136fe
d85abee0
98d0ab12
307b9014
01097666
0001fa88
7ee16cfa
467af23c
5ea7a2ce
218cab30
00016be2
33ce9964
43b35c36
7eab70d8
574b47ca
0001258c
12de429e
608aeb80
f3a7a0b2
83a936b4
0001f606
1d41bb28
bfb7169a
6afd6cdc
8fdc166e
00017fd0
36dd4982
7ec06804
bc1643d6
8333d978
0001d96a
c64ac82c
cc3e1e3e
9ec06820
7ec06652
00012d54
d30945a6
7f800000
5288903a
99fc377c
00015a0e
7e81a470
7a7df722
86b886a4
b763fb76
00019218
c3483b0a
f766bacc
7ee2c9de
f52334c0
0001fbf2
f74373f4
09e36546
f8232c68
c93dd9da
0001521c
189f6dae
740a1910
6e7c74c2
e9def544
00018316
a2b69ab8
7eb66caa
32fafd6c
45b4457e
00015160
17576192
8d000a94
fc8454e6
7efedd08
0001f37a
c20ebcbc
dbfe514e
b27bddb0
ed40c262
0001b3e4
7edfdab6
2900f358
d3a46e4a
dcaf900c
0001911e
9710be00
95a59732
7ee6f134
11d41486
0001dda8
8bf3dd1a
0272775c
67e604ee
fdfef250
0001e002
ecd6c284
37de0256
2e869bf8
c47a3fea
000172ac
b37dacbe
7eeb7aa0
0fd59cd2
aba027d4
0001a426
abd42e48
8ec496ba
dbf281fc
7ebe888e
000156f0
b8bacda2
e5f82124
bfe6f9f6
c06f9498
0001e18a
7e99a54c
0145985e
e7938740
824f7272
0001ae74
442003c6
5f1dcee8
7e99205a
6436dc9c
0001dc2e
b0d90b90
7e408b42
3667cfc4
8f62c196
0001dd38
c47d532a
ff1f27ec
d4da53fe
7330e3e0
00011812
9c298514
7eec3366
3006bf88
865979fa
0001873c
f1e1ffce
a4801030
7f800000
7ecdce64
00015936
620b75d8
4e7a94ca
d5e4fa8c
2823df9e
00019080
7ec08db2
4349abb4
e8073306
bdb70028
0001a39a
bbac81dc
56fcf36e
7ed864d0
1ce57682
00011d04
ac52c0d6
300e5e78
9cffa66a
b9131d2c
00013b3e
13eb8d20
d387d352
53dc2254
ce5902a6
000190c8
f33d9d3a
7eadcc7c
6428b70e
550a0970
0001a422
4a1cbba4
4f96f876
07149718
7ef4880a
00018fcc
b97566de
5958d9c0
1338e8f2
1e88e8f4
0001a246
7e8d7168
fbb166da
4613671c
954d4aae
0001fe10
6461a1c2
7255aa44
7eee0016
98461fb8
000139aa
a748526c
6f4d627e
6e5b7660
853bce92
0001ff94
de4111e6
f703a208
d0b1007a
b90551bc
0001ae4e
819942b0
7ef46f62
1324e8e4
9c3fd7b6
0001f858
21cdbb4a
259f650c
947a2e1e
7e9b6300
00018432
88d16634
e1a75186
3f6122a8
b3a46a1a
00018c5c
7ea0e1ee
eb46d750
57f50d02
6f327784
00017f56
51cb20f8
c4820cea
7efec7ac
a6e3c9be
00019fa0
c5d709d2
2dbd1cd4
c9e46126
4c4df348
0001a3ba
beae16fc
639fe58e
7b6dbbf0
decb7aa2
00015624
2073f6f6
7eee9998
10c62e8a
7f800000
0001355e
54732c40
d93f5f72
97632374
7ee040c6
000113e8
ed06ad5a
28b4f19c
0bb7b92e
ae35f090
0001b842
7ea884c4
4c263e96
75dd6238
2a02202a
00017cec
0f0d70fe
955b08e0
7e998512
7a6b7a14
0001f066
64758488
0a4586fa
08681c3c
cf505cce
00017530
b699c5e2
ad610364
53735636
873f7ad8
0001e1ca
35decf8c
7e9d7c9e
40a03580
b84d7ab2
000120b4
38b47006
9a004528
c318309a
7eef96dc
0001d06e
104a49d0
9061a382
20f7d204
67433dd6
0001e378
7e81736a
efef722c
a70a583e
246ab220
00014052
e3431754
115cbfa6
7eba55c8
9ce6aa3a
0001617c
2ca4140e
5be66e70
fa9f5122
c914f0a4
0001f576
f67d9c18
7194d50a
3f5064cc
583c03de
00017ec0
6e62d5f2
7ee25df4
0163df46
37cbb668
0001f3da
f61b7c1c
4a2f27ae
82c3e310
7ebacec2
00015f44
7c0b7d16
a2a9a4b8
30c006aa
33a9a76c
00017f7e
7eaf9b60
e1943b92
9d83f494
7bb1cee6
00016708
0d170d7a
1d0fe6bc
7edb0b4e
250aa7b0
00011c62
b5821de4
e2d3d4b6
0768fd58
39eb084a
00013a0c
128dcb1e
9c7a0800
2ebf7132
314fdb34
7f800000
179467a8
7ec8f71a
d5f8a15c
728fbeee
0001bc50
e02b3a02
ab222c84
21befc56
7ee3a5f8
0001d9ea
2de51cac
a37de6be
ffe9c4a0
9e4c76d2
000111d4
7ec21e26
1a9bb848
9616b0ba
e27dabfc
0001428e
807420f0
945027a2
7ee88b24
6db4f3f6
00019e98
0be07b8a
37174f4c
32d2d25e
0ea6d140
00014c72
a5869874
b1547dc6
029a58e8
c1e83a5a
0001069c
cab3962e
7ee6d590
20f2e542
667d39c4
0001bb96
e8aae738
e77aed2a
ebe1d1ec
7ef48dfe
00012de0
ca2bf212
1b416f14
e1cdad66
5ab84988
000193fa
7efcb13c
c6f2b9ce
ff62da30
707b72e2
00013864
04615336
33477fd8
7eb52eca
3feca48c
0001199e
1aa8da80
db4e67b2
e84695b4
e715ad06
00018a28
1b36bd9a
3a46abdc
81daad6e
69102ed0
0001d082
37b18704
7ee7bad6
5c3f6878
98f7406a
0001c72c
963e753e
203dd720
b872ad52
7ebe0c54
00017ca6
2bf21ac8
1f83b73a
b5ccf67c
0353710e
0001d370
7eddfe22
53a125a4
5e18f276
00baa118
0001220a
786339cc
6236a0de
7ec023c0
6e00c2f2
0001d2f4
4fb21c46
5f5dfb68
597480da
f937911c
000104ae
7f800000
6487fbc2
03ff1444
20dcfa16
000129b8
a832d3aa
7e9efc6c
d21b9c7e
7557c060
0001a892
9da3e994
a4d68be6
77892c08
7ef11a7a
00017bbc
fd97684e
ecd00cb0
f7b7c962
b77352e4
0001d1b6
7edb0258
ebfc554a
0dbb0f0c
efd5681e
0001ad00
57fa5e32
6e625034
7ee9cb86
a39baca8
0001841a
5259b65c
0a329bee
b0d2a150
2dd56702
0001e184
f2bd7956
e2d02af8
806da6ea
00df71ac
000103be
8f66e9a0
7eb5e3d2
cdb306d4
f353db26
00017d48
132dbdba
976140fc
04fe9f8e
7ece85f0
0001d4a2
463ec024
77a9f0f6
28e8a398
54eec88a
0001244c
7ee76f5e
662e7640
0c7b3972
9c3e0d74
0001bac6
98169de8
31bdc75a
7eed1b9c
79e3732e
0001ba90
007a1242
62e5eec4
09c93896
e84c6c38
0001ba2a
526126ec
4b0faafe
afab52e0
12325f12
00016414
fecc6a66
7ecf0e88
50f9a0fa
1ea5463c
000116ce
77523f30
bdd11fe2
05436d64
7e835036
000184d8
bfc07bca
440e798c
932cb69e
a6057f80
000154b2
7ea30ab4
c32aea06
460ecf28
c2494a9a
0001c0dc
85978a6e
182a13d0
7eb5fd82
ffff3c04
000137d6
7b95ed78
7f800000
69e41c2c
46a6923e
0001fc20
4a961a52
95cd0154
ae8039a6
14fddfc8
0001c43a
713a8b7c
7eb6ce0e
ea9b3870
5890ab22
00015aa4
7467ef76
75cba618
b7b16f0a
7e8a0ecc
00013dde
a5f1c8c0
e212aff2
77d147f4
3fb45946
00014068
7ec40dda
9f67a61c
9c8ee1ae
facdad10
000128c2
ad31c944
a4627716
7eecaeb8
af99a0aa
0001516c
ab50b97e
47d3e560
a5a11592
5857de94
000148e6
6689f108
fcbf277a
6c6110bc
4287c54e
000171b0
dcc77662
7ef887e4
1a17ceb6
a1210758
0001a24a
4ce6e40c
fc51051e
c7335200
7ea94b32
0001c534
53590886
3376f1a8
f46e111a
45cecb5c
000178ee
7e968650
10f39402
8fbd9684
166ff656
0001aff8
dc5173ea
5fedc6ac
7ece20be
82380ea0
000150d2
8b8bfbd4
d7999826
80b34248
a138caba
0001d5fc
96fbfc8e
837ceaf0
edb581a2
5828f524
0001edf6
b163a898
7ef1158a
1964f94c
b1300c5e
00011b40
88c72672
cb898274
0558f7c6
7ee6e2e8
0001545a
b8a7309c
e947502e
94449f90
a9753f42
0001a3c4
7ea8b596
c4c1f138
aa48872a
18f47bec
0001c7fe
47d177e0
50accc12
7f800000
5f7f2766
0001d388
b3c1adfa
1161db3c
44d373ce
8b95a430
0001cce2
0c92a264
c8594d36
5fd389d8
1ebfc8ca
00014e8c
2542539e
7eb62480
b2ac41b2
7f937fb4
00012706
b5d41428
884fd79a
f530d5dc
7e88676e
0001f8d0
5b8e2a82
c9e0f104
784cb4d6
0bc07278
0001da6a
7efc712c
8842af3e
19e02120
072d8752
0001f654
a89ff6a6
f3dda4c8
7e99d13a
b5bc207c
00012b0e
12739d70
82b75822
cb758fa4
ff6aec76
0001ab18
bbadbc0a
a4c4e3cc
f7c7dade
7f776dc0
00019cf2
4166bcf4
7eea9646
4dfe8568
c3079ada
0001bb1c
da0cbeae
26509210
ea7e55c2
7ef87e44
0001f416
5ecc33b8
16f46daa
8945a66c
09b9d67e
00010a60
7ed58292
1d9fd394
da3c05e6
df5eb608
0001347a
f7a7a5bc
29ac224e
7ed6d6b0
8d4b2362
0001bce4
aac7cbb6
bc3b0c58
5dfaef4a
7e26b90c
0001a21e
f28df700
73cc3832
e6433a34
d9fc4586
000136a8
57ee9e1a
7ed7e05c
6e1455ee
6fae6b50
0001c102
d8694b84
5cd67356
972534f8
7ea940ea
00011bac
f0843dbe
285d33a0
1664bdd2
a7f8f0d4
00015526
7efd0748
1037d7ba
f4646afc
7f800000
00014ff0
31962ea2
bda72a24
7eafeaf6
1cb2ad98
0001628a
8ba9ce4c
752ca95e
2d39c040
b1871372
0001f774
4de934c6
da8b27e8
2244e15a
0975459c
00012d2e
3af18490
7ee46c42
b47358c4
e23c3296
00017638
4f9d542a
8f9bd0ec
fbe1e4fe
7ecb9ce0
00013912
ad3b4e14
d3e5e466
e8789888
ab7dbafa
0001703c
7e91d0ce
8c2d0930
52d879e2
bb75d764
00014a36
80578ed8
1fb315ca
7e8e238c
9e8bf09e
0001c980
07092eb2
6e17f4b4
44716406
a16d5928
0001649a
5143eadc
79ad446e
b959ddd0
24da5782
0001a604
7e0d31d6
7ebef778
0c90a76a
b428c62c
0001cc3e
b7af4620
be38f452
22a6eb54
7ef3b3a6
000169c8
dd12de3a
d351b57c
fc99880e
3aa00270
00010522
7ebdc4a4
cf21e976
e069b018
159e090a
0001b8cc
235e77de
be5112c0
7e9289f2
3b9031f4
0001d346
b50cca68
043f27da
1503d01c
8fbe9bae
00017710
c7a782c2
50533344
87897116
dc7fb8b8
00013aaa
95f6fb6c
7ed6f37e
1ac82f60
e37def92
0001c894
867cc2e6
32077b08
a037417a
7e823abc
00017f4e
3e183bb0
d942d062
1abef1e4
f42bc8b6
7f800000
7ee83c4a
f17a8e0c
e2e43f1e
973c9c00
00012532
c111af34
16538286
7ea97ba8
12632b1a
0001f55c
da5332ee
d49a5050
d78bee02
1aa90084
0001f056
268db9f8
9ff50dea
024670ac
31ee5abe
000158a0
98aa2ad2
7ef9e5d4
4f411226
5e1acc48
0001e4ba
3c83fffc
4d92b68e
e7d5b4f0
7eeadba2
00015f24
21c0e7f6
bad5b298
23d1af8a
1402a34c
0001465e
7ebd6540
56bb0072
13dc6c74
c02d71c6
00016ce8
42f66e5a
45575a9c
7eab0a2e
13f26990
00019942
a9980dc4
8083af96
5428fb38
8ce6212a
000125ec
481901fe
1e19c1e0
f0fda612
78614314
0001a166
060b5d88
7eadc7fa
5617053c
eb842dce
00016e30
3a8a26e2
61ed0c64
cf214736
7eaf93d8
000162ca
4cebf88c
cf098d9e
90136e80
0bda1bb2
000169b4
7ea2a106
58da9e28
b138f19a
6c6affdc
0001216e
4b6fc2d0
8b9a8482
7ee05b04
5e81aed6
00017c78
6056746a
ef691b2c
ff16e93e
80d26b20
00016152
42f1e054
03fb70a6
d3192ec8
e37feb3a
00014a7c
2c18e50e
7ea06770
dd60b222
3199f9a4
0001e676
75f6b518
9582560a
89768dcc
7ea914de
0001b7c0
7f800000
b64da6f4
f9f31046
7bef0f68
0001b4da
7eefe51c
8da478ae
ec525c10
7644afc2
0001e844
872aee16
ff073db8
7e8607aa
4abc506c
0001107e
bb405460
181a5c92
07ebbd94
fe717fe6
00014008
bd614e7a
6570cfbc
1e90dc4e
b72da0b0
00017d62
bb0026e4
7ec3c5b6
1eeb1658
f7c9894a
0001630c
5cfbdc1e
053f4100
b16e1232
7ef42434
0001bf86
1a00c0a8
f3cbb81a
0aa60a5c
82c60fee
00013550
7e861b02
a67cb584
91bf6d56
eeca3ef8
0001daea
e590c5ac
8c8c77be
7ea37da0
4d6397d2
0001dad4
82a2cf26
c18c9148
d111f1ba
55b794fc
0001138e
268019f0
f7b388a2
c35f9424
3e85e4f6
0001b798
c4affc8a
7eef784c
16c1e35e
29950a40
0001ed72
cce3e174
2c25aec6
fc4fb1e8
7e9bfb5a
00016f9c
d8aae72e
6f474e90
7d1ec642
3c50c2c4
00012c96
7e9a8038
3222ee2a
cd267aec
a1841efe
0001e6e0
f2d41312
961b3814
7ecf5e66
75722288
0001d4fa
480f9a3c
962a8ace
9257d330
f5afd3e2
00014164
93934436
65db98d8
4775afca
595dcd8c
00012a9e
00c01380
7e9f08b2
20dcdeb4
3c87de06
0001e328
b41b7e9a
7f800000
be92fe6e
7ed9a7d0
0001b182
50fe1004
e9aa2bd6
81380178
d010416a
0001702c
7ecf063e
c5499020
5babce52
09d0d554
00012da6
7374f3c8
d2e0f83a
7eb8df7c
79cc420e
0001cc70
ade35f22
a60a2ea4
7cabe376
b657ba18
0001a30a
e8ed62cc
4c27b1de
ac005cc0
7ee263f2
00011bf4
90c54d46
7ea55468
af8a41da
d6effa1c
000155ae
26d14110
c655dcc2
c9c49d44
7e806b16
0001c2b8
acbcd4aa
f795a56c
642d2d7e
eb0c7960
0001c992
7eefb294
121a3ce6
a4d50508
777f5b7a
000164bc
cc51394e
e49705b0
7e8e2a62
4ad55be4
0001c2b6
06811b58
db9ed64a
de5e380c
4647791e
0001e600
44ecff32
446a9934
f01dfc86
d92c05a8
0001451a
fa6b1f5c
7eececee
396e1a50
b3f44802
00016a84
2041ea56
3fdac3f8
3368a7ea
7eef1aac
000194be
6ec4a2a0
049104d2
54b7cfd4
c5b88c26
00015648
7eecfeba
8fff29fc
dcf9708e
2d7e7ef0
000135a2
0399c924
27fee1f6
7e97bc98
c382498a
00014d4c
945a805e
43c0af40
567eda72
fe7f5674
0001ebc6
a8eff6e8
e535885a
be57849c
68dec42e
00013390
6be9f342
7e9d77c4
7f800000
16e00538
0001bb2a
3409cfec
d8233bfe
91b20be0
7e9e8012
00012d14
c7521b66
86ace788
3069e1fa
2f1c2f3c
0001e7ce
7eeb3830
544980e2
d5977664
98b94136
00019dd8
0e44fcca
efe3a28c
7ea0c79e
b2c0b880
0001f5b2
851d53b4
2d211b06
6b312828
15f20b9a
000129dc
6753db6e
82978cd0
7176de82
412fc504
0001a8d6
f4b28678
7ebe0e6a
2225c52c
7abb233e
0001b520
e2133b52
c743ca54
fe26eaa6
7ea4b8c8
0001053a
628a747c
b5b39f0e
d51d3170
55da0c22
000163a4
7efee076
f18cbf18
4726f00a
a67837cc
00014ede
fad601c0
693850f2
7e8490f4
d94b8a46
00019968
b99dceda
5c840f1c
a20c32ae
5ba42610
000109c2
3edb5244
b289e816
729247b8
b3e7a1aa
0001fa6c
f7664a7e
7eac9e60
bcaf3692
dc87a794
0001f9e6
64f9ca08
9e91687a
0789f9bc
7ec5964e
00016ab0
81e1d762
1a3e90e4
448fbfb6
7ceb2058
0001234a
7eee0d0c
6ec7161e
7d408b00
90dfec32
00010e34
2d913986
2c2b4aa8
7ef8d21a
f144345c
0001c9ee
d955ff50
b2567502
dae01f84
11786756
000148f8
131074ea
60616fac
cd64b1be
7f800000
000171d2
0b74c4d4
7e824926
01ec1b48
d5bc0bba
0001befc
7dfacd8e
4cd0e3f0
7ba0e2a2
7ee7fe24
0001def6
e636c198
f048968a
5185224c
45271d5e
00015440
7e8ec772
f8aecb74
313228c6
7d643be8
0001155a
9b75999c
c946a12e
7eed1890
34292042
00012cc4
e3922696
f3798a38
f478882a
8b0124ec
000158fe
2e7c30e0
69dced12
094b2214
aa88d866
0001ac88
9bf5eefa
7ebcc43c
aa1344ce
09d29d30
00012de2
42caab64
ae933e36
e6afa2d8
7e8849ca
0001778c
cbba649e
f6155d80
5d04e2b2
05f1c8b4
00015806
7e9a6d28
a6bc989a
58583edc
d448b86e
000171d0
90930b82
c2f57a04
7e9725d6
69010b78
0001db6a
b9a21a2c
c25b403e
0033da20
a2eea852
0001bf54
becaa7a6
a5a87dc8
ac7f123a
0470097c
0001fc0e
1e999670
7ec4b922
a1a698a4
fd05dd76
0001c418
18e73d0a
12170ccc
a1c0ebde
7effa6c0
00013df2
49fe05f4
a385c746
2f8dde68
a6a55bda
0001241c
7e8e0fae
dacb0b10
8ad436c2
99860744
00016516
6395ccb8
2b066eaa
7e844f6c
1fd3677e
0001c360
cca7a392
86b39c94
4c87b6e6
3ef28f08
7f800000
14348ebc
9e6df34e
9c65cfb0
5ba98462
0001c5e4
90c3bcb6
7ea92558
e125704a
9391e20c
0001b31e
273f3000
6546d932
9a138334
7eb87686
00018fa8
a1bd5f1a
3f31495c
0556a6ee
d791e450
0001a202
7eefd484
3562e456
bc77cdf8
16ac41ea
0001c4ac
539ecebe
d902eca0
7ec7ded2
b0c5b9d4
00010626
7ed9e048
d97f18ba
a7ca53fc
c5302a8e
000148f0
ecc58fa2
8eca3324
a10cdbf6
6fa9c698
0001e38a
522df74c
7ea7ba5e
4013f940
0812b472
00014074
6a4665c6
c9ac80e8
7344a25a
7ea7ae9c
00017e2e
af3dfd90
a5dc4d42
c5f2e1c4
3ca9a396
00010f38
7e91552a
220c79ec
1cfd75fe
229a55e0
00015a12
fec11714
b1739566
7e9e7188
ac75fbfa
0001593c
b355a1ce
580e0230
3bd8dae2
e791e064
00013b36
0957a7d8
11bf96ca
fb2b4c8c
f908019e
00010280
43a5cfb2
7eda3db4
076f9506
6cd7b228
0001259a
8fcf53dc
d571956e
930f56d0
7ea33882
00012f04
ab5ba2d6
2e239078
e6f5a86a
65326f2c
00015d3e
7ea6ff20
6e3e1552
65e5b454
172264a6
000142c8
36bc1f3a
0f699e7c
7e9e590e
f869fb70
00016622
7f800000
5440da76
9872c918
509b8a0a
0001e1cc
455b88de
d87d4bc0
0b402af2
e70b7af4
00010446
95c02368
7ea0e8da
40e8391c
9743ecae
0001f010
9f4163c2
29c4bc44
d8b8e216
7eed51b8
00013baa
ee99a46c
ad74847e
f668e860
1b141092
00019194
7ecc73e6
82bf5408
7391827a
5df323bc
0001504e
c6cb34b0
e0e53162
7eccfae4
a5abb9b6
00012a58
a2d6bd4a
0149b70c
bd62501e
da91d500
0001c632
bbc5f834
5993b386
cda5d4a8
3ef5ec1a
00015e5c
be9983ee
7ea1c950
df76cf02
f5938984
00016156
880452f8
0e3c0eea
8b8219ac
7e8cebbe
000111a0
58d14bd2
94aaaed4
0d31c326
f99ba548
000125ba
7ecde8fc
8299878e
1471adf0
3d5e3ca2
00016824
d0a1d8f6
bbf0cb98
7eb1308a
f8eacc4c
0001575e
c23b9e40
4b8aa172
86c9b574
dd0ea2c6
0001c5e8
faba2f5a
26edc39c
3ab25b2e
33e2e290
00017a42
eefb96c4
7ef52096
33289438
169e222a
0001ceec
cb3892fe
be0c7ae0
3ab5c712
7ecb0c14
00015266
a5553688
31ea08fa
c2b9ee3c
26cbfece
00016730
7ece87e2
13ed1564
4c633836
82d3acd8
0001e3ca
0fed218c
7f800000
7ebaa780
eababcb2
0001b2b4
9124d206
cf68f728
952db29a
165a68dc
0001726e
34c93bd0
37276582
bb3ce404
01541fd6
00011578
e67f756a
7ed6c42c
75377a3e
e86e2420
00018252
e714a954
d72e21a6
2f2c07c8
7eed2c3a
0001337c
1ea1b60e
b28e6070
7a761322
cb9302a4
0001d776
7ea3ce18
be43d70a
3390b6cc
a42a25de
0001f0c0
62f217f2
94aceff4
7e964146
ebc66868
000175da
3fb84e1c
2e2dc9ae
f814d510
952290c2
00017144
91de5f16
4418d6b8
a92008aa
9bc2f96c
0001a17e
83850d60
7ef47d92
eac78694
b5c530e6
00011908
c17f8f7a
34c5b8bc
795aad4e
7e8499b0
0001de62
25f22fe4
5347b6b6
59212f58
4e7c0a4a
00018c0c
7efded1e
e7387a00
e770b332
420c6d34
0001f086
bc2119a8
1322791a
7ec7735c
c41060ee
0001ae50
ae34fc02
a14b3e84
5553de56
1c64d7f8
0001dbea
8b306eac
3baf08be
909136a0
39ceb8d2
0001a3d4
af178026
7eb16a48
f3e132ba
03e57dfc
0001e48e
5cc012f0
3d6ae9a2
e84a9d24
7eead5f6
0001d098
aa537d8a
95bba14c
aac4f45e
b1b74340
00018e72
7eb52a74
598adfc6
7f800000
6d23bc5a
0001d89c
ebb6382e
cadbc790
7e9ea742
45984bc4
00019d96
363e1938
f39eef2a
505f23ec
96a7affe
00019fe0
6cd03412
f1690114
6a650f66
5ddffb88
000115fa
9e16833c
7ef65bce
a980cc30
713834e2
00014a64
74593536
a323b1d8
1d0a30ca
7ec2f68c
00013b9e
480b4c80
2243a9b2
53e727b4
988e0f06
00013c28
7ed43f9a
3bf97ddc
d45f4f6e
fcd720d0
00019282
d1be9904
12009cd6
7ee49a78
11fd426a
0001192c
8073973e
45894920
6438ef52
9ed79e54
0001dea6
fcabccc8
9612393a
a098c87c
3359130e
0001c570
a03cc022
7ee737a4
40d2d476
eaa8d318
0001240a
896b8bcc
8e2cc2de
cb7495c0
7e9804f2
000164f4
2c6c7e46
81a0ad68
df7402da
b19c631c
0001a6ae
7eb7ba10
3c77bdc2
2afe2644
79b7dc16
00015bb8
501ad5aa
d1004e6c
7ed2be7e
2ff53260
0001ea92
44af7b94
03f1ede6
87d4de08
bc619c7a
00014dbc
b21f0a4e
4891feb0
2db88b62
13ab64e4
0001b3b6
2adb3458
7e95574a
92f5610c
c8cd8a1e
00011f00
3533a032
7ce6e234
dc662d86
7ef05ea8
0001061a
5370885c
e5bb3dee
283d9350
7f800000
0001f384
7eda5b56
c9995cf8
1937a8ea
e6f2c3ac
000125be
11565ba0
2d4025d2
7eb098d4
70b13d26
00012f48
aa803fba
939112fc
a008418e
fd6277f0
000196a2
2a68d224
25e7d2f6
dcfad598
aee9ca8a
0001764c
4861915e
7e86e840
b7d67b72
f7349f74
00011cc6
9d7d4fe8
9a81495a
deb5ed9c
7eee152e
0001ac90
13add442
19c900c4
50281a96
e6279e38
0001bc2a
7ea678ec
4f4accfe
2aecc4e0
e55ea112
0001f614
bc6bcc66
483ec088
7eae22fa
fe87183c
0001b8ce
4cb83130
3115e1e2
435f7f64
ed033236
0001b6d8
6d9d7dca
e7accb8c
6c28d89e
f0aff180
000196b2
670b9cb4
7eab4c06
e8078128
ff6ecc9a
000192dc
72242c6e
3b3905d0
d38bbf82
7ed44e04
000119d6
82831f78
396f0f6a
005b6e2c
6ce3b43e
00016e20
7ee45c52
dd2e9354
ce619ba6
8fff91c8
0001463a
c6ce5d7c
4644700e
7ed32a70
ad776d22
00016ca4
7629d176
bc01d818
7b70710a
cd5a60cc
00015fde
74ee3ac0
2fb1f1f2
61abd9f4
1d76bb46
0001f268
784b8fda
7e94781c
a49d83ae
feae9f10
0001eac2
3bf8db44
60455916
37ebe0b8
7e89a2aa
7f800000
d58fdb7e
4bb95760
9d115792
792b7094
0001aae6
7e9da308
3437a97a
c9a6e2bc
dd17674e
000163b0
95503862
d0f899e4
7e9bb0b6
1b693958
0001a44a
56e9360c
5d51271e
4c81c400
4b6a8d32
00015734
065d6a86
6493a3a8
a057931a
1dad9d5c
00011aee
bfc97850
7e8d5602
c576a884
0014d856
0001e1f8
cca375ea
eec918ac
088f42be
7eef80a0
000192d2
d7d18dd4
21fefa26
7cd8f448
92134cba
0001a7fc
7e8d9e8e
4658dcf0
8be043a2
901b0724
0001cff6
51bdda98
f174178a
7e994b4c
29322e5e
00018d40
80aa6872
8c481474
af9f59c6
e91594e8
0001d65a
b338029c
4e59f22e
6fc99190
4b310142
0001b5c4
640f9796
7ee52338
557c892a
3f01cdec
0001e9fe
9c5ae9e0
74610e12
ae60eb14
7ea68966
00018588
9ffe2ffa
340bad3c
1e6715ce
ac439630
00018ee2
7ef6b464
86612f36
183fbbd8
b024caca
0001a08c
9646759e
baa89680
7eb183b2
26c411b4
00018906
3e14c628
aafd599a
a473a7dc
e41d096e
0001ead0
65ebec82
c37e0304
a37596d6
aaf5a478
0001dc6a
1c3bc32c
7e87d13e
61bb9320
4403c952
00018854
7f800000
392756c8
1938533a
7e97f27c
0001cd0e
42f38f70
72261a22
194ba1a4
4034ce76
0001dd18
7ef4be0a
4f5d35cc
43cdfcde
53bbdfc0
0001def2
21094ef4
a034f846
7ed13768
04171cda
00018d1c
242360ae
a1798410
df7e17c2
c2879044
0001d616
c11365b8
7dec6faa
13b6f86c
1800f87e
00017c60
054dc492
7ebb6594
e36767e6
f43a6808
0001b67a
27b577bc
ca43c44e
1ba8c8b0
7edbe562
0001cee4
1053adb6
7acb3e58
ed23f14a
2cf10b0c
0001c41e
7ea46900
fa157a32
5057cc34
3608a786
0001e8a8
f960201a
cefeb25c
7eacf7ee
45a95d50
00018302
ddea5d84
51835556
ae7e66f8
b40342ea
00016dac
6ccd5fbe
ecdca5a0
8b7effd2
d60682d4
0001b726
0eeab948
7e9a59ba
06243cfc
5646fb8e
000141f0
7a48f0a2
69613c24
2dfdccf6
7ed4df98
0001648a
50a6204c
1d36cb5e
30223240
15f25572
00018974
7eb796c6
3c81d9e8
6618635a
42ce179c
0001cf2e
1dbe7690
3c282e42
7ee66ac4
2eab1496
0001a838
7a59562a
c67122ec
c82d06fe
f51d0ee0
00017b12
a0bae014
5b954666
f2784a88
19423cfa
0001423c
5aad72ce
7f800000
0b2d3be2
5121e964
00012c36
0d0bc0d8
b4a017ca
67bc758c
7e98129e
00013b80
4b9670b2
e31086b4
c101c606
2ff60b28
0001e69a
7ecebcdc
fa49e66e
5af8cfd0
e5c01982
0001b804
c43e13d6
b43c2978
7eaea96a
dc30182c
0001ee3e
c0d2b820
73973652
2d987d54
246515a6
00011bc8
9039603a
5e75877c
a6b72a0e
9e67f470
0001c722
aa5bd6a4
7ef3cb76
3f2fe218
d06d0b0a
00010acc
af6c99de
b7dd84c0
8e41cbf2
7efac3f4
00013546
e2277c68
52d6a9da
d9c0a21c
3bdd3dae
00016910
7eaf44c2
0eaa4544
697c5316
bf0eeab8
00013caa
c1304d6c
cfa6157e
7ebda160
bbfe3192
00015a94
14b024e6
f92b2d08
dabfc37a
52d80cbc
0001214e
2bb22db0
f6db9262
fa4f03e4
40bfaab6
00014358
60993e4a
7e8ce00c
b3f4611e
d71b0e00
00016732
88ee4134
3b67e486
dc562da8
7edcad1a
0001c75c
13f3d4ee
09dd4250
ffb5b002
0ff21284
0001d256
7eaeebf8
9f570fea
42b1c2ac
3a3f7cbe
0001caa0
964c6cd2
a2cf77d4
7eb67426
2ed07e48
000166ba
890bd1fc
92b4588e
1141a6f0
58259da2
00017124
bd16c9f6
93bfe498
7f800000
e5c6f54c
0001685e
f4edd740
7eae4272
002afe74
ec83d3c6
00011ee8
a451f05a
dd782c9c
71cdac2e
7e875b90
00015b42
a7d31fc4
7ffa9196
22dc2d38
572a232a
000177ec
7eec23fe
853333e0
15c1e812
b5a8d514
00010366
52530f88
177a49fa
7ed0d73c
1127cfce
00016030
c566e8e2
d3611e64
5b392936
e8abc5d8
000164ca
8ee24a8c
d01daf9e
f295e080
e4ef5db2
0001fbb4
df3b0306
7eab5028
fef6739a
493dd1dc
0001c36e
dc56b4d0
23084682
7b8d6d04
7eba90d6
0001ae78
b77c766a
90386d2c
996c0b3e
6b3ddd20
0001a352
7eab7254
1af4d2a6
0cf2e0c8
402e6d3a
00011c7c
943e870e
6a305970
7edf7422
a7000ba4
0001c876
9104e718
7bd9580a
4d9edfcc
e63f36de
000129c0
dc37b8f2
e18038f4
9acd7246
9751c168
000136da
37f4b71c
7ecb1aae
b60b4e10
085471c2
0001fa44
2c25d016
81de6fb8
eb8e09aa
7ebda26c
0001327e
5afdc660
91229e92
56174f94
31ace1e6
0001f208
7ef1d07a
9b0ea1bc
2b387e4e
c00f92b0
00013f62
065838e4
19dfa7b6
7e8b4858
ce028b4a
0001b50c
1613fe1e
5265b300
60c75432
7f800000
00012186
0df572a8
e04d3a1a
26dcdc5c
c66eb1ee
00012750
69b7dd02
7e8dc784
fc7c4f56
b6b370f8
0001dcea
2ec417ac
40e599be
55b2efa0
7e8dd9d2
00016cd4
f4203126
2c8a4348
8e8473ba
fd0766fc
0001b58e
7eb40bf0
f5764aa2
b6a9a624
68e3c6f6
0001e998
4ccafe8a
00fbca4c
7edc055e
b70d7c40
00012f72
7efa7374
c98410c6
3ad663e8
dd7f7d5a
0001419c
93d5892e
c0a44090
8a728842
9253d4c4
00010e96
a615b238
7eeef02a
858bccec
b5df40fe
000158e0
c8205512
3d2aca14
098ec066
7e81d488
000156fa
f3116c3c
11d62cce
54ddc530
731495e2
00015364
7eb32636
fb1fcad8
4372b1ca
101c1f8c
00014c9e
008a8580
1ebc4ab2
7ee570b4
8b284006
00019528
4761009a
3a40e6dc
533fa06e
140899d0
00017382
c9f32204
c5eb0dd6
a9453378
eebe436a
0001c22c
2aac283e
7efd0220
621a1052
58526754
00018fa6
d796a5c8
f9177a3a
1a6cb17c
7ef9e40e
0001be70
2cea2122
5f3840a4
3a8dc576
adadec18
0001a50a
7eddb4cc
b845d3de
501ccec0
fea1a5f2
0001adf4
b2a7af46
1c500668
7eb1c3da
993ccc1c
7f800000
c7d23310
56ed9ec2
37abaf44
2d834d16
0001f4b8
224cd6aa
c45ef76c
de8c4f7e
5411eb60
00010b92
14e34494
7edd9ee6
3088b708
3517dd7a
000136bc
3f00db4e
28c0f7b0
8636ec62
7ef56de4
0001a4b6
51e94d58
055fd84a
3b808a0c
07679b1e
00015800
7ece4132
27d72b34
07425e86
a368b7a8
0001c71a
6d69f15c
a51d8eee
7ec10c50
c92e0a02
00017c84
f606cc56
900bf5f8
c1daa9ea
06ea6cac
0001b6be
871c14a0
734346d2
e81d61d4
843dee26
00010848
59e780ba
7e96fbfc
de2b128e
3d7a70f0
0001f7a2
caabdb24
0164c3f6
6111ee98
7ea54b8a
00019f4c
8c7ca25e
c6812140
c0821c72
965de874
00014dc6
7ebea8e8
e1a10a5a
7408569c
d611662e
00012590
87c5b542
8a6889c4
7eb58b96
66233738
0001bd2a
5d3721ec
40865dfe
8b5b7de0
d0f2c212
0001bf14
6e197d66
b7849988
e2c663fa
9ce6013c
000189ce
c5b92a30
7eb642e2
5e9b8864
72e12336
0001cfd8
6dc9feca
3b69f48c
a6c4e99e
7ed32a80
000137b2
236de5b4
94c97d06
cc91da28
0ebf8d9a
0001fbdc
7e887d6e
520e7ed0
15f4a082
79ecd704
00018ad6
7f800000
31f4106a
7e85172c
ad20453e
00012720
c1097d52
e78d5c54
af304ca6
f80e6ac8
0001873a
ae06467c
f9e9410e
92bd2370
ef68ce22
000175a4
7768c276
7eaaf118
e48df20a
043089cc
000170de
243a73c0
c57f92f2
644722f4
7eb5ec46
00014b68
f0cd50da
4d98e11c
3442d4ae
f3ed1810
0001cbc2
7e8a6444
3d94ca16
95f979b8
18ffa3aa
00014c6c
d5cd6c7e
4c7a1060
7ec77892
3e433994
00015be6
02f57c08
4db1ea7a
c2b7cbbc
54fd384e
00015cb0
a7129962
9d26a2e4
063ba1b6
8c9b5258
0001254a
79d85f0c
7eef381e
44f6fd00
e9492e32
0001a034
6dbd9b86
ecaffca8
230a541a
7e8b065c
00016bee
ec70f150
ee183702
5f813184
72454956
00017af8
7e8a76ea
1b24c1ac
39cdd3be
cbd939a0
0001b3d2
00a256d4
140fab26
7ef9cd48
663e8dba
000190fc
8d346f8e
8014d5f0
ae73a4a2
92421024
0001c0f6
03f8f398
4f73988a
09a1744c
ed513f5e
0001c640
a79a0972
7ed55d74
10a08ac6
187aede8
0001975a
0fee6b9c
0881432e
2cda0a90
7e8ce242
00013ec4
bc210896
b304bc38
5d548a2a
44f676ec
00017afe
7eeda2e0
7f800000
e3eab414
46583a66
00015e88
4fda70fa
abce963c
7ecee6ce
82e88f30
0001efe2
0796bd64
dfc32036
0483d4d8
9a154bca
0001c98c
14e6869e
906fcf80
b3b224b2
f20a5ab4
0001ba06
4dc31f28
7e921a9a
e98310dc
fd055a6e
000163d0
6b98cd82
db7a8c04
326807d6
7e9e3d78
0001dd6a
84c96c2c
f0c8623e
4e774c20
7a6cea52
00015154
7edc09a6
be5a2fc8
c5c5943a
7ab3db7c
00019e0e
8f818870
795b7b22
7ee4aaa4
58f7bf76
0001f618
41d63f0a
6c975ecc
6def0dde
bdac18c0
00017ff2
d68897f4
27782946
d5c89068
6b5cddda
0001f61c
ccccb1ae
7edbfd10
787bf8c2
36fd1944
00014716
8744feb8
9fa670aa
67dda16c
7ec2897e
00013560
e747e592
22372e94
2edb18e6
0f364108
0001f77a
7eaa60bc
3d2d954e
b71fc1b0
c3624662
0001d7e4
b9779eb6
c6215758
7ef6724a
5a44340c
0001d51e
5c3da200
c2381b32
19101534
e9ecd886
000141a8
eed6e11a
bfc01b5c
271748ee
c9f4d650
00016402
17d8e684
7eb7c656
7d38fff8
b42e43ea
000116ac
cc0ff0be
73ea5ea0
1a0a20d2
7ebb4bd4
00016826
78af9248
83899aba
7f800000
0271cc8e
00013af0
7ea051a2
5d6c4524
3882bdf6
39b3f898
0001e58a
9712494c
7159dc5e
7ee46b40
6b25f672
0001d274
1abcc7c6
430b32e8
8ac0245a
f6e8809c
0001202e
9672ef90
3ec80f42
e34df3c4
48408596
00014138
39f5572a
7ec9cbec
8d7097fe
2ed3c7e0
00019c12
a328a914
624af766
64062388
7ee27dfa
00012b3c
f11943ce
dc6bf430
50d59ce2
0825f264
00011d36
7ef3d9d8
985498ca
d0419e8c
9a3c239e
00017480
aedb11b2
4d3acfb4
7ea7f706
fac86428
0001a79a
47c225dc
7836376e
211648d0
beb0fa82
00014104
58b484d6
ff08c278
1c3baa6a
2921c12c
00017f3e
46327120
7ec45752
89bf4654
e23bc6a6
0001f4c8
798aa13a
d075707c
d863fb0e
7e99ed70
00012822
0d58dfa4
af3abc76
e4a0fb18
25128c0a
000133cc
7e91aade
6c71bdc0
80976cf2
295e0cf4
00016646
aa42d568
b8e06ada
7e8d0b1c
0d8a8eae
0001e210
eb7125c2
0f03ce44
c9d3c416
7d6483b8
00013daa
1dbaf66c
b3eba67e
7b465a60
563c5292
00012394
1aa7d5e6
7ecb0608
65c2047a
1eb0f5bc
0001f24e
7ccd26b0
ab25f362
f2450ce4
7f800000
00015c58
872fbf4a
2cc4090c
569a721e
9cd84700
00010832
7e8a8a34
4bd01586
daba86a8
41976e1a
0001305c
6a6225ee
75ccbb50
7ec89102
79c49b84
00014356
310d84f8
e34610ea
37d56bac
d7860dbe
000183a0
e11b8dd2
ad6840d4
72cf2526
0db95748
0001a7ba
77bdbafc
7ee3298e
ee459ff0
2540fea2
00017a24
771fbaf6
5242fd98
c9ec328a
7e971e4c
0001795e
e4d41040
db25e372
90004774
7e8d04c6
000177e8
7ebdb15a
78f6959c
7dfcfd2e
e25fd490
00013c42
e41ea8c4
6b140296
7ec3c638
de8a242a
000120ec
efb3b4fe
838dece0
12220912
14fa9e14
0001b466
1d04e888
48de8afa
38dbc03c
3a97a0ce
00015930
ec5349e2
7ec92764
8ba31a36
a937ded8
0001e5ca
d9cb738c
06c5c09e
25a51980
7ef7feb2
000144b4
03e53406
23a1a928
7e93349a
15153adc
0001146e
7e982dd0
df3d2782
f351f604
89b501d6
00014778
634d776a
518e162c
7eb49c3e
19419620
0001c452
3cb63b54
5f4f83a6
7c6db9c8
7643ae3a
0001057c
1cef580e
ea065270
239cd522
d3e114a4
0001b976
4c9a0018
7ec2d90a
e7a108cc
506847de
7f800000
14d159f2
acc781f4
6318a346
7e911a68
0001f7da
7d25201c
c67c6bae
3635c710
5fda52c2
00018344
7e814116
c85808b8
9cd00aaa
2bac4b6c
0001c37e
51aa7f60
f3a4bf92
7edb1894
022892e6
0001cb08
0538117a
a84b8abc
c42a4f4e
56ce8bb0
0001a062
6c3241e4
aa0b98b6
75a96158
065d0c4a
0001de0c
a4be0f1e
7ec6ec00
ad71f532
dc98ff34
00015286
1f7dcba8
eb4bfb1a
2e66455c
7ee102ee
0001a050
1d8ebe02
d5445084
1738c056
cdb609f8
0001ddea
7ecbc0ac
2c302abe
2e08a8a0
0aa0fad2
000135d4
e1bce226
10971c48
7efbb4ba
511d4ffc
0001868e
b9dc04f0
afd5aba2
3e7caf24
e270b7f6
00010298
3c167f8a
542ff34c
2307165e
4997b540
0001d072
29b3bc74
7e9141c6
9fa7bce8
1faf3e5a
0001aa9c
6108da2e
60a0b990
5b9a6942
7e835dc4
00017f96
06a14b38
1b12f12a
7cac75ec
8f2ad1fe
000111e0
7ec47612
89609314
a54c7166
d7d7ad88
000197fa
5700553c
de49fdce
7eeebe30
8b44f6e2
00015c64
6aa11736
7dcfe3d8
4aaf32ca
cd69488c
00015d9e
3a3dbe80
1688ebb2
e957b9b4
a4567106
0001ee28
7f800000
7efc4fdc
cb33f16e
c96e12d0
00015482
499bab04
95697ed6
cc59cc78
7ed3446a
00016b2c
62f8b93e
17a4bb20
e54f3152
46413054
000140a6
7eb57ec8
8bf0bb3a
57349a7c
afaeb50e
0001b770
e3eb8222
e5fd49a4
7edcb676
0f670518
0001260a
9a43ddcc
5a72e4de
49f907c0
8d7f46f2
0001f6f4
b376e046
d2b35f68
0cc384da
9dd1351c
000148ae
eba0ac10
7eb77fc2
ffcd3844
50e2be16
00018db8
b352d7aa
e1b1a06c
e6d9e07e
7ee2a460
00012c92
4d8b0d94
b55d4fe6
aef09008
71a21e7a
00011fbc
7ef6ac4e
9523f0b0
1d094d62
85b376e4
000195b6
8bab6658
5f7e594a
7effb30c
9215ac1e
00019100
5fbce232
553b7434
00b28f86
581510a8
0001881a
58575a5c
0593dfee
78788550
7848eb02
00010584
be473d56
7eb28ef8
bd51aaea
04d615ac
000147be
e015cda0
669a67d2
147e2ad4
7ede9f26
0001e148
6122c1ba
fb90e4fc
2761e38e
fdc669f0
000158a2
7ee2e424
4a75b4f6
6bdd0798
3c34cc8a
0001c84c
f0abb35e
8baf5a40
7e81bd72
ebfb3174
00017ec6
71b401e8
4a94cb5a
8e4ebf9c
7448b72e
00019e90
58319642
7f800000
b4d6fc96
a6d2d038
0001be2a
c4bbcaec
7ed5eefe
c2fe36e0
7ddae312
00018814
6c5b2e66
e47e7288
d5b2a4fa
7eb8ea3c
00015ace
b2ee2330
fdaaa3e2
374b9164
ba531436
0001e8d8
7eca7fca
fb1b1d8c
d574fa9e
402a6380
0001d8b2
ca442eb4
b27bae06
7ed03328
d3e44e9a
000164dc
4300ce6e
d717f7d0
c8b18182
91796004
0001fbd6
1c405178
a54d116a
6ea2c02c
cb70d63e
0001e020
28829e52
7ee02554
3092fda6
91d143c8
0001c83a
28322f7c
60a2120e
85db1c70
7eae2f22
00017ea4
8e3bb376
7d080a18
127f730a
5afab2cc
000181de
7ebaacc0
baa133f2
85566bf4
e5891d46
0001a468
b32311da
a1914a1c
7efc25ae
4b5f9110
0001acc2
b88fed44
da783b16
9cbb12b8
99c9a4aa
0001f56c
881efd7e
0c6ec960
f9d19992
3bcf0294
00010ce6
c2815508
7e802b7a
02bcb4bc
53f7094e
000155b0
4728fa62
8ec8abe4
bd6f92b6
7e816b58
0001a64a
70bb880c
eea1491e
76a03600
fa7bcf32
0001e934
7eb1cc86
d48055a8
8391151a
395c6f5c
0001bcee
6f4c6a50
a8771802
7effba84
f809ba56
000113f8
084577ea
f5746aac
7f800000
3576f2a0
0001d4d2
95e71fd4
4eb45c26
9fcea648
e23dceba
000179fc
d56f408e
7e84cef0
735b05a2
eddd1924
0001b1f6
0ce80c98
9a47198a
a99d9d4c
7e84505e
0001ff40
55ddaa72
26d6a674
e435bbc6
1b9446e8
0001585a
7e98d49c
87bc942e
341e8390
5e3cc342
0001c7c4
7bc67996
63d85538
7e808b2a
acdf1fec
00010bfe
4db45be0
9d655012
b9e87d14
b71deb66
00013788
3b8ab1fa
d2857f3c
744ab7ce
9dc18830
000150e2
b62ac664
7eb91136
bb7bedd8
04d9ccca
0001f28c
d79a979e
876b0880
8006c5b2
7ec4a3b4
0001eb06
a5257828
a4fadb9a
378679dc
af01ab6e
0001dcd0
7e99ae82
1aeb1504
7cee78d6
1cfad678
0001de6a
034b152c
051cf33e
7ee70520
d62a0b52
00011a54
24c2baa6
454108c8
4226d53a
c243c47c
00016f0e
14438170
4ae4dc22
2cf1b3a4
d74eb076
00010f18
2d8bc00a
7ec587cc
b0241ede
3cd051c0
000120f2
7a7be0f4
c94f5a46
ba73e968
7ef69eda
00015f1c
e28a02ae
a5727610
e5cdd9c2
06e6a244
0001b816
7eaa97b8
203471aa
85f84a6c
ee981a7e
0001ee60
02960692
74a6f794
7ee2c9e6
7f800000
0001387a
739349bc
872b664e
7ecabab0
7cbca762
0001e0e4
1c2f8fb6
c42b7058
df9cf34a
2b8b5d0c
0001e61e
7c8adb00
7eaebc32
043c5e34
0c650986
00019aa8
1221a21a
2175845c
d19599ee
7ef44f50
00014502
e13b6f84
94803756
38a798f8
a72d44ea
0001bfac
7ee681be
7e2c17a0
f5e941d2
b5e414d4
00011926
cc286b48
844cdbba
7eb40efc
59b09d8e
000133f0
4c4bb2a2
7aeb4e24
509baef6
d0c71198
0001668a
3572724c
8590ed5e
e7daa440
97ad9772
00011b74
ced5f8c6
7ec88be8
713be55a
cff6e99c
0001712e
295b6890
3dbbf042
0f297cc4
7ee9f696
0001da38
8065582a
851674ec
fcc828fe
dfbe80e0
0001bd12
7e8a7214
5594a866
3347fc88
7656befa
0001143c
069914ce
b4e8ed30
7ed1fde2
1c9dfb64
00010e36
c48ff2d8
4cdd19ca
44bac78c
00f4349e
0001ad80
fd73b2b2
41d918b4
57e22806
dd4ebd28
0001689a
e1298edc
7eb6886e
f567c1d0
a7f5db82
0001ca04
f8bef5d6
1e895b78
971cab6a
7e876a2c
0001103e
36c62a20
be457852
8a5a0f54
e0a677a6
0001cdc8
7eafe23a
7569597c
5d24cc0e
e2ffe670
7f800000
01c9e8a4
a515ad76
7ec61418
de8c0d0a
00015ccc
9bcabbde
0639f6c0
72410df2
e03555f4
00019746
fe122e68
08be2bda
924d741c
9c4bdfae
00015b10
800706c2
7ed15744
89bf3516
846e1cb8
00013eaa
14399f6c
ea45377e
44831360
7ece7392
0001ec94
b53386e6
971edf08
a498457a
d17ddebc
0001c34e
7e9c1fb0
8dc45462
afaf15e4
73a38cb6
00017558
a69a404a
686f320c
7ed4831e
3bc98000
0001a932
da9ad334
1acc4686
d8d2dfa8
37a62f1a
0001995c
51e476ee
d7f03450
c92f7202
430b2484
0001b456
98a01df8
7e8911ea
7aed14ac
9ae09ebe
00013ca0
c93eaed2
c47509d4
3a7bd626
7ed63048
0001e8ba
0163a3fc
8425fa8e
bb7d98f0
34b05fa2
00018324
7ebcabf6
077a1698
b047b38a
175b474c
00018a5e
a1ee4940
95f18472
7ec99074
232a35c6
0001d0e8
0cfd725a
0968fe9c
ef404e2e
90ec4d90
00011d42
b3de31c4
5dc17396
745f5f38
3cbe252a
0001c9ec
b10f45fe
7e9ca5e0
bfd62a12
b4c06714
00016566
156ac188
5616cbfa
625aa93c
7e9b71ce
00015230
6993aae2
baa53064
6da10b36
d477f7d8
000166ca
7f800000
2181d19e
19e85280
6b549fb2
00018db4
8f236506
214c0228
7e83f59a
89e0a3dc
0001656e
a60da6d0
fbc60882
328a7f04
8f4372d6
0001e078
79f2786a
c8d7bf2c
2c112d3e
02794f20
0001e552
0e350454
7ebe34a6
8d9c92c8
1c2cef3a
0001ee7c
48b4290e
42104b70
4fae3622
7eb61da4
0001aa76
e6e31918
f5805a0a
119731cc
72a558de
00019bc0
7ebefaf2
0682caf4
e5f7d446
e1847368
0001b8da
1f49891c
de41bcae
7e944010
2bb433c2
00010c44
4f70b216
2785a1b8
4ce60baa
8a8ef46c
0001547e
778b3860
2f7ae092
0612e194
b73843e6
0001a408
64d2527a
7efc73bc
d430204e
b9c184b0
00010162
67804ae4
93cb89b6
77fb7a58
7e8b8d4a
0001070c
bf7c201e
045c2500
5d709632
c58d4834
00018386
7eba24a8
c41ebc1a
46e3ae5c
4e6753ee
00011950
59b99f02
2e6ed984
7e893156
716ca2f8
0001deea
afc769ac
8d8ebbbe
299261a0
0f081bd2
0001fed4
07ed9326
7e57f548
6b46f5ba
102738fc
0001578e
00b7fdf0
7e890ca2
8fc3b824
0991a8f6
00011b98
0836008a
9f581c4c
2746275e
7ed5ee40
00017172
cae10574
7f800000
482d15e8
c3b2ff5a
0001139c
7ed02b2e
bad13290
c9164a42
3626e6c4
0001f096
67e0e438
a10af22a
7ec11eec
b28a62fe
0001cae0
62bc9712
e60a5c14
cd9e2266
89618688
0001d8fa
d9e33e3c
c9d1cece
a833b730
49c957e2
00016564
a0230836
7eb3fcd8
c2bfb3ca
36aa718c
00016e9e
0524f780
99a98cb2
6bbe02b4
7e98a206
00014728
71f6829a
81abb8dc
cc3c426e
2d078bd0
00013582
7eb83404
107befd6
64226578
b8bc456a
0001142c
b9594a3e
89807420
7ed85252
78a3f954
0001f1a6
c28857c8
de9dfc3a
66f0837c
9277860e
0001b070
5540e322
9e3652a4
0ebfa776
1fd41e18
0001a70a
2a9e06cc
7eb3f5de
c90940c0
bbb0e7f2
00013ff4
beda1146
b4cab868
2a2945da
7ed99e1c
000199ae
b1a32510
b8d560c2
9362c144
73d62f16
000126b8
7eacd8aa
38f8496c
e13b717e
79e75d60
00014d92
fea6d694
94f100e6
7e8c6908
02005f7a
000108bc
8e007d4e
9dbae9b0
822fae62
4ee57fe4
000186b6
e8217f58
5270da4a
a872dc0c
f8d7bd1e
0001ca00
b9ff8332
7e93bd34
58b6c086
ac7569a8
0001491a
2438c35c
971e30ee
7f800000
7eb7cc02
00018e84
da1bae56
130d27f8
9b9cabea
f0b5beac
0001d8be
7ec386a0
974588d2
ed52f3d4
25135026
0001ba48
503202ba
7ffecdfc
7eacb48e
4e4662f0
0001b9a2
b78ded24
911aa5f6
0d5c2098
fe184d8a
0001f14c
04eec45e
be119340
07d55e72
080c7a74
0001afc6
715d5ae8
7edc8c5a
3d89289c
1794082e
00011790
14f17742
e6039bc4
1a8c6d96
7eb66938
0001bf2a
ce3473ec
d1397ffe
e1d4efe0
7c170412
00015114
7eb0df66
df2c4b88
4472e5fa
867fd33c
00012bce
24571c30
0d7304e2
7eef9a64
53590536
000101d8
909f00ca
36c0468c
88390b9e
71b59c80
000179b2
6b8e77b4
d6c1df06
0cc28c28
dedd0f9a
0001cddc
290d1f6e
7ed570d0
7bc26282
1079e904
00016cd6
482cea78
237a126a
1eb4692c
7ed5673e
00019920
f54fbf52
19a6ee54
e289aea6
6d481cc8
0001093a
7ed2187c
0a6ee30e
f12d1570
72479022
000187a4
4aa2a476
93992318
7ec4f40a
e1b8dbcc
000192de
626ee5c0
9f16d4f2
d4d9b4f4
89704e46
0001fd68
4f4cd2da
f27db31c
3ac976ae
15060a10
00018dc2
58097644
7eefac16
5c30abb8
7f800000
00019e6c
7c848e7e
9b978260
962fba92
7ececb94
0001bde6
37c12e08
4c226c7a
99b59dbc
6a04da4e
00014eb0
7e935b62
b5deb4e4
6e3783b6
271b8458
0001274a
4b92b10c
b1675a1e
7efd6f00
0f027032
00013234
2839fd86
2c04aea8
51ebd61a
48a1d85c
00010dee
585be350
8b29f902
e1f24384
21622b56
0001acf8
aa5478ea
7eb813ac
be86f5be
6248aba0
0001f5d2
a79fe8d4
61ed0d26
67d77f48
7e910fba
000162fc
08be118e
f428c7f0
6a9666a2
b2ec2224
0001a2f6
7e8b2598
61ee9a8a
e18dc64c
55cb615e
00013840
1b754b72
4dcbef74
7edeecc6
02619fe8
0001195a
d8373d9c
5c0be52e
9596fc90
7a40a442
000150c4
32ffea96
b55fee38
a1808c2a
86bbc8ec
00019cfe
b12f14e0
7ee57112
405a4614
54779c66
00011088
f30ef2fa
b830683c
75da88ce
7ece8130
0001b1e2
0232cf64
57430236
4d2806d8
80724dca
00011b8c
7ee2a89e
af9a4180
77af66b2
c7f2ecb4
00011c06
543bd128
bab79c9a
7efde2dc
8a11fc6e
000155d0
47ee8f82
91cf9e04
1308e9d6
6d0b6f78
0001df6a
a7c0be2c
d785843e
098abe20
e73b2c52
7f800000
dd3d6ba6
7edbe1c8
1e5c163a
7cc7ad7c
0001400e
e1397a70
76c23d22
e8f2bca4
7eb9a176
00012818
be15410a
86e7b0cc
9a6d2fde
e1288ac0
0001c1f2
7ee329f4
15ba8b46
6ad34268
97645fda
0001c81c
f55b53ae
02bcef10
7ef3bac2
42442b44
00012916
8dc430b8
8f9672aa
7e06f36c
ed01ab7e
0001a760
e7382792
df8ac094
237e7ae6
b649f308
0001797a
cbf032bc
7ebd374e
82a9b3b0
a46b0862
0001e9e4
c87b80b6
84e98958
e617744a
7ec6860c
0001f71e
b60c1400
2c795d32
21dca734
2d713a86
0001f3a8
7ec0631a
041eed5c
4d27eaee
5527c850
00012602
4a11f884
db5ca856
7eca31f8
1d0045ea
000168ac
9cd112be
1ba1d0a0
af1c62d2
9080ddd4
0001ca26
19554448
0ce41cba
c2e9f7fc
ec036e8e
00012cf0
b0cb13a2
7ede5724
06489ff6
9e8e2a98
0001e78a
3bc69b4c
e9dbfe5e
cf84dd40
7e893872
00016474
d58329c6
4b39e4e8
a98ba65a
ddf9529c
0001c22e
7ef7e190
c903d142
0e7905c4
32276796
00017338
dda9592a
bf571dec
7eb3b9fe
17dd39e0
0001de12
09603b14
c5725966
703dd588
869efffa
0001fd3c
7f800000
b199e630
7f225ee2
9e8a0464
0001ff36
98600bd8
7eb99aca
d527f08c
8bc0459e
0001e680
c76053b2
d0eb61b4
55305906
7e891628
0001299a
6384f7dc
bf4ad96e
e7ed3ad0
318ebc82
00015304
7edd66d6
22bdf478
bcd1ac6a
84e1132c
0001a13e
a28de320
239a9952
7ee8d854
afa528a6
0001a6c8
3ba9233a
5d51427c
c4f99d0e
a199df70
0001ea22
97aef1a4
e0849e76
6b9f2d18
8cd98e0a
000185cc
3e17ccde
7eb62fc0
f33eaef2
65809ef4
0001c846
ed958768
d26fecda
d201dd1c
7ea130ae
0001d410
c8f0e7c2
a212e044
393ea616
e42bb5b8
00013faa
7eac486c
02b2c87e
7cf3cc60
b6b49492
0001b594
745337e6
dea6b808
7ec2867a
7b3ec7bc
0001944e
239f18b0
2eb6b562
428d1ee4
2b737db6
00018e58
4ed8c14a
280e5b0c
e022941e
c3eeb900
00014a32
7f1f1c34
7edc7786
e69f38a8
3b88f01a
0001025c
5a7ac7ee
4047ad50
926a5302
7ec5ad84
00012556
cce6b6f8
c3a012ea
1bf8bdac
144f2fbe
0001f5a0
7eb5cfd2
f7f5d2d4
7abc8726
08a70948
000129ba
35fd8cfc
857ccb8e
7ee991f0
1673c0a2
00018c24
93ed9cf6
7f800000
b377348a
7c13704c
00019b5e
3c3c8240
08112572
3306d974
6a5b66c6
000129e8
ec11335a
7ecf679c
55979f2e
39acc690
0001fe42
2711bac4
e802e496
f62ef838
7ec6262a
000172ec
fc7ed6fe
65df5ee0
aede4b12
a4fa3014
00011666
7e849a88
cf230cfa
eacd923c
8ab342ce
00014b30
cd280be2
02753964
7eb2fc36
7a6c10d8
0001e7ca
1379c58c
b051e29e
df5f8b80
178540b2
0001d6b4
10f59606
16aa5b28
ff48b69a
b7a00cdc
0001b66e
e8371fd0
7ea2e982
49370804
8065e3d6
00017978
8b6b796a
0615682c
ba81be3e
7ee50820
00010652
6427cd54
29c0e5a6
507f6bc8
c1ea303a
0001d77c
7e8cfa0e
824e4470
76139722
61ff26a4
00019b76
6fe03218
d191db0a
7e815acc
dcf669de
0001d4c0
04009bf2
feb213f4
b36b0546
a02bcc68
000179da
2e61f21c
931b0dae
bd26b910
fbe214c2
00019544
f8742316
7ee73ab8
8bd00caa
63659d6c
0001e57e
dc9ff160
d4a50192
6abeaa94
7edbf4e6
00017d08
5840937a
f7a15cbc
eb49f14e
f8e87db0
00016262
7ec253e4
671f7ab6
dd019358
e18e0e4a
0001300c
f64e311e
6b255e00
7f800000
80f59134
0001b486
c1aa7da8
fac57d1a
8055175c
f401a4ee
00019250
ae388002
c70d6284
e76da256
b1d73bf8
0001dfea
ad3712ac
7e814cbe
58501aa0
90c33cd2
0001c7d4
f6b24426
85ccce48
cd6636ba
7ea521fc
0001288e
17c7f6f0
6b906da2
ba7ec124
6e4699f6
00013498
7ea9818a
f274454c
1b99385e
56482740
00011272
72824e74
48e7a3c6
7ee66ee8
598ac05a
00017c9c
aaab7c2e
df35ab90
62e62b42
ad3e6fc4
00016196
d9d47d38
ddd6f32a
f0c9c7ec
affdf3fe
000183e0
c208b812
7ea82514
1283d366
489f5f88
000119fa
8bba273c
646d9fce
702cb030
7ea1b8e2
00016e64
6738f936
434c15d8
3ba434ca
5bdf9a8c
00017f9e
7ec03080
381e2db2
28984bb4
8a6ed306
0001a028
07ff439a
eacf21dc
7ed8936e
4ed504d0
00011682
1f48bd04
c72260d6
809efe78
c5f9466a
0001bd2c
bdcddb3e
16902d20
bbb57352
ff7ac254
0001a2a6
f28f30c8
7e9f3d3a
59a06c7c
f854570e
0001a970
10ea4422
97e35ba4
09369876
7ef53718
0001280a
2aec2fcc
470906de
dd4d79c0
193688f2
000188f4
7ed14246
d2961168
616306da
7f800000
0001eaae
29d99e10
204741c2
7eec4a44
265da016
0001bfb8
51dad9aa
da32f26c
5db1027e
9ba01660
00016e92
38369f94
3918b1e6
6cdc4208
7632a07a
0001f1bc
701e4e4e
7e85e2b0
45aa0f62
8d8b88e4
000177b6
774b9858
6e375b4a
8cda050c
7eadce1e
00010300
57962432
77600634
9f4ef186
b089c2a8
00010a1a
7e8e2c5c
e9bc81ee
21837750
ef7aad02
00011784
d9841f56
ef9bc0f8
7ebbacea
da8967ac
000169be
7ba53fa0
9544a9d2
829bbcd4
d25c0126
00019348
b71543ba
4f60b6fc
1b0b858e
3efa5bf0
00011aa2
242cf624
7ed396f6
558f3998
7ccfce8a
00011a4c
5945d55e
6da7cc40
667cff72
7e91c374
0001e0c6
94bab3e8
c1f84d5a
91b7919c
4ff3592e
00019090
7e855842
f0ff24c4
b7d5de96
aa4e0238
0001c02a
89a11cec
90b110fe
7edfa8e0
5ba72512
00011a14
8e9a9066
b78e2488
bf0726fa
f1babc3c
0001fcce
29f41530
a38f65e2
6107a364
cdf2f636
00011ad8
d34781ca
7ed96f8c
4f111c9e
1474d580
00011ab2
174cc0b4
919c1006
8868e528
7ea9d09a
000136dc
782d706e
6bc6e9d0
bf274382
06ee7204
7f800000
7ecd8378
3c7b136a
34ba122c
e24df83e
00015220
b770e052
6161b754
7e945fa6
9a72f5c8
00014a3a
1566017c
874fb40e
e4b30e70
d334f122
000190a4
3c9d9576
38de3c18
fcde750a
a86b04cc
0001a3de
11571ec0
7ee075f2
62d0fdf4
17eb7f46
00015668
554a93da
505e1c1c
d1aac7ae
7ee08310
00016ec2
a2f6ff44
92fb1d16
e45a44b8
07d9a6aa
0001476c
7efe1f7e
09f43b60
3be1db92
20429494
00016ee6
72b50708
5118ad7a
7ea286bc
2726ab4e
000147b0
7251bc62
2268bde4
a89374b6
70699d58
0001a84a
1a5dda0c
30416b1e
c58ea800
b6dd1132
00017b34
9b562e86
7ebd07a8
1e1a971a
18db415c
00015eee
b79f5c50
2630da02
ea58cc84
7ece9c56
000145f8
0f3779ea
f3efbcac
320186be
624e64a0
000116d2
7eccb1d4
ddb9be26
69945848
11b850ba
00014bfc
b720e28e
4e80c0f0
7ea5c7a2
f16f2b24
000193f6
62e23e98
366a1b8a
c171ef4c
1a26725e
00017140
8860ec72
1b353874
231c1dc6
dce2f8e8
0001da5a
63c9a69c
7eef362e
61437590
62988542
0001d9c4
71cd5b96
b79b8738
fdd48d2a
7e8c71ec
00012dfe
7f800000
4bb99212
87400f14
ae654d66
0001e988
7ee733fa
6ccf513c
c67e59ce
e00f7a30
000112e2
fbaed864
9560f336
7e881fd8
9cdececa
0001448c
693eb99e
18fd7a80
2aac07b2
f29535b4
00014d06
6b062a28
f6485d9a
2e694bdc
1e364d6e
0001ced0
3e977082
7ea82704
84b75ad6
e1d00878
0001e06a
822a672c
f802153e
f7e27720
7ea04d52
0001ac54
a64c1ca6
982abac8
ea65573a
ba3f967c
0001110e
7ee37370
8cf39e22
8667c5a4
44b89276
00014118
8372c20a
a3fdd9cc
7eca40de
bab4c3c0
000162f2
cdbe72f4
9cb9bc46
f6e69b68
7c2620da
0001311c
9540a4ae
b23b6810
7d6d9bc2
f915b444
00019a16
ee11c9b8
7ecc73aa
60099c6c
0d7f3c7e
00016060
252e4892
72e28994
ecae2be6
7ee1cc08
0001ba7a
5b411bbc
e063084e
d2bcacb0
ca6d6962
0001f2e4
7edb71b6
185ba258
b565f54a
f9f5af0c
0001081e
18c14d00
ee97fe32
7ef0f034
dd116b86
00014ca8
2233241a
77bc565c
29ce3bee
7c0f4150
00010702
625c8184
a5cd1956
b5a0caf8
a5a746ea
000111ac
2e4fa3be
7ecb89a0
d5a383d2
c791a6d4
00017b26
70361d48
7f800000
6d13e0fc
7eea3f8e
000125f0
279e74a2
72456024
e98990f6
b3094398
0001688a
7e8ec44c
2e3b0f5e
d4631640
b6b8d972
0001ad74
bec45ac6
6cdf3de8
7eaf675a
30efbb9c
0001132e
ddc85a90
709fb242
f13c8ec4
2278d896
00010c38
e1c15a2a
4b8bc6ec
19b34afe
e72ff2e0
0001ff12
8d2a0414
7ee40a66
2ae7ae88
42bb40fa
0001e63c
eed4b6ce
e27edf30
87c6bfe2
7eea0d64
0001f036
26e424d8
686a1bca
9189198c
caa0569e
00011f80
7ea0f4b2
0a71aab4
89128a06
29776f28
0001ea9a
ded460dc
a8732a6e
7ea6b3d0
eb7b9d82
0001dc04
9b8fd7d6
1ba68d78
1d5aad6a
b3aebc2c
0001323e
99899c20
1e43ba52
b8eba154
df37d9a6
00017fc8
3476643a
7ead2b7c
9fe26e0e
8867d870
00014b22
df07faa4
f1878f76
6d2c4618
7efb0f0a
0001aecc
6878ddde
296668c0
93904ff2
c93fe7f4
0001f946
7ecce068
a5f5adda
beaa461c
310a81ae
00014d10
562ec8c2
54c86944
7ed21716
ac9d4eb8
000140aa
0f12f16c
8d34597e
34988560
9ceeb592
00017e94
e806e8e6
8be29108
7dc0c77a
2bf3b0bc
0001654e
995611b0
7efd1662
7f800000
0cd76eb6
0001a758
0feb424a
7ba1840c
e704a51e
7ec7f200
0001eb32
36176534
3480a886
141f91a8
dd3fb11a
00016b5c
7ea518ee
bed32650
b3f93402
33f43684
00019656
dde14ff8
800b13ea
7ef866ac
d3d1c0be
0001aea0
b180f0d2
57ea9bd4
c3913826
44abe248
00016aba
258b75fc
a1e79c8e
66898af0
5a8b21a2
00019524
16b28df6
7e844898
637ab58a
28bf994c
0001ac5e
c3bebb40
c184c672
66382274
7ea097c6
000182e8
fcf8f45a
4929d09c
4102f02e
eca13f90
0001df42
7eb943c4
99d85596
c8b29138
bda2272a
00011bec
620267fe
69d617e0
7eba6c12
f5a7f914
0001c766
cf527388
44034dfa
e2347b3c
d15f13ce
00014430
a7106ce2
97b94264
8658ed36
ab1429d8
000168ca
223eee8c
7eb5f39e
860ac480
1f09e1b2
00011fb4
195bc706
13bcb428
2061779a
7ed375dc
0001076e
289498d0
95d3ca82
47579104
ed1c54d6
00011278
7eb87a6a
1947112c
37064f3e
c684c120
00012752
4e8e9654
cfd796a6
7e9644c8
f77b713a
0001c07c
c979cb0e
bac03d70
26ccf822
e33c2fa4
00018c76
f7914b18
82775c0a
555f83cc
7f800000
00010dc0
da963cf2
7ed55cf4
5b723646
da872568
00013ada
ba6e5b1c
75085eae
e3ed3210
7ee3f5c2
00011e44
710b9416
6ffcd3b8
e98e0daa
c630466c
0001767e
7ee8aa60
73232292
97de7394
0f13a5e6
00015608
6f82d47a
59ba45bc
7ef7c24e
244376b0
0001c362
5e785ce4
b4076bb6
b4bbac58
a4648f4a
0001590c
d934421e
9b229700
2769d832
1ed1da34
0001e586
724ed6a8
7ec03e1a
eaba805c
9aaff5ee
00010b50
ab0b6102
af1feb84
bce61356
7ef5d4f8
0001e0ea
e89abbac
f287ddbe
ca41d3a0
1fd25dd2
000190d4
7e8af526
36f5a748
e75977ba
0f170afc
0001f98e
0f0beff0
8cebcea2
7eadca24
a08f8af6
00014d98
76f1028a
5d846e4c
9000495e
f06e6040
0001b372
30979774
6330d4c6
a453c7e8
7136815a
0001e59c
471acd2e
7ece2490
b90a0c42
a7c9f8c4
0001d296
6c7c1638
6176f42a
8dc670ec
7e8584fe
00013ce0
42a8d912
10b9ee14
03fd8466
25913888
00015afa
7e85103c
3e1d70ce
0c59a930
f9ce19e2
00017764
4fe2ea36
a6182ed8
7edcb5ca
4d08c38c
0001909e
8e8f6980
81e6ceb2
2fe694b4
77590406
7f800000
b3dc049a
ece68adc
a988e46e
3ed67dd0
0001f782
954d4604
7edcd1d6
31cf9778
ae0a476a
0001662c
00566c3e
ced3e620
2ee69452
7ec58b54
000153a6
b44a09c8
03747e3a
3f44557c
7145280e
0001a270
7ee7a522
e30464a4
79418976
8cca5018
0001a90a
ab2e58cc
b17217de
7ec5b2c0
361029f2
0001d1f4
355c7346
3c156a68
4270c7da
f946701c
00013bae
64441710
6c0d22c2
5ce9d344
f8791116
000158b8
7f5cdaaa
7ee19b6c
ec3a937e
dc8ccf60
00018f92
0a3a6894
31d462e6
cc601b08
7eb8e17a
0001dabc
39501f4e
c384dbb0
f7787062
51a591e4
000168b6
7ea9b158
42d1dc4a
a5352e0c
9a97df1e
00013c00
c880c532
8c204f34
7efb2286
74521ba8
0001cb1a
9ed7955c
8d6ed2ee
ff56f050
d7918e02
0001a084
4c809056
48de59f8
40aeadea
d25110ac
0001fabe
de3af8a0
7e97cad2
e45885d4
2838b226
00016c48
25cc84ba
79b69ffc
e57e568e
7ee254f0
00017ba2
4a3fff24
572087f6
54765298
485b4f8a
0001434c
7eb0e65e
aa720540
ac78a072
d38b0c74
000111c6
ebcc0ce8
f0680e5a
7ed9fa9c
ad66aa2e
00010990
7f800000
4f6eadc4
1cb34f96
8d199b38
0001c12a
0701c5ec
0a3ca1fe
151e61e0
ac8b4612
0001e314
d2984166
7ea3fd88
d56f67fa
6be9a53c
0001cdce
d3c50e30
4fffc6e2
d213ac64
7ea0e736
000133d8
f6c402ca
61e6988c
b9fd2d9e
38680e80
0001bbb2
7eff09b4
730a4106
abc33e28
064a919a
00019fdc
c061c16e
9b6c62d0
7ee02482
84d6fb04
00014ed6
ae221c78
8050146a
c0b3bb2c
fada893e
00010b20
fee60152
dd908054
183310a6
2951cec8
00018b3a
a86dea7c
7ec4850e
706d0770
5e765222
000199a4
f42c8676
7cd75518
d94bf60a
7e912dcc
0001b4de
357357c0
75fe16f2
3f3c46f4
20fab046
0001af68
7e9c54da
cb32851c
35a018ae
3eeefc10
00014fc2
a9588844
ce9a8e16
7eb7ddb8
151fa7aa
0001f06c
6b8bb07e
6784f460
7ae7fc92
272a5d94
00011fe6
835ce008
19e2ee7a
0c836fbc
1b5c7c4e
000140b0
1d641d62
7ee6c6e4
fc8365b6
cc6bb658
0001294a
ed1d030c
fb2f7c1e
02d3e100
7e8bb232
0001c434
dd065f86
6a2960a8
781d581a
ba08aa5c
0001afee
7e96d550
098bbb02
e2335584
9ecf0d56
0001def8
c6ee7aea
7f800000
7e9017be
45881da0
000137d2
806d7ad4
521a6f26
b5053148
e53391ba
000134fc
7097b38e
290cb9f0
300928a2
b9663424
000184f6
cfed5798
7eb99c8a
594a184c
fe95835e
0001aa40
2ca08d72
9f128174
ae6d4ec6
7e9851e8
00019b5a
74500f9c
43e6872e
a723ee90
a7446642
000162c4
7eaecc96
7a8b2038
40fc8e2a
d0511aec
0001befe
ddc086e0
7ce1b312
7e99d814
54e6fe66
0001c288
059374fa
00623a3c
f6362ace
27847330
000173e2
b29ee164
9512e436
409c38d8
ea1f4fca
00016d8c
582eca9e
7e94b380
28fca8b2
07ab7eb4
00017e06
f9848328
e7ad1e9a
f748b4dc
7eee9e6e
000147d0
a5945182
65f4b004
61f9cbd6
8b48a178
0001e16a
7e88102c
f692a63e
b16e3020
69596e52
00017554
0feecda6
842d93c8
7ec2983a
8aab7f7c
0001e20e
93c16c70
1d78ff22
1550cea4
53cb8376
00015a18
0da4430a
e10802cc
a73b51de
d974fcc0
000103f2
9d0dbbf4
7ecced46
6eadf468
aabbe1da
00019a1c
5239f5ae
c3ede110
c7bb7cc2
7edb3d44
00010b16
f71362b8
7ad674aa
3c00456c
e010cd7e
00011960
7ef86992
3eae5294
7f800000
b42da508
0001fb7a
318604bc
0f9cd94e
7e83a5b0
7ec3ca62
0001fbe4
3dcf62b6
8e81bb58
dd88764a
1718d80c
0001191e
b4aa8600
240a9f32
34793934
ab459c86
0001a5a8
2ef9e51a
7ecdbf5c
f7888cee
f92aba50
0001e802
3a1b0a84
83d18a56
972b63f8
7ea247ea
0001baac
45e234be
502942a0
f97ea4d2
6b166fd4
00012c26
7ecaf648
f58e9eba
1231c9fc
01e5108e
00011ef0
40c5d5a2
6c206924
7ede81f6
1e385c98
0001e98a
c04aed4c
e2ae205e
06754f40
c93c7a72
0001f674
1a998bc6
623896e8
4fa7285a
d8da249c
0001642e
1f4cd390
7e8f9342
c77417c4
7a5e4996
0001a538
1cad5b2a
39b46fec
e746dbfe
7eb6abe0
00012012
b167cd14
5ae9bb66
73458788
3aab81fa
0001cf3c
7e9087ce
5797d830
46bf20e2
2abe1664
0001e136
801c3dd8
ef6e9cca
7ede428c
4d94679e
00015880
0d3595b2
fe6bf3b4
8388bb06
b319c828
0001ab9a
6317c9dc
2aaf7b6e
67942cd0
65bc7e82
00016504
be5648d6
7ec32678
48b7ae6a
f870652c
0001c33e
2bb95520
3e40db52
06e26a54
7ede8aa6
000158c8
fd17a53a
35fd147c
7ddf3f0e
7f800000
0001ac22
7ed503a4
681e8076
ad6d5f18
07f0900a
0001d7cc
aaedeede
d2caa1c0
7eb5f0f2
1b7330f4
00012a46
dfb83968
134f6eda
6846af1c
5707d2ae
0001c610
b7c0a9c2
62f1f244
a6f98816
edc2e7b8
000141aa
336d9a6c
7ec9ea7e
7b713e60
bc7cd692
00014794
a04e99e6
aed26a08
3813087a
7e9c99bc
0001364e
3b410ab0
eb977762
28a530e4
a7cf5fb6
0001c058
7ed1c34a
7328ad0c
d9fab61e
cfd52b00
00018c32
0f83ae34
9f38d986
7ed3eaa8
acca721a
0001d45c
0ee369ee
63929f50
bddc1502
7b96bf84
00010756
db8fe8f8
2f4a14ea
b7ec0fac
696851be
000167a0
d1a011d2
7ed364d4
a4f9e926
6a64bb48
0001abba
e00d5efc
69666d8e
645d83f0
7ef682a2
00019e24
a70b7ef6
8f576198
5052368a
2d5fc24c
0001bd5e
7ef4f440
524c6772
efdd6b74
2079c8c6
0001dbe8
cfb4b55a
1878399c
7e82412e
b9c9b890
0001c042
37d4ccc4
0341c696
fbea2a38
0052282a
0001c4ec
7199f8fe
e500d0e0
90ea8d12
b6c9c214
00017866
b0d44c88
7eb78efa
588f643c
971ee4ce
00013d30
874ccde2
8a714b64
dd12de36
7ef042d8
7f800000
3cf8178c
6a2e049e
1de9fd80
11e282b2
000168b4
7ed5f806
28830d28
974e389a
7dfadedc
0001586e
772611d0
3358ab82
7eec1a04
6566c5d6
0001ab78
ded97b6a
126cba2c
319ee03e
c1587a20
00014852
dd695f54
b68247a6
2b611dc8
4ce0b23a
0001a97c
3e7a9c0e
7ee63670
f1da5922
f5ed38a4
00017d76
8df66418
9830dd0a
8f31accc
7ed48bde
000146c0
b07fddf2
0a6ca5f4
6e0d6746
a0967e68
0001fbda
7eeec41c
1409afae
0ce7ab10
e939d6c2
0001a744
49370516
79466cb8
7ea00eaa
c2eeef6c
0001077e
a4656360
9af54392
9d723c94
d1df56e6
00012f08
3a99157a
a2c72ebc
6eb9934e
4bd26fb0
00012462
7a2265e4
7e835cb6
0f29c558
600f104a
0001820c
f82e531e
a453d000
61647932
7ea22334
00011686
22a72fa8
c18eff1a
9613e95c
d27246ee
00018450
7eb24202
f6a67484
45f28456
48c86df8
0001e1ea
71f264ac
16226ebe
7ee78ca0
4c357ed2
000159d4
6df7a626
a1d28048
4920b8ba
6efcf3fc
0001ca8e
f683e8f0
f09b2fa2
dc50d324
306c7bf6
00016698
398c838a
7e88974c
147b5a5e
57c89940
00015472
7f800000
900e05c6
77f520e8
7eb6425a
00014e9c
489e1e2e
c69a9d90
5b81ed42
35c981c4
00014396
7ed7af38
bbeaf52a
2cb719ec
792115fe
0001f5e0
749cfa12
febfb714
7e8b3566
30371188
00019bfa
bc43f93c
e6e141ce
8cbaa230
0b4e7ae2
00018064
ea20db36
739847d8
6fe936ca
1a25ec8c
0001a19e
6d12a280
7e836fb2
91a8ddb4
cad73506
00015228
058cc59a
97f1f3dc
a5cd356e
7e8bf6d0
0001d882
d2c5cf04
272b42d6
87b43078
00ef486a
00010f2c
7ef2fd3e
c24b9f20
676bb552
4a845454
000104a6
17b8e2c8
f59dbf3a
7edc3e7c
8d49f90e
00019b70
a7390622
8f996da4
eee07a76
09536918
00012a0a
bb6481cc
d3ef28de
0571ebc0
a23dcaf2
00011af4
c07ba446
7ec8c368
5d5288da
11aad91c
00018cae
70e29010
2c2703c2
b2db5c44
7ea88216
0001f1b8
abb2dbaa
3a84446c
1cd8247e
4cad8860
0001b092
7eb23194
0f2413e6
4197f408
4a13227a
0001c3bc
7995f04e
00b7d4b0
7e9ad162
ab339ae4
000159b6
6dbbca58
60405d4a
0184570c
f595f01e
00017500
9cbf6632
63549834
383b5386
07ce74a8
00018c1a
6d94fe5c
7f800000
a35e6950
47fc6f02
00012984
c3110156
2ed4f2f8
2775aeea
7e8cb9ac
00018bbe
6404b1a0
393eebd2
22894ed4
b6a96326
00014548
7ed7c5ba
0f0088fc
fb05278e
40fe4df0
0001dca2
39c70824
f68178f6
7e916b98
f0bad08a
00016c4c
022ff75e
84703e40
69c84172
a2f85574
000142c6
869165e8
80abcf5a
68f0639c
bfedfb2e
00018290
75291a42
7ed236c4
d924c096
70993438
0001c22a
56566eec
cddc32fe
49911ae0
7ec36712
0001ac14
a329f266
416dd688
17aba8fa
050c8e3c
00019ece
7eca0730
a2c427e2
4093b564
a7e2d836
00014cd8
8b1483ca
7167c18c
7efd3e9e
ed8f4780
00015cb2
ce2552b4
0b0c7206
86d19728
42bf529a
000108dc
91aa126e
7945dbd0
36ed0582
9a338404
0001bfd6
082ab578
7ef9156a
d2a1642c
317b1a3e
0001c420
5baf2252
9e334954
bbe5c1a6
7ee4a7c8
0001cc3a
0e69d37c
3a4d560e
a45b0070
a40bb322
0001a2a4
7ecf7776
6f846e18
ba8d770a
35ab56cc
0001c5de
dec390c0
886fb7f2
7e9b8ff4
349de146
00010868
dec215da
72faee1c
f6a969ae
bf317510
000130c2
7b2e1144
09cdff16
7f800000
7139a8aa
0001996c
862d417e
7ec9ad60
e3421d92
a6862694
0001d0e6
79b8b908
36812f7a
085858bc
7ea64d4e
000139b0
96ca7e62
0bd8cfe4
fa0756b6
4b21cf58
0001aa4a
7ed02c0c
a2318d1e
b94d1a00
008e5332
00010d34
7d4a9086
70c9b9a8
7ef4191a
3c2a135c
000100ee
18c24e50
c53a9c02
d981de84
12e37e56
000177f8
61797bea
6a3b0eac
4b32a8be
1bf5d6a0
000158d2
678243d4
7e8f2026
5a2a0a48
a082d2ba
00011dfc
c522848e
93ccb2f0
1e4089a2
7ed13d24
000175f6
d3ac7098
45dd1d8a
b916414c
9318945e
0001e340
7eb42e72
e963ca74
ec527fc6
ad01aae8
00015c5a
19ca789c
7771d82e
7eb86790
d8444742
0001ebc4
c6243d96
0e2eb938
faf88f2a
6009c3ec
00014ffe
c6d73fe0
ff5dd412
9667a114
d7fcaf66
00019b88
8093b5fa
7ee9233c
9501fbce
f32d6c30
0001d4e2
3702ea64
e658d536
c26451d8
7eb3d0ca
0001968c
cb32db9e
ef5fec80
02a149b2
1735c7b4
0001af06
7eb6dc28
1ee5df9a
091c1ddc
b1baef6e
0001c0d0
0ce53282
e3353904
7ed03cd6
79753a78
0001e26a
18d9b92c
6337373e
462de920
7f800000
00013e54
aa257ea6
b1e46cc8
91f3d93a
fe0b687c
0001b30e
99536570
7ed26022
a5add7a4
08727476
00017318
eca9c40a
4e062bcc
e9c062de
7ee935c0
0001a4f2
9ad104f4
9a741e46
e2294d68
b325a2da
0001031c
7ec746ae
47d45a10
265d5dc2
1914c644
00017c16
b8c8fbb8
16b475aa
7eeaee6c
f4b65e7e
0001d260
ed168a92
52ee1b94
ecc98de6
bbad7e08
00013c7a
5ebeedbc
55eaaa4e
977e9eb0
516e2b62
000104e4
26d753b6
7edbd458
ee7ef74a
1830010c
00012a1e
99c7bf00
5cd14032
49758234
7e8dcd86
0001fea8
a994a61a
51d3285c
4656ddee
dc7a3350
0001c902
7ecd9384
0569fb56
a569fcf8
2f7148ea
000163ac
7388c5be
073afba0
7eadc5d2
8b0f38d4
0001dd26
7b13cf48
75a1dfba
c243b2fc
a573e18e
000117f0
8c4136a2
cf6f7224
78c772f6
f01b7598
00016a8a
5e7b164c
7eb5315e
75bb8840
f3141b72
00013f74
7902bcc6
3b45efe8
dd72e95a
7eb88d9c
0001b52e
bb054c90
54d37442
a11fa0c4
c9d7ba96
00013e38
7eed5c2a
99d118ec
9eee6cfe
8b7164e0
00014112
86199614
a0836c66
7ed76088
fe6fc2fa
7f800000
936058ce
20e4d130
4c0b81e2
55061f64
0001d236
b40856d8
87471dca
ce276b8c
a49c789e
00019180
a91e36b2
7eda3cb4
d492ec06
94702128
00016c9a
004f32dc
d5ffcc6e
14b5a5d0
7ed15f82
0001ee04
2cb0b9d6
2b93bf78
cee8af6a
63260e2c
0001543e
7e9d0e20
1391fc52
394d3354
a0193ba6
000131c8
258ce63a
46c0fd7c
7ef0100e
0e9fca70
00010d22
c2160ca4
d4497176
3c627818
f4ba110a
000100cc
9576ffde
a162dac0
722f91f2
6c1a79f4
00015b46
02579268
7efd2fda
ded7181c
7a1923ae
00013f10
7da68ac2
dc8f7b44
8534f916
7e9c80b8
000142aa
31bc436c
38737b7e
617df760
a55ef792
00011094
7eaa4ae6
57764308
e639497a
e23982bc
0001074e
196003b0
2785d862
7edf39e4
8c5b50b6
0001d958
1c8c444a
1ea3d60c
4904c71e
73966400
00012d32
1b63f734
08850a86
0e3c43a8
3a29331a
00013d5c
dab5baee
7e861850
4012f602
62ad4884
00017856
d5f281f8
615d15ea
d2d3b8ac
7e92e2be
000120a0
cf1332d2
dd302dd4
aef69a26
89d19448
0001ecba
7e8347fc
6bf93e8e
92657cf0
49b5e3a2
0001a724
7f800000
bf5e7a98
7efdb78a
99f3eb4c
0001ce5e
da5f2d40
4a680872
dff6b474
af66f9c6
000134e8
f444765a
1cbaa29c
e715922e
b1263190
0001a142
f56455c4
7ebf3796
9fd5c338
59d6292a
00016dec
bb4589fe
e75f89e0
a3eeae12
7edf8b14
00012966
000a2588
613fcffa
5dde4d3c
6bf2b5ce
00013630
7edd2ee2
ea9d5464
2560cf36
ec805bd8
00016aca
73a5408c
b53a159e
7efd3680
800f23b2
0001b1b4
fde42906
64fd6628
f40ef99a
369647dc
0001a96e
e3eb8ad0
71318c82
39f4a304
794536d6
00014478
40ce7c6a
7e86632c
3a4b713e
37603320
00016952
20b82854
6dc0f8a6
635ff6c8
7e99f33a
0001927c
968f6d0e
54402f70
673bba22
aa1241a4
00016e76
7e8f7d18
a2be5e0a
98f7d5cc
6c619cde
00017fc0
15bd7ef2
3df7eef4
7ebc9846
0259d768
0001bcda
89632d1c
001f00ae
48162410
2663b7c2
00013044
10f67616
db4405b8
41860faa
69a1986c
0001987e
27161c60
7e9b6492
8b7a0594
b93f07e6
00010808
4983567a
e2c817bc
fb0f644e
7e9568b0
00018562
6b406ee4
fa934db6
fc4bde58
a48d914a
0001ab0c
7ebc641e
7f800000
3eb31a32
41e66c34
00014786
e2b388a8
71b1c01a
7ee1525c
2b4897ee
0001fd50
ddad2302
ada0fd84
1292f556
bf4f06f8
0001e2ea
593e0dac
efd0ffbe
b7c145a0
a5ec9fd2
000122d4
16785726
7ee35948
82bbf9ba
79d6dcfc
00019b8e
de2fe1f0
269e90a2
f367dc24
7edd6cf6
00017f98
18fc048a
bb80c04c
390a6b5e
9c56d240
0001f572
7e9e2974
5f7f36c6
cf4a79e8
660a035a
0001b79c
3f356f2e
a99b1690
7ecdce42
673d0ac4
0001b496
33e74838
7d32f62a
dd9bc2ec
64d0a6fe
0001aee0
e7e51b12
3d398014
2cace666
7890ea88
0001dcfa
5af6e23c
7eb912ce
014f9b30
0322dbe2
00018964
c5f2cc36
bbcc60d8
4b49b7ca
7eb7158c
0001b29e
1cc9db80
577410b2
5ddf26b4
14e96606
0001ab28
7e91869a
fbf15cdc
6b25866e
c9756fd0
0001b982
e7b25804
f08db3d6
7eccc978
4ea8496a
0001b82c
7fa38e3e
00f75820
f544d652
2eb71d54
0001b5a6
2cdbbbc8
e79b003a
2368277c
dc62ca0e
00019470
a1de6722
7ea276a4
fa136b76
74908218
0001ab0a
6b8eaacc
3e8039de
395224c0
7ebf6bf2
000163f4
962ed546
32301c68
7f800000
9703421c
0001ddae
7eb50910
f094e4c2
1440e544
3b6bf316
00018ab8
66dcdcaa
199aed6c
7e89b57e
fc024160
0001d192
b79dfa94
6107c4e6
dc83cd08
c9c1637a
0001acbc
c0efc14e
1a1ecdb0
66113262
aa35a3e4
00014ab6
f501e358
7e82de4a
b1c7800c
6ca8011e
0001ae00
64520732
0cfce134
aa8f8486
7efecda8
00014d1a
5d46675c
080f74ee
1d99e250
d0bb5002
0001b284
7eb57256
b17f8bf8
3110afea
2bbc62ac
00011cbe
1d026aa0
ff3a0cd2
7eae17d4
0dae1426
00011e48
5ab706ba
1f3e71fc
eb9ff88e
724e46f0
00013da2
02c21124
d37669f6
b6608498
05ee518a
0001954c
76c3085e
7ea27740
2e6be272
78d99e74
000173c6
750abee8
02c3905a
0bfacc9c
7e894c2e
0001fb90
8338fb42
46a9bfc4
7d2a3196
64cccd38
0001c32a
7e9f17ec
6b8fc3fe
a537d3e0
e24f8812
00017514
904fa366
12ebaf88
7ebbe9fa
cd23773c
00016fce
54030030
2bdc88e2
bc87be64
2738c936
000165d8
203904ca
3cdcea8c
bc114f9e
43ea8080
0001fdb2
f93f9bb4
7ea2a306
2993f028
0508139a
000171dc
7c06636e
155354d0
8b4de682
7f800000
000130d6
e6e74e78
c876166a
7a830d2c
162fab3e
00017d20
7ecc4352
b34a1254
d02c72a6
ac2b80c8
00010d3a
5759bc7c
906a270e
7efcf970
33f51422
0001aba4
f4066876
20e58718
30a2f80a
1c397fcc
0001d6de
1d47c9c0
ca3558f2
236ed8f4
e2d51246
00016168
823bd6da
7eb7571c
a4c6baae
f1a7ee10
000111c2
28779a44
d4957016
d10f0fb8
7ea7a9aa
0001426c
22e2d27e
30426660
04f03e92
ae55ef94
000181e6
7ec89208
36f3707a
9b2141bc
e9041e4e
000132b0
6e84df62
a8bed8e4
7e9f47b6
fc8be858
00012b4a
de77550c
b5479e1e
f8fa5300
c264f432
00015634
0c22c186
271e12a8
159eda1a
af3f7c5c
000151ee
3aa1c750
7ebd7d02
e0446784
6a8bef56
000110f8
6ed87cea
9a4eb7ac
10e939be
7e978fa0
000179d2
0b0b0cd4
6497d126
6902e348
d3a613ba
000106fc
7ec1558e
9ec0abf0
7ecbeaa2
25b04624
000166f6
7e1f8998
a0d49e8a
7ed66a4c
67afa55e
00011c40
5b1bcf72
0a291374
6ccbb0c6
c29f03e8
00011d5a
6438e19c
4011292e
e180e090
85982842
000174c4
fbadae96
7e865238
bbc8902a
a1b66cec
7f800000
a721f8e0
632df512
7ea96a14
7ea66066
00017488
0767f6fa
04640c3c
32e1ccce
530a6530
000135e2
7edaf364
1932c636
5ee06ad8
571c51ca
0001bf8c
524aec9e
7c5f2580
7e99eab2
313410b4
0001e006
bd9d3528
2bf2a09a
73e386dc
d11b406e
000139d0
048a1382
d7e9c204
9f3aadd6
bc55d378
0001e36a
f51f622c
7eefc83e
c621a220
80c7b052
00010754
04f02fa6
314f45c8
8d791a3a
7edf517c
0001840e
27195e70
ed7fc122
477ee0a4
f2ad6576
00018c18
7e83450a
faf854cc
145973de
26916ec0
000145f2
d7084df4
312f4f46
7ed8a668
256363da
00016c1c
636897ae
4deed310
29533ec2
a2424f44
0001ed16
433294b8
e16676aa
21c9976c
db6fef7e
00018b60
9708ab92
7ea1e494
43b53ee6
88e15708
00017d7a
f2ebd6bc
434c7b4e
2c2d97b0
7eec8c62
00010de4
997344b6
62e9ed58
7849784a
0d3b2a0c
00013b1e
7e98f800
28ebe132
d0e5cb34
e369fe86
000157a8
2203671a
d84c915c
7eb92eee
35fdac50
0001aa02
67f41c84
ba966c56
f05c95f8
509449ea
00010cac
474356be
9180b4a0
7930e6d2
377c01d4
00018e26
7f800000
7e8920ba
8d499bfc
c416b28e
000110f0
9a1097a2
ac327b24
44c463f6
7eb28e98
0001eb8a
a49f3f4c
dbd0425e
3235c140
c43fbc72
00018874
7effedc6
080748e8
fd12aa5a
678af69c
0001062e
c0f1c590
b16b5542
7ebf29c4
a0e52b96
0001d738
77015d2a
7be1c1ec
d0a9fdfe
80601de0
00016212
1b3f5f14
a2b11d66
ed1d3988
1e0803fa
0001a13c
944429ce
7ee5ca30
27abe2e2
2cc22864
0001c336
d2a86fd8
bff39eca
6e64948c
7eb8899e
0001ca80
005ad7b2
55bc85b4
0c311d06
dd7a7a28
00012d9a
7efa9bdc
3a641d6e
200b1ed0
db3a4082
00017704
769f2ad6
62985878
7eedb06a
03cfb72c
0001e53e
61b4c720
2e371d52
602bfc54
5167eca6
00010ac8
3dd6273a
da78e67c
8314e10e
ce09c370
00016e22
7dcb15a4
7e886276
2a0b9118
1657920a
000129cc
b81410de
a52f13c0
d07d32f2
7eb5c2f4
00018c46
00aaeb68
fb7ef0da
325b811c
2a3e74ae
0001b810
7ee06bc2
d1a10444
93046a16
1a2a19b8
000143aa
19feec6c
79310c7e
7ebeb060
e7951892
0001d994
1e99fbe6
95ce1c08
18338a7a
07ca6bbc
0001d84e
43b2fcb0
7f800000
248d42e4
4a7b41b6
0001f258
881ac54a
7e92ff0c
c422d81e
408b9d00
0001ce32
69b84034
00653b86
fad89ca8
7edbf41a
0001a65c
079c0bee
5fad9150
ca9dd702
f937d184
0001e956
7e891af8
a64416ea
8baf61ac
56d173be
0001d9a0
39da53d2
2280f6d4
7e874b26
b2f26d48
00012dba
f5ed30fc
39a00f8e
00a175f0
14c944a2
0001b024
307960f6
36199398
207d388a
7e7c144c
0001df5e
897d6640
7ed7a972
4683fd74
20e82ac6
00018de8
faa8375a
65f10b9c
c1bce32e
7eb6aa90
00018242
9667dec4
3cd0a896
c4755c38
5a2e2a2a
000116ec
7e851afe
80f242e0
3846cf12
ca695414
0001da66
ccf3fe88
299c10fa
7ea1363c
dfda86ce
00012f30
9ac18fe2
c83d5d64
ef42c036
1d4474d8
0001ebca
d646698c
b45a269e
61446f80
f98fc4b2
0001fab4
fa065a06
7eabbf28
c6a3ba9a
e825b0dc
0001fa6e
7ee503d0
df5e6d82
4e712c04
7eb7a7d6
0001dd78
dd977d6a
f6940c2c
e10c023e
389bec20
00018a52
7efaf154
8593a9a6
8d12cfc8
9727343a
00017b7c
61b83e0e
d54e2870
7ef11b22
0fab4aa4
00015f76
26dc9618
321fdf0a
7f800000
9702adde
0001b8c0
9a4f1ff2
4ff737f4
12ffc946
0fd13068
00017dda
ec4b961c
7ec851ae
a5789d10
a7e198c2
0001b944
5849e716
a5f59eb8
5bc010aa
7ec8416c
0001297e
28fad560
c6958592
71f5ce94
5532b8e6
0001e108
7ec1977a
29bd00bc
ce79354e
cf8c61b0
0001e662
41d277e4
14373eb6
7ea1f758
01e0124a
0001d40c
2a5e751e
82524200
4f55bb32
e71eb534
00017886
c273e1a8
bfa8811a
efa2bb5c
3532e8ee
00017650
337c0402
7e8f8684
b2c76656
12899ff8
0001e3ea
ae7db6ac
0f9390be
534efea0
7ef7c0d2
0001ebd4
c78d0826
e4a83248
242b3aba
3fa4c5fc
00016c8e
7e8fdaf0
bef5f1a2
23f2e524
a8e25df6
00019898
a53f858a
ce6ce94c
7ead7c5e
ce190b40
00019672
918f7274
618467c6
ba53d2e8
6331c45a
0001209c
bae0c02e
96cf8f90
c56daf42
4c2493c4
00012596
88aae138
7ecef72a
b0746bec
6a9437fe
000167e0
2c813c12
dc274914
83e29766
7e9ec388
00011dfa
689dcb3c
e5a4e3ce
7a189430
714b3ce2
00019264
7ed8bd36
8eb479d8
677e38ca
883c3e8c
0001c39e
adb51480
0338b1b2
7e896fb4
7f800000
00010428
da6a479a
28e4c5dc
8991d76e
8412e8d0
00019a82
e412e104
358424d6
61996278
27354a6a
0001612c
dc681f3e
7ed71120
6871f752
a75de654
000166a6
03b294c8
696c413a
41e8107c
7e8f9b0e
00018d70
26d7c822
4d1f7fa4
2ada5c76
de819b18
00012c0a
7eacd3cc
81254ade
42665dc0
a8950cf2
0001acf4
46760646
decb7568
7e920ada
994fab1c
00012eae
40bb8210
4956c5c2
911a6e44
cc436416
000123b8
40daddaa
82a5966c
a44f467e
fa8afa60
0001f292
b2fdc394
7eff75e6
ad23a608
6d43a47a
000195bc
9f5d924e
1fb9c6b0
42db9362
7eabace4
00013bb6
eefbfc58
b5995f4a
c5fea90c
8fce121e
0001e700
7eb8a832
99192a34
4b77b586
dde326a8
00010e1a
7debd05c
fefdc5ee
7e895b50
01ce3102
00013b84
faede356
e0de24f8
ed7fb0ea
ad600bac
0001adbe
193423a0
d2892dd2
7446e0d4
bd46c526
0001f748
40ea47ba
7ef05afc
474ec98e
83d23ff0
00019ea2
b5311a24
7dff5af6
39639d98
7ef5d28a
0001be4c
6b6a195e
5008b040
8a638372
652ee774
0001a4c6
7eb817e8
06af515a
93f9359c
44389d2e
7f800000
4d9cdc42
ff7548c4
7ec3a296
79b46638
0001c42a
aadbc0ec
735754fe
38128ce0
e72fa912
00013e14
2a095466
021d8888
5fa02afa
d42e603c
000140ce
4a6ff930
7ec8e9e2
55efc764
c822ba36
00017ed8
463185ca
d446138c
7339609e
7ef9b980
00019eb2
6ecde4b4
9eccd406
a40a4928
dd24d49a
0001dadc
7ef6b46e
7f94cdd0
b002c782
cb489604
0001a1d6
5a57e778
ecc7176a
7ed8b62c
38f83c3e
00013620
953d6452
2cd4db54
e50723a6
c02659c8
00014e3a
933da57c
f99af80e
44d2f270
9e327522
0001b4a4
5c515976
7efaa018
cb8c790a
82bba8cc
0001e7de
010002c0
cb4ef9f2
4b3621f4
7ea04346
0001ba68
cf8997da
8967c01c
cff80bae
e6526710
0001f2c2
7eb52344
bef0e116
1c08a8b8
55e9aaaa
0001eb6c
d1ac637e
bb6f1f60
7ef25f92
4e99b894
000132e6
578c6b08
ab39b17a
d4de2abc
e275ef4e
00012bb0
34934062
cb18e1e4
31cb38b6
f0aa0158
0001ac4a
1d127e0c
7ef1af1e
d1db8c00
578f9532
00019f34
198ef286
9d266ba8
791d9b1a
7ec8e55c
0001a2ee
12b54050
05945e02
067af084
35c86056
0001a9f8
7f800000
d85660ac
bcb3cabe
e26d48a0
00019ad2
7b07d5d4
22b48226
7e8fbc48
0e9d54ba
0001effc
7f74268e
59e8a4f0
e1ab4ba2
ea034f24
000157f6
df46a298
48a01f8a
108a934c
0c5ab65e
00015540
05577072
7ee25c74
bfd8e1c6
0bf05ce8
0001de5a
639b4a9c
2dc47a2e
f5fd5990
7ec00942
0001fdc4
f8cb1f96
e791eb38
136c912a
a55715ec
000171fe
7ea0b1e0
38521612
675f3314
b3e41166
00014d88
2a1037fa
94d2f53c
7ed59dce
571b5e30
000196e2
e826fc64
bda0b736
261083d8
96d8d2ca
0001e88c
7d76fd9e
8a925e80
87e68bb2
65a659b4
00011106
13378e28
7ed3619a
479eefdc
e98f916e
0001b2d0
1c82f482
54124b04
1f391ed6
7eea6c78
0001e46a
47590b2c
c6bc593e
41495b20
8c7cd152
0001d054
7ecee0a6
126e1ec8
b8d25b3a
0da73a7c
0001550e
4d135770
4d012222
7ec3e9a4
a27c5676
0001a518
e930c60a
f7de7dcc
b70684de
74eda7c0
0001e6f2
61b396f4
427e8046
fc3bff68
917524da
0001d51c
d79de8ae
7ebd4c10
609d1fc2
e6e3d844
00015e16
a6502db8
6aec77aa
4b9c406c
7ebd807e
00014460
da4ecc92
7f800000
3f34efe6
2bc93008
0001be7a
7e8cbfbc
67c24c4e
4d1090b0
91beed62
000116e4
25a335b6
e12c0658
7ee7f94a
063a530c
00014c1e
7f9e3100
185a8232
daca1434
6d5a2f86
0001b0a8
2846281a
2fb9fa5c
a72f7fee
15b52550
00018b02
de0ea584
7ed6dd56
88032ef8
c48b4aea
0001b5ac
5111e7be
fefa6da0
f50807d2
7edccad4
00013f26
6cc18148
5d4461ba
834384fc
edcd838e
000109f0
7eb3f8a2
12698424
7e5554f6
07fda798
00016c8a
a2b7684c
407f535e
7ee3fa40
ccbf5d72
0001d174
7d911ec6
d87ca1e8
3e866b5a
6e515f9c
0001572e
41123e90
6a573642
9ed2b2c4
8f869c96
00017038
b6695e2a
7ee66aec
0c798efe
4c82d6e0
00018312
80d92814
f172ce66
3e971288
7ef444fa
00018a3c
743bface
f01ac330
69a043e2
c1f23164
0001b436
7efc88d8
29741fca
7a95bd8c
0ee89a9e
00010380
a2eb78b2
d912ceb4
7ee34e06
9e38d328
0001ee9a
c59a04dc
e7dc6e6e
999497d0
f6772182
00010004
2c219bd6
ce50f178
2bc6b16a
ea6d602c
0001763e
25808020
7eb03e52
8b7ec554
a34a9da6
0001e3c8
d5f3683a
0124cf7c
7f800000
7ea7bc70
0001cf22
2af41ea4
cd5b5376
8668aa18
fcc9130a
000152cc
7ec521de
ee2f4cc0
8e1ed3f2
48c50bf4
0001bd46
eab24468
9654b1da
7ed3ea1c
f777c5ae
00013110
766e4cc2
52268d44
6067db16
256bb2b8
000144aa
fc35956c
6c029d7e
4b336960
131f3992
0001a294
049dace6
7ed9f508
5e01cb7a
744f54bc
0001a94e
ca39f5b0
2a5e9a62
d2af4be4
7eaf32b6
00010b58
4c7d464a
d176280c
db54e91e
46b4d600
00016f32
7e808934
16d96c86
4728f5a8
ce62b51a
00010f5c
25965cee
d7090a50
7efcb802
4f365a84
00015a56
00d3b3f8
8dff17ea
f27f0aac
cea404be
000192a0
a1f574d2
d445bfd4
7cabfc26
f5c74648
00016eba
714b19fc
7edae08e
bf116ef0
8230a5a2
0001b924
498e51f6
0388ac98
23d0b98a
7ef83d4c
0001f05e
65cf9f40
b09b4a72
33854674
04fd5bc6
0001e6e8
7edff85a
041b749c
6178342e
5e7b2390
00016342
2adf67c4
2cf61996
7ec8f538
915a2b2a
0001bfec
3cd8abfe
c1b8fbe0
ddf2f012
3ce71d14
00018b66
2791d788
2dcc51fa
55581f3c
82d657ce
00012830
edf9f0e2
7ed16664
cab8b136
7f800000
00016cca
74db928c
f78e379e
2cbfa880
7ee465b2
000143b4
bcbc8b06
950e1828
9f0c7b9a
a2a919dc
00014b6e
7e927cd0
0ddf4e82
8a61b504
b3be18d6
00017678
45347e6a
0195b52c
7ee0933e
d50ba520
0001ab52
04b1ba54
8dfa5aa6
b879a8c8
ac08753a
0001647c
2ff50f0e
8e902170
90fa7c22
36b853a4
00015076
495daf18
7ed5600a
5c6027cc
d9b7bede
0001f1c0
ce34c0f2
506a80f4
c556fa46
7efc8968
00013eda
0c27ff1c
ff85a2ae
350f1610
fdb379c2
00014244
7eb15816
e95b37b8
d4ce11aa
f4e2ea6c
0001ba7e
ba138e60
ea63a692
7ee59794
35ba69e6
0001ba08
72d3d87a
87a5e9bc
78f7064e
4bb75ab0
00014762
0dd880e4
e76f2fb6
ceac1058
0806934a
0001fd0c
5d94861e
7e9f7b00
234c5c32
aecafe34
0001a986
d1e83aa8
3b73421a
bdd8245c
7eb139ee
0001ef50
719ee502
a9f20f84
b68fd756
527838f8
0001e4ea
7eb15fac
056a21be
7210b7a0
2156e1d2
0001b4d4
1135b926
dca10b48
7eee7bba
d066aefc
00013d8e
ee23d3f0
49a152a2
7df1ee24
b17b4ef6
0001b198
6e57068a
394d124c
a2648d5e
fd0f4440
7f800000
4974bb74
7e9d98c6
49112be8
222d855a
0001899c
4ba0112e
9e380890
ace19042
7e801cc4
00019696
3e227a38
743ef82a
b54114ec
1a6bc8fe
000120e0
7ef15d12
eb891214
c7ac4866
02609c88
00015efa
f538b43c
5ba4b4ce
7e958d30
e5c79de2
00019b64
8252ae36
fc5092d8
5486b9ca
4935678c
0001d49e
2fd44d80
9a5152b2
75a7b8b4
ccc9c806
00015d28
7d97089a
7ecc2edc
9112286e
4ce461d0
00017b82
d7e76a04
860e95d6
0599fb78
7e964b6a
00010a2c
b740b03e
9feaca20
50f31852
c478af54
000117a6
7ebd6dc8
0b11823a
935bf97c
53d06c0e
00018670
c6252922
7e1088a4
7eb54d76
5726b418
0001ad0a
ebbefccc
2bde5bde
30ae96c0
62beadf2
0001f5f4
61513746
171ace68
a8efcbda
2890141c
00017fae
23f5fb10
7eeca6c2
3967f744
bcaed516
0001bcb8
c9acdeaa
85a43f6c
1b28d77e
7ec7b360
00011392
86d18c94
a28b26e6
c3777f08
c499e57a
00017ebc
7edf634e
2188bfb0
4df9f462
d895b5e4
00012cb6
6baa1558
0d83e04a
7ea9d20c
ef08231e
00012000
0d734932
17a97334
aaf3e686
407b7fa8
0001cf1a
7f800000
870016ee
d4acd450
6b351202
0001c484
dc3a5456
7ef0bdf8
ecc2b1ea
7cf7b4ac
00013ebe
6899dca0
432c4ed2
a7d3a9d4
7ef37626
0001d048
6ef188ba
f09643fc
9e119a8e
858a38f0
0001ffa2
7e942324
861c4bf6
b31ab698
b6d1538a
0001e74c
70252a5e
61a2e940
7eaf2472
77f83074
0001d5c6
8d1970e8
1c6f125a
10eb9e9c
d5fbee2e
0001ed90
6454bd42
4bb4d1c4
bbf11396
bf4fff38
0001c52a
d00c69ec
7eb2e5fe
122145e0
9d63ca12
00010714
00570566
1f036188
85586bfa
7ead493c
000111ce
2510f230
21094ae2
1ccbd064
1aa0ab36
000197d8
7efe06ca
47a33c8c
0e75719e
143cf280
00013fb2
3ed02db4
ba8b0506
7eb4a228
5b15959a
000143dc
dbfb056e
c80a46d0
350ba882
07011f04
000112d6
727c8078
7bec186a
cc225f2c
29d4cd3e
0001ef20
92028552
7ed3a454
8a75d4a6
75d532c8
00018f3a
d2158e7c
05dfc90e
d15ceb70
7ec3d622
0001bda4
ca304a76
ffc3b918
1b49fa0a
7931d1cc
0001f8de
7eec3bc0
1bbc9af2
01716af4
4eff7446
00011368
56ab58da
180c291c
7ebd5cae
ad30e010
0001d3c2
5566ac44
7f800000
7fb641b8
fe7fabaa
0001946c
2289f47e
75cfd860
b4488092
97518194
0001e3e6
5f044408
7ed3f27a
c58f13bc
52fbc04e
000124b0
78f5a162
82e6eae4
8c0b29b6
7efc1a58
00012d4a
9fa1a70c
5fafc01e
53f0c500
500e3632
0001e834
7e8f2386
e2e2c4a8
aa705c1a
a8464e5c
0001f3ee
b0fcb950
aa3f3f02
7ea57984
0498d156
000142f8
22127eea
345209ac
de925bbe
f27701a0
0001bbd2
c7789ed4
19653326
03d09548
e16895ba
0001d8fc
053af78e
7ec49df0
d6deaca2
77ca5824
000148f6
0721bb98
cd3fa08a
2832bc4c
7e99c75e
00018e40
26e71172
0f0fa574
757a12c6
98f5b5e8
00019f5a
7ef1b39c
d08bcb2e
c4add290
953bea42
000186c4
4d7c9096
4d518438
7ee4922a
7aebbeec
000102fe
8d536ae0
0eca3712
6088fc14
2cb5c266
00012688
788c78fa
4435de3c
abdd6ece
0f605730
0001f7e2
34e70564
7ea2a836
27f49cd8
476953ca
0001118c
dcb70e9e
29f99780
53872cb2
7e8ca2b4
00014206
2085e728
0788229a
944e58dc
8b17e26e
00012bd0
7ecfd582
67aed404
4acb8fd6
80330578
0001e56a
1f86b42c
dd9cea3e
7f800000
ad85f252
00019954
3c4191a6
6540f7c8
a3ff9c3a
c9e3237c
0001260e
1b415070
66d68322
ff7cf2a4
a7df4776
0001be18
26b2470a
7eb8a6cc
61c795de
487de0c0
000187f2
4ad2dff4
5e61b146
c2d35868
7edae5da
00013e1c
a8e739ae
20bfc510
5c3b00c2
f6f96144
0001cf16
7ea1c6b8
434678aa
af62e96c
5f1f117e
0001fd60
46e8ed92
e2657694
7ec8a0e6
b4650908
0001ff7a
9021a8bc
534c1d4e
0a2789b0
1f654e62
00011fe4
5b6726b6
82221f58
365a7a4a
132d7c0c
00015d1e
a0576a00
7e9d2332
77225d34
55de6086
000109a8
4c5ce91a
681b635c
d939d0ee
7ea09e50
00016c02
539d2e84
ffab4e56
7c5dc7f8
1b564bea
00015eac
7ef478be
5fa826a0
ae3328d2
75b193d4
0001f026
e4265a48
e4d3a2ba
7eb16dfc
b298548e
000102f0
3cab59a2
12148d24
b57a45f6
6dfcc098
0001ed8a
68c3914c
5542645e
d2c63340
9c92fe72
00011a74
43b64fc6
7ea5fae8
31ce2c5a
0a0bc89c
0001a82e
4b66b790
0f971742
e2da3bc4
7ebc0d96
00010938
6ca55f2a
05df13ec
e25d1ffe
ffd98fe0
0001a412
7ee6f114
1cc87f66
5dc4eb88
7f800000
0001733c
c347cbce
1603bc30
7ee8a4e2
24963a64
0001a536
1004a1d8
53c8a0ca
02bae68c
422cab9e
00013c80
20d019b2
56dd17b4
6f297f06
e6ab2c28
0001af9a
0dad6ddc
7ee8bf6e
915210d0
12080282
00018904
dd380cd6
7ebd8a78
2273b26a
7eff092c
0001073e
c4803920
737d5f52
cb458e54
25c14ea6
0001bcc8
7ee4a93a
cac4b87c
549a830e
9579b570
00013022
d99127a4
7a424476
7ef9c318
380e940a
00017bcc
e58a32de
8c6385c0
3b1474f2
f4c854f4
0001ee46
d06d9d68
0afe72da
b040531c
71c516ae
0001aa10
c9502dc2
7ea01644
7d5f4c16
e9614bb8
000145aa
e8603e6c
a0e82e7e
6edc2260
7efd5a92
00016b94
6f355de6
1399ce08
47a40c7a
37c83dbc
00017a4e
7ef4eeb0
1148fb62
b64554e4
937723b6
00012458
f9b3c74a
f8cd510c
7e9afa1e
96120f00
00011032
0dbcd234
dbe19d86
032d4ea8
f53d761a
0001785c
c4a4adee
b4988350
38af9902
74a8e384
0001cb56
51524cf8
7e8e18ea
1742b3ac
5c8a95be
00014ba0
976495d2
027e88d4
6064ad26
7ed01f48
0001afba
f79d02fc
7629b18e
ddb567f0
21ec06a2
7f800000
7eb742f6
37abc598
a3f83a8a
ef68664c
0001015e
7f55d840
3eb2eb72
7efa8f74
eba68cc6
00013fe8
ecebb95a
0739dd9c
5647852e
34739c90
00014442
c2caf0c4
14af8a96
cfd08e38
8f5a2c2a
000168ec
94c03cfe
7eb3b4e0
24f31112
5fd8e614
00013c66
1fe3b088
fdd092fa
6783083c
7ee628ce
00012130
878651e2
3bd96f64
47c2a236
eee8a6d8
0001edca
7ee4bb8c
0ed6489e
296ee180
4e8d06b2
00018cb4
d606bc06
a8a47128
7ec93c9a
762082dc
00019c6e
7f73f5d0
8cb42f82
fdc63e04
fa5889d6
00010f78
07a57f6a
328b5e2c
48c9243e
1caf5e20
0001cc52
c55c8354
7ef50ba6
f59481c8
20bdb63a
00014d7c
9145e00e
90061a70
6557dd22
7eb95ca4
00014176
ba92c818
1f5ee10a
360250cc
c480cfde
00012ac0
7eee61f2
4f51c9f4
22422b46
6ddbe268
0001ffda
f8f8681c
32d6f3ae
7ed98f10
b7d95ac2
0001cb44
a5acc916
b574d0b8
3cb012aa
f971936c
00014b7e
ea604760
d785c792
68496094
ead61ae6
00019308
ad3a197a
7e82d2bc
8a88d74e
041653b0
0001a862
df5289e4
043b20b6
d3ea2958
7e81144a
0001260c
7f800000
8520b400
4a96fd32
a8eb4734
0001da86
7e9093a8
7512031a
0d018d5c
9c438aee
00016850
2815c602
0f489884
7eec4856
8f1ad1f8
0001e5ea
e2d908ac
6154b2be
240670a0
630a02d2
00017dd4
83726a26
ce4de448
de85bcba
3c1c97fc
00010e8e
366bccf0
7ea0b3a2
1164f724
57a83ff6
0001ca98
0442878a
0c213b4c
072f9e5e
7eb97d40
0001d872
67ce0474
3d4ac9c6
8b8284e8
32fd465a
0001f29c
7ef3622e
cfd48190
20a97142
704fa5c4
00010796
644e1338
ca02f92a
7e81bdec
045759fe
0001d9e0
69b57e12
7b5edb14
8809f966
63d67588
00019ffa
10c79d3c
e0b885ce
b8468630
f097fee2
0001a464
82e09f36
7ea0abd8
a2633aca
2622908c
0001e59e
b3278680
acbdf3b2
e13a01b4
7e97f906
0001b628
0697c99a
1da797dc
11a6796e
33e9dad0
00015c82
7eaff304
722d06d6
8e4e9478
b8cb4c6a
0001b32c
a02d413e
20328320
7ec83952
96077854
0001c8a6
367c46c8
5c8ac33a
27c3e27c
9c253d0e
00017f70
0fc68a22
507591a4
3d243e76
ee7fcd18
00012e0a
dbc525cc
7eab6cde
142acfc0
ac3c4ef2
00013ef4
76c06846
7f800000
4b218cda
7ec47d1c
0001d0ae
19647410
f7d687c2
1d298044
9cae4616
000155b8
7ed2dfaa
3296e86c
7416687e
25386c60
00013492
43195594
b22ad7e6
7eff5808
5fc4267a
000167bc
6175344e
2f8bb8b0
176c5562
27f3bee4
00011db6
7b0c2e58
ee42614a
5a48fb0c
1a56341e
00015900
0f01ea32
7eadbc34
59041786
b2c7d8a8
0001901a
9212a25c
301667ee
31844d50
7eeff302
00014d84
011ac556
85b756f8
bed9b2ea
aa835dac
0001cfbe
7eb395a0
e1236fd2
f7d472d4
66342726
0001a948
74ccc9ba
d1b02cfc
7ee86b8e
877631f0
000160a2
166b2c24
7bcd3cf6
3385cf98
7280d48a
0001104c
14f43b5e
50712240
484ec572
c1357974
000106c6
d6aec9e8
7e82d35a
92d2079c
5cd33f2e
00016690
57609e42
3b685ac4
76b28496
7e9f9838
0001c62a
073112ec
012276fe
4363fee0
94ebeb12
0001d014
7eb8b666
799d3a88
16e4acfa
df20323c
0001e2ce
f3e5eb30
ad1dabe2
7e9bd964
aeb29c36
0001b0d8
849e87ca
a6f4658c
1dc5829e
ae342b80
0001e0b2
794676b4
ccdd3606
6012fb28
0eda569a
0001acdc
7193566e
7eb3bfd0
7f800000
1a2da804
000183d6
3f551978
05e5196a
95e0082c
7ec55e3e
0001a820
e41ba652
8d466d54
507885a6
dd380bc8
0001d03a
7ee1777c
45389a0e
461ae470
41a93722
0001c6a4
cda33b76
4d40d218
7edb7b0a
0f9bfacc
000109de
f80c74c0
4b7e3bf2
5620b3f4
2cf2a546
00016c68
a7a119da
13a4921c
dd96adae
56435910
0001b4c2
f50c3544
7ee3c316
0c17dab8
35e9acaa
00013d6c
a57b857e
6f649160
61f2a192
7efd4a94
000194e6
8c301d08
2f42337a
7d33fcbc
ca95914e
00011db0
7eac0262
e028f3e4
cfdf1ab6
e1023358
0001ae4a
7624d00c
1701d11e
7eb9fe00
3be0d732
00013134
f0235486
08531da8
39971d1a
4e37b75c
000144ee
25783250
673e2002
f1440284
66fd4256
0001dbf8
e7ed7fea
7ec1b2ac
0684ecbe
35b4baa0
0001dcd2
005d67d4
d8a9e426
afc56e48
7e87d6ba
0001c1fc
6615c88e
20d496f0
ee660da2
df056124
000139f6
7eb0d498
beb3218a
47cee54c
05ecd85e
0001c740
4fcab272
1330ee74
7eaf43c6
79af0ee8
0001605a
c13c1c9c
b8671c2e
5d924b90
178bcb42
00010fc4
89c20196
c3c51d38
c730932a
7f800000
000193fe
b33a23e0
7e965812
7a26c514
c21b7366
0001ff88
82dcb9fa
228cc73c
a6f93fce
7ed95030
000158e2
8f1b0e64
9b389936
748cb5d8
f8cdd4ca
00013a8c
7e8b1f9e
6a94d080
3a7bcdb2
5de6ebb4
00017306
f5884028
f610e39a
7ef1c1dc
45b4336e
0001a4d0
ed70b682
22bf5d04
b1f200d6
212f9e78
0001e66a
8da85d2c
a2917b3e
6934cd20
73e31352
00016254
38c842a6
7ec7d0c8
df00dd3a
69130c7c
0001f70e
a1a34970
caffe422
35a9fba4
7ed63876
0001d718
f907c80a
2186cfcc
a49ca6de
b14219c0
000128f2
7ee628f4
14d8e246
c51eb168
9714a6da
0001a71c
67448aae
0d763e10
7eace1c2
e282ea44
00014016
36a75fb8
fa7479aa
5d1d926c
1c14a27e
0001b660
6cd70e92
b8753f94
63f051e6
32b4e208
0001407a
b92a91bc
7ee9ee4e
737282b0
0b5faf62
000128e4
cabf17b6
55cc3858
8aa0fb4a
7e94a50c
00016e1e
4a44a300
a133c432
b5eea634
2cf69186
000162a8
7ec7aa1a
9170cc5c
cc5821ee
a7c01750
00014d02
d89fb784
af93bf56
7eec60f8
e4f54cea
000107ac
46eb09be
c389dfa0
34b249d2
277a5cd4
7f800000
c53f3348
e436e3ba
301356fc
a277258e
0001fbf0
f176baa2
7eb39624
7a3336f6
7aafd998
00016e8a
06c3ba4c
aa19755e
d6dc6c40
7eba9f72
00016374
4c6f80c6
c48353e8
66e9ed5a
4aba319c
0001f92e
7eef3090
312af842
6a55c4c4
f3857e96
0001a238
29b5602a
cdcbbcec
7ed4b0fe
aa6448e0
0001c512
fd68ba14
b4b23066
5aa6c488
43c8c6fa
00015c3c
11679cce
d020b530
608505e2
64ae4364
00019636
4ec0bad8
7ef121ca
16d40f8c
8984bc9e
00017580
0a08bab2
df1b60b4
ba83b006
7ed18528
0001709a
aeb4d6dc
5e09106e
174389d0
bdece382
00011204
7ee27dd6
83de2378
b3f4b36a
c984b22c
0001983e
4eb3f220
be1e8052
7e805754
68cbffa6
000195c8
c5a9ea3a
4758a17c
b1fb540e
bd7fae70
00019122
99a230a4
5cbd3576
cb3edc18
5828150a
0001a4cc
106343de
7ecbbec0
675e15f2
df3f9df4
00011f46
c1dcf668
e97c33da
faa0bc1c
7ea667ae
00012310
c0860ec2
358d9f44
79eabd16
760ae4b8
000146aa
7efee76c
a7e1bf7e
71b8db60
662f7b92
00013494
ee610ee6
730da708
7e9a4d7a
623526bc
00014b4e
7f800000
a6875c62
df4f5de4
3e5314b6
00013d58
1fbe484a
14187a0c
1df50b1e
3ea34800
0001b132
836d1b34
7efdce86
3ee5a7a8
19ec371a
0001e15c
74c6feee
085bfc50
3c367a02
7e8f6c84
00013c56
de84e5f8
85f119ea
09fa5cac
908526be
000104a0
7ea7b6d2
bd2b51d4
acb15e26
088cf848
0001f0ba
98e2ebfc
050c828e
7e8d60f0
83fb67a2
0001cb24
f47433f6
e282de98
30f3bb8a
9bcc8f4c
0001125e
e6101140
741e8c72
e0e3d874
64e3bdc6
000198e8
f8cb7a5a
7ecc469c
302ad62e
74a01590
00012542
6e2a79c4
83fcfb96
d68c2738
7eae2d2a
000111ec
66bbcdfe
78e26de0
9d473212
433eaf14
0001ed66
7ee98988
29a8d3fa
48a1f13c
9609f9ce
00011a30
f766b2e2
f1d57864
7ee09336
afc8bfd8
00016eca
a5e1e48c
8a32599e
67521a80
4a09a7b2
0001d5b4
d5e4ed06
23eeca28
a159fd9a
728bebdc
0001ed6e
05096ed0
7edd1082
b89ec704
1c86fad6
0001a878
b4ea806a
9975072c
29c5b53e
7e871720
0001ed52
7a7b4c54
b083bca6
54635ac8
8546f73a
0001367c
7eaab10e
e9b01370
24093e22
092e65a4
00013276
8a7be118
7f800000
7e9879cc
e75de0de
000163c0
83fc02f2
5cad12f4
b9c15c46
de6f3b68
0001c0da
c2bcd11c
f33c44ae
2ad80810
66533bc2
00015444
cbbc3a16
7ec269b8
236613aa
e7f43c6c
0001dc7e
c9e10060
1dfbe892
98212994
7e85cbe6
00016c08
6b745a7a
c853bbbc
932ea84e
08a94cb0
00010962
7ec092e4
fa9b11b6
abdc4258
4ecf954a
00014f0c
c83ca81e
bc55ed00
7eb59e32
e57f9034
00010b86
bfececa8
fc84c41a
ed1ef65c
1969dbee
0001e150
e6e0a702
24132184
28dcb956
d8716af8
0001e6ea
e1f4b1ac
7ed343be
793029a0
121123d2
000146d4
ae431b26
c9aebd48
1770fdba
7ec680fc
0001df8e
bee7c5f0
75f414a2
ee4c0024
2b6930f6
0001e398
7e82088a
56e9644c
4c0eaf5e
9297b640
00017972
fc9b4d74
370bfac6
7ea7dde8
25a1075a
00015b9c
ec5ab32e
3ba4fa90
b0c55242
cf932ec4
00017896
0b2dac38
c69afa2a
94b666ec
b856eafe
000192e0
824d9f12
7ea8a414
54fbaa66
43004e88
0001e0fa
cb4a863c
04e056ce
9dab7f30
7ebc5fe2
0001ad64
05029036
e7a4c4d8
e113bbca
2f03b98c
0001f69e
7eaebf80
ca7e94b2
7f800000
1efa2a06
00010f28
056c8a9a
057700dc
7ececa6e
492353d0
00013d82
e5ec7c04
89df77d6
0bb72d78
91d44d6a
00015c2c
272dd23e
2bae3c20
c1f15a52
2c0a4154
000179a6
b26f1fc8
7ed8043a
0f1fcb7c
578e0e0e
00017870
93bbeb22
d44e9aa4
3ea72f76
7e8ce618
0001af0a
abbf4ecc
f98c7dde
fcdb08c0
150deff2
000187f4
7ec39946
6ad58068
f7274dda
2dece61c
000121ae
3106ed10
6d9468c2
7edf0944
fc41b716
0001eeb8
27cce0aa
997d916c
3f17f97e
715d2560
00015592
f7d51e94
765e88e6
013b3108
cec2677a
000150bc
651f054e
7ec2b1b0
2f32b662
5cc5c7e4
00010eb6
2d224758
e7d4e24a
fa5c240c
7eb8451e
00019200
43e48b32
2c260534
e5a84886
44c831a8
0001511a
7e940b5c
8a40b8ee
a48fc650
26fed402
0001d684
f98f3656
1b31eff8
7ec4b3ea
460306ac
000160be
41014ea0
3c6e90d2
74493bd4
7f88d826
00018248
e27c0aba
6dbe15fc
7cd33c8e
99962af0
0001c1a2
e5363524
7e922df6
caa4e898
db04558a
0001394c
e9d74c5e
2c735b40
ca426672
7ee6c274
000137c6
b3f822e8
bd6a945a
29ac709c
7f800000
0001df90
7ec07f42
de8fe3c4
5907f596
1ca33138
0001c72a
6049bbec
a72607fe
7edab7e0
5dc80c12
00019914
a2ae6766
21eb1388
a444edfa
03071b3c
0001b3ce
c6eee430
af860ce2
72dfe264
14588d36
0001c9d8
bd1308ca
7eb98e8c
3129939e
295f6480
000181b2
2e30bfb4
65c36706
c1a55428
7ef3179a
000115dc
603fa76e
339138d0
a0196a82
14ce3104
0001f4d6
7ee1b278
1ab21a6a
3591b12c
b5c9ef3e
00016120
1b88c752
942d3654
7e8f36a6
064ee4c8
0001113a
98a1607c
47a56b0e
b30cdd70
9ae29822
0001cfa4
f6aa2c76
9971eb18
1940fc0a
55fa23cc
00011ade
2b60adc0
7e93dcf2
5943fcf4
e579d646
0001c568
526adada
8c30fb1c
e003feae
7e89d210
000195c2
b025be44
db7b3416
d12d73b8
8c27adaa
0001e66c
7e81167e
b82d4a60
08f0c292
621d1394
000145e6
ef0ff608
5f04747a
7ecce5bc
d943624e
000116b0
bcb66362
f2defce4
8d470bb6
fd3c4c58
00012f4a
b09bf90c
7a67e21e
93b73700
ab077832
00017a34
d94b8586
7ef776a8
b691de1a
251d205c
000195ee
8027ab50
cc910102
d5d68b84
7ef5b356
7f800000
609c80ea
86255bac
c48b7dbe
bc2673a0
0001fdd2
7eb630d4
f0829526
056e4748
8e7b17ba
0001aafc
3204998e
4c988ff0
7ec16ea2
2fb46a24
00012af6
eaf3ed98
acfaa28a
7f5f0e4c
7ad3e95e
00010040
10025372
2dc63774
487874c6
be1c67e8
0001215a
3f7a859c
7ed66d2e
d0aac490
562fac42
000198c4
3d9b7296
5aecb638
4350942a
7ef110ec
000124fe
1054dce0
ffb67912
c4388e14
04152466
0001d888
7e80fafa
3fd7b03c
e12910ce
dc864930
0001b9e2
06c31764
f4628a36
7ed8ced8
3b0655ca
0001638c
7773309e
5c640980
ccc46eb2
41b534b4
0001a406
a23e9928
fa6da49a
d8892adc
a964846e
00011dd0
c6659782
7ec3e604
e4ac71d6
56e03778
0001e76a
a1be062c
a59a0c3e
35f88620
7e943452
00012b54
35e2f3a6
a002a9c8
f9d61e3a
fb36f57c
0001c80e
7eb94270
097d4522
bd4b04a4
f3612976
0001f018
f031490a
6e48f8cc
7e85b7de
bf3a52c0
0001c9f2
786d71f4
f5e41346
131e0a68
50a267da
0001101c
a2b5dbae
bc60b710
e072c2c2
b9807344
0001b116
83e0f8b8
7ef67aaa
64cc3b6c
eb1e337e
00016f60
7f800000
26f90894
ad2c02e6
7eb8bb08
0001817a
89277abc
bf9bbf4e
98f17bb0
e5ae1062
000131e4
7eab08b6
6c2a5158
97bb7c4a
a8efce0c
00017f1e
8d65dc00
5a9e6532
7eaeef34
82a2c286
0001bba8
2e066b1a
bbba355c
108a72ee
7a139050
00012e02
7d164084
d3103056
bb2ef9f8
b1684dea
0001b0ac
52f59abe
7e9f98a0
18856ad2
a5b725d4
00015226
200c0c48
eb6e24ba
06e93ffc
7ee9f68e
0001f4f0
a8961ba2
1dc69f24
5c8027f6
3e16f298
0001ef8a
7eb7e34c
cf04865e
6826a540
d2364072
0001ac74
27bcb1c6
0014ace8
7ed9ae5a
405c9a9c
00014a2e
3eaba990
5f12d942
45454dc4
88e2ef96
00013b38
7d99612a
57ac65ec
9c6041fe
5c2301e0
0001e612
345e8314
7eafe166
453c9d88
72b107fa
0001453c
ee9b6dce
2e71ae30
357566e2
7eba4c64
00018736
b830d3d8
2aeda2ca
c6e1388c
74f0cd9e
0001ae80
7e955bb2
81cda9b4
2c71e106
4eabde28
0001319a
b8b03fdc
46bd616e
7ee902d0
8a25c482
00019b04
7220eed6
edb2bc78
7049b46a
e1fe5b2c
0001293e
d41bab20
8e13a152
c82f2054
fc6ab0a6
00016ec8
3d432b3a
7f800000
7270250e
7db9a770
0001f222
7b2739a4
04cc2676
d3b7f518
7e95960a
0001cdcc
b35054de
0867f7c0
a2fbb6f2
182ae6f4
00015046
7e804f68
c1cdf4da
61f5251c
ad9bb8ae
00019c10
ec0fefc2
b86f2844
7e8a2e16
db687db8
000147aa
1e91906c
10ef507e
63c99460
adb59c92
0001fd94
1220bfe6
a8358008
46648e7a
03960fbc
00011c4e
2706e0b0
7e99bd62
5dcd66e4
02c305b6
00015658
4e9cc94a
3357a30c
69631c1e
7ee88100
00015232
7b916434
b1adff86
0a5200a8
cc6ef81a
00014a5c
7efd4fee
e2537550
88115b02
6de9f584
0001ad56
b86b7ef8
b6281aea
7ea605ac
fa93b7be
0001bda0
6a3ed7d2
144c1ad4
f1920f26
f87dd148
000131ba
651cd4fc
9f03538e
7b9959f0
385ec8a2
0001d424
a64524f6
7e8df798
5ac33c8a
0024b84c
0001235e
a9fe4a40
e0de2d72
c1412174
7eb4eec6
0001f1e8
267f3b5a
7c52af9c
7f22272e
2f008e90
00010642
7efe02c4
0ade6c96
9dfbc038
1fd62e2a
0001baec
42cb5efe
0f4526e0
7eef5312
f7187814
00019e66
29a36288
415514fa
08b4da3c
2641cace
00011330
cd9b13e2
65458164
7f800000
6b5cd8d8
0001efca
58530d8c
7ea26a9e
f6695380
90da48b2
00011eb4
4c571e06
16ed2328
eb3ebe9a
7eeb54dc
00013e6e
f8d2e7d0
bb59f182
caeb5004
aa496bd6
00014178
7e83816a
4652b02c
e8d6463e
ed92d020
00010e52
340e1554
eaa66da6
7ee633c8
69a4383a
00011f7c
4d23820e
ab8e0c70
5d0e9f22
d4976ea4
00012376
c918fa18
dfede30a
2922a2cc
d24ef1de
00019cc0
25dda3f2
7efc5bf4
1bd48d46
3ab69468
000181da
79753a1c
d0b595ae
b10a8110
7ea11cc2
0001dd44
b15fab16
27c402b8
18f014aa
d06ae56c
00016d7e
7e95b960
4dc60992
006cf294
12c97ce6
00014508
3d829b7a
cb18a4bc
7ee8794e
697045b0
00016a62
d2a29be4
5a8f02b6
66825b58
af72164a
0001780c
1faeb91e
2cbf2600
d3283f32
7487d934
00013c86
be7d45a8
7ecb851a
6e305f5c
87a42cee
00015a50
3dff8802
f851aa84
b7612a56
7efc03f8
0001e7ea
8f045aac
8b65d4be
818de2a0
be6c44d2
00010fd4
7ea7cc26
dec39648
f8303eba
e46469fc
0001b08e
9797bef0
379b75a2
7ea70924
bcbe21f6
0001fc98
d695898a
29a58d4c
0101c05e
7f800000
00011a72
17dc9674
a3612bc6
6b8136e8
8a18c85a
0001c49c
1c56042e
7ea97390
ed353342
224ab7c4
0001e996
42c14538
fa06fb2a
8f5f0fec
7eea7bfe
00014be0
ac39c012
5c666d14
be815b66
afde2788
000121fa
7ec16f3c
581c27ce
c7447830
0934c0e2
0001b664
98b88136
855cddd8
7e983cca
73d8e28c
0001079e
fd69f880
839335b2
c7ba93b4
a9f05b06
00016828
0a154b9a
f63a69dc
be0b1b6e
9c90ccd0
00011e82
201d0504
7ea5e8d6
8dd3c678
35b14e6a
0001052c
dc42633e
d25df520
6a6e7b52
7e810a54
00012aa6
3015f8c8
4ef9453a
596fb47c
160adf0e
00017170
7e854c22
199ba3a4
a5be2076
b94dff18
0001300a
6bad77cc
3c818ede
7ebf41c0
2d3390f2
0001d0f4
d15aca46
a640d968
3d010eda
c4094f1c
000172ae
7add6610
b7a649c2
d7089244
6b692816
000187b8
1d1ae1aa
7ed83a6c
0c2d8a7e
4cb5de60
00017692
b504e794
7f2639e6
48ab0a08
7e94a87a
000139bc
3fdcd64e
b02daab0
254d1762
870bd0e4
0001ffb6
7eec6058
8a3b634a
3e634d0c
152e561e
0001cb00
3c1b2c32
e2124e34
7ee07986
067c8aa8
7f800000
2a09745c
257f09ee
3dcf3f50
9961b502
00015f84
5597a756
9d6088f8
1b83b4ea
5f76afac
0001f1be
ea0307a0
7e8db1d2
2d3204d4
31718926
00015b48
47ff4bba
d4bffefc
24d20d8e
7eea23f0
000122a2
dd753e24
6feb1ef6
88780198
805bd68a
0001624c
7ece5d5e
05a99440
238a0772
370c0b74
000168c6
34f57be8
68a6555a
7efad99c
89bde12e
00015890
12746042
452b6cc4
f2f16696
545aca38
0001c82a
eb5664ec
f73d98fe
eb8570e0
87f82d12
00016214
8eb81866
7eecec88
bd792efa
a5e2043c
000184ce
ae2bdd30
b8426de2
2217eb64
7e927e36
0001e2d8
c65b89ca
6972b78c
d8a1a49e
95be9d80
000122b2
7e8f08b4
153d9806
3aebad28
57dfd89a
00017edc
37fff86e
76a2b1d0
7e9e4b82
06e2ba04
000165d6
37224b78
4a531b6a
bb375a2c
70e2803e
00011a20
c849e852
3f87ff54
7e39e7a6
0119bdc8
0001523a
4055497c
7ea63c0e
2832d670
0e6ff922
0001d8a4
d5451d76
f4570418
e77a7d0a
7ecc4ccc
00012bde
43e8e6c0
88fd7df2
1adb45f4
08950746
00011e68
7e889bda
91b1641c
9f854fae
8f044b10
000176c2
7f800000
e426a516
7ef70cb8
9139aeaa
00018f6c
819aa77e
602a0360
3942e392
0430dc94
0001f6e6
97a3cf08
429ab57a
8159cebc
0f05334e
00010fb0
dc14c462
7e8905e4
5442fcb6
9c2a6558
0001b04a
5f07220c
19e1f31e
71687000
7e821932
0001c334
8107b686
324fcfa8
b1609f1a
3cf6895c
0001e6ee
7e8b2450
6a37e202
19dd1484
26822456
00010df8
1c1f81ea
9bfd04ac
7ea60ebe
95cc2ca0
00011ed2
7782f9d4
f0ef4626
14cb2048
88c258ba
000193fc
f9076a8e
689088f0
c470cfa2
79d77324
00011bf6
c6eb0698
7e96238a
dee3374c
ffcefa5e
00013940
f78df472
6ecf8074
85d5a5c6
7ebdc0e8
0001e25a
b2acee9c
9759be2e
2df73d90
e1278d42
000121c4
7e88e396
22c84f38
9644952a
8761b9ec
0001b5fe
b4a395e0
3a2a9a12
7ebe5714
82a2d566
0001b188
0af93bfa
ac16993c
ea6ce1ce
11674230
00011ae2
abdf2064
ff207b36
2dd8e7d8
9e12d6ca
00018c8c
d2ef419e
7ee74280
9a610fb2
7ff77db4
0001d506
36a8f228
a49e659a
f01493dc
7ea8d56e
000196d0
ffae7882
cf3c6f04
72fae2d6
3144d078
0001e86a
7ec7af2c
7f800000
3df03f20
30995552
0001f454
c391a4a6
a7f182c8
7eff5f3a
904ede7c
0001990e
17033b70
b24ea622
a6600da4
59801a76
00010918
9c2eca0a
4aff21cc
3282c8de
82668bc0
00016af2
dce8baf4
7e834446
bcd16368
440428da
0001791c
eb3b2cae
3d7f3010
890ca3c2
7ef1fc44
00012216
e9ce91b8
454c7baa
d66ee46c
5c3bc47e
00012860
7eaf5092
3df0d194
dafbb3e6
50709408
0001c27a
101863bc
6061904e
7ea474b0
3e507162
00013ae4
962af9b6
d53c6a58
eda9fd4a
51bef70c
0001901e
79bb1500
775d0632
5ae33834
e6e2f386
000114a8
0b992c1a
7ef79e5c
35d0c3ee
129b0950
00010f02
5100c984
fa20a156
25a592f8
7eaf4eea
000159ac
d5142bbe
d4e951a0
e9ac8bd2
0067eed4
00010326
7e8ce548
8a7965ba
48b328fc
4370c78e
0001edf0
f2097ca2
49cda824
7ee118f6
c8320b98
0001708a
0aa00c4c
5403975e
96a4de40
5805e172
0001f574
659de2c6
7f5a05e8
d69d6f5a
faf3039c
00019b2e
479c2290
7eceba42
83a8d6c4
75d46096
0001d438
f851622a
b3810eec
a07fd2fe
7e95bae0
00010712
7bc84c14
6a419266
7f800000
cd6d48fa
00012e3c
7ee33ece
40f6a730
b0b9c7e2
bd3a5564
00017836
5c54ecd8
f7be23ca
7ee2618c
9470de9e
0001e780
5e75fcb2
4ef3f2b4
54f41206
8e3a3728
0001f29a
3b9fa8dc
b885b26e
0dc27bd0
06b2a582
00012404
75f35fd6
7ebb5578
e772b56a
806c042c
0001ba3e
64b76420
735cc252
a551e954
7e9d61a6
000147c8
74b06c3a
995c737c
25f8f60e
e627a070
00015322
7ea042a4
026f1776
8ae50e18
86d7170a
0001f6cc
5e5165de
063830c0
7eed57f2
af8a2ff4
00018146
07d7a868
23f3b5da
f63d8e1c
8f2509ae
00011510
dbedd0c2
06c4b144
51bd9f16
297a16b8
000148aa
8898396c
7e90e17e
550e4d60
1e8fbd92
0001c694
6a7470e6
c3115908
7b82cf7a
7eeaf8bc
0001ed4e
be5dd9b0
1c001e62
41bf6fe4
70c6f6b6
00016f58
7ecf4a4a
668acc0c
90e52d1e
db61ba00
0001f332
0629ad34
e2723086
7ef259a8
9cc5b91a
0001b35c
4847a0ee
527eee50
ac403c02
61b87e84
00011e56
ef0617f8
c9331bea
9945aeac
2ab648be
000176a0
67a9f8d2
7ee0e3d4
bf06c026
4222aa48
000172ba
6c4abdfc
d40e248e
1ad952f0
7f800000
0001dd24
55aa15f6
dc4d1098
b166bd8a
2c70e14c
0001345e
7ea08340
14f1ce72
68126a74
4f1a1fc6
00014ae8
0606fc5a
0e4d189c
7ead782e
73950790
0001e742
3f458bc4
3953dd96
361f5938
d2522f2a
000163ec
b8eeeffe
8cdbdfe0
61eb7412
8b664114
00014f66
5b113b88
7ed555fa
b7bbc33c
258d9bce
00010c30
9a2374e2
a6298a64
28587536
7ea4f1d8
000170ca
86b8368c
ed267b9e
e6b48c80
b2fee9b2
000167b4
7edd4f06
919f7c28
7af77f9a
263ebddc
00018f6e
6ad060d0
8b2ad282
7eabd904
339fdcd6
0001da78
0ff0826a
4924592c
15fad73e
96d28920
00012f52
0214de54
555d1ea6
b71d0cc8
5dd5793a
0001087c
c7b0530e
7ea00570
a0680022
a17477a4
00011476
866a1318
7773640a
62a0cbcc
7ed402de
0001d5c0
b71344f2
e2bfa4f4
d87bbe46
92b1ed68
000142da
7ea1a31c
5b42e6ae
a970fa10
e042fdc2
00016644
e6971c16
edf99bb8
7ece15aa
c2d58e6c
0001fe7e
d67e7260
f6e42a92
b12cbb94
a5a12de6
00011e08
b364dc7a
24d18dbc
c9b64a4e
366b3eb0
0001cb62
1478a4e4
7e96f3b6
13dc7458
f8e8974a
7f800000
a334ca1e
e65c5f00
546ee032
7e842234
00016d86
2cc19ea8
34e6461a
a035c85c
76f27dee
0001d350
7ef26902
9c043384
e9799b56
d13a9cf8
0001e8ea
fa0803ac
798c65be
7e9f9ba0
f81b65d2
0001d8d4
6da07d26
1d8c6f48
10c37fba
40f652fc
0001818e
d07bb7f0
2b96d6a2
c4761224
9ba712f6
00011598
32fd0a8a
7ed5b64c
b608d15e
dcf02840
0001bb72
c991df74
124a5cc6
290e8fe8
7ee4895a
00012d9c
a165552e
01e1ec90
65f91442
787640c4
00015a96
7e88de38
f446fc2a
fbfbb8ec
be920cfe
000104e0
7779e112
cd983614
7e9b0c66
ba700088
000162fa
5d2c583c
6a6bf8ce
45117130
370121e2
0001bf64
ce027236
fdc8f6d8
70f0bdca
04a20b8c
0001189e
e4593180
7efbd6b2
62a8dcb4
8b7a8c06
0001c128
a4920c9a
fff1d2dc
09db6c6e
7eb245d0
0001ff82
91c18e04
7c0059d6
24a45f78
34624f6a
0001ae2c
7eeaf43e
2441ae20
c83f9c52
e56bd354
0001dba6
bf70d1c8
0fee863a
7eb39d7c
679bb00e
00016a70
8aa2ad22
305caca4
02691176
0cc31818
0001b10a
2b8fa0cc
278a9fde
1dd77ac0
84ad31f2
000119f4
7f800000
7ee03268
acaecfda
2719b81c
0001c3ae
06e7df10
660c2ac2
cd261b44
7ea49916
000120b8
013ce2aa
d526e36c
6b571b7e
c7429760
00019792
7ea8b094
5c81eae6
15cee308
683ae97a
000122bc
81aea74e
42cca3b0
7ebb7862
b6c5d9e4
0001f0b6
b96a7958
6575e44a
365e760c
04b8671e
00010400
87a5cd32
ca729734
daacaa86
07e4e3a8
0001d31a
2f72dd5c
7ed15aee
0d42b850
84189602
0001e884
a5341856
1c4321f8
c616b5ea
7ede58ac
000182be
2638c0a0
6b00d2d2
328ecdd4
0bee3a26
00013448
7ed68cba
16b5e7fc
07e4de8e
2e721cf0
000183a2
0f284724
8e580ff6
7eff1a98
f287578a
00018b4c
63d96e5e
ec13cd40
e425a872
83a55474
000199c6
69a6d4e8
65b6165a
d63d429c
4fd1322e
0001d190
fa7c4142
7ebaf5c4
d46ed796
fcc66338
0001c92a
b8570dec
816929fe
826429e0
7efc4e12
00012b14
f755c966
9ba2c588
f2816ffa
d7b0ed3c
000155ce
7e9cd630
5752cee2
3ec3f464
94606f36
0001fbd8
30780aca
ec9fe08c
7eadb59e
0351d680
0001c3b2
476151b4
6b4bc906
dbe60628
0d20999a
0001e7dc
88d4496e
7f800000
4c772c82
006b4304
0001d6d6
8216e478
7ec81c6a
36d1032c
3a0f113e
0001d320
7a5f0952
9f56c854
05f898a6
7e9896c8
0001933a
2afd327c
d5bb0d0e
b58ccf70
2c515a22
0001e1a4
7ef40e76
6df01d18
aa87fe0a
329275cc
00013cde
51a51fc0
b6bb1ef2
7ee68ef4
26443846
00017768
f57a5cda
3425cd1c
ac1aa0ae
3eb2c410
000157c2
b8b4d044
dc661616
4574a5b8
d51fafaa
0001386c
fac8387e
7edabc60
82e90492
8eb8a594
0001a7e6
95eba808
6a04f67a
eddab7bc
7edb044e
000108b0
b9c72562
78a70ee4
b4d2edb6
cdcc7e58
0001314a
7ee64b0c
8570041e
384da900
5350ba32
00010c34
7757e786
56dc28a8
7e83601a
a5c3f25c
000137ee
28229d50
d032c302
cd579d84
a3a29556
0001a6f8
aa7682ea
0fc8adac
42d49fbe
d2a5e5a0
00013fd2
d5c3c2d4
7eeff726
eddbf948
5add99ba
00017cfc
4b1e3b8e
84bc81f0
a2f430a2
7eee7c24
00010cf6
a9961f98
c005a48a
765b604c
24de0b5e
00017240
7eed9572
e64cc974
65c6d6c6
b21319e8
0001a35a
2ad3579c
ae710f2e
7ef7b690
48736e42
0001aac4
4c0a5496
2b57e838
7f800000
44c662ec
000146fe
b0264ee0
b5f2bb12
29b82014
cdc48666
00018a88
a8c57cfa
7ec9823c
52c4b2ce
3a7c3b30
00017be2
8e6f2964
4b726c36
ba8d00d8
7ef357ca
0001b58c
a27f529e
939e7b80
3351b0b2
28adc6b4
00010606
7ec74b28
84a3269a
c093fcdc
ac01266e
00010fd0
294b5982
e0a8f804
7edd53d6
c05d6978
0001e96a
fbc5582c
a5e72e3e
911bf820
46f27652
0001bd54
71d455a6
61945bc8
0efca03a
385ac77c
00016a0e
26013470
7ef40722
00e916a4
55330b76
00012218
8d004b0a
c7a94acc
9d93d9de
7ec6c4c0
00010bf2
dfd803f4
77b67546
d238bc68
0139e9da
0001e21c
7ed47dae
a0d1a910
35fa84c2
69d78544
00019316
78702ab8
f8f67caa
7e858d6c
ff6d557e
0001e160
d6997192
0d5c9a94
7d5f64e6
0fdc6d08
0001037a
5dfd4cbc
083b614e
588b6db0
a546d262
000143e4
123eeab6
7e828358
1c6c7e4a
4e82200c
0001a11e
1f444e00
876fa732
e10b8134
7eb72486
00016da8
46ffed1a
5329075c
cc2b14ee
81568250
0001f002
7edf5284
b4c51256
2cd02bf8
92ca4fea
000102ac
5d46bcbe
a2670aa0
7ea7acd2
7f800000
0001b426
82c1be48
5158a6ba
057111fc
148b988e
0001e6f0
5dd0dda2
4f48b124
b9d609f6
29012498
0001f18a
907c354c
7e96a85e
72571740
e5298272
00013e74
961313c6
52535ee8
3135305a
7efd6c9c
0001ec2e
1ac09b90
1fde9b42
35805fc4
4a59d196
00016d38
7edd632a
f149b7ec
7eb363fe
153c73e0
00012812
e3a61514
a7e74366
7e844f88
e3fd89fa
0001173c
963f0fce
17afa030
625228e2
f5ae5e64
00016936
4b2d05d8
c562a4ca
3ad78a8c
7804ef9e
00012080
e9aa9db2
7e8e3bb4
c40a4306
957c9028
0001b39a
478311dc
4362036e
9e4ff4d0
7e938682
0001ad04
b559d0d6
2f77ee78
a96fb66a
b4cdad2c
00014b3e
7e871d20
fdf9e352
d6e8b254
556412a6
000120c8
fbf1ad3a
8ecc5c7c
7e95c70e
06c99970
0001b422
e28d4ba4
e5a60876
00c62718
b56c980a
00011fcc
a16676de
993c69c0
8832f8f2
b55d78f4
0001b246
7c630168
7eed76da
c779f71c
5dc25aae
00018e10
201fb1c2
308e3a44
4d051016
7ebfafb8
000149aa
3c92e26c
4946727e
55870660
48bdde92
00018f94
7edc21e6
d3a13208
9475107a
eb33e1bc
7f800000
01e8d2b0
1c3a7f62
7ea578e4
185ee7b6
00018858
06d5cb4a
bdb1f50c
247b3e1e
ef8ef300
00019432
3335f634
01ca6186
9046b2a8
1af07a1a
00011c5c
8ba5f1ee
7ede6750
38c31d02
64fb0784
00018f56
9254b0f8
4f121cea
55d957ac
7eecd9be
00012fa0
326919d2
d7e9acd4
a50f7126
f57b8348
0001b3ba
7eeca6fc
342cf58e
5a4d4bf0
d8218aa2
0001e624
92a306f6
4b402998
7ede3e8a
30b10a4c
0001455e
8976bc40
a0596f72
e557b374
e01350c6
0001a3e8
2762bd5a
453b819c
bc4cc92e
525d8090
0001c842
850114c4
7edd4e96
aef6f238
8ba2302a
00010cec
592680fe
01a698e0
ce3b9512
7ea80a14
00010066
6a331488
742996fa
65b6ac3c
23ed6cce
00010530
7effd5e2
c4819364
cbb26636
12a10ad8
0001f1ca
41115f8c
f4be8c9e
7eb3c580
40778ab2
0001b0b4
dcf78006
a405d528
e084409a
fd8626dc
0001e06e
6b01d9d0
eb4fb382
35e06204
488a4dd6
00017378
ddb1836a
7eea022c
4133683e
2b464220
00015052
f48fa754
80a7cfa6
db07e5c8
7edaba3a
0001f17c
1551240e
a7e5fe70
7e156122
7fc580a4
00010576
7f800000
f3cce50a
dc12f4cc
406d13de
00010ec0
c79ce5f2
7b76edf4
7eb6ef46
f6614668
000103da
edc20c1c
22e437ae
240b7310
cbb8dec2
0001ef44
fb628d16
7ce334b8
708016aa
cf34376c
00018f7e
239b2b60
7ed64b92
ba608494
4d0cdee6
0001f708
5d1b1d7a
e57e76bc
17981b4e
7e9a37b0
00012c62
9bc2ade4
9732e4b6
c3ea8d58
bb33184a
0001ca0c
7ecedb1e
f92d9800
69098132
c9f46b34
00019e86
1ab9f7a8
05d5071a
7eaf315c
7754ceee
00014c50
f5394a02
1f2abc84
4f260c56
a0ad35f8
0001e9ea
32ffacac
0dc6f6be
ebe554a0
4f1e86d2
0001a1d4
222d2e26
7e894848
f12ac0ba
b87c3bfc
0001528e
7993b0f0
e1e637a2
ddb91b24
7ea403f6
00012e98
9c388b8a
a6f9df4c
fb23e25e
edea6140
00015c72
7ebb2874
13c78dc6
da4fe8e8
e8844a5a
0001969c
0b88a62e
7c4e6590
7e90f542
e215c9c4
0001cb96
a4047738
455afd2a
ea8c61ec
30cd9dfe
0001bde0
740e0212
ff3dff14
a748bd66
72b5d988
0001a3fa
548b413c
7ecfc9ce
27126a30
3b2182e2
0001c864
34e06336
60e90fd8
e21d3eca
7edf348c
0001299e
0c7c6a80
7f800000
d80b25b4
5398bd06
00011a28
7ee2cd9a
329d3bdc
0ebfbd6e
3e07bed0
0001e082
4ada1704
766ecad6
7ea8f878
1de7506a
0001572c
10a7853e
31596720
6b64bd52
28ca9c54
00018ca6
707faac8
c0b7c73a
56eb867c
dc40810e
00016370
1d940e22
7e91b5a4
e4a80276
beec3118
0001320a
fb65c9cc
4aa7b0de
7623b3c0
7efad2f2
000162f4
d6452c46
90338b68
d63090da
671e211c
000114ae
7ea65810
08c60bc2
3eb7a444
b8740a16
0001b9b8
6432e3aa
c9e98c6c
7e94ac7e
f1035060
0001b892
88c07994
9e719be6
78a6bc08
b2b52a7a
00010bbc
ba94784e
219f9cb0
ec7dd962
fbf3e2e4
0001e1b6
b39c9258
7e84654a
f24d9f0c
0056781e
00013d00
b6846e32
f546e034
630cdb86
7e813ca8
0001941a
c5d0465c
5f37abee
22ea3150
77237702
00017184
7ee48956
a7d9baf8
837db6ea
4c3a01ac
000113be
05a279a0
5e47f3d2
7edf96d4
9efeeb26
00010d48
3a81cdba
439fd0fc
b60baf8e
d12e15f0
0001e4a2
8a4f5024
da5900f6
b83a3398
c186d88a
0001b44c
28f87f5e
7eb20640
9c154972
46b29d74
0001cac6
620c2de8
4499d75a
7f800000
7ef8832e
