00000000
00000000
40000000
ffc00000
7f800000
ffc00000
7fc00000
00000002
00fffffe
3f800000
40000000
4c000000
3e800000
3e800000
7f800000
ff800000
00000001
33800000
00000000
80000000
00000000
00000000
7fc00000
78ff386f
316790d1
3f185d56
d4c0aef8
3e06a5f7
753635ac
7f30ce6c
6367eda0
e603c47f
3e028509
c9f7bf26
df60e6ca
4cbde1ba
7f534566
3e0c9c2b
de2089f0
f37b948f
7a4f0424
559c8133
3e07c7dd
7f333950
5e5ef261
6f51073b
c44f2325
3e07a89f
dd6f5174
c9de4e43
7f5a04aa
f32d1c27
3e0dc2f1
da95d72e
a19fbe90
b38900af
7d7832c4
3e079f53
1480f038
bb02de2a
233beaec
d71fe95b
3e05ea45
cea09cbf
7f6977ae
6ea97463
b6349288
3e049447
59410a3c
340d6542
db684330
7f3ca058
3e0bf1d9
5dd43436
c0fa08d8
decd9fca
5cab3d8c
3e02db7b
7f3be272
bc16a0df
7dd84eb4
7f5b0cea
3e09cdad
612f6e9a
def2ed31
7f49247c
fbc1e2f4
3e0708ef
ba958004
c76c0b93
7ef4a13d
f1e0316a
3e0bb1c1
e871dd9b
b4ee0020
43b1b4ff
55744989
3e09f0a3
47a763c8
7f52ce60
7d5a4f7c
58cc64ab
3e041215
fd67a50f
44558419
43b559b3
7f696f3a
3e0ca697
fe4066e1
fd04ebe0
785cccc0
5179d91f
3e0fa2a9
7f40c204
3a8fc468
e98e31da
9ece5771
3e0c7ecb
5c09b110
b0d7ccc2
7f5bd93e
2eb8c269
3e09577d
7f800000
2a8b156c
e79411db
f362a6c5
3e070d3f
4e939bda
e33f2ce6
7c777508
b1fb4b7a
3e0e6491
3214294e
7f07cb02
7d881a62
6a6d5659
3e0e25f3
307f8b58
200616d7
eb928121
7f16d68c
3e023de5
8539195e
466504e9
6a3aec86
5c8675a8
3e0bdce7
7f224886
6527dcee
d4b9ff75
f27fd96f
3e029779
755ada56
e39133f8
7f29ff70
de548aac
3e06861b
794912a0
0e3ef4d2
f3af0e09
efe3a923
3e0b654d
7258eeba
ca3b2ed1
11efdead
cadeeef0
3e04b58f
cd536899
7f3f8214
0beed242
ddaa398a
3e0adb61
7fc00000
455d1c25
25a4ca72
7f31b6ce
3e013f43
76a7006d
091973e5
da10f49c
f3fd874b
3e056db5
7f334278
fa47c9b9
48379996
0e1983fe
3e0f3737
f51b6081
404a2bfe
7f176f92
501e7dbf
3e09d049
b5fce563
605b2b8d
d8fe9547
2a0d9f3c
3e0df16b
400efcd5
65be0beb
7747bad9
2ad6cbb0
3e04f71d
687db757
7f554416
57bfb79e
776d2880
3e0d01df
73d8c3b4
a31e0b0e
b56b9828
7f59cc80
3e061631
53c66b8b
e75b1bf5
7cc8ce82
bf9b3bf9
3e003c93
7f3ef85a
1156f2e1
e86b352c
f25c2e9b
3e02a185
e9a12b52
7f800000
7f251e24
e62d31cd
3e03b587
afebe47c
788ef5ab
5861cb15
58a3fc22
3e0a4d19
f4ca0ab3
e8b18d5d
faabe797
c40e4fe1
3e0fc0bb
4b8198a5
7f47bd88
d8afed9f
759437c3
3e0b0ced
3868dda7
b1ba8071
6b9722a8
7f43d022
3e0cf22f
935cee39
30bde8d3
3c98b7b8
e26791aa
3e051501
7f564eac
f5010e60
2b2d2692
2f5a14c9
3e081de3
aa9e7b07
4d6bc204
7f313ba6
2b9039eb
3e0ed955
679bc762
143e00e7
9a70afb5
22f0639d
3e0657d7
f9396a21
f0c6061e
f5db36b2
f1d9b25f
3e090de9
5f6e2986
7f3716ea
762cc21a
2c4da45c
3e08f40b
65a53875
9e447a6f
67178f84
7f429634
3e02a6bd
7a8064ea
78034f41
df32d729
6015de05
3e01867f
7f2be5ee
5f573926
7abe8b48
fda2b607
3e0cd7d1
6eb1be2b
cff153f0
7f2e5498
51d76e24
3e05e333
e2c179dd
2e30868a
0dfba6f3
4ca6a93b
3e0f1525
bbf4b772
3315aa57
a8ff18c6
e098196d
3e041e27
f99614f1
7f2a14bc
d4c9a6b5
f2f042af
3e0b12b9
625b1696
5c5ffa38
9a78f837
7f3f2f36
3e068b5b
3a8edc45
763add12
758e9214
df4dc866
3e00c48d
7f473aa0
7fc00000
7f800000
3e97b5d5
3e07becf
72a783d9
08542835
7f59717a
15e039da
3e025ea1
e02a7d7b
d081cd80
9c6762df
58e09269
3e068c83
7e14dd28
fb50889a
6cfd3f31
76ec7c8b
3e0854f5
e7a4fb82
7f22377e
30cf5d68
49577a45
3e0a0877
b9a78a2c
e94a7f9b
e6421a88
7f2807a8
3e055b89
ae66d2a3
d55aedc8
c98b023a
fb91797c
3e0586ab
7f16c542
e7c1e70f
6cf608a4
40b6cd76
3e0a665d
e0df2897
5f4038e1
7f3736cc
66dc16d1
3e0c9b1f
0705f18f
7732b746
64de25ed
4a705ea7
3e0aa971
d5f6a0cb
9b837b2a
8cd8f90f
7ff23739
3e0719d3
e9b0097d
7f46dbb0
c1537e01
379a577e
3e0f98c5
4afacf3f
6bd5c158
cd2ca6e6
7f1f080a
3e0516c7
bb43b691
3357caeb
39999255
2d23747e
3e0ce859
7f691a54
b7a79558
eb0a98d7
973f520c
3e02e5fb
ec482fe5
5cfcc932
7f60050e
5e0c0503
3e048c2d
41b8dee7
c3fab95c
3001050b
6d347175
3e0d1b6f
31674484
d9fbd456
6138e9f5
de30e8f7
3e0ab841
fb55be6c
7f2f59d2
3b4034f2
fa5929d4
3e048b23
dcc8974d
f06b08ba
f18280d1
7f6eb4dc
3e09e095
5d02f790
6af9a324
10a09395
7f800000
3e024917
7f550a56
42d6aa5e
cc650e0b
f233cb9f
3e06b929
59d355c6
60ad326d
7f2318c0
60183df1
3e0ba94b
b881d24e
f409e3af
76f25bb9
23329396
3e0435fd
e7c6b937
e561e9ec
44a4635f
ce0ec5e0
3e063fbf
e100e249
7f542664
6e2a5d8d
5cbe9747
3e078b11
407891ce
c9c46ed5
7369dfcf
7f4e4e9e
3e0be073
7db617d8
545786ca
8e4981bd
d99c4e7b
3e0c2c65
7f58c1c8
7b3a9b69
ecec8506
7f0818ad
3e0e9f67
d978c3dc
da8c856e
7f48aa62
c12aebef
3e07cdf9
c3d492eb
4c3a0078
7fc00000
9f156d2e
3e0cd09b
678b6f20
ed4c0ca5
c8592454
79a343a3
3e0e63cd
9585b787
7f2ef1e6
f131490e
742a6b70
3e05080f
75e23da4
627f6cb3
7c4137ca
7f3cf1d0
3e0621e1
6eea78de
2619bbc0
ffc61af2
f5b6eaf4
3e0a19c3
7f37e92a
f23bdfa7
a2bed271
7aa1b1cb
3e0b7c35
33f03014
710c2c44
7f3b0e74
fef3c1b8
3e0719b7
c0b5e701
7da204db
5cbd5860
04a18c3e
3e0526c9
6bb163e6
22173028
248917c7
413d70bf
3e035beb
f3fba4b0
7f11c8d8
f54c6ca9
942b3916
3e08159d
774ead4a
deb7270c
5576b6fb
7f3bb6f2
7f800000
36e16834
faf0a386
d3e4a52d
f129dc1a
3e0b7cb1
7f20c4fc
7b67ac9e
cc99680f
c9cd7279
3e0c3713
64fac2f8
fd2bfeea
7f1ed576
7a83dbbe
3e0cd005
d24f487f
e07ca909
b386b326
cdee1548
3e08b807
43bc2989
638c778e
ef119994
68b8188f
3e03c399
3ff1c9b1
7f3d33ba
fe1b8a17
e4c83c4c
3e0c4b3b
f25f0725
edf09172
5fa11d7a
7f2ed284
3e064b6d
634b2043
5feb2d38
fb9d4b2e
7d3b5290
3e0784af
7f2055be
5abe1096
978f0438
53d87a37
3e0c9b81
529f82fe
c787ce45
7f21ebe8
568e7c14
3e0f3863
d147f68d
e6449847
7aeb5e3c
75caa46b
3e0527d5
b80a3c0b
e81315d9
35a42836
54f21cea
3e007a57
7a3a918c
7f3d570c
76af10ab
4c10acb2
3e08a469
ae63cbc0
fd4a31ad
916146a7
7f2db506
3e049e8b
4791abd0
b0998cec
589c16f9
44193812
3e0e053d
7f2d77f0
f53955c1
de33219b
af129420
3e0538ff
bb481954
f263b4dc
7f49ba4a
6e791c3a
3e0e7e51
e774a60e
aee2f615
03302928
5a6272a4
3e001db3
a5b23e18
758bc70a
55d00ae1
cd778577
3e0983a5
733807f2
7f16134e
c3bc9126
7fc00000
3e0b60a7
7f800000
df50c2cb
444d4510
7f4a2af8
3e08c939
39e56ae9
07603d73
7a6adab7
c77c5001
3e0955db
7f130412
d9b26d92
336af694
e5ea20e6
3e04430d
63f118c7
32e90891
7f48451c
ed3b0455
3e0c914f
537c7a59
e2ece9f3
fa1f9f58
191f1ad7
3e062521
44bcdd1e
9804f2e2
c3ead55f
cee7dd34
3e0be703
767b897a
7f462500
3890a433
b0cb50ee
3e0ee375
6f2a5d6f
4d23bb79
ecbe6813
7f167cda
3e066af7
bb95deac
388fca1b
7215437b
ed8c297f
3e093209
7f40eea4
f015c94d
724d22ba
c366edfc
3e07712b
b2dd5295
f954d9a2
7f604cde
0de1f643
3e0e04dd
537b6d8a
59d27f61
f3f3e45e
5ff3b340
3e0a8d9f
e4009a74
3897cfc6
6f837ae8
e007ac5a
3e088ff1
2ea9cb4b
7f6944a2
0909a646
7f2cedb9
3e0f9453
1b627a22
eeae3b37
5aa50481
7f328f2c
3e0a4745
ec6e2412
72ec7114
5272a963
dc898f8d
000105fa
7f0c6826
689c356b
c609e0d5
e23a21cf
3e0eded9
a55a2536
d30221d8
7f206e10
b2d0668c
3e0bf07b
fb061e65
ea5e85e2
499aad69
ed8aff06
3e004aad
62a82f9a
e7faba31
38fa3f6e
955f90d0
3e0c2def
f9645ff9
7f800000
9d1e5e3d
068dc4b5
3e0abec1
fc2d729b
15688585
5ac6df52
7f28026e
3e0825a3
6c7f95cd
f137b987
424e2751
0bec03cf
3e00af15
7f26fd18
6a76a7a4
4a44ceb3
552cf15d
3e00eb97
fbe8fbcc
728304bb
7f3d4132
ab1df4f2
3e0ecfa9
e7596e4c
62bf70ed
fc37f2da
9935d31b
3e03d3cb
6f5bee35
61b9adc2
f5c59644
1dfaacd3
3e00147d
f2a29bb7
7f2e3bb6
ef59ae7e
29d103c5
3e0e723f
bf12eb94
7bb5e1e3
1e37dc0d
7f1d5320
3e01b191
f6c67deb
c1426eb0
5418b24f
c5fa4359
7fc00000
7f14b5fa
500d474a
23e2d10c
d86a58fb
3e071ae5
c0299032
a2e12fe0
7f527ac4
e8b0d72d
3e0a61e7
5291ceb1
4d91380b
ebba1c75
62991902
3e0e0479
af749913
33740abd
471f2bf7
d11833ac
3e0c1b1b
689acba0
7f1d9028
770408d4
468629b7
3e02624d
f57eba07
7cd282fc
3dec022b
7f27f9c2
3e0e5a8f
d17d5599
a4b8c2f6
4184dddd
7bd1ba8a
3e026861
7f29374c
62835840
3083ee9f
f2400f74
3e0bf443
1107bfea
edf22227
7f530b46
715edc4b
3e028ab5
decfc442
7fe036b9
6df10a96
e48a40fd
3e07fc37
7a816d81
3553cf5b
7f800000
e0bc9112
3e017d49
5030bc66
7f382c8a
d89c9a47
aeab8611
3e01c66b
7848a130
5bafd1e2
710ea7d9
7f458ad4
3e0c341d
61b10402
057a3b8c
6d07c89e
77311765
3e08e6df
7f13e18e
7a683c06
d83a63ad
5a862267
3e01e331
dbacc08b
fcf538f5
7f303f38
c110a8f9
3e013193
59d98f78
7e5d0c77
e760de2c
63baa43e
3e07fe85
61432bb2
aa677f89
2c7096a3
76b201c8
3e06ba87
64efcd7c
7f17955c
4bc26815
cfa66b0f
3e0e3a19
d8dac176
f9104818
7a38610a
7f43d6d6
3e01d5bb
e37d75a5
7777e1f2
659749f4
e568ecc3
3e0289ed
7f42f140
78334d71
28bae4cc
d6670f10
3e0b172f
ddef5b39
e293ddd3
7f3fdf1a
684992aa
3e052201
6d1faecd
d34dc760
f64f4765
523bc1c9
3e0f52e3
d31ed712
da0d1ac7
ea3852bc
a69df3a0
3e0c7655
fa08d34f
7f4a0b1e
f53ca0b6
77e7a958
3e039cd7
c196a60c
4e6a29fb
ee6413e5
7f200a48
3e093ae9
cefa5a86
564cf02d
7b42e2e7
c9770d5c
3e09490b
7f659ee2
1b15a0e3
da6e1884
43adc856
3e0a63bd
ea4becf7
43a05c41
7f294f6c
e273f0a0
3e01eb7f
7fc00000
101c5a10
da6b5cb0
7f800000
3e0124d1
30408e8e
5460c495
256f6eec
f34ac333
3e035833
ea0fb6dd
7f2daa50
aab6bb4e
71e11e5e
3e04f225
f6505872
64e2dd2a
7e2c5aa3
7f64cdaa
3e0ba327
7a08e1f1
5e84e22e
11cac579
f71867af
3e077fb9
7f153ef4
708b9338
f89c79d0
e9573dec
3e05205b
1ecf59e0
eb7efe12
7f61b0ae
5dab7966
3e08c18d
6ada2018
b1aa2f90
ea8a05ce
7d940630
3e0a63cf
fa162464
4fd2a4ac
faa00d1d
b9073d57
3e0aeba1
d6e5659e
7f2a8b72
f74773b2
7fff81b4
3e0a4183
5acf44b0
b270a367
151d1602
7eb7f96e
3e0671f5
3c7dcedd
3fa0f8a5
6cfd6293
c00c1478
3e0bcd77
7f2d61f6
cf2e149b
0b1f77e9
c8eddbff
3e0e0889
fefe48a6
cd99c6c8
7f3eff60
e5197b44
3e025bab
55b3ff70
7b700a22
4d5b11a4
2c0578e4
3e02a35d
975b6d87
f55aa5cc
6c5cecde
f8584fc0
3e01801f
76b4bef4
7f13e304
d4fba768
485b0cda
3e077671
2d75f5cb
bef1f410
2b86b82f
7f43d23e
3e010ed3
7d99d5b8
c75e93e7
a8278b01
fe9748db
3e05f5c5
7f5af468
b61ed594
a08cd0a8
cc1cd808
3e011bc7
d14f0391
de46b44e
7f6a3402
5495d562
7f800000
be49fcf3
b509ae58
50dad8c0
718a198a
3e0dfafb
c9050ce5
3c8b6a34
3ab543e9
f759ba03
3e0d092d
fa94101a
7f382186
d0055a0b
4c91cd50
3e04406f
74a1cd84
3cdc454f
dca4bcbd
7f57f070
3e0bc541
5f10bd1b
d83ab405
f2dacc7f
6006cc2f
3e04c023
7f2a5eca
7804bc07
f88acdd1
7639eb8e
3e087d95
3972e0a2
dc96e799
7f386314
53034f98
3e088e17
de2e3a61
e5a5bb5e
df9ea240
2754bab0
3e07e629
6f8486a9
dd32af6d
afa92427
707f0af1
3e04fe4b
7e16e690
7fc00000
c9c2512c
61712753
3e0cf2fd
77c77e37
ea8692ec
ce93f6fe
7f3d9892
3e0fa4bf
377e50a5
33b4fc63
a13aba88
d7de2cfa
3e0cd811
7f1ca59c
6f400bd5
767084cf
8d9a3bde
3e025573
562a30d8
69f807ca
7f32dd16
7e11637b
3e030965
1c5304c8
ce0bf351
bd3eb606
9b9c8648
3e0f2467
c1b82cdc
ee24d66e
f27baaf5
34fc10ef
3e053af9
a37703d6
7f3d015a
fe468342
74d6f9c1
3e04659b
5e772820
6d98bcff
c8cf4f9a
7f13bf24
3e0760cd
ff00bc87
5016f77c
ae8a1a0e
ab31da15
3e00ad0f
7f4b895e
e124bb76
b7be5218
6a26ae97
3e0faee1
7f800000
609167a5
7f164e88
5bd61e41
3e06cec3
5fe4bbed
2fb19b4d
5e9a121c
323506cb
3e0a9935
4d165919
ee65ed39
4d523fd3
79555ab8
3e01deb7
6c7df401
7f65cfac
22f66ec5
d9e6153f
3e0ed3c9
f53e34e3
7f0aa70d
b33c6c97
7f6694a6
3e0930eb
4c2de855
4ed58262
608e73e4
371badf3
3e01529d
7f64a690
1fb9c921
73ebbc3e
dee77e00
3e04595f
5cc9b134
7384d486
7f50dfea
729fe4e7
3e0949b1
bfaec4ee
d603c775
6327a002
af64dbd3
3e0f2c13
e9f315bd
e106ffea
719b2e41
a0766cbe
3e042d05
7dfa5cd2
7f431eee
f2073123
e7e2ee48
3e0dbd07
ef8d41fc
4267488e
dca2910b
7f26a598
3e09b099
d327b9f6
f29168dd
7655cf17
d264654c
3e00603b
7f4395b2
f4d43272
70766e74
ebc8c743
3e0fc86d
ed2aa24f
cd5928d7
7f4755bc
7e4735b5
3e07a9af
38ba9655
7d545853
fc029d38
6dad3f37
3e0ea881
ee23c25b
7327a3e0
e19d85bf
fe2c4514
3e086d63
eed57f88
7f5a6ba0
a742473c
7ccabfce
3e04c4d5
e30aa5cf
db3602d9
ab3a1936
7f1efa7a
3e0fbf57
c5f0bda2
699b347b
7fc00000
a96009df
3e0ad169
7f330b44
7f800000
1dca5a80
4d6741dc
3e06f38b
1334e237
d7beb1ef
7f69307e
7181c490
3e07c23d
bb0c666a
ad386282
ef82fb3e
fea24d20
3e079dff
ec9ee254
a8e22414
fce550c8
55cbbd87
3e04cb51
6f337dab
7f682e42
c2a96422
64409519
3e0f92b3
27535718
f1b5ef96
348d97e1
7f3237cc
3e0160a5
773da8f2
5b3012d8
3c4bc138
dafc3168
3e04e5a7
7f1cf7c6
46f817cb
5f03be10
5c9661c2
3e073639
d50ec016
39e4df81
7f1bccb0
3173126c
3e09eadb
2d4ae7c5
7f25f63f
62a65cc9
9891d1e6
3e0e400d
f5adc07a
f8e011bc
e23e38c8
ffc4a155
3e01364f
50d96759
7f58fb54
bbc9b858
f8fa7b4a
3e00b221
42819cfb
eff22300
5abd443d
7f26be0e
3e019c03
ebf93b2d
9cf465e7
c4ce72b1
62897c0b
3e0f0075
7f71a7b8
45c53784
c7755d13
32656ebd
3e0a2ff7
ffe987ac
46dc89be
7f4482d2
d6b88e7f
3e03df09
28f50d72
38ccc64d
a99abe07
09a46a80
3e06462b
7773ef95
988ade8f
6b407999
990b6b33
3e0841dd
a8b2ee84
7f31a356
5a9d313b
a8aedd25
3e01729f
d30df829
ff5100c6
e560d3e8
7f49c9c0
3e075cf1
f340792e
ac7cb090
7f800000
64fb3e19
3e0b8953
7f4de39a
6a4edf53
f3db1181
7bc630fe
3e02a445
346f826e
5b1fa149
7f39c764
ae444488
3e0c9e47
6cfe2a11
cc822f31
39ed7dd5
4cae85e2
3e05cbd9
f00db773
fffe3ad8
c3a3959b
94e98f8e
3e09057b
4044fb65
7f2e52c8
b0a0da69
f6e53006
3e0ac7ad
44c8266b
44c68731
a69a906e
7f319362
3e0552ef
450a9204
f4a3fdd6
779ba378
49301077
3e0dcbc1
7f280fec
fccde285
a8ba7eff
60d9a378
3e0a5aa3
754915c8
705abe87
7f234ae6
7fc00000
3e014c15
7bcaef0f
3887b0a4
6bb843b3
61bc5c18
3e093097
5d1b24cc
dfb6fade
75f93ec0
b56795f4
00011df4
44549f46
7f20b22a
78b5b3da
539bf171
3e0f28cb
d4930b35
b6ef8ec3
ea6c7f39
7f266f74
3e0ad17d
f28cc6aa
b8d4676c
f4533f7e
b2a65b60
3e09d73f
7f0c4d2e
732d16e3
eaf5d90d
f513cd7a
3e08fe91
c243caaa
f77f5a55
7f5119d8
73cb3059
3e0b0ff3
2567bd58
f5bca0d7
caab9b21
47268b1e
3e0ff7e5
ea391b5f
f2a15ee9
aedf4e82
c225542d
3e0ce6e7
4033615c
7f5505fc
d8be3975
ce222379
3e0d7179
e0bf8eb3
45fbc7bd
a2a6f0f7
7f800000
3e05b01b
4f731f05
558b8d11
62886809
e9b81323
3e0d5f4d
7f2f97e0
6c186bfc
ad5e028e
d45ae0f0
3e0bff8f
b4db4ae9
26f5f704
7f11bcba
26cd3b8a
3e0df561
d42b925e
773d9140
a5280c72
cb8f0129
3e0aa943
fe65fa6d
7179a727
fa398621
a53c562e
3e03a7b5
5e66ebaf
7f464ebe
1b3e7b96
3ac9a738
3e04c137
ee8c91ec
662d4dfe
e4cfede0
7f1afce8
3e0d2a49
b89e6d66
6b07258d
7ca253fa
718cd311
3e099b6b
7f21e882
750ae7cf
f93af864
52621336
3e07711d
fe084157
19f7648e
7f4f580c
f8a3f465
3e08cbdf
c3a955b4
38466d06
cd08e0ad
d5137d9a
3e01b031
b9236d8d
709355f5
5c0ff3ef
f6c44704
3e062693
411e2878
7f2968f0
782734c1
42b7353e
3e015b85
5f315fff
d800cc54
7a16cba3
7f1a034a
3e0dbf87
3f601d51
59049fab
ff270515
bd7e100f
3e062719
7f675394
721e075d
5f207197
269569e1
3e07eabb
4c7d52a5
b6d7041f
7f3bcc4e
4921a1c3
3e0e06ed
c027e7a7
6fb2511c
e08a2012
28658810
3e0d3c2f
0a01a329
b5fdba16
497fe9b3
6cff93aa
7fc00000
cb545c7e
7f572d12
f771b83f
76616ec9
7f800000
91873302
b9391fc7
f4093bc4
7f08061c
3e0e1355
6bb5784f
e8a612e4
299c91b6
f636dd9d
3e04e1d7
7f402996
576e281e
7bf0f0e5
f5097c5f
3e0d67e9
cd1a8b86
da756d2d
7f53d600
f794765c
3e0d9e0b
5c117275
e08ec46f
fd38a184
fc9e3956
3e0620bd
2ba7a251
7c016941
7f44c3be
e59da9a0
3e06507f
5dd0f109
7f5d8fa4
43cc3d48
4eea7dba
3e0971d1
ec2a4d2f
fcb545f0
1ff396e2
7f55c5de
3e04cd33
39e1f3dd
f2db888a
5f75de61
b4c02f5e
3e0ecf25
7f681708
7be0cd74
35ed7ac6
de855de8
3e072827
ea3faef1
476c332e
7f412da2
a7e48caf
3e07ecb9
4869f896
698256fd
13347a28
500be6ec
3e07b55b
30a212e0
e2171f12
f6beb349
7a9ac063
3e04be8d
dd7660fa
7f3fc126
e4c72c6b
372aefd5
3e0108cf
c3f62d64
b4c91973
cb5f4f2f
7f4fdf10
3e0778a1
ae50a77b
445c3f80
f30814b2
d178ec69
3e01f683
7f54446a
64812867
4aec80dc
db45268b
3e088ef5
5d9e94ef
5a11fc04
7f23a7b4
2b74ad78
3e019277
c64edc2c
3a75a99b
c31bbc20
1333784a
3e0ab589
bd10f9a6
faf9c4cd
e851843a
6cebc651
3e0330ab
7f800000
7f6d4e18
df342d82
eeb5fa0b
3e0ee05d
64fbb297
9354cecb
b40ebbbb
7f38ea32
3e0a651f
c4f407f4
3ed292c3
c2b30068
7bd768a7
3e084371
7f38763c
ffcb7d35
effde8c2
520395c2
3e0f03d3
388b6eb8
79a015bc
7f4954b6
5789797e
3e0052c5
ea7d993f
f8da9e94
772bf8e3
0bd8b108
3e0120c7
dd3bd0bc
5ff0854e
f560cc55
633d994f
3e0ac259
b38a71f3
7f383efa
682e624a
df71a40c
3e0d0ffb
4ac5e9e5
4f6e0b32
357ae190
7f0a9bc4
3e09862d
7fc00000
eb95edb1
947440d2
f608abc4
3e0f656f
7f5b2cfe
7350b656
0e9479f9
df6c72f7
3e00d241
b146e0be
6d221105
7f1da128
70fd7a09
3e08f523
e8c1f39f
9ff58abb
bd571ad1
f124bc8e
3e0b1a95
720a418f
6fecd499
6d93adf6
d8226898
3e02d317
eaafb94c
7f12384c
69a0db40
1a35959f
3e0d1329
b7c9b7c4
e33c2c6d
6cd8a927
7f25e446
3e02534b
56edec37
dc2a5259
7b3563c4
3c497596
3e09affd
7f40c530
119f3c0b
7297a61f
f3c837e0
3e0d09bf
b2ac1914
5c4fe804
7f17758a
616ea147
3e062511
67b8bd6b
30bfa8d5
6dafa047
e6456264
3e0cca73
f88b231d
7f800000
624f0e8c
595b139e
3e0de665
fca18ddf
7f589a8e
6ee5e783
ea02d428
3e03a967
f923fad4
5ad1276e
e79eb8d0
7f3a1038
3e06a7f9
fead74d6
b0b1263d
6e585377
d0a606c1
3e0ffa9b
7f359752
4deb21ff
5db2b654
ca30b6a6
3e045dcd
f69fc187
f6db6f51
7f6e565c
f4fe7715
3e00520f
127bb1d7
482bac76
f1ef6b18
5f9af397
3e0d3be1
18a1846b
99f93bc2
58a1c61f
69897cf4
3e0783c3
24ed4568
7f37a240
77446c71
7a2c5bcb
3e0db635
6eb3f640
e7cb3e44
120b6740
7f6ae81a
3e00a3b7
ff70666c
fe7f2edb
fb1aca60
6ccd7a3f
3e0c80c9
7f3f17e4
0fbbc049
ac0d21c7
d8a6f991
3e0305eb
237d9778
cb09ba4f
7f5e841e
48f022f3
3e0e8f9d
4127af4a
79845621
dcd8e361
c73ee2e5
3e063e5f
6525fa34
f0216003
50d4f6a8
47ee69e7
3e0b16b1
b7c1c00b
7f2c87e2
bc34066f
1ae401f5
3e062113
7783f4f8
77b600ea
effbbfe7
7f7dd06c
3e0f8a05
73897dd2
5a3bb0d4
de9f6623
ab8bc748
3e06c207
7f7bf766
fd208a2b
36660ff0
eaeaeea2
3e039d99
33f0aaf6
7fc00000
7f441b50
d7f48c69
3e08753b
9878d12d
7e5ef69f
7f800000
1772a24e
3e0d456d
f461a15a
4d7800f1
6797644b
e5384490
3e0bceaf
6b4a7eb9
7f2e9ff4
0ef508fd
e8a60437
3e04b581
349aa532
7e425ce0
eb7ff912
7f55e9ae
3e05a263
5e475888
bdfa7afa
b190ce11
34fa90ce
3e0861d5
7f3b4258
589cefd9
42640a36
76dafc1d
3e030457
c5f388dc
6888497b
7f153472
e89beedf
3e00fe69
de3dd883
e09c16bb
4b4a2a64
2a0b2b31
3e0d488b
b26f00f5
c34f1782
f64b8871
576df1d6
3e057f3d
40431962
7f477af6
73ac1d6a
79660620
3e0e02ff
158bc789
5f0473a6
d12029c8
7f473060
3e0f1851
e0dc52ab
58e03015
ec2f730f
c4448219
3e0307b3
7f52813a
7b0ac90a
6a0f24e1
773737de
3e0d3da5
3a9749f2
3eb2f199
7f430404
17bc6f53
3e026aa7
3c7e901c
cf036ccb
3bee3baf
eedc42c2
3e09a339
19ee1004
751e149d
7c0ffaaa
61b86a01
3e0e7fdb
8f8d4524
7f620568
e12809c9
9fcd82e6
3e0c3d0d
691d22c7
a093a283
edea96eb
7f489d02
3e09db4f
e07a5459
e0d9d3f3
c027d158
4d75a4d7
3e0f3f21
7f7ad88c
e1135c00
f227e532
cfa982e9
3e0b5103
e3583ba8
c316eae7
7eafb55c
7f800000
3e031d75
4780ae02
f83bc084
73105213
d1ec79f8
3e01f4f7
523130ac
50e71abe
a90d18a0
7188f37f
3e028c09
1b49d723
7f18a7ca
b4e7a4d9
cdfe6cd1
3e091b2b
e7bc74f0
213f9ba2
777e6699
7f0d4414
3e067edd
4abe6f8a
db4d634c
69af3c2c
51542540
3e0c579f
7f7d28ce
f9ee6d43
e0a25e6d
5f47ad74
3e0a29f1
ef33ca2e
c31c8bb5
7f78e478
55c1c8a4
3e0b7e53
d247bb38
dc32e12a
f501e5ec
e32fa85b
3e0f0145
e9e26612
fc640314
7fc00000
2cd5898d
3e0ea347
b7af7711
7f4a669c
e9d51ad5
7fdee6e2
3e00b8d9
69220736
56f53d22
4f494557
7f4c7616
3e0a1a7b
d287d865
7dda4fdf
52e1d4ce
26d36106
3e0944ad
7f352e80
6025bfdc
e547598b
5b0039f5
3e0277ef
6c3339f9
2b6eea93
7f770a5a
64f1d577
3e04d8c1
778fa93e
6d892b20
315d1fe8
fdb4a054
3e008fa3
ae258fcd
c9bcab3a
ed160a7c
25c1a50e
3e05e915
fef2940f
7f3f025e
780fb8b3
58357518
3e057597
0e44a204
93ab2ebb
4e0536a5
7f40df88
3e0929a9
9cc471b2
68ddcf68
ef0774da
e6eaa51c
3e0e7dcb
7f33a222
c773bc49
5c14a844
684bae16
7f800000
28ec25b7
d9cad301
7f5150ac
52b42d69
3e093c3f
b96e7d94
f0884be3
f4d30008
745e0e7a
3e044b91
bfe627eb
875c7025
e7433d62
5832e6e4
3e0784f3
d776419d
7f621790
fa6d23ea
dc1c82fb
3e0cd4e5
ccf3005f
a556e434
3f0f7f86
7f26a8ea
3e036be7
b7e168b1
7fcecfee
ebc65675
6dfadb02
3e00de79
7f475834
6528fef8
d9419aea
307b85ac
000137be
d0da3da0
708857d2
7f5657ee
53b38f26
3e0c5c4d
58bcc407
34e815d1
c554d38e
b6e64595
3e0da48f
c7525424
60a79133
e38b7798
6e9cbc8a
3e0d8261
6bbe173b
7f1d3eb2
efe7ad72
aa702e29
3e0d5e43
6ebe71e8
dd252c27
ca4052f1
7f4096bc
3e08c4b5
6c8310af
7ba382c4
6efaaf53
709b1ae1
3e058637
7f356136
403cdefe
2932a6e0
4e12f965
3e0cd749
6da01e66
91a3228d
7f499ca0
c76a5a3c
3e05706b
57fe9330
5dc493e2
7aab0164
bc6fdd73
3e06ae1d
72226fca
ab731ca1
53d3ea9e
d71ad164
3e0cb0df
433f9ecf
7f592c44
bf5b5dad
79232c67
3e057d31
b4dbbe6e
2ee067d0
44437182
7fc00000
3e0f1b93
f3da313d
ec649677
967c3d2e
ffc7c63e
3e0eb885
7f800000
2f3cd989
5fc7eda6
f77c28cd
3e08c487
67d39fbd
6635e748
7f359742
3eb81f22
3e021419
3e6ca376
e3967a18
76c7630a
e8b81ed0
3e01ffbb
d6812fa5
17e723be
bac1dbf4
70be56c3
3e0d83ed
29273135
7f6dd0c6
d8bd8ecb
f52c6135
3e03612f
63e03539
d9a12b16
450182b8
7f0cbdb0
3e013c01
dc65ed7e
3b8a36c5
ef551d3f
ebcb1bc9
3e09bce3
7f1d9a0a
f17c1b7a
44ce24bc
73e5b8eb
3e03b055
fd22ea62
e429e659
7f24dc54
e67fdb58
3e0a26d7
5ce8f80c
ace0391e
ee81cde5
fe1762c2
3e0594e9
e9cebc86
e421ea2d
7685051a
c6a5eb85
3e05f30b
a9f4da50
7f4978b8
df772a84
c922aa56
3e05ddbd
67f567ea
71267641
555754be
7f55abd2
3e0eb57f
ec979e09
552ab923
7ff4f54d
cda9beba
3e05bed1
7f1c36dc
03653ef0
e516c58f
c29ff899
3e0a4233
22c756ba
f06f098a
7f4a3c56
67b3405e
3e0cac25
e1039a72
2e493752
e5701e98
7698906d
3e06ad27
7952449c
f567842e
d9d8fdb5
d554b1af
3e0c59b9
0f66a4f4
7f56ec9a
64a07b2a
50c1f081
3e0e4a5b
e9a8cbe0
ea034012
abe26049
7f3b6864
3e04bb8d
dcbea547
7f800000
5dedb23e
e891f830
3e0badcf
7f37409e
d8ba0136
78a2871d
7c81c757
3e0805a1
95bb7b17
a8177880
7f1fe3c8
6eab1969
3e0dab83
717176ad
72b5ad67
7b18a631
509c9b6e
3e0eabf5
f8eb9e82
3c3fcbf9
f8334c93
9b914678
3e0b5777
6590852c
7f2a90ec
a1aa3178
f28ea5ff
3e0b6289
6bb7aaa6
a33378c8
e772c53a
7f13a3e6
3e0805ab
e85d5b15
0a089b95
4ef6dd19
bc351ab3
3e0f1d5d
7f29d3d0
fe0cdfe1
d6330fdb
e8a128a5
7fc00000
dceb3ba9
e40347c3
7f457b2a
763a8eda
3e0d1071
ada0b269
7c6ae610
9d172621
f3917e39
3e00f8d3
6c3107b8
8ab45230
4eadba6c
a8145efa
3e0eafc5
4eb4fe3f
7f3e862e
f3af2de3
c1488a08
3e0525c7
fab19d91
b8ae564e
bc7b2ab0
7f6c6ad8
3e07af59
ee107fb6
5eedf39d
db4a67d7
f178cd0c
3e0024fb
7f1108f2
25a4ac32
77d7ce34
71a12403
3e0a032d
58d5921a
f87ef45c
7f2546fc
fb78c875
3e0e8a6f
f3917079
d036e513
761e08f8
4a9d34ea
3e09df41
7017e71b
5a4d2c1f
775731d2
e7382709
3e012a23
20fadb48
7f45c8e0
e1f57efc
ed1ace2b
3e01b795
c0f5a2a2
c986c199
7f800000
7f6245ba
3e011817
13195447
4b7fdd5e
f0d71440
be938772
3e064029
7f4d1484
c2c9a96d
e4dfd55a
e098a4f1
3e03a84b
4333d890
746a52af
7f6847be
c7851153
3e0a6cfd
db350837
6aabe4ec
7f6b9b5b
3a166c08
3e0e6ebf
66fbe949
626b6663
2b8a6d32
ba72ad01
3e037211
3ffc04ce
7f5e5182
d46bede2
41c413d9
3e0b3f73
db82601d
e7b509ca
969f00ee
7f3d590c
3e0cc365
6349a2b2
de5488b4
8ec59c83
d1492d28
3e0c2e67
7f116706
b091786e
ec8be4f5
ce8a5aef
3e0c14f9
65770a58
dadfcb78
7f4159f0
f80cda2c
3e0f8f9b
fc59aa85
57e186ff
c87deb89
3f5b656e
3e055acd
dbbbd23a
c265bc51
a4de96ab
6ecf1415
3e03f70f
e91958a4
7f2a3494
ddc7f65d
cc333897
3e0ec8e1
c199abde
da1666c0
4542ab1f
7f1d854e
3e0c38c3
3d7c9e68
7b086ea7
78a6e41c
5196cfae
3e04d335
7f2bccf8
dc58c744
58682516
d7a5997d
3e0368b7
d6af0f6c
fe0c277e
7f175612
a00c6392
3e0e2dc9
b1d876ef
26415b32
eb0526c7
e70f4ebc
3e00daeb
7fc00000
1b3e23ca
676e85e4
99a897f3
3e0fcc9d
5352304a
7f17c296
7313731e
7f800000
3e0c235f
5ff64334
cacb1503
d3ad4fa8
7f3d8700
3e00e3b1
db1f66ee
ed480175
22027c94
6d029484
3e011613
7f4a8eda
513901ea
d3d284ac
d3c8381b
3e0ee705
c1c4777f
59bcb009
7f1630a4
46f2274d
3e03c707
a3fd10d1
f0235f2b
33457095
551a4fa2
3e018a99
f24d9bf6
58688698
4defa38a
a53d3d61
3e048a3b
f0e49e25
7f20a808
73a74928
6f023143
3e0ec26d
2955af27
d4a26e9c
3c6b3e2e
7f1516a2
3e03f3af
d645a1c4
c04a6396
5d89c5fd
94c2c859
3e0ec281
7f49912c
e900e545
c5644fbf
eec3d714
3e06d763
fb6d3181
58fea747
7f2f1a26
6bb6236b
3e0ffed5
0ced6fe6
6344a064
4896f073
5f86391d
3e0a4957
e73dd7a1
5f20c19e
6614c280
af747f61
3e0b2b69
f0a05506
7f080d6a
7b26af67
6f8a13dc
3e079d8b
2fad1df5
5a97f882
bd61ef04
7f2208b4
3e073c3d
7354d977
2b827cc1
bfa81d3e
cead2385
3e0867ff
7f4e746e
db8a53a3
dc57f3cd
28f8df3a
3e0d6551
fdc7190e
e5e4cd15
7f4f9f18
2b458da4
3e0a7cb3
3894cf5d
d36a7997
ec94a1cc
455e72bb
3e0d1aa5
fc620c1f
312e3af4
e91929c3
db96ceed
7f800000
43216271
7f5fb73c
eb0cb010
f57623a9
3e001039
1d475ad3
c90c11b8
fc1329b7
7f606db6
3e0714db
39dfa860
5178d092
e0edb6c9
3ce60fe3
3e0e3a0d
7f3bb520
ebcde3bc
7bfc6beb
42f1f4b0
3e06804f
525f4159
f52c79b6
7f57c7fa
6056e9d7
3e01cc21
bee377fd
7b689504
ece68632
5ca8b834
3e090603
6a06352d
b25274be
b16d1e5c
b00e260b
3e0b3a75
7e6b8f02
7f1c25fe
fde22156
7b98e8bd
3e0db9f7
4cecb13a
7fc00000
f156d1a0
7f79b228
3e053909
fd5a0c23
b0bc19f8
f1f2e5ba
41e88a25
3e0ff02b
7f42cbc2
e82a288f
691afe1c
f4e298f6
3e08bbdd
fbcf9a17
e4c52661
7f57394c
b11cf268
3e0b3c9f
552c5229
170d24b8
7c3785e8
5ed6ef5a
3e00f6f1
30e9ca4b
6029a290
38b83a42
357234b9
3e0f7353
6aad1efd
7f3fb630
d8932b81
3f523d79
3e0f5e45
f0ee30bf
d1cdcc14
2de31266
7f32be8a
3e04a847
b424bac6
d4c3b46b
e4442730
58e347cc
3e0fa5d9
7f5d4cd4
e9526cd8
2517a3ca
3cf7e18c
3e0f2f7b
67116780
b6ff7cb2
7f59538e
0d2d3265
3e0bc1ad
aa87d180
39aa217c
fd17326e
417256f5
3e039cef
7f800000
ccb4dfd6
9bf8d578
2631e7f0
3e0fe5c1
6cb03a3e
7f24c052
f507f369
68d76af2
3e0ac4a3
b63e8ccd
490cc887
4d91f37c
7f61175c
3e0e8615
c4be390f
59ad3819
ddf09776
fd628e18
3e05ba97
7f3508d6
df5543bb
f8d913a5
b0c56d1f
3e0456a9
fe070146
0fba37a7
7f485340
c9330e1c
3e01d2cb
59db9510
d889e52f
b86a3144
b9188bd3
3e0c4b7d
29c6eab7
eeedb96c
b47d4fcd
f1fbcd60
3e0ca13f
634a4694
7f2eb8e4
7daed908
7a9128c7
3e039891
580bfceb
4cab59b0
e7299e62
7f2efd1e
3e07f9f3
651fef58
78032ad7
fba04c0c
4f0b97fb
3e0db1e5
7f432c48
bdef2d34
2dd3b086
42cfd9a8
3e0df0e7
d882335c
7fd920ee
7f2f70e2
f029bc02
3e084b79
4a349e56
6e9741bd
0a4c9c13
bd1b2eac
3e04da1b
69c7f6a0
5d7a397f
e671c209
df284026
3e0f594d
8b5498b1
7f2a5066
785fa48e
dea6d2f0
3e03498f
733d5d24
a22d0633
756b94dd
7f368c50
3e010f61
7af22c3b
72fc9025
cef09d9f
4d57ea74
3e041343
7f2e5faa
14407c5a
7fc00000
443ef82e
3e01e1b5
374335af
61417db9
7f2400f4
765cd938
3e0a4b37
2109e3ec
7f800000
54c95fe0
b7b4f412
3e008449
ff35cf66
e3c31f8d
63ced5fa
c471433c
3e05456b
c47570d5
7f649358
c98f0a64
7a9a5273
000171d8
6022cb40
96cdb68e
4557fb9e
7f3bdd72
3e0495df
bd49e7b4
ec156f83
ff31daad
eab0ff9a
3e0d4a31
7f2fe77c
cedde0d0
72145282
2f08eff9
3e0c1093
bdc35a78
540a026a
7f5d93f6
45f2829b
3e001585
4b7229ff
7b9a5e54
3b0f35a3
1c4925cd
3e07c987
d5b3887c
f30a49ab
e5fc3f15
71195a0f
3e020119
b2afdeb3
7f410a3a
2c4ce40b
f0364bcb
3e0014bb
d1890ca5
726cce1f
caff5fa9
7f4e2504
3e0100ed
a810c2da
7a364b94
e154e3cb
9b9f7e35
3e0d862f
7f47c43e
4cd89c16
f9371bb8
32e795aa
3e0d4901
61e9b6db
c96bf260
7f451668
18323b94
3e0cf1e3
10239e1a
adfd29c7
ec870dbc
661f8dea
3e0d4d55
564f40e7
52de24e3
5f1873b6
1b8d579d
3e036bd7
7880210c
7f56d98c
961f48d5
76c9465f
3e01c1e9
b516ed78
c352672d
72a271e5
7f17d386
3e02480b
afc42fe5
475be902
3c229479
c0f7a79d
3e099abd
7f47d270
730f8341
5cf12b1b
28eb5205
3e0b1a7f
e27358d4
5e62ee23
7f800000
2f6eca07
3e060bd1
3d55122b
6a4937f0
44e06a8f
d05b9224
3e03b733
f3126ddd
6ad68a8a
ac00f861
396efd3b
3e0e8925
b15b3b72
7f5ce1ce
7dbb0443
70f60d6d
3e0a3227
d9f948f1
f876d52e
c66f6c90
7f65b578
3e04c6b9
dec9d553
f1465e38
7ce07c2a
535138ec
3e08df5b
7f3dea92
6dcdf2bf
8f9d9cd2
643c8c66
3e08b88d
499caa47
dfe1d83c
7f54279c
9fce29d7
3e0a52cf
792b37d9
4c03f236
5269c41d
7fc00000
3e0c92a1
6b41989e
3d0630d9
55fef700
b721466a
3e0d6083
7f364128
7ecb8c9a
e75481a6
f12dd08b
3e08c8f5
11ccddee
e4f538f9
63244193
7f6d135a
3e091c77
3eb6b7c1
e130d39b
b37f8e85
d5891c52
3e000f89
7f450124
a0960fbe
4668063a
dddc6051
3e00daab
ea39ea70
19b87b29
7f2e7b5e
64988fb3
3e035a5d
f8dd310a
cb2e6ce1
bf3c1fde
0c04fb2f
3e082f1f
c33e6234
44677b46
faa419ed
adce72a7
3e05dd71
764bf4cb
7f658b22
a475aac2
eacb9b44
3e06edd3
30c2fe08
397a6cb7
713bb201
7f58d1ac
3e010cc5
fc761792
691451c9
7f236ae6
fc6c6308
3e0d2ac7
7f0546a6
7880274e
7d1a23b0
7f800000
3e089c59
7ab75bf3
bd67f958
7f3b8890
61268721
3e0739fb
7d53a3e5
7fc5a75f
ee381734
f2278780
3e0e802d
7beaf2e7
683d87b1
ca6a590b
b2503850
3e01af6f
7bc591bb
7f73b934
e300a1f8
d537fcf7
3e06ec41
bf8802bb
6bfccb05
db4a52d2
7f2590ee
3e0d5f23
52e7b447
5f0fcb07
71eb67fc
f75d1274
3e0c5495
7f2b4798
510dc724
49fe6833
eddd44e4
3e035d17
53b4e161
2e8aee5e
7f32e7b2
5d2f2872
3e036d29
5c55f543
cbdb266d
7fef965a
e04b71f1
3e08fd4b
dd105190
edd277af
d18c0fb9
33b05796
3e0f29fd
4ea1cd37
7f4a7a36
48daa9fe
f651a9e0
3e03d3bf
f0d79649
2eac0ff9
3732518d
7f54cda0
3e04bf11
f34fd5ce
deea5630
575c640a
ce297464
3e0db473
7f5e0c7a
6fd18aca
f5197ba1
c85f3602
3e0fa065
f7ef58f3
4626d1b4
7f1b4d44
e0438628
3e08b367
702e67dc
7f65c96e
ee9a05cc
bf60ac82
3e0581f9
67d656d6
63d0a03d
74e19c6a
41a6832c
3e03249b
a6725320
7f523aa8
bdb69889
d0a417a3
7fc00000
d049cb87
f3b40951
b90c8d0d
7f3f0042
3e0b9c0f
e7be61a4
650540b3
a26d9d15
7fef7d97
7f800000
7f3c39cc
1fd4fe98
5d87901f
d72c0ef4
3e04edc3
f1bff768
52b3dcda
7f3aa9c6
fb4705cb
3e0ff035
f460c82f
666d3439
afa41ed3
7cb225b8
3e0a2db7
e46e1b01
7539b87e
342d85c5
c7b28492
3e03dac9
a7b83023
7f16e30a
c7fe7679
59799391
3e02afeb
e586bf55
56f0a562
af1e6558
7f4cbd54
3e05099d
ee50b14a
cd657021
dca18421
b2349ce5
3e06085f
7f28300e
fd58ca03
660e025d
78bce01a
3e0ab0b1
5275b7ee
49f01e75
7f3d49b8
b9c32677
3e000b13
7cdd26f8
7f56bd9a
c6c25541
d6c63e78
3e024405
7fc8dc7f
4caf5d09
fc117726
6ff97948
3e04cc07
0ebe9a4d
7f3cf7dc
ca89f6af
b2a6ac8f
3e037799
d7ad1933
f5cc1fdd
b9dc9e17
7f5ed556
3e049f3b
626e7b25
d5771572
ed924974
c274e643
3e043f6d
7f2b2bc0
bd019af1
d1828f2e
f6053690
3e0018af
360758b9
514bd496
7f1bf59a
e4a6162a
3e0ccf81
fee5c6fe
7a13cee0
5dbc3b12
57bda014
3e0c0c63
d6470a88
7384ac47
e5ff023c
bd21f86b
3e0b9bd5
9ff294cf
7f45b99e
c47d6573
9f8a80db
3e058e57
7c0a64a1
608e737b
984bfb80
7f6d74c8
3e095869
7f800000
6bfc25ad
f7273467
3e8ec531
3e05f28b
7f776562
e234d982
dcce7804
6f20a393
3e0cf93d
8b8a40c2
fc9ad82c
7f4911ec
30897820
3e06ccff
1b5b3d40
f7b488a3
6eb1dbc8
5176203a
3e0fb251
ab5fea0e
56ceb470
671d8722
6f185c19
3e05f1b3
fbb10c5d
7f6a44d0
373ecacc
dd5887bb
3e00f7a5
3f468bf2
c21d83ba
d197f546
7f26442a
3e0974a7
4f3b621c
e6e5fdae
7c5f2910
7a30692f
3e0a7d39
7fc00000
6829af7d
a43deeb7
9f048401
3e03a9db
3d1dfec5
e162f194
7f6cbf2e
ec00e4e6
3e04370d
6cbc837a
b54e3c91
5c7240eb
3ed8edb0
3e07254f
f6882e59
af406ab6
d1000358
e4c5fe4a
3e085921
ce12dbfb
7f55b1f2
daf92732
7496adea
3e0abb03
8f04fad3
abc7f4e7
ddd1f13b
7f5187fc
3e075775
fe3ef16f
fb84d284
7cf233aa
a9f8a5b4
3e0d7ef7
7f272076
57383cbe
6cd48aa0
fc15bd7f
3e0be609
194e413c
1adf3e48
7f37f9e0
4ca691fc
3e0ac52b
d54fc695
97efecdb
fd2e3124
4bdfca33
3e0ef8dd
f149df17
fa5bf854
5fc8285e
cadc7425
3e0e219f
fecdbe74
7f463584
c4115b30
576eb05a
3e0bc3f1
d7c71f4b
7f800000
fd71b9af
7f4640be
3e076853
8fbba94c
c476e32a
c4153881
4cd8d25b
3e03bb45
7f211ee8
c7ab9514
4c7f7d63
eb31838d
3e0ead47
70ab973c
cc108fce
7f56ba82
687ba8e2
3e0292d9
3339e936
c62a85d8
5003cf57
a441ac50
3e08447b
3feca080
6fe619df
c153bbb4
bf0cf892
3e023ead
62d3339a
7f5d4006
93a8038b
65e873f7
3e08c1ef
b4a02d04
4a1b50d6
ed356e78
7f354af0
3e0ef2c1
6103c69b
0d15fb6e
5d43ae29
286e3254
3e08f9a3
7f2e954a
c457b389
548f5b51
df7c8dab
3e0b2315
2db43422
72ad2519
7f491594
6143a718
3e09ff97
1f3abfd8
6b17f6de
8969e9c0
703c78f2
3e0383a9
7abe3246
f2408168
e06cf5a7
e86f771c
3e0927cb
2ed20e10
7f269df8
f033ba44
4b469016
3e03087d
da5ac9aa
70e8626c
2bfefadb
7f537f12
3e04063f
b43eecc9
bceab5e3
fc3eb208
fe6e907a
3e06e591
7f1b881c
be3652b0
4563ff62
b18af8e4
3e0c6ef3
6a6cbb9d
d52f4b4a
7f2b5b96
cd5e9763
3e028ee5
0d8c1432
7fc00000
1d60ac03
4f9a26fa
3e0c75e7
0c410c2b
41377263
c3e29075
daac9d02
3e03b879
f9f86d13
7f1e97da
7f800000
c736edac
3e0a6f1b
73093605
f4b299d2
d84c6f09
7f2ad1a4
3e06564d
744133ba
7ba226fc
edcf562b
7e8f7f95
3e0cee8f
7f34b7de
7f2486f6
f6bda985
e57b2017
3e089c61
b98a413b
24a43c40
7f353908
7dfe8829
3e0ec843
1b4523e8
d39c3d5a
3999ecf1
ab5e492e
3e0efeb5
8ea75aaa
dfa694c4
7e4e9953
e7753508
3e031037
77c1a181
7f3f122c
779418e0
bebd76bf
3e083149
fd5f8066
b1671c8d
5c7cae47
7f5a7326
3e091a6b
48848530
b9962bde
fed25c13
e1b3e636
3e01281d
7f42c110
fe1836a1
4af00c9e
f8e14580
3e007adf
cb216a50
79590006
7f37d66a
ee3dc09a
3e091731
c788606e
fd0f59d0
f94f62ef
9e05e204
3e0d0593
7323f378
3fcb036a
b2745bc1
5425ba56
3e057285
d8088eff
7f1bad6e
71c94fa6
142565c8
3e0ace87
f687717c
cda31eab
b96cdc15
7f4df018
3e05ee19
dd6353b3
c8ecac18
c6a6650a
7d1e10e1
3e0229bb
7f243c32
75a665f2
77228ca9
4ba3c0c3
3e087ded
3cd476a7
bfbe8171
7f62f83c
54169b35
00015ec2
eae10f39
aad3b1d6
fc205772
ea1170b7
3e0d5601
54c50f7e
c488ab60
6807e73f
7f800000
3e0426e3
6fd77708
7f14e620
fb33f6bc
cabd62eb
3e0aea55
68936752
fc07c059
840688bc
7f7350fa
3e00b0d7
6a7a2b21
6c005b1e
54db1800
48930132
3e01eee9
7f4eddc4
6c1777a8
568e871a
9d0a2bb1
3e029d0b
2b9359f3
dd22ca02
7f591efe
dd0419ed
3e0157bd
3e9300f7
d1bc9041
e5dac01b
6252d4a0
3e0b7f7f
49f0f809
c17f2323
5a26c848
d33bcf07
3e0a58d1
60f7e72b
7f6a34c2
7fc00000
f79e9b24
3e012c33
fc70aadd
f2120b8a
7d8f5f4c
7f383a4c
3e046625
2906dc72
4b00a874
4ca90dc2
712d68e8
3e01b727
7f3f9646
e09a262e
6edbe590
e620fbaf
3e0133b9
e379ca53
ee9487ed
7f5aa730
dad20a81
3e07745b
a364ad45
6e1496f9
61f5ba49
74ea3d66
3e00b58d
dc4323fa
af97630b
cdc5f4a9
2617c832
3e0cf7cf
d47624d9
7f332dd4
a8b5011d
3976beca
3e051fa1
64f7e67b
7db38465
cf7f0c5d
7f560c8e
3e011583
9ac09a28
f89c4d9a
6212bbdc
9d513d6e
3e06e5f5
7f61b238
69aec038
57304ad6
c9e67878
3e0ae177
b7ddc4c1
bca4689b
7f4fe952
56ae3d52
3e08bc89
dac10ca6
7f7cbbcd
c3fdcf87
66faad51
7f800000
f5a29515
5cd0200f
5d7735a4
4a298276
3e0b975d
78b4809c
7f47a1d6
7984fabb
f01ce2a5
3e0d141f
a8d595a9
6a10b1c3
b3cd7580
7f750440
3e02aa71
b84b94e5
42b3d891
61374c2f
6a5d2444
3e00e2d3
7f34fa1a
e72131b7
ea3f0c6c
ff062bdc
3e0769c5
500fc83f
33c5f994
7f3a59e4
cd443c08
3e092fc7
28928bbc
54e8f3eb
89ed7182
a1a75962
3e0d8959
ede555f3
e8b46d9d
e3dde54a
41631f0c
3e024efb
ce2080e5
7f1ebd48
b8edf7e9
b86e5b86
3e06fd2d
ae4ce51d
3045c65c
e0c96b9a
7f6e59e2
3e08d46f
e7b44a79
3190ba52
5c973af8
f3d3e7c5
3e07f941
7f3ad26c
75f02805
ac91757b
43798109
3e0d9423
d47b884d
d1fb4dba
7f54a966
2a246a58
3e0af195
51c864a2
da34d024
af8fdd33
d8ef83dd
3e09a217
c3146e61
f1a9ff5e
36df8680
f31ec972
3e049a29
e618a12e
7f6d28aa
fcd3575a
53e8695d
3e02524b
d7b370b5
3e41a242
64f8fc92
7f3561f4
3e07e6fd
d3a14a2a
7d46737c
278cc55b
7fc00000
3e0d38bf
7f725bae
6028fa66
6caa1896
0c572ff1
3e0a0c11
463bf19c
4c8f4f30
7f69e458
76497d64
3e042973
7f800000
e8c20bca
65d6898c
51cdb77c
3e067d65
ad313cdf
586d1ab4
e04f7a06
35ac89ad
3e093867
e9b36931
7f4a287c
5eac1ef5
f40d8d6d
3e02eef9
9d496925
5b265d3d
a82a9d66
7f2facf6
3e0ab99b
6a2e0c20
7311aa52
c0334561
2b6cc9a6
3e0354cd
7f2b9260
dac65651
e2b55e0e
f3e84870
3e07410f
97d739c4
feb87f76
7f2b933a
d142f88c
3e0de2e1
cb9bcbbb
56c2d8c0
7170751f
fc6c9ea9
3e01a2c3
51b75068
46ef78a7
904ad361
d46a5acb
3e0f0d35
89b0b8bc
7f63bd3e
447b0716
6ca7137d
3e04f2b7
93a744b6
5e7b497e
5aad0e5c
7f442768
3e0d87c9
716308e3
64850108
6f6130c7
630520bc
3e0884eb
7f396f02
ffdfa94f
c41e97e4
73f85eb6
3e0e469d
70f532d7
677bfd21
7f4eda8c
f73579e5
3e03ed5f
6cf2d534
57ca7f03
187a01db
40b091a5
3e087db1
7ae008ee
3e7b9650
5469756f
6f6ba684
3e030013
4297bff8
7f49c370
c7653fac
b508b0be
3e09a105
cef1417a
54e60a09
ffc00523
7f2939ca
3e09d107
cf0ce5fc
5955092b
ae26aa78
d7bc518f
3e096499
7f4b0614
928ac718
66a2a58a
6b205761
3e08b43b
7bfb2b40
7f800000
7f389ace
fd2d87c6
3e0dbc6d
49dce45a
75e3409c
ebade02e
6013a9b5
3e003daf
67cbc5b9
e75c2c53
74d90138
c0685337
3e0edc81
432957fe
7f581392
3fbb19bf
61dccc49
3e054163
fed4e37a
382eb147
6e25eb3c
7f39e89c
3e0b38d5
7fea5ce2
2e69b6d9
7159dd42
6668b31d
3e04d357
7f33a816
fe553762
33dd75ae
761fd1b2
3e0b8569
4a44f783
def72428
7f409080
757ce5dc
7fc00000
4b1d08d0
7abb45ef
e3ae9368
a01d9893
3e06b63d
76486a6a
7cdc96c1
4c550a9b
7a2bdd85
3e0931ff
d391ce89
7f47a224
5808b4c8
d46fd187
3e05ff51
ac2ed1ab
fffa0715
f296e822
7f59f45e
3e0566b3
e0dfbb18
377f4c0a
33476a5a
426a6ade
3e08d4a5
7f2a0188
02343a4e
505f2646
f759c8ed
3e02f9a7
1626fc69
77934eae
7f537422
9fa5e5c2
3e08ea39
5aa744d3
fb0343b8
e58cb3b7
43e5b66c
3e043edb
6cbd1a60
6aa11292
bc41e394
50f895ea
3e0e340d
c6bec47a
7f2e9fa6
5f4c15eb
70d31555
3e0bca4f
1cf51b59
756b32f3
fd7a1c58
7f30f990
3e02e621
5433321e
ebaf0700
4c5fc832
676d4a34
3e007003
7ee946a8
52f42e1a
7f800000
b12ae5ee
3e077475
df9e166f
6c575b84
7f3c1a34
c16c44f8
3e0143f7
d33acb41
737ecdbe
b7671a04
6e404dd2
3e069309
4ddfe526
c6d0ba4d
738567ba
620e2ca6
3e099a2b
59f66395
7f379898
fa1d3a24
d9607af6
3e0935dd
55e82417
e6e1d548
52ef395e
7f4490b2
3e05069f
d5a30774
f3fdc4c6
f40ed56d
d1da715a
3e0a90f1
7f0718bc
f317e2b5
3225deaf
6d9f0eb9
3e035d53
beca98fd
5ad6e42a
7f5b9336
dbc18e71
3e0c1845
d806c912
edfd5e14
75bcb263
42d3a5f2
3e0cb247
f236803c
c6275e6b
c1ea1930
d10b5acf
3e097fd9
844406ba
7f57957a
65171457
d4d6338c
3e05597b
77686f65
34bcbeb2
bd618e69
7f396e44
3e0cbbad
7fd23a67
7dcffadc
fd6e588b
e71eedd0
3e01e6ef
7f661b7e
bf75c993
d325f216
d70f2477
3e01ffc1
f12d5c3e
908b660a
7f584ba8
d6d45781
3e0b2ea3
e4fc79c8
5a4ed287
6789a851
d398180e
3e0bc015
5841830f
5f53d4a4
3e6e17b3
52aa225d
3e024497
7fc00000
7f4b3acc
6fa222c0
e643371f
3e06b0a9
e26f84c3
664ce1ed
ccf4b7da
7f4382c6
3e047ccb
5d977f35
b70f12c2
5e9e3339
7f800000
3e0dc57d
7f429fb0
59befa01
7d01837e
6e213f60
3e0f6b3f
ea0099bb
4b7952e6
7f0c2c0a
5a3d32c7
3e0e3291
ffc3a6eb
ebf5558d
583beb4f
a1b8ae5d
3e04e3f3
6fa82158
26d9b4ce
79e29e0c
d556cf1e
3e0b6be5
f2f8af5f
7f62e90e
eaf930de
df1f482d
3e0efae7
f816cfb1
53a9c2ee
28f6ad75
7f0d1ab8
3e032579
4a198056
b142bb28
54de9dea
e03680ac
3e04041b
7f2bfdd2
fac5bad2
ff6b1c09
54108052
3e01534d
e5b874ba
76b80ffc
7f39b8dc
ee69bb33
3e0a938f
d76f6f24
6de3f033
dd440edd
e9ed6517
3e042961
f786563b
1fe44a25
eac2679f
4a567c74
3e0d7d43
4013ee47
7f65dcc0
78ecb9f1
37919a2e
3e001bb5
42af7faf
8655e3cf
5c3c3f96
7f5cfe9a
3e0fd537
1b5735ec
aae393c7
d7f69145
6f62dbbf
3e03de49
7f12aa64
4a8f198d
7a4b57fa
cb5b153c
3e00ef6b
cec0aad5
837aae18
7f50329e
34a1d75d
3e0c651d
225bf2ca
5390c3a1
f49c1d9e
c0976865
3e005fdf
e0ba79b4
71873106
a76ad4ad
579e819a
3e08e431
fe7cb16e
7f544e62
99ac87ec
f057c9f9
3e01fa93
3ba3683d
5660046a
4f6c61ec
7f4392ec
7f800000
de42f3ff
59fae089
43979fa3
f46f1fcd
3e01d387
7f2855e6
d957750e
0c72eb96
af44a40f
3e0ddb19
f2fac8b3
cb26fb5d
7f46b5d0
fcd39de1
3e083ebb
e40fc7ab
738406f2
6289b9a9
9eec75c3
3e03faed
736044da
b049c7e2
63af8dcb
6e91b7c1
3e0dd02f
b6c77c39
7f109274
eaff1e7d
ff0835b7
3e016301
dc0de977
aed96460
69e5ec92
7f16f82e
3e0f5be3
a53f5008
7fc00000
c30edb91
71bf37eb
3e0c8755
7f370cd8
d3a7e466
bae455b6
d0aa2658
3e01f5d7
9b8a730c
f5ae6c1e
7f565af2
f719105f
3e061be9
51d85203
57c3d0a8
5351481a
e4d3f8b1
3e06f20b
5119e675
bb3dab02
a2eac584
56f19313
3e0d14bd
1ede6af2
7f373976
ec28551b
b76e0c05
3e0fe47f
b883a508
4e7f5823
49b5ec4d
7f462ae0
0001a4fc
eafebc2b
fb81d595
145fb492
77a9bf99
3e02a133
7f3757ba
9ab65551
739c1261
6c2b273b
3e0e4325
7db3c89f
e79df174
7f5b5684
f23d076d
3e0d3c27
48c2e2eb
3dd1772e
790c54b5
697d20af
3e01a0b9
6f6ee0a1
9ff19038
41dc7e2a
5e668aec
3e0a095b
b6350a45
7f2e2fe8
df5d4814
d22bee81
3e0cb28d
7f800000
4993aa3c
6e9e806b
7f0b2382
3e039ccf
da0511d9
6d8aed73
53baa854
f9773fca
3e01aca1
7f2d5b0c
3a812380
20a2c0df
9ca6eeb4
3e08ca83
2dfef327
e62b3c67
7f251906
69498e6e
3e0902f5
dd264182
1b2c12f9
fb32bbd6
a81f1178
3e00a677
66e8cbe8
5d7bfd9b
f4364885
d14dd4ff
3e056989
bb23bda6
7f32de4a
63ce883a
65bce4a7
3e0e84ab
6c4b3215
6c82ef22
55203ea4
7f43f694
3e07d45d
c2e4c697
29bd86e1
c98a41de
fd60bfa5
3e05f91f
7f54f74e
eaed66c3
6e986468
6056fc4b
3e037771
28cee13e
722ff135
7f3d6ef8
79d53690
3e0ed7d3
7b59d2b8
ddebf6b7
fdc7cc01
54be31db
3e01c6c5
37365992
f851c005
7396cf29
43d01508
3e0934c7
e2038491
7f6f491c
f2f415b0
f1d79be8
3e067659
7d7445f3
70802b58
fec0664a
7f3af496
3e0163fb
c676f600
dc408f32
b254a934
1d628c86
3e037a2d
7f64e900
b5972f5c
51f7030b
cfe11f75
3e03f96f
7c927a84
e393c413
7fc00000
6cd237ea
3e0d0641
4610a61b
46e78505
7b2c94d2
c9802e09
3e01c923
e3dd6648
1cfa8eba
7a304ed1
523f4d2b
3e0d8e95
5bc8d58f
7f800000
5a671cd3
5c85c0dd
3e03e717
b137fb61
24dd105e
c95c3c25
7f65ca08
3e09c729
7bbf5f43
490306e8
eb8b185a
fefd0bf1
3e0fa74b
7f70e8a2
4cf18342
3070e9b9
9550f054
3e04a3fd
c8e75737
4189dfec
7f50932c
55ab1be0
3e0a9dbf
705af049
40ab0563
59c7f788
c70771fa
3e035911
59e0116b
fe684830
ce9910e2
5d00dad9
3e0e9e73
f0faadd8
7f063210
1eebc55f
2736cc7b
3e015a65
d34b8069
2527642a
f185ab06
7f639f6a
3e0dbd67
514139dc
c84a6b6e
a11c9cd0
e90e6e82
3e045bf9
7f32cab4
73d99678
a6479e6a
f6b5d52c
3e064e9b
6181c185
bdcecb52
7f64e66e
677c81a3
3e0051cd
de63953a
c79ca351
592115ab
1c58eb15
3e06e60f
cf636d19
9c0f7076
4b8cad5d
fcd40797
3e0b6fe1
ccfcdede
7f53e532
50fd5a1f
4abbcba8
3e0257c3
6d62a968
59135eda
60e01f1c
7f42393c
3e022a35
5071122f
5eb96244
09e27772
6fc957b8
3e03b7b7
7f429fb6
f0e982db
2e45ae60
60d30e3f
3e0b34c9
e7263de3
ac34da08
7f4a1720
c15c1eb0
3e0259eb
ffd5f955
49516768
7d543f59
f5b04fb6
3e0b839d
fec9b34a
d5161d0c
7f800000
77619b00
3e05d25f
50aa2de9
7f1afec4
fa6e5aa8
c6907de7
3e0a4ab1
e45e59ee
fffb0f50
c3189a6f
7f5217fe
3e09f513
f50658f8
e56c47f7
f3117fac
695f41be
3e04fe05
7f45d428
c260b709
33e83a23
dd2b1e4d
3e02d607
e021eae4
6f83de2b
7f4d9dc2
5775f68f
3e035199
fedc6ef6
d7dc99dd
92952817
7c37e461
3e00c93b
d08e3525
35325772
dbe8db74
7fc00000
3e0b396d
7f58a55a
7f466f46
1aed3341
2fa22890
3e0462af
e1d432b9
7a0ab696
1cd09a38
7f519830
3e04e981
7060ab5b
dd9dfc45
bd5c7ebf
69b47949
3e027663
7f1d508a
76fcb647
7540d43c
cc81d4ce
3e0ed5d5
7ae6bde2
f4e0a3d9
7f650ed4
450eb2d8
3e081857
3def7ea1
662d6cc5
5dfc5365
51f382df
3e01b269
de12e806
f87d7d28
63e2289a
62225f31
3e0e9c8b
fb7f74f5
7f3f8338
e2038a04
4e1fb5d6
3e04733d
ab622877
4a722a2c
a1818d1c
7f771252
3e0f96ff
061b425d
45b4f2a3
13138f06
e1eca242
3e004c51
7f5a995c
c966a670
9de62398
f93ca8a4
3e08dbb3
7375865d
7ff8cd0a
7f563ad6
eba37bde
3e04b1a5
6f18bb1f
ff5815f4
717b48c3
7f800000
3e007ea7
5b4fe278
7318c0cb
91586336
74e8b32f
3e0b5739
34ad39d3
7f14031a
205ffeaa
ff609e01
3e08d3db
36beb8c5
7d333392
ba95ac94
7f21fae4
3e0c310d
d49506c4
f118d691
6bfc834e
2730b255
3e046f4f
7f43ef1e
20244cb6
d29d5c9d
48c7004a
3e017321
31ed431e
e1a054ea
7f164e48
507d9334
3e0a2503
f9819fa8
2508fee7
796373b1
5d433ab2
3e0b9175
f9a18d88
fd644979
e28b7456
aa441fb5
3e0908f7
66d7d4ac
7f63536c
54c67705
45636ed2
3e054009
748c9626
d51bb74d
f053d707
7f7b0266
3e0c6f2b
1713d8a6
cd051fa2
f0804324
1c36b433
3e0772dd
7f2f6e50
7aa6074c
56356402
b9642e25
3e0feb9f
d2ec5074
778de1b2
7f27f1aa
ec0dbf27
3e0d5df1
7eadc94b
21c8ffb5
fb63dd42
7430f1c4
3e035253
ce7e0b4d
c80ae52a
280c89f0
bc11fc5b
3e087545
74baea12
7f5a94ae
b6902566
f2398188
3e0eb747
f41cab11
6c0431ce
7f0b1230
7f4b3558
7fc00000
72720073
3ae3c91d
2a8126ca
62b35c8c
3e066e7b
7f3d2f72
4081e3df
6cbbbb69
f4909d83
3e0b38ad
bceebf67
ed3d8831
7f40697c
521466d0
7f800000
799d3f04
384778b4
72eccc3d
6741026a
3e090cc1
33c6f09b
4b300f20
5e79a552
e4f7c454
3e0163a3
ad17224e
7f47c360
a047f551
e3b237ab
3e005d15
7982f622
74a8dda4
32516a76
7f121c3a
3e0e8997
3261f1cc
f57e1382
5f6caaa5
7a781c1f
3e0ddda9
7f386704
aa733368
cfec2545
4783f271
3e03d1cb
cce29c35
e7a4542f
7f3bb63e
ac917216
3e0c827d
59b2cbaa
eb430701
4c4c24db
6b01f860
3e0ed03f
d395a194
60ff60dc
1a7a640c
57cf127a
3e097f91
4698e04e
7f4bd802
5cd4c162
20b2fd27
3e0158f3
e8fa3a58
76faf9d7
fcd05c21
7f22db8c
3e0848e5
e8355632
b25e3fe9
d1b74646
2c68e550
3e057fe7
7f278586
473013ee
f40eca75
28ae5f02
3e069279
c4925713
645e78bd
7f67b470
79c34141
3e01991b
f32bf005
ee2cdbd2
abcdc909
6f611c23
3e00504d
ef03bd01
dcc1f8fc
d3f8178e
479ebdf0
3e0c388f
ee0ce399
7f33e714
e4bfdb98
ee22c08a
3e03b661
c39ee75e
94b52477
1e214c9f
7f1053ce
3e003243
f8496b6d
dd3b262f
d9e9d39c
78d8eb2e
3e0538b5
7f535778
4d46c4b9
61328353
c802aefd
3e009a37
7f800000
50c8d3a1
7f2e3c92
7aa15712
3e038b49
7f6ee266
ff3b168d
7f4798fa
f53dfe3c
3e0cc46b
7dec47d5
6dde17e2
26f32564
be71b173
3e0ba21d
296c73ca
7f414116
d25c2e9e
331e4469
3e0444df
4979c469
f1408e83
f24c0728
7f304180
3e0cb131
bf849fe1
440e4bd0
caadacef
cb653694
3e0aef93
7f0d255a
c623aa77
7e26d42c
e0d20a3f
3e0c2c85
7fc00000
aa66b954
7f264324
6d1717c8
3e0cd887
b7339e51
fb20460e
3ddb7070
ca50490f
3e09c819
4c806757
62b3385d
e9d5670a
c668c6cc
3e0253bb
ba2000c0
7f289288
dd34e6a9
f619311a
3e0377ed
dfc605ea
121c1b8c
7d72e2cb
7f3d5d22
3e03f52f
f2f1e939
bc4b9bd3
cc61db7d
a2f9ad09
3e097001
7f3bd3ac
b45baac5
574ab13f
2e19d26f
3e0e90e3
5917630d
553138c7
7f53f8a6
73693d4e
3e022455
e7b0b14f
23183837
eb6309f3
456d0e9d
3e073ad7
d3234521
6ca8a7fb
eaed41e5
27c44304
3e0e48e9
f8ea0703
7f5003ea
6de8091a
2861c5b1
3e0f470b
6d660375
71ad0b41
6e2cdb79
7f607b34
3e0cd1bd
578e8af7
e562aa41
3fd9ea1b
61356905
3e08497f
7f3802ee
7f800000
f168e94d
4d41d907
3e0ef2d1
2dce2805
fe947295
7f1fe998
f280ad24
3e081633
f8b924dd
ee20e903
76b3b14c
d447845e
3e0c2025
4e5a1e72
4aaf3a74
c35f6fc6
cacc1ae8
3e0cc127
17cba04f
7f1459bc
622571b5
a97d45af
3e060db9
742d2d96
a8552938
bda65b37
7f68ac36
3e009e5b
95dcdcc9
f6fbc412
4feb1114
9f20c963
3e0caf8d
7f3f2fa0
5cda933c
6b0e556b
66e100d5
3e0e41cf
d9d7fed9
f4f56273
7f4d1e7a
7a4bc0ca
3e0239a1
04a33b27
6e253e65
37b739b2
b41bcd69
00019f06
48f14c28
66b9cf9a
c29fda31
56f8cf8b
3e0f1ff5
6ce04def
7f1d147e
f94f2093
cb0baa78
3e0a6b77
fe1f292c
324e273e
c317a5ce
7f3a5ca8
3e061689
d1766c3f
f012b5cd
423fc93a
a8cdb130
3e0359ab
7f45d242
e21c5022
d31e61c7
5b636476
3e08115d
bfb1b409
f8839bcc
7f363bcc
fe83034d
3e02de1f
b1cfefa9
ffee1bc3
3ae290ed
47e992da
3e084471
3cd236a4
7fc00000
f7e7962f
3c733239
3e00ccd3
31cf6bb8
7f4790b0
6da0b859
ebbec6db
3e0023c5
c2947a92
3f1158c9
ecae7de6
7f3d750a
3e0d39c7
4d905dbc
d9789deb
7f800000
5e281b62
3e036359
7f307f54
c48ae79d
b7977bd7
e11d710c
3e0478fb
6ec63ae5
5fc73032
7f19a20e
44dff803
3e03f72d
7b48961a
ebdc985c
fc53580b
8fdb996c
3e031e6f
ad3613fe
567ab913
b5e06cf9
1de138ea
3e061341
f27fb5be
7f7126d2
d71bb5d2
f4cadb09
3e09fe23
62e63f48
2d5eda07
e38522fc
7f5279dc
3e042b95
6beb26a2
2e967599
ef9862f6
f649e598
3e022c17
7f3c0756
db597cb6
5dbe1925
4df00ede
3e02f429
ed4a1443
66d05fe8
7f3c8dc0
6a31fd9c
3e00fc4b
47ddbc90
a5e2e6af
a4c710c4
dfa0aa96
3e0560fd
6fc01c37
344e8d81
ddd55cfe
981fe0eb
3e0c02bf
f15d0614
7f284b64
e499d088
7e9cba47
3e00a611
5863e66b
8c79b8e0
eea571e2
7f56ab9e
3e0d1373
f9a6c6d8
ed1f0dca
ff3b22a1
9d7b689e
3e003765
7f5c96c8
3bdc003c
594fdc05
9b6a8fad
3e064267
df38a2dc
625abc6e
7f6d3762
2e634f82
3e09c8f9
3cc7511e
baea2f78
ff389f6a
532d47c1
3e05e39b
56959b89
60231aff
2cf9a0d0
d9ce2ba6
3e014ecd
90d6dcea
7f4caee6
cf43000e
763e89e8
3e0a8b0f
4c657ca4
b9439fab
e680ea5d
7f800000
3e0cfce1
b645efde
c83c95a5
cc2e3f1f
484ef8a9
3e070cc3
7f5bd62a
d3011fda
883097a3
ea6413ae
3e094735
b56f372f
50d87b39
7f6bf374
2e62f0b8
3e067cb7
7731b36c
c73a6b7e
a09c31fb
769ce792
3e0ce1c9
d2cd72e3
7998b308
4f35397a
3acaf2bc
3e002eeb
6fd073b0
7f665dd8
f69ea9e4
c0fc40b6
3e0cc09d
dd0bbcd7
c151460c
7fc00000
7f5303f2
3e0bb75f
b91a5ae9
c9223100
7410102d
5f9d231a
3e0017b1
7f3e09fc
f7ae8850
aa6bbf6f
5a856d79
3e04ea13
558583bd
938d05ea
7f435276
dad68c1b
3e045b05
62ae0b7f
e51f6409
148b8a26
5e461b4d
3e0fdb07
efb644d1
f42c2e8e
4a1ff3cb
d51fd3a2
3e013e99
d3895ff6
7f3be0ba
72a5a78a
6c137161
3e0cde3b
6cfa55aa
380df872
e9445e3b
7f4c7784
3e0cb66d
06aa1de0
ab410a46
fb7a0d4c
cd11e3b5
3e0c87af
7f3632be
b9b8158b
6104b9fd
74f6b707
3e0ef681
64ff405f
efda5945
7f1740e8
2ad02649
3e03ab63
790c9588
ffeebb47
5fbf4f11
3015a5ce
3e0672d5
c09e83cf
d59b90d9
6187e2b4
1f5b2d1d
3e0f5d57
2332b08c
7f2f5c0c
551f3065
6ca513b2
7f800000
cc686183
d4eb9cad
e362e99a
7f28f206
3e08f18b
3ff3fad0
bb037c80
e7cc1304
2cc440ba
3e06303d
7f312cf0
5a4bd32c
48e2613e
a1ba978b
3e09fbff
ef3f2889
bf35e8a6
7f33274a
69e5e33a
3e0e9951
e1047bab
da1f4115
e885aa22
ea542319
3e0050b3
55dded18
bd464e0a
7b136084
d19ec6bb
3e048ea5
f1436ef2
7f2ab04e
f163fdc3
e2844768
3e0203a7
483c9670
6029f0ae
55738035
7f303ff8
3e01c439
e25f6616
4fca75b8
fe85ffa8
a8d7086c
3e0168db
7f3fd112
d726543f
2cac6ac7
68a3f7e6
3e0e2e0d
263f467a
45a42391
7f1f0a1c
fbc5d8b0
3e01144f
67bfdee4
f6f43db6
ee8a4e58
1b43fdd7
3e040021
dbbb541e
c0a8f363
f9290a32
3cbc200e
3e07da03
3e4df8a8
7f629a00
e0cd40b1
7fc77a0b
3e03ae75
ed5f1302
7c586d84
7a72a520
7f3aa9da
3e04cdf7
eee37dac
47dadd1b
b285b58b
5036f353
3e07ed09
7f2813a4
faeab44d
a0e4dc07
7fc00000
3e03442b
7bd051f0
5dc880a2
7f43a9de
342e5cf5
3e09afdd
ac90afdf
576b5a61
f9795b5e
2e2e0b25
3e0ed09f
f0990629
2283c339
6095cf6d
8bc2a28d
3e042af1
7f800000
7f78d1a2
417a28af
ee647ac4
3e074753
7cf812fd
d03f9e37
39b132ec
7f3e142c
3e08d245
6d7bc4bf
3b81af49
67f1d666
df535a88
3e04bc47
7f252526
a11b086b
cd972bd5
7d3ccbe2
3e0359d9
c633bc36
4b53061d
7f25a310
dc84858c
3e0b837b
31b64b80
c445c8df
e759e869
97285283
3e0db5ad
502576a5
6e5accdc
5700766e
6762caf5
3e0030ef
e9de5af9
7f452bb4
9d233978
dcd6ae77
3e0419c1
adfa7e3e
569bc820
3f34dcff
7f6a1f6e
3e0b98a3
d1ca80cd
b326f03a
4edb7540
dc35ba0e
3e08fa15
7f5e9218
fb71e6a4
e920d09c
7ede9c5d
3e0ece97
634c1acc
5ecf29de
7f3f8e32
e5055bf2
3e090aa9
f984eec3
a01a8c68
a7e184a7
53dcb21c
3e0726cb
7aed7910
eb4a792f
5c485544
f494e316
3e0f3f7d
c899feb7
7f0db8b6
cdd0a57e
fb458ec5
3e02353f
ff416a94
e82cb4e6
da263d08
7f5b4820
3e08cc91
b08b50eb
bc0f3f3a
e1f9354f
4868c7fe
3e01cdf3
7f1e62fa
95bace4a
6a56e921
acafeb14
3e0925e5
fa87f732
45b66ce9
7f431fc4
6eb4422d
3e0004e7
e30e69b1
5f878b0b
752ae775
3068542f
3e0dff79
6b354c13
7f800000
eac09fea
7b21d2ac
3e032e1b
75c34d05
7f35e528
794187d4
c4955123
3e034d4d
544ddd07
e4ad96d1
64d3d52b
7f2d06c2
3e01dd8f
616f35e2
e18759f6
672c88dd
b61635ab
3e074361
7f4e3c4c
c8dee740
d511f751
22124b32
3e06e743
fa02e86d
3ca7805a
7f494846
ff343c2e
3e0e55b5
699aeb42
4c7b31b9
ca332196
f5f33d38
7fc00000
5d7487ec
c9b6b3fe
da3b4b45
5199a584
3e073849
23549366
7f6c998a
71debd47
4e14ee81
3e0c996b
28d37030
11b678e2
4ba72e64
7f32efd4
3e0edf1d
3150f4ca
e6cddda1
74303f9e
6e96f080
3e0c29df
7f437e8e
3d6c4383
45b3cead
aa21c567
3e047e31
6de9138b
7cdbc4d0
7f395438
62b6a3f9
3e07e493
2f7dbe76
596d6f77
46c87d2c
efc8d699
3e0d8985
bb5a3352
f83d8254
512162a6
541df0dd
3e0bdd87
53a9eb51
7f615a5c
73d6b315
f7ffee0f
3e09b519
65f75876
6f33f718
b7de0f97
7f20d3d6
3e0068bb
67d080a5
dd3b48f2
549a48f4
74c20246
3e06f4ed
7f626640
bef0e871
e451aaae
52a05e10
3e0e1a2f
ef605639
757e6016
7f2f0c1a
70a799aa
3e057d01
f6d40adb
7a1a07c5
7f800000
e9d77cc9
3e01c5e3
d12b0208
fb2f607a
4a317591
c6eee1eb
3e0bc155
f135564f
7f48681e
fd677ef3
5c6a4b9d
3e007fd7
2f9dd221
5c3bbcfb
4e86c300
7f69df48
3e0a75e9
f3ffb186
d73c5b2d
3652ca1a
7048ec5c
3e0b9c0b
7f202be2
f6cda26f
b27bd784
b07b7d13
3e008ebd
6c486cea
3a5bb741
7f67d46c
6200bf25
3e04ae7f
28dc92d6
262bc223
d09fe64d
ccd203d9
3e0f3fd1
7c34459a
29ab0f95
0e963a9c
e61fb624
3e018b33
fb4df998
7f35df50
36472992
279e9560
3e0dfd25
ecbd929f
0cef17cf
b5cdd843
7f1ebaaa
3e004627
b69c7cf1
977c1922
d5428eb5
f7a5eaec
3e0e7ab9
7f6c23f4
f24ac4fd
ebcf204c
f14bdcec
3e0b335b
8ce1c452
c58be512
7f3ecdae
e34dfe63
3e00ac8d
2583e6fa
6f157c3c
e644bcce
cd9ad530
3e0ce6cf
49ba6364
f343d773
b6aeb81d
4bf441ca
3e06c6a1
6a23257b
7f57d872
476fdab2
77af80b4
3e043483
7fc00000
968693fb
79ccf6dc
7f52aa7c
3e093cf5
319c0382
4272ecf9
c5f39dd6
c48c7706
3e083077
7f47def6
3bc6b83e
70fd0285
4b569eff
3e0ac389
9e5b0a76
1fa3b2cd
7f3ff460
7f800000
3e0c2eab
c9a86c15
75edfbad
58ce50a4
6c5e5576
3e0c4e5d
b64b350a
26325248
d17f39bb
baf479a5
3e03c31f
75331ca9
7f578804
eac31668
9ce753bc
3e011171
1ce148c0
77978e29
da35bb2f
7f4faf3e
3e06c1d3
b0f904b8
e6ed80b7
4e3f076c
e936df7e
0001fb60
7f564968
fe4305c9
7a5a2ee6
f628f90d
3e053ec7
f27d46bc
5f5672eb
7f1a4102
79e67c62
3e045059
ed1434b6
793c2499
7f01684a
6e48bb21
3e0b8dfb
5e9f17e5
76a1d132
29e27ee9
05613e1b
3e08742d
f85d06e7
7f295e86
ab22eefa
20e55975
3e06436f
bbeb8c84
5a45ae13
b5973d36
7f61a570
3e032041
e4fa46be
7de23f05
ec698f7f
470f71d4
3e063323
7f29cbca
fe6bdf07
7f4b0bfc
c5a0f72b
3e0ec895
d47a87a2
ce61eb24
7f38c814
6d3e3add
3e047117
fcbcaf4c
5e48223b
3b23f625
699af39f
3e002129
0f8d0bf8
7851b8e8
f6e9c727
5cbea5f1
3e06514b
2a8a362b
7f542878
daa699c4
bd90a915
3e0a1dfd
c7bce137
453731ec
ee50edfe
7f406592
3e0167bf
ff42cf14
e5360d66
b87a458d
e2debf47
3e01f311
7f596a9c
6eb63a30
e505d2e2
ff619864
7f800000
ed06dfd8
df106157
7f4ada16
dc34f67b
3e031465
5bf0c7b2
579c0369
5c802583
e934ea1f
3e02c767
bc26d031
6179358b
62fa75f5
71a413ef
3e0335f9
e9dc4693
7f372e5a
6ae6f177
5b9454c1
3e09789b
3ab07b85
6a4d7fff
37414c89
7f60e424
3e064bcd
ed4ddf87
f2953d51
be96bfab
2fca3370
3e02300f
7f64e65e
7fc00000
41f9275d
56489197
3e0289e1
d7a300de
58cb83c0
7f032388
452625a9
3e0fc1c3
ff7126ed
61d807a7
2f353a71
494964ae
3e046435
ff115c2f
5ee87444
0734e02d
c7074a7d
3e0d41b7
40345c6c
7f5754ac
6aaef9c5
ecadd83f
3e028ec9
2cfeebe6
dcb08c08
75f93fc7
7f3551a6
3e0203eb
ea353355
f5022962
a80cb2e4
65dc31b6
3e01fd9d
7f2fdb90
71806f0c
bba1c81e
c454d14d
3e059c5f
aad3a34c
76779e03
7f55ccea
7eb987e7
3e09e4b1
ba961c30
78b89275
da62e46f
edf8da79
3e03df13
5fff8af8
7fffd1f7
d5ae8941
ee14211b
3e07b805
ccc83384
7f3b3bee
cddc3b26
36e51834
3e00e007
ad0e91d1
6f0d882b
3541e5f0
7f643a98
3e032b99
d5ca50f6
eec80398
67ddb217
7059844c
3e0cf33b
7f800000
5bbc549f
640f6d74
3e351ac6
3e02336d
6fcc275a
24ea7b9e
7f3d9abc
5a9700b5
3e08acaf
eeb10cb9
e23c0b53
cedbcc38
426ea237
3e0d0381
4c6c0afe
c826b2de
498b48bf
f52fd349
3e08e063
eab66e88
7f1e60a0
4052a63c
32bd7615
3e020fd5
737528cf
bc9ccd64
58ff3973
7f3ea77a
3e0aa257
4693d98c
f94ac77b
69460d65
f4774cdf
3e0a0c69
7f49b044
b34a246a
d8b7aa9a
14c5f931
3e07468b
77ad73d0
bbb2b4ef
7f100d7e
2ef09f3a
3e0bed3d
a4670891
7aa1bdc6
357fc99b
65405c20
3e0860ff
68fbd589
4dc899a6
3e453fc8
37e4ebb9
3e00e651
b90550ab
7f433b42
72fb0b23
e47abaa4
3e0bc5b3
ed4a005d
7f67cf05
e16f6ecc
7f3d3ccc
3e086ba5
e5c6851f
7662a7f4
f530b2c3
445c3fed
3e0788a7
7f4934c6
d81341ae
d7b10d0f
976388c2
3e0c3139
6f6523d3
f51ca37d
7f2881b0
ea3db16c
3e0dfddb
fc6f72c5
7e537592
7fc00000
ef9a18e3
3e042b0d
4bbd877a
fcce70bc
e93c254e
aff7ec55
3e01b94f
6711e7e4
7f2c6054
7e4bd69d
f5d942d7
3e0a8d21
e19d651e
47a509e5
548bab32
7efa2534
3e098f03
7daca62d
7f800000
c3fb0db1
c6afcf0b
3e0fcb75
7f40bcb8
3b86f684
dce05656
53400ff8
3e0492f7
e4e32723
ecca80be
7f324fd2
24df517f
3e0e9a09
bba1f826
0cba436f
b8972aba
8519724f
3e0e192b
780239a5
50dfe1a2
9485f496
d5f34df6
3e0fecdd
e467758a
7f44a056
ccdc6c5e
e2557b40
3e01b59f
c99e3329
f69157c6
461e4310
7f2f3ec0
3e0ef7f1
618bb02e
0d1a39c3
dacf9f42
9fdf3db1
3e0f3c53
7f53109a
6be49ef1
6d49dbec
47bb27fe
3e0d2f45
eab929bf
23aab914
7f59ec64
b219778d
3e0ec147
fceb4511
6e2add6b
7596c8d5
299f49cf
3e0646d9
da59ad36
f846431d
b728e357
6f0981a1
3e04987b
2f618480
7f3e27c8
7d3c1569
f08c8706
3e0432ad
eb93c967
37c92231
642cc76e
7f422062
3e0555ef
eaffc7f9
7380a893
d8fc463d
b1c53a6a
3e0326c1
7f4c94ec
f5036d85
b4ffe74e
fa9a5e89
3e09cda3
6777d04f
763fe187
7f2d07e6
3d228b0e
3e059715
f954720f
853efb24
bbcb4c76
3dbed95d
3e031397
dc2a5be1
2883ac61
ee3864a5
2a9ac978
3e0837a9
3ae3ddd6
7f709f2a
7ffb09a7
19098c71
3e0e7bcb
d184d635
f3949e2f
7f800000
7f235474
3e05fc7d
a728c3b7
9c5b066c
5156367e
325f6a60
3e099a3f
7f5f6a2e
756465e6
cf861608
59cd41c7
3e0c1991
d4a525eb
7e6a36b0
7f31aed8
73f1ab59
3e0642f3
13ba6c58
e7914f4a
5cec190c
789300fb
3e0e02e5
e5c25e5f
fdceed71
231f8003
0ec8b588
3e0e89e7
65f5405c
7f3e4afc
fc4b0475
7fc00000
3e096c79
ccc6d356
7e21f2bd
f9efa0ea
7f0b6b76
3e08c31b
d67893a0
dcf71dd2
591a190b
491bb526
3e0a4a4d
7f368ce0
fdede3d1
bdc1b98e
2e11f395
3e0b828f
fca08a24
32d04af6
7f3c69ba
7addc28a
3e0ed061
cdd2953b
c6dde125
dfcb169f
3c4b3c29
3e019c43
60c287e8
ee1e4a27
6672a59c
5aa38d2e
3e0b72b5
eebecc42
7f482bbe
ec8c9296
7fdad638
3e0e2437
e17130ec
b03e44fe
eac6fce0
7f1c51e8
3e0ee549
73ce4466
fbbf848a
4cbc1afa
e5dfd03c
3e006e6b
7f27f582
7be2d9e2
30d60fd9
76e3aa36
3e061c1d
5c5b2457
f813838c
7f0d5d0c
e2e62980
3e080edf
fc4954b4
e189c406
b91e4bad
785a4a67
3e004b31
1a06bf48
225620f5
1e9bf6ef
06140f78
3e08d993
d7ae5778
7f391df0
b55e262c
7f800000
3e02e685
eaca22ff
7c1ce789
dcbc13a6
7f2f704a
3e0ee287
c5e43851
57ede80e
d7d36270
51bc6522
3e0da219
7f0db894
c357b25d
6054690a
14f918cc
3e027dbb
47ec5da5
6914e9f2
7f3c694e
f01e94c3
3e0e71ed
6fb28aa7
838cba31
72258ccb
2a1b0688
3e0c3f2f
fc12c339
e699d116
a6b3557d
b4c4860a
3e058a01
5e73537e
7f2ffa12
3d1d7b3f
d6d929c9
3e08fae3
e7aedb08
b235a17a
7b6f9abc
7f2acb1c
3e095e55
415dfb4f
46f37459
a46c28b6
f3287158
3e0dc4d7
7f4e2696
fb309f1e
e73afbe5
ccdebf5f
3e0aa2e9
7eb97103
1900d9a5
7f3c4b00
e2c95fb1
3e0bf10b
f9ddb050
78c0c76f
616169d5
af16174c
3e084bbd
651a14f7
2c18c441
d96ababe
1571b8a2
3e05137f
519b45d4
7f50b4a4
75222c48
1fd7e307
3e038cd1
0f6b3b16
ccc5ac95
cb153ba2
7f2522de
3e0f0033
71351298
f2617517
fdc2b961
4b09a65e
7fc00000
7f5aec08
38dc4529
c98c7089
c3857e6d
3e07cb27
752f49f1
75d2954b
7f3cbaa2
6c21f942
3e0ae7b9
47219e53
6b3cd748
4c8c812a
55ac85ec
3e09c85b
77151bef
05770d70
bd4c6e49
655f3363
7f800000
c20ec347
7f447e26
b319ff6b
57ac3ad5
3e0f8bcf
41c66c64
3875aacc
b76ef3d8
7f611410
3e0f53a1
f2a43a7b
52a6f865
527c7bb2
1a6c2769
3e07e983
7f6f316a
d6e4cb67
3e485fdc
23aa816b
3e0759f5
577697ef
587c59f9
7f338cb4
4648f83d
3e09f577
6e1e7b2c
d353493e
4f4a9711
56d10cab
3e037089
4c7eafa3
5eb8afcd
6e9e4b3a
db88aa7c
3e0903ab
505d091c
7f30e318
2aca6b19
f1e5d8b3
3e048b5d
cc4d9597
52522de1
68454ebb
7f273732
3e08a81f
7d5f223d
24cccebf
4a6e1bbf
ebb914da
3e0dde71
7f14bb3c
e9b626b4
735f0fc2
7b2b4844
3e00b6d3
4a34ae7d
45ec67aa
7f54d1b6
90c47082
3e08ddc5
f6755c3f
feb8b2c9
fa766be3
2ceda48d
3e0143c7
e1396b91
f1c53c4e
fd182365
d3f8dd62
3e093d59
600425b6
7f6debfa
089675cc
747b4821
3e06a2fb
57aaa100
653f205f
6b66ac5c
7f4740c4
3e00f12d
d9d38be7
75c688b1
2e38020b
5a6d7675
3e0d686f
7f3809fe
54afcd56
a292a4bd
587b4041
3e042d41
e48d651b
a7bedda0
7f41f628
7b2c3509
3e066823
b51f7c4d
459ce407
4604f4fc
b0e7cc2b
3e0d6595
7f800000
a6b64f7e
42a644f6
37ac1798
00015c8a
fb94d84c
7f433d4c
61606a40
f8e9d89f
3e014e29
79de0ec6
57ee976d
fd154c27
7f482146
3e0fa64b
a4efe4b5
aa772ebd
33fa22c4
ef20cf53
3e02dafd
7f537a30
6e66a781
487f195b
6ab746e0
3e0accbf
6d1df749
eab7be66
7f37e28a
fe1034fa
3e074011
7fc00000
4d1594b5
5db5accf
d4a1a1d9
3e05fd73
db1af8d8
74cc0fcb
51e32d8c
5bca0b7b
3e09f165
c94168b2
7f34378e
6ca03e06
aeb346a2
3e034c67
ff2a9d31
d4a4ad11
ab2a6372
7f0f2538
3e00a2f9
41753348
49a01631
8efcb677
4af2d02c
3e010d9b
7f396452
7e1be4ff
ecb23554
77ef20a3
3e0f48cd
3f7f583a
78c63f7c
7f441b5c
54282c70
3e0dd50f
9adb3419
758c431b
adf5649b
d911030a
3e0c16e1
c11411de
ce8bc2c2
6364c3f2
b6307bf4
3e0c76c3
e570a3ed
7f631740
7dad5a1c
7cdfaecb
3e038135
fd57812f
73c95539
578a3bd7
7f46151a
3e0806b7
464e5c01
b8498d7e
b7d956c5
6f113d3f
3e0c3bc9
7f453ce4
e57c6508
51c9647e
ee60c4bc
3e07d8eb
f56ad055
e34a3d4c
7f48e11e
745022b6
3e0b3a9d
f5b246d7
7f800000
bd7e73fb
bd60ee26
3e03815f
e3c6b4e9
90795301
5e8365a8
51040ce7
3e07b1b1
6e18130b
7f5314e2
26efa60b
b5b04827
3e06d413
388a23f6
65af07ea
e9539641
7f48556c
3e0f1505
fcfad57f
8e5a1892
cfc0ec26
d4d9b648
3e05e507
7f3bb466
f8685d2b
7071def0
c31a95a2
3e091899
d3506233
d0f71c98
7f585050
dd95ad4c
3e01083b
d10c0f40
b3c13a72
69d0b674
790a4bc6
3e0bb06d
4ac3e85a
f3d4e49c
c727a9e8
6a939340
3e08d1af
218579b9
7f5184f4
f8ef6538
d1fa1b2a
3e0f1081
42686a5b
160e7ac1
f818adbf
7f5f06ae
3e021563
ea144788
f62841fa
382de911
6479e0ef
3e01acd5
7f61d758
d070d664
50b9a136
659afdd8
3e09e757
a5e9028c
bff3dc7b
7f6e8172
f92f31df
3e0c3969
ce1bcb83
73488828
d3e06b94
ebbdc631
3e099b8b
ed9aecd0
4d313e82
e188ebf9
f0b708d6
3e05aa3d
e1b68931
7fc00000
18ab5e9b
ce701556
3e0ac5ff
d7a52a54
ccef4aa6
ce6c17b4
7f542560
3e073351
cf6a25ab
f4547b15
c7c46c5c
7447c3a4
3e0b3ab3
7f532e3a
565d500a
3bdd97cc
f7c6aede
3e0048a5
6a936a1f
9c8c5ba9
7f800000
42b8f106
3e010da7
59623071
5242bfcb
c462632a
47cb222f
3e0a9e39
701718d3
f6a3607d
b74e01aa
f5985a6c
3e0e92db
53cdcfc1
7f695a68
fa23c4c9
5e9d4de4
3e0e280d
fea545c7
eb91ce44
a279f64e
7f64aa02
3e065e4f
5bd7f0e4
76a506f3
6a6a8058
c8fe834a
3e051a21
7f1edd8c
7aabeb00
73424c19
f20abde9
3e0f4403
688d232d
fa27321a
7f673786
51ac29ee
3e0fe875
76d0d502
471a9079
3d3d0513
739356bd
3e0857f7
58d6cfac
9de2071b
b6fc8e05
5b2bb67f
3e094709
fc06ebfd
7f4414ca
549a6bba
e6a81efc
3e0cee2b
bcb8d795
d668068f
7c9fe199
7f59a914
3e0a29dd
7fc93817
49551f5c
ef6dd93b
be0bb440
3e089a9f
7f33c5ce
af956043
f32cc96d
c31c4e27
3e0dc4f1
210b012e
70108033
7f30f978
0d278cc3
3e0b3153
3b08ea38
b89ee82a
d2d684ec
d652b8fe
3e058c45
2d9a8ebf
506d0949
70713866
b2a30c88
3e0cc647
b3f8a0b3
7f132b9c
afa5fd30
95618de2
3e0d33d9
50139e36
a6ef02d8
675ea9ca
7f107316
3e01ad7b
7ecbe365
782742b2
7e624269
fc03bc83
3e0eafad
7f23a380
72b4ef31
5a6d186e
7f800000
3e0e7aef
386534f9
eac785d6
7f5d375a
77e63b6a
3e0633c1
2317a03e
1488b89e
c8410842
210f0b89
3e0c02a3
6fefddc8
dc1d723a
5e7d697c
f1235c0e
3e063415
5ef8170f
7f445f5e
c8e63d92
b1348102
3e0b5897
e4fc6ccc
49ad4bde
6f2441a5
7f39b488
3e0b64a9
602a58c3
ead2d5ed
7fc00000
5d725971
3e09d0cb
7f452f22
fc6e96c2
d70fe739
ab6049d3
3e00b97d
eedb88b7
34672e01
7f4ed5ac
3b6648c5
3e04ff3f
edaf4dc9
42f6bee3
4f75c10d
734546c7
3e036691
eb22faeb
3cf92fb0
5373e462
f3e29859
3e0eb7f3
68d99b92
7f394c90
f5b00321
5fda15fb
3e06dfe5
f5f8435f
d504e334
30493503
7f5795ea
3e010ee7
fd1603b1
f9e4350b
d96f281f
3c270202
3e08d979
7f3d3d34
84c9d6eb
d7f518f6
941e6158
3e02581b
729e4ca0
f85a3ed2
7f3a74ee
5ca976f0
3e05474d
fd83e707
34f2c885
e3448a8e
9dfc9095
3e09278f
a0eaaa99
e801c99d
bc092698
cc79438a
3e0a5d61
add3ab09
7f618bb2
48551472
51c28fa2
3e005143
6b63e0e8
72c5cf27
f3dfedf1
7f42dbbc
3e0c8fb5
f13813af
b3b00bb9
5a366253
57b4e5fd
7f800000
7f36de36
c1470c5b
d195b5bc
5981ba12
3e0a9249
58b4f763
e2570d8d
7f5991a0
cc9f0cda
3e08436b
73616230
7c300fcf
fd6b4064
30219b36
3e01591d
51d26957
c51af7a1
4414619b
58cadc65
3e07f3df
bb7c4b69
7f3bd144
7fef1228
c2b6cf65
3e001831
d515f56e
6912b6d0
e1891bef
7f3f067e
3e0dce93
46925c3d
1f651934
72ef9cc1
e50c009b
3e0c4385
7f127ea8
d1471454
f8eac4a6
e747a2c8
3e05e787
5de28551
b2f2b90e
7f3ca442
cb4b380f
3e058f19
b6409cb3
77922918
e2d1ea0a
3f51d1e1
3e0892bb
fb8449eb
44428c0e
641cdaf4
32f749c3
3e09eeed
ffef48da
7f460dc6
ed14e1cb
eca62c35
3e0e642f
f0ae1b32
972d7ad3
d93cb1b8
7f6572b0
3e099701
b9a134db
fea2c1c5
f47ce03f
451ed6c9
3e042fe3
7f54070a
6d0fe27a
7ce083bc
e5ae8beb
3e0afb55
6a2f9162
c7586159
7f444154
7fc00000
3e0f09d7
510f169d
552eb01e
5ce7d8e5
f368a45f
3e0ecfe9
fd772603
e37d34a8
d12d8fe7
f9a32cb1
3e00460b
b4e52950
7f648db8
3fdce984
4d9566d7
3e0408bd
cf95d9fb
7ef779ac
2b46a91b
7f2f78d2
3e09787f
7f800000
65682c23
7599e061
e01485ba
3e0bd9d1
7f17fbdc
3864abc2
b30e488f
56197399
3e007533
6b03dbdd
4337ba17
7f093956
ce89211c
3e0db725
fd4d0172
ec0d7229
50c702c6
e6fafb6d
3e035027
34eb239c
16cbea4b
2206424c
7cddd897
3e0b54b9
0fc58094
7f48199a
eb8caa37
8c012ef0
3e0c5d5b
0f9e7e45
5e6a50bf
a34c1b49
7f678d64
3e04a68d
1b8c09ad
d0674e3c
7cc05ece
7a17d7d5
3e0630cf
7f579d9e
c0e39836
93e9447f
4b9caa57
3e0be0a1
6e894f7b
43e60780
7edd1cb2
f67a5469
3e0f9e83
68005728
b79c129a
7bb7c8dc
5c47ce8b
3e0976f5
3db7bcef
dac9c6f9
ff047fd6
767ebdd4
3e0fba77
ed1cfcff
7f5b15ec
a9d3be18
abef68ff
3e001d89
c27681a6
fd51accd
dc8b8c3a
7f0960e6
3e09d8ab
2715a615
20e07322
e24c62a4
6f103776
3e00c85d
7f4408d0
b80bbae1
7f1685de
7fda50c0
3e018d1f
ff3e4ff4
d5483ac3
7f41682a
47101550
3e0eab71
d283f2cb
0513e91a
dcbe052f
5400d144
3e0eabd3
e6d76b7d
d47f0ab7
9d58596c
2a86117a
3e033ac5
dca6dd92
7f3da32e
c035a0e3
d7077908
3e0148c7
3f28b891
7f800000
7117f9b0
7f58ffd8
3e022a59
7c8816b6
b7208f58
22926a4a
b571d521
3e05b7fb
7f4055f2
f21d055f
57fdcd34
de291703
3e0d6e2d
8f6e10b3
f89455b1
7f5a8bfc
95490e4e
3e088d6f
54b16b79
67c43e56
c8a261bd
71fa9af7
3e093a41
fc2b68be
552c96a0
dae118d2
f647259f
7fc00000
7a38ca48
7f58bde0
47b2ddfc
d292a12b
3e000295
efc7698f
2c2c3c99
56c32633
7f38f2ba
3e04fb17
c261014c
e24c4c3b
95022568
cbdcbd9f
3e067b29
7f42b984
ea18146d
58b21c5a
79903ff1
3e0cfb4b
6e7f2790
5fb755af
7f5624be
f6d8c453
3e0f97fd
cb226b37
2498b481
6435ae5b
2acdffe0
3e0831bf
de91a449
cccd6f66
5e363c70
481075fa
3e008d11
f247656b
7f505e82
94c294e2
dbb48ed9
3e007273
d3e311d8
362aeb57
c240c9a1
7f475e0c
3e04ce65
16f0ef61
e09887b4
38266f06
fbe59c28
3e07d167
7f64a406
c703af6e
f142aff5
0429aa0a
0001f904
b930fcd6
d98f0e3d
7f1d0ef0
daae6ec1
3e0ca29b
94e46d53
6b8e49ff
6538fe54
ebdd55a3
3e0c45cd
6a30993a
f49dd751
dd9c69ab
f0ba2570
3e0d7a0f
708b2119
7f1c9994
7f800000
4716840a
3e09a3e1
8fea34bb
c9c82ca5
9b1a64f2
7f4a224e
3e0d2bc3
71180d68
df28966d
7ffad471
ee5006ae
3e069e35
7f29e1f8
1da7c239
fb483c16
3e67bbb8
3e06cbb7
d015ae6c
7993d6db
7f1c2312
497b4a92
3e09e8c9
791b11e3
43448c0d
78dffc7a
46502e36
3e01adeb
49a55eb0
da02eb62
74eff359
7c5813b6
3e08779d
49abb74a
7f51bf96
420188fb
f09e9db9
3e05665f
4602e1e9
e2473652
e495872d
7f71fc00
3e097eb1
d9b4183c
c400f350
6ce18902
5be05384
3e0dc913
7f46bbda
d2ff4fa2
d56823ac
d78185be
3e0a7205
7fd285d2
7551f8d4
7f5555a4
2eaf129e
3e0eea07
710b2bd1
6a9ca18e
d59fbb95
bd95f6a2
3e030599
a30832f4
c22d8ddd
b9b63c17
e2c5d64c
3e091d3b
990bf916
7f1f7d08
75c38429
e0d92443
3e092d6d
745a5227
27b34d9c
eab2752e
7f3ca3a2
3e0cf6af
7fc00000
c1eff553
c3b6fe38
e97c3208
3e051d81
7f2d162c
c8a77045
54510112
e733bbbd
3e0f4a63
a85bd88d
779cca47
7f1fd726
ffdcf66b
3e0549d5
e62041e2
356457d9
4c982373
9aa4e415
3e0d2c57
e2e9b2a1
9a00f17b
6edb5180
7f800000
3e026669
d6c3ac06
7f4efa6a
64dd2c9a
f109f2dc
3e0ff08b
b1bc65d0
46d42f71
d8be58f9
7f3dedb4
3e03673d
73f56f6d
ed90ce2c
33a0143e
e2d3ce20
3e012aff
7f28916e
cca9fba6
703595ee
d0e6ea87
3e018051
f432f5e4
51068a70
7f5f3418
d588cca4
3e0eafb3
e92e7a5d
d226d10a
c9ab8ce1
e14fbfde
3e0c25a5
bd3451f2
b15f88b5
486819c9
df4739ed
3e0e92a7
3e51d81c
7f47fc3c
f291ff10
a2092bc6
3e0d0b39
1dad0dd3
0ab3f783
b1f002aa
7f57eab6
3e0327db
0e302c4b
734c833f
686cd094
4384a244
3e0c250d
7f51aa20
ddde0a91
e1693eeb
c8cf2655
3e0f034f
6f11bc59
b4dc105f
7f3974fa
fab9044a
3e03a721
c8c15785
756d2400
e54ced32
b1bb4e45
3e08f903
38f1a02d
d685f31a
3da2a7b1
dc7e7aee
3e040575
d815cf6f
7f2502fe
65853856
f90b13bd
3e001cf7
5abe78ac
7c0ba2be
106beb07
7f2a0728
3e07f409
65075a26
bfe05448
7871acba
231e07fc
3e0fc32b
7f5fd8c2
5605ab8f
7afdce99
d2392ff6
3e0866dd
401b7d17
e8720161
7f543e4c
42a3a225
3e037f9f
8899728b
7fd7b9c6
d2be466d
fb13d327
7f800000
f12b1d4b
7e6cf190
ab8bc48e
fab52fb9
3e0b2653
d5f48338
7f1e6b30
7a572dec
ab34505b
3e01e945
14d36e12
48c8b649
e7907edd
7f3f2b8a
3e0ecb47
5a390d3c
d776876b
59a202d5
6de093cf
3e0820d9
7f62b1d4
67b8bd1d
27fb2ad3
71b0008c
3e02c27b
b92ec065
7fc00000
7f60f08e
5e477183
3e0d2cad
cac8d367
625107dc
c9ac293d
ebf24ad0
3e0b9fef
220e8020
d2a69293
791bc03d
e8db3c6a
3e0d40c1
aac4313e
7f148d52
e0d62952
137ae854
3e0237a3
5eeeb6c8
b056b33a
43a55621
7f42dc5c
3e0ad115
4d107a22
d88501a4
62db60b3
dd4e3d18
3e079d97
7f2a05d6
eb3a5cde
ccc73fc0
43c2f2a2
3e0291a9
39530dc3
7ffe52ed
7f3fc840
499f2671
3e0925cb
4adce410
689877c2
fdd65439
6b6eb020
3e0f767d
6fb24db7
0dcc199d
fd9678db
768cdc60
3e04643f
74fcc594
7f40dde4
4bd7be0d
7880167a
3e0eb391
6978244e
07bc328e
b7a64562
7f455a1e
3e0b2cf3
494a9e58
26e80dd7
72b66b0c
32852afb
3e03bce5
7f650148
aec92c34
4d610786
ea6248a8
3e0793e7
5b9c125c
dda88a0b
7f41fde2
ee325c33
3e0c4679
7f800000
f1f61a84
f9c0ddc5
dc28cdac
3e0fed1b
71f805a0
64e4fc7f
d1ffaa4c
df891726
3e04444d
db54ec07
7f560d66
555c542b
15eb2d95
3e0acc8f
2f5a9c24
7d724172
51343f98
7f56c150
3e09ea61
d1632b5e
9ded9b16
3004e09f
b3c0e974
3e030643
7f404caa
5f915427
c6cb779c
d0be2f2e
3e01acb5
6e028e42
de8fcac4
7f52e5f4
c74da2fd
3e0bae37
ff4682ec
fb8966fe
d0406245
bbc9db12
3e0a3f49
5a7da666
bc5faa88
9284cc67
caec8811
3e04186b
7ef65b2f
7f572858
aa7789bd
2eb478ff
3e00961d
edf677ca
4c41d58c
3188937b
7f412a72
3e0bd8df
b841e6b4
61476283
787f45ad
59375467
3e03e531
7f4b2c7c
3c7c2fd0
fbfa74b0
e5c51804
3e06c393
d598193d
f9b50aaf
7f5010f6
5fc3959b
3e09a085
c1e99652
7c79dd54
ba0251e8
b36a7bc8
3e00ec87
6b9ca3d9
db6c1cab
7fc00000
aab32722
3e017c19
b3d42b76
7f2db73a
d4a2de97
70db5ee1
3e02a7bb
4b3017a5
fec42bf2
518c23f4
7f29ca04
3e096bed
33a509da
6c7e021c
298dd5b0
cd7bc910
3e04892f
7f2ba13e
678cb316
5a5e4ab8
b2b8fd95
3e01a401
efc2757e
7f800000
7f186b68
fc20ba94
3e0364e3
65d28d08
bbbe237a
fe235c91
a258814e
3e009855
f59b454f
7a014e59
6cccddf3
1c7a029d
3e044ed7
6852400c
7f46de8c
3798b5e5
3996895f
3e06fce9
6418db03
7815d22d
6a1814e7
7f211086
3e089b0b
4620a24f
feb01002
e1f1d406
6e163256
3e03c5bd
7f298770
a9a643ce
60bbdcbd
8e7add04
3e01dd7f
e05d0609
f3dc612f
7f5a5dca
dd73c6ba
3e0826d1
0d000407
bb06e695
0a7bfb40
59b4d124
3e05ea33
577a18dd
3331fea9
e905d361
421bc85e
3e0b9425
c69a419f
7f3f7ece
f4b5f743
53f4786d
3e02d527
fef58c9c
c0293f4b
97aabb90
7f69ca78
3e0fc1b9
d64bf270
e4a4fbfd
5d216f37
a449d7ec
3e02f25b
7f18b792
6f97b5bf
628fc849
632d9d63
3e04a38d
e938aa0e
41818a42
7f28ec9c
788774d5
3e00d5cf
dfcbb2d9
5f398828
654c6f1d
45e5c4ca
3e0c6da1
b42a1631
f1414080
c8f239df
2e5e76b4
3e0b5383
41c2b028
7f675480
4667a963
5d4f236e
3e0f93f5
8ac2b050
f016cd04
2ceaf0d6
7f3f405a
3e097f77
f5edcd2c
eca86b3e
d4c51985
1ab1cdff
3e00ca89
7f2a2624
4b6ea9cd
7f800000
d8747c7c
3e0eadab
9dd24323
5fc9d422
7f1fd85e
3040c2b3
3e01055d
c0f21f97
cf043fcc
c0ab96de
1ef010c1
3e0e721f
7af4a3a7
5998efc3
5b1884ed
b6d896da
3e037871
bdeb47cb
7f631822
346ed1c2
897735e1
3e00a0d3
c5fe287d
faf469aa
2bd3026c
7fc00000
3e0197c5
ed54fe92
4dd8af94
3ed541e6
7a175208
3e054dc7
7f6c03a6
bf392406
71275155
89176fe9
3e0f1759
d2a007b6
7267db9d
7f1ebd90
1002150c
3e08ccfb
fbd11300
cf29b432
f83b062e
965ee673
3e0deb2d
7afb9a1a
ee7a3c5c
f1acac0b
7fc9b075
3e07b26f
c6d72784
7f759e34
75361ebd
cf6e5ff7
3e024741
cbd48f17
f4f85605
0c2039c6
7f35adee
3e02d223
d289764d
766aee07
94a8d772
faa1762b
3e069f95
7f40dc98
f7e62999
7dac9b33
d3de5fb6
3e034017
61212a4c
6608655e
7f6334b2
40a08f72
3e0fa829
f63c70c6
d5c5916d
f08ddd5a
979f2365
3e0e504b
efc7a090
5f4ce842
66530ab9
24114041
3e0054fd
168b3032
7f37f736
c150435b
e218b8e0
3e0996bf
4bac2a14
c8e50e63
78e93488
7f70c2a0
3e0dda11
c0ca93a8
7af02dd5
6e1e7e67
7f800000
3e0ee773
7f55b97a
ffc911ca
6fa17f8c
7d63ac9e
3e03ab65
ec9c9adf
4196d0b4
7f49f244
720f77ad
3e005667
e07e3731
5030348b
608bf9d0
4e6382ef
3e077cf9
bc9b6dd6
77fccb3d
46944077
f1616a7d
3e0c379b
ebd86220
7f488fa8
65b35389
7d80efa7
3e0d42cd
b788171e
607a117c
7ab53eab
7f320d42
3e011f0f
c6f1a0a4
526e3ca4
f779de5d
72056097
3e0b30e1
7f1f3ecc
c9a82ec0
522405f2
7e2b0df4
3e01e0c3
b5fb9ded
ae0496a7
7f3ee6c6
737258cb
3e0dbb35
57d1eb2a
1d14f5fe
7e93ad16
680b817d
3e0990b7
b6f4576c
6b386bdb
e44d4b60
fcc4073f
3e0b95c9
5c5246e3
7f39500a
d9163d7a
fdc696bc
00013b4e
755457b0
5cd7874f
dd0ecde4
7f782254
3e09b49d
6276384a
d6174b21
61e89dfb
9e8ea7e5
3e0b4b5f
7f25cd0e
fb1abe86
5fc017a8
f20516e7
7fc00000
7401eeee
3af8f1bc
7f245eb8
e986dc84
3e08be13
7ffb55f8
c26b20f7
68dfccac
b824e01b
3e09cf05
3d55a6d2
e8bec1d4
fd0d4323
edda0f4d
3e0bef07
26e45bfc
7f44bcdc
df2a5895
7a6557a2
3e00f299
bf674c33
d9714e98
649bab8a
7f49d256
7f800000
79a38625
8cc47c4e
d320b124
d787d943
3e0aaa6d
7f28a0c0
d085b69c
f3567d8f
3a388590
3e051baf
6ffa53b9
1c872b6b
7f39229a
5eb8f137
3e0f2a81
2561945b
e656dde0
37868001
43421f14
3e007f63
d1ebf988
7784c3fa
57ac8311
5a04cb6b
3e0ce6d5
70c0a2e2
7f52169e
e8ba9873
a78cf68a
3e047157
5b15fcf3
5772067b
73d2a465
7f1549c8
3e0c9369
ed61dd06
de0d90ad
ef1ad767
de355bdc
3e0a458b
7f1ff262
e26e23ef
ac37c5f9
e6ffead6
3e05243d
f3fa706a
753a772c
7f4596ec
65080b85
3e0b8fff
45c9d8ce
71cbfba3
660fdbcd
da9def87
3e0fcd51
f75fcfab
ce99b515
6774400f
b65bd719
3e0624b3
f04a5118
7f5079d0
1c1119e1
d41f1abb
3e0c02a5
1719341f
4d5881fd
3797aba0
7f0e312a
3e0017a7
c997ca71
58fd69cb
7a07f777
e0eb6c2f
3e037839
7f261674
61c8d9b8
7d5951b7
71acdf01
3e0bbcdb
7b9689ae
cd4be83f
7f17dc2e
6e4fb7e3
3e0e220d
fa594fc7
f9795791
da31984e
77d95c4e
3e0ba84f
65c002e4
3099f0f3
f11ab258
f547854a
3e063421
f7bc6efb
7ee25d00
4c7bac5f
74af17e9
3e06ae03
7f800000
94a197e7
741c74b1
7f52ccfc
3e0c2275
e1929702
d83d6a79
4396ef13
3767daf8
3e0be1f7
7f0f9d76
ecca33be
e0df4805
60ff13d2
3e0aa109
71ebb423
bd4ea84d
7f16eee0
4a87f0fc
3e06982b
7e321195
d047508f
df9fbb99
4cba20f6
3e0aa3dd
7fc00000
e4c6d44c
ce8a033b
3b7d7f25
3e02649f
3626bd74
7f47da84
ebb24de8
db2fbaa3
3e075ef1
1f45a32e
c6fd6a90
f6674242
7f201dbe
3e0f1b53
f1941c38
45aab237
73cbd6ec
5276e55b
3e024645
7f3a73e8
4d6fb5a1
6b409a66
3cc2be88
3e04d047
a57bf63c
53c346ce
7f34c782
35f738cf
3e070dd9
711a4973
ca37fa1d
d96babca
f41328a1
3e07d77b
10bc6945
7ffd5cdf
7d3bbab4
6e371a06
3e0fa9ad
53807a9a
7f5c7d06
4229ba6e
6d933ef5
3e0cc4ef
f7fc0ef9
7c1867d6
e989d783
7f1cfff0
3e084dc1
d084c23e
b453eb29
245670ff
f5c46589
3e0c6ca3
7f1c024a
e174f087
7bc13b7c
520e60ab
3e036e15
d22b610f
c51e0aa4
7f477a94
dd77905d
3e07e297
7feb02e1
14db6dde
7407fba5
3753dff2
3e0dbea9
965fc2bb
ebbff068
d22b3dda
acd98aac
3e0c7acb
67962d35
7f800000
b7667944
d06aa716
3e02337d
f9ad12b7
d61687a6
892b537c
7f444c12
3e07c93f
b71ea7c9
f1d128e3
6bbdbb0d
ac9b5e0b
3e0e0091
7f564d1c
eeb321b0
6a2ca662
aa907259
3e0ba1f3
502094fe
f20cd24a
7f115896
54f7351e
3e0499e5
95500d5f
9b0173b6
70c53886
100e362d
3e0218e7
dfdd7b5c
e8feec6a
dc383c6b
ed70c402
3e03b379
aea92013
7f46c4da
f874a3ea
55848241
3e01821b
e485bea0
471c806b
c8b72a09
7f35f6a4
3e07414d
7f49f107
4f3f85fc
5f862c8e
e5ddca95
3e00718f
7f5c14de
9831a8d9
fd135898
728f0317
3e0d7761
dea2d43b
7efb7825
7f400e08
5c323274
3e09bb43
20113db6
84874d4a
0fd4cbde
fe55834b
3e0ac9b5
94545db0
ca7753c4
c10edc65
316a5ffd
3e007337
e86bfc81
7f2e972c
b4cf27e0
ef65fc12
3e0dec49
53236163
7fc00000
d9a0ddfa
7f773026
3e03ed6b
8e7c4f8b
f06159cf
3222d6d9
f7597d36
3e03d31d
7f2bf610
6e781e11
e448839e
92fc9664
3e03bddf
7a7ca569
ecc05706
7f6ac36a
aa47079a
3e0bb231
36da976e
e79c77f5
6c6b5a82
e925a104
3e03b893
ec782278
79fc8377
7f800000
7ee0df3e
3e0afd85
7e1551ff
7f21ca6e
230426a6
71410dcd
3e0ff187
3f2b1f51
9ac0f207
3c4d4d70
7f298518
3e016919
393b86b3
3ac05b18
46488078
6a4d58d4
3e00bcbb
7f6a8932
b263f60c
ed6f6cf4
5446475f
3e0ce8ed
c12ecada
7fec1c71
7f173d3c
c5824210
3e0eae2f
dced2e44
798d64d3
590b8c7d
2cc4d3b7
3e0db101
21fe5edb
4c01ba60
fc26bb8c
e57630c9
3e0699e3
ed71ed5e
7f36db20
e49e55bc
4dfe35eb
3e0a3555
f9afea4f
d5de6ce4
5a6152f3
7f40fdfa
3e0d93d7
e389690c
ed66d21e
c74d92e5
6f686e5f
3e0329e9
7f2382c4
43664f2d
e7266873
2a8df4a6
3e04f00b
d51e9475
f272366f
7f0dfbfe
3acea356
3e0782bd
7bf963f7
cde7eb41
db2dd31b
d56ae3a0
3e0e427f
3689a0d4
f8578526
b88bc364
b9c6f207
3e0873d1
a477898e
7f3341c2
b1eb5ea2
4ae94d99
3e0f5f33
bb225d98
4be2928a
40bc7e4c
7f413f4c
3e0d7125
fbe863bc
283bcc29
d14564c6
5a71f56d
3e065a27
7f79d346
41ea944b
e7833490
6719feaf
3e082eb9
0dceeff4
3cd32638
7f455c30
ae868140
3e0d875b
be6b3845
0d146cb6
d97bfe14
7f800000
3e08a08d
5d9cd247
ed89203c
cf8c00ce
4a16b930
3e0f7acf
72f29fd9
7f4492d4
e333ac1d
fade45ca
3e00faa1
6a52209e
4fd07980
f79a5eb2
7f49a98e
3e0b0883
f3390928
f001949a
a1729adc
3870782b
3e09b0f5
7f4ec738
6b5b58c7
7fc00000
b036a778
3e074477
4d5f1fc1
d3bd7b9b
7f2bb652
731832ff
3e057789
c3394ea3
990fa6cd
da6ef287
bb58657c
3e0782ab
df39b270
fc63863a
71ff8db0
efc437b3
3e05425d
c0f9390a
7f289ed6
f8ef8dbb
5016c2c0
3e0f571f
5e58e1f4
da910346
6ef001ed
7f387940
3e0c4571
c9b69ccb
d6192710
f1d64f2f
7d875339
3e0695d3
7f28271a
b3b66aaa
75cc1a01
73e5237e
3e03f4c5
7a7b8b3f
b51c7894
7f587ee4
e648ed0d
3e0d52c7
68535291
75deaf4e
7961ebb0
f8280052
3e000459
f24bfae2
4aa8c158
69736c4a
b59d3e0c
3e0fe1fb
2bb24c00
7f4c9248
e38b32e9
7d3fb286
3e02682d
b70f1ad7
317befb1
d2000b4b
7f2ce6e2
3e0ad76f
f40db084
525981fe
f84ddbbd
3d994a34
3e0f5441
7f1d576c
c9a408a0
acd3237f
6c3c3c09
3e0f0723
7fde7c48
235a14ba
7f6c6666
f9144b2b
7f800000
4e000ba2
e2f60eeb
151117f6
74df2edd
3e058517
e7d5534c
23e0763b
cae36a25
7cae879f
3e0cd529
775b9d43
7f6b15aa
5a3d9e5a
d571d9f1
3e03a54b
c8073bb5
47f4ca89
b4acbdc4
7f7046f4
3e0511fd
f2b9512a
5348ce81
35074bd9
ad85b145
3e0efbbf
7f5378ae
66b4d166
f202398d
194ed335
3e0f2711
7cd30f6b
41c21e30
7f287958
18a668d9
3e015c73
f967851d
d9d57559
e06ea88c
2ee1483c
3e068865
752b4bb2
d42cb769
f8b6f983
6d664e28
3e0cdb67
4b59afdc
7f316d7c
b79ae9f5
edf7b482
3e00e9f9
db9992c9
74ee883d
7a160577
7f4e29f6
3e0fcc9b
613def85
135f3c63
d3a29054
d965bfa3
3e023fcd
7f108760
f0c1fa7c
dc83150e
d27a1770
3e08c40f
56b6fb19
74d0e8b3
7f04403a
619d860a
3e00bde1
d8925ebe
6f0467c0
c2beb81f
7fc00000
3e0a95c3
f92abf68
5811e4da
7f0e951c
0f51ac7e
3e08d835
5401f02f
7f339a3e
71731e16
cd6a3e7d
3e0055b7
d09e8333
7976407e
631e0460
7f237c68
3e0142c9
fb85afe6
73c4860d
fd207e7a
6363fb91
3e0157eb
7f2d7c02
7853f778
9e55cd59
b923f5b6
3e0ef19d
7f800000
4b89d821
7f4adf8c
26ab84e5
3e05305f
34473be9
6dd67214
afec70a8
60bb9be7
3e0918b1
33f83fee
2b3be550
b1ed291e
670c5660
3e07b313
0e62c72d
7f377870
da4b75ac
e0f2751b
3e0d2c05
284b412c
f89f8ad4
fc8d7823
7f2ca6ca
3e0cf407
c3de44fc
7ad0dc2b
70b8f595
4543d48f
3e02df99
7f2f6b14
ca6e07dd
412b2c8a
f502284c
3e05473b
f34d6325
b81fe89f
7f4737ce
7901dec6
000161e8
330d5c27
fe4c1f9c
710d172e
74d374b5
3e0140af
ee2572c4
7533df53
7b623038
5519b637
3e0d3781
3b324efe
7f5ee092
6598dcb2
6fdbe814
3e05b463
5d8e06e8
74c4d447
ea11d011
7f1aad9c
3e0883d5
61b503e2
fca4f164
5bc10d73
367b48d8
3e0fb657
7f4fa516
6c015a9e
1c0984bc
733038b2
3e0ac069
7a940e06
d2200dad
7f470580
273d2d31
3e089a8b
649b57d0
6aebe182
abf53504
6ff84b93
3e0ae13d
eed3716a
42d8202c
e2861d9b
6b656885
3e09f4ff
b1418554
7f38c724
fd18d8cd
2278f487
3e021a51
c6f6720e
660e7c70
57afe50f
7f37515e
3e0199b3
e722f45d
f835d30a
e53aa6e1
ec9dcab8
3e0fdfa5
7f3ad688
7f800000
f0014a64
f2a10468
3e059ca7
ad589771
d4f0becb
7f3d0122
73a30cc2
3e0de539
bf84f7d3
640a72b8
b3b02db0
72ebbed7
3e0851db
ec00e6c5
b083f992
f2106294
d3ee6ce6
3e041f0d
67fe8b7a
7f415ca6
78b0f095
f1b66055
7fc00000
a95f9659
d8afb81d
0bd8ca9f
7f202e90
3e0cc121
d1eda91e
f68b9600
05577452
2a634934
3e086303
7f4f27ea
f42c1ce7
665a41b1
a55f1cee
3e083f75
bb28187e
72c91a84
7f49ff34
523273fc
3e0ba6f7
4869caac
e39cc52b
fc117bfb
67e8e57f
3e014e09
f0bcbc26
99d60648
efd5f507
6ce5d9fc
3e016d2b
a4f82eff
7f192d98
fa85a899
529b7233
3e00e0dd
7e2c0717
b842fd4c
3b30b05e
7f60ddb2
3e05499f
6a280674
345d7f43
4e6d406d
336edd27
3e022bf1
7f215dbc
dc3d9e98
ed972342
f69a09b9
3e071053
706fc3fd
76a6eb2a
7f351036
2b1d7a5b
3e06a345
b816bdbd
a54c1049
db592563
4e609788
3e0ed547
63b87911
6a52316b
6dbd3cd5
2cb1ddcf
3e09fad9
9ac4bd1d
7f3b427a
508df757
65f3b5a1
3e00ec7b
d5007a65
e9b541df
26989b07
7f741344
3e0626ad
7ae93b9a
3a105631
7f800000
c2295bf5
3e01e9ef
7f50f87e
d55c7c93
d34b3a3d
0b414a62
3e075ac1
2d706ed1
cd30e185
7f5aa0a8
44051289
3e0aa1a3
595371cd
a845353a
16d12448
49b335ab
3e000b15
7ffb060f
7c3c8d44
d1af1076
d19c6f18
3e0c2797
e72ae7cc
7f3a3fcc
97ffd8a2
da3980f2
3e0ceba9
475077c3
fe214ced
fac4feda
7f33bfc6
3e03cfcb
65d5d610
9de839c2
6c2f2e39
e28a28d3
3e08f07d
7f3354b0
6c6f786c
34347a7e
c2355fc9
3e0f2e3f
d8685794
5a145de3
7f1a990a
6c8555c7
3e014d91
fcf479eb
e8ed1955
fb070762
f10b40e4
3e0016f3
eae6a39d
21b697d7
d850bd0c
da0754fb
3e0976e5
48102a40
7f4c860e
a71e5403
4796faa8
3e009de7
d512e45c
f2f9f9ee
94f935f0
7f402fb8
3e0f2079
427096f6
6ed6f8f8
72f3a4ea
d29c1fac
3e07171b
7fc00000
7a59c67f
f50574d4
42f65a23
3e0e3e4d
b962f607
ac9717d1
7f4d7ddc
5dd46795
3e0a168f
c7e4ae24
bfbc0ef6
5cf7b9dd
30f729e3
3e050461
d85ae93b
22a60452
7e6ff772
6ed7f029
3e047043
e17febe8
7f2f51c0
7af4499c
5b28d12e
3e07e6b5
9e965042
79d2dcc4
ff3e4153
7f800000
3e093837
a4ebd4ec
5e4acb5b
d139e0e0
e1d89ebf
3e059949
7f56cf64
fd17048d
4afcd647
fa93743c
3e07c26b
b2bc4d30
e06ffecf
7f488f9e
25536e36
3e0b101d
25103857
b74c9ea1
fc1ebd7b
e02b0d80
3e0fa2df
5e0a78b6
f8a2cc83
6df03fad
aaa45e67
3e077f31
fd5ae86e
7f68db62
ed303b82
e3fa2a04
3e04ad93
ff2f933d
e3a30b6a
df9cc3c1
7f4c17ec
3e005a85
fb97d852
a35a8946
ed0312a3
a0cc2dc8
3e02f687
7f7612e6
36792c0e
ae334670
640a270f
3e055619
7b0efbb3
2a657418
7f38ead0
f83a7d2f
3e02d1bb
2bc556c0
51c36df2
fdcbf4a9
d2d96ed3
3e0465ed
388c8bda
4c0ad3d2
48d03fae
bfbcbb10
3e0cd32f
11845fe2
7f317774
7986497d
33799eaa
3e0dbe01
fc42f3db
e40dd8c5
ec730f3f
7f2e152e
3e0dcee3
bac63f08
dd65567c
6aeb3ebc
85a30681
3e07d255
7f3ba1d8
d6c875e4
61e3ecb6
f1a8d558
3e0ad8d7
d2b4920c
4ba0e31e
7f1da7f2
64de535f
3e0356e9
5aa4a686
c12a3fa8
ffd48f1a
e4c893b1
3e05450b
4582b175
f63c912a
f56d6979
bb1b1456
3e0f3fbd
5de128f7
7f4bb676
405cfebe
fbd09ca0
7f800000
311669d4
fe70cb23
5d6ed74d
7f311fe0
3e0cc0d1
3a3a5a8e
49582186
e1cb378f
5eb73a99
3e0cd433
7f6604ba
79be138a
a100a74c
397dea5e
3e034e25
ee33e472
649af074
7f68fb84
4a73726d
3e0ddf27
ed227df1
7fc00000
218fb211
f9097d42
3e049bb9
f9097253
796ebf38
33b6f937
bab729ec
3e0c1c5b
ee579545
7f5384e8
dcc1c714
ff27c566
3e009d8d
f6d52bfa
ea88093c
678fd1ce
7f553082
3e021fcf
e05d8cd9
52282073
5d9ee91d
d0aacd7e
3e0987a1
7e8e319e
f7da6bd1
2e8e03df
ee3cdb69
3e0ebd83
eb0e58ad
bcf2559a
7f505606
f11acd8b
3e07cdf5
74532bef
ae13df04
7b73d2d6
bf2d4569
3e090977
2ca62cc1
fe4d8d3e
7ed4af20
9fa74552
3e0e2489
ae0694a6
7f4c4b4a
454b4f40
7f7d1551
3e0457ab
ab577d15
fc989622
c36f7da4
7f4e5b94
3e0d7f5d
9fb6ba0a
f9fc91cc
cd213484
4002fbd5
3e043c1f
7f19944e
4cf03446
f44b7eed
bd9c1fa7
3e091271
c5e5f1cb
b3f97388
7f5383f8
d1bdc039
3e008ad3
1f5501b8
6b4c6baa
66a4546c
43c2b47e
3e0a51c5
7aae7672
cd376733
34cb3fe3
e1530408
3e0957c7
7f800000
7f360e1c
b5468b55
eb4e6a9c
3e04f159
6b8be9b6
446e559d
f04319d7
7f4cf196
3e0af6fb
c91768e5
f68eb45f
521f5fe9
783fe386
3e0ae52d
7f315e00
35810e5c
62cbb3ee
fcb5ea6d
3e01fc6f
e2dfb279
5a987713
7f42cdda
ef9f3eea
3e006141
68abb91b
b0adc1a0
5907887f
abbb5ed4
3e0f3c23
48df5548
c5253c9b
7ea669d1
9deb200f
3e0fd995
fe80588f
7f318dde
4bb208f6
e4116bdd
3e0bca17
667d7c4c
93c083a7
5f214e40
7f3c9f08
3e0e0229
bcead2c6
f9ac8b6d
672b6027
a3ec739c
3e0cfa4b
7f7075a2
ccf0aa42
3bd046c4
b41d5060
3e0dcefd
50c8ba37
6bc6db83
7f4c182c
764a3010
3e0860bf
ea84ab49
cd6b7863
bd2e368d
6044d847
3e047411
b7c62ece
1a4367b3
f3d3b7e2
ee8555d9
3e07d173
4986c21d
7f3b6710
7fc00000
9c065f7b
3e0d6565
3ee064df
62ef62b4
62310206
7f428c6a
3e0d6067
50e1d131
fd48de8b
908aebd0
f4c1ccef
3e0e56f9
7f26afb4
206444ab
52bbca77
63f178c9
3e07619b
a06b837a
6dbd78ff
7f17036e
f1b68bf4
3e0b3ccd
e93c5c3a
53fde37c
e02c656d
41d13620
3e04690f
8cef9c47
7f800000
fc737e18
62e1ea97
3e0a4ae1
77a055de
7f463232
7e3347ec
7ff59ff4
3e074ac3
f6c21868
7c2ba0a7
c416fe1c
7f427e3c
3e07f535
e56fc0c2
7fcc2144
63e68f16
5cc086b8
3e0b1ab7
7f121cb6
3357d1d5
e122bd60
704dad92
3e0aefc9
8a99684c
d94a830d
7f780c20
e8fc6829
3e072ceb
aa694455
b4f91991
766eba59
0de7e6c4
3e082e9d
3e873a4a
fbc06521
42241d1e
fc2e2a00
3e03155f
604f68e9
7f3ba3c4
a6bf0160
a39620e7
3e06e5b1
76e1670b
4a8d2375
7bd29d6f
7f32f4fe
3e0aa813
f9bc87f8
ebe30bea
d78fca41
57240a1b
3e048905
7f4e2928
b4f453d4
f5f1ad71
b4351a48
3e01f907
7e4412d1
fdbbb12b
7f42aac2
ff78f975
3e08cc99
770e3633
fcbb8098
56090b18
d14cbf61
3e095c3b
f95cf340
4317be72
b3a70b29
1e270fc6
3e09a46d
68eaec5a
7f2cac46
fb6e0cfc
f2ad7790
3e0165af
5f7f2db9
df5ccd96
a1b527fd
7f484d30
3e0f4481
901d35f1
24988745
d1896412
7ce9b114
3e0ee963
7f41bd8a
ca8ed947
c9ad333b
7d80756b
3e0820d5
ed4261cf
e648fa64
7f4273d4
76929b1d
3e0efb57
73af59a1
bc80307b
7f800000
6014daa9
3e0ced69
50329f83
13b68aad
c57fe161
73682ddc
3e0aef8b
7358d0d0
7f789838
281c223e
a8154093
3e049e3d
f480726a
6669c92c
dd11c73e
7f3edf52
00011f52
b8084e54
6f520ea6
600f7cc8
7fc00000
3e086751
7f545e5c
e8eeef15
4231f022
f1f7b119
3e010eb3
cee3315d
c27b540a
7f2337d6
2e62f2de
3e07bca5
d31934f2
2b710fa9
328c3bc3
a305b0ed
3e0f21a7
18dd6471
614813cb
f86a2e35
f584edc2
3e0c5239
e0800c16
7f33301a
f912dbb7
fcc0f901
3e08e6db
af6f43c5
44621a92
644278c9
7f0c1fe4
3e0e1c0d
7e9d59c7
edfbf191
cc2abdeb
1f1baeb3
3e00f24f
7f724c1e
661edaf3
0126e5d8
61df9bd7
3e074e21
17e0006f
9ce8cf00
7f502348
749f9234
3e0e1803
2b37104d
7e9a361a
723f385c
bb15780b
3e085c75
ada45901
3a704479
75528b56
b08a4abd
3e0f6bf7
6b133341
7f11d86c
26d20205
44c54a7f
3e0bfb09
51f81e23
4b98a24d
753efa07
7f3ebf66
3e00422b
5a9c27f0
f4b69a8f
35e58224
2074e733
3e0b1ddd
7f67a350
23b341e1
6ef7c15e
783d3925
3e0c2e9f
53b41429
595159d7
7f11deaa
7f800000
3e00f8f1
3f231c4b
46ba5c90
2121bc77
b41db0c4
3e030553
eaef4e38
27383c37
7e1bad81
f578fcfe
3e0f0045
62d7d112
7f67b1ae
d85ffc66
fdb27088
3e0cda47
58ddc83c
d6cee8ce
e0a1e130
7f15ca58
3e00e7d9
f7333373
fb6760c4
4ec8adca
2a9842a1
3e0e017b
7f5a7c72
70d1c6b2
f3a2f669
08386697
3e00a3ad
3ca6b565
e40c2331
7f33ae7c
cc7ab5d0
3e0b0eef
75d8fe04
7b4332a0
6bfacf78
e98d4c77
3e0a67c1
c740039b
46661e20
70bf3226
3f89bf89
3e0cd6a3
4c946ecd
7f78b860
24d50d7c
4fbc0aab
3e00a815
582c9d22
f2ac1ca4
ee99bfb3
7f56c93a
3e046c97
5eea1ce1
40598fde
5cb3eac0
bc7321f2
3e0018a9
7f2c0c04
b7caa268
4d32bfda
1cbd8d71
3e0f24cb
d04c5d53
d2a3572f
7f37933e
5bcd8916
7fc00000
690e9cb7
529c536c
f21e0b7e
bed70760
3e0a933f
a6cc2094
383b92e4
eff15308
4936d97a
3e089a91
fd024eeb
7f2be502
fa356862
6a4e4c59
3e088bf3
bf47e09d
552dd44a
110ac19e
7f6ae08c
3e0253e5
f337d75f
eace0734
f3d80903
cdbf53a8
3e0322e7
7f48c286
ce0c4aee
7e6b2850
49bfdf80
7f800000
d8cd0856
c090a3bd
7f616970
49fa9c41
3e00ac1b
633d309b
678a2b7f
35eb721a
69832a26
3e093b4d
599ffb07
7aab64d1
af68d32b
cdcf0495
3e07bb8f
71ca5e99
7f644c14
d8ed8c24
6e8f8d17
3e009161
5176fe3b
bc2338a7
6ba98f9f
7f4af0ce
3e032543
5af144e8
f01a065a
6b1321f1
eadc2d4b
3e0903b5
7f2f6c78
fca265c4
49f7c796
4a6cd338
3e05fd37
e65c1681
f569605b
7f610992
7fde03bf
3e014649
d2dab966
cca53588
ae9319a3
bd225d3c
3e0f976b
faed4630
5f0d0bf3
f654b0d9
44e15f36
3e064d1d
f20ffaca
7f493e16
ee7fd27b
c13e545e
3e0f87df
e68cff69
74268183
689f876b
7f42b680
3e074c31
3cef396e
ebf09ad0
33a5afef
e642be37
3e09a293
7f37525a
e91c0d77
e2b3d0c1
40a6013e
3e09b785
d86cf952
fe504889
7f636824
e20b06c8
3e09fb87
7783b951
54969bab
384d3f70
259b4a22
3e0d4319
53e4fe76
38be8d18
d1abad97
ee1005e1
3e08e6bb
66418fc0
7f456788
7091fef4
c0b12846
3e0fe2ed
3a7223a7
af01b671
7cba35cb
7f52ea22
3e0ef82f
76fc4044
a5cf0616
71fb15b8
2fce5db7
3e01cb01
7f800000
abe43308
c7e6f492
dc9c1594
3e0903e3
ddce1808
f6415bc7
7f52b5a6
ffddf44e
3e096f55
65c5344f
df941559
c2363cf3
780aee58
3e0c1dd7
45d3bb30
75eef41e
45c34ce5
e9f8385f
3e0783e9
7fc00000
7f44f0ea
cdafa3e7
cab260b1
3e099a0b
5beace75
57e4b302
d40f08fd
7f7a6034
3e0afcbd
5cecedf7
dd6e1dac
f94b8fbe
0a18b970
3e030c7f
7f201fee
5f44e726
e92e6948
648989b7
3e050dd1
5b112b8e
f486bd95
7f4d7e98
98c92799
3e0e4933
cff4cfdd
ddf8ce17
60a87a61
dd4cfb5e
3e0d2b25
97d38b4a
f4d83974
6ea21643
73f8ef6d
3e096427
fb2b0946
7f3a9ebc
5a45a4c8
4b6e48af
3e0508b9
69bd6753
f6be5838
e6ec862a
7f2e2936
3e0eb15b
d85abee0
98d0ab12
d7f2cf49
01121498
3e0c9a8d
7f3324a0
467af23c
750d286b
bbee4bd5
3e08c4cf
780c79d9
43b35c36
7f1ccb7a
7031be57
3e0614a1
2005a37b
608aeb80
7cd1e8b5
175b0869
3e067283
b4c0d5ad
bfb7169a
6afd6cdc
4629228b
3e09eaf5
bd244a05
7f33f17e
bc11f539
487da93d
3e0ece77
c64ab205
cc3e1e3e
4fb13085
7f48b1a8
3e0ad189
6129b8a3
7f800000
594100cc
ec7f6251
3e052cab
7f10df42
7a7df722
c79e0c19
bf772297
3e09bc5d
d576ee97
f766bacc
7f7140cc
f52334c0
3e0d211f
f74373f4
fde30ec3
f8232c68
c93dd9da
3e09df71
189f6dae
740a1910
6e7c74c2
e9def544
3e0e7fd3
a2b69ab8
7f4445b0
32fafd6c
45b4457e
3e04aec5
615e553f
c40113c9
fc8454e1
7f77e20a
3e095cc7
c20ebcaa
64bd70ab
b27c14ba
ed40c262
3e0dde59
7f33e454
4437929d
76085ed7
dcaf900c
3e0a0bfb
670845e5
21fc995e
7f6f3f0e
ae57eb03
3e07622d
ef4024e7
197389b1
67e604ee
fdfef250
3e0d216f
ecd6c096
d3bb6c13
c20955bd
76a1aef7
3e056e41
b37dacbe
7f4ef3d2
56dfed7f
77459609
3e037123
3f066d4d
8ec4968f
dbf281fc
7f323edc
3e027695
b8bacd9e
7fc00000
bfe6f9f6
6bc7a8dd
3e060f17
7f3f0456
a304a03b
e90002fa
fc10519f
3e032f29
55050743
5f1dcee8
7f1202c0
f06373f0
3e0a4f4b
d6d575b5
7e408b42
f6a451b9
a6a09853
3e0a8bfd
df9d7f37
ff1f27ec
d4da53fe
7330e3e0
3e05c5bf
e1085849
7f387064
f3de338d
115edd44
3e0dc111
f1e1ffce
a4801030
7f800000
7f3b089e
3e024673
f629ff1d
4e7b24c9
d5e4fa8c
cc8f747b
3e084265
7f5c6bc8
4349abb4
e8073306
deb6eead
3e01e567
c6b99e34
56fcf36e
7f2dc462
f0e6f1ef
3e0fc3f9
430e0493
ca5e023d
a0868f1d
5212a2c1
3e02f69b
ae9ca985
e1bfddff
53dc2254
ce5902a6
3e0839cd
f33d9d3a
7f466be6
6428b70e
6bcdd315
3e040e0f
f5f2d519
4f96f86b
b19e955d
7f3d5bd0
3e07d7e1
7eca88bb
7a0fa0a5
7074821f
a2c4aac0
3e07ffc3
7f1bc32a
fbb166da
461365b0
983f8cf6
3e0b1235
fa523a2f
7255aa44
7f58d874
bfb3b87d
3e09dfb7
a748526c
6f4d627e
6e5b7660
d79e363f
3e089cc9
694fe5e0
f703a208
d0b1007a
67869591
3e0101eb
89b2e1ee
7f76f2d8
131e8ba9
a85d9ef4
3e056b9d
2e489fd7
36baf221
947a2e1e
7f4650f2
3e04fa5f
6f9b95e9
e1a75186
527f7b2d
b3a46a1a
3e08b2b1
7f174efc
eb46d750
6fa1c26f
6f327784
3e019d13
d3624a9e
c4820cea
7f43cf76
eab99f1b
3e0fe605
c5cf835e
ebc61f09
c9e46126
f873064d
3e0afe07
de345fd1
639fe58e
7b6dbbf0
decb7aa2
3e02b999
2737af03
7f568dba
d3175017
7f800000
3e01713b
f1ad1d25
d93f5f72
d6d03829
7f661c84
3e07216d
ed06ad5a
dca19cf1
fe1f604b
ae35f090
3e058aaf
7f280fbe
7c07c953
75ecc088
2a02202a
3e055181
3c45535b
63f0e445
7fc00000
7a6af833
3e0c1e63
64758488
1a7cde47
a4286a11
e6d44a6b
3e0bbdd5
e7f106cf
ad610364
53735636
d8e9d81d
3e024057
35ca52b8
7f1d610c
c380ba8f
b84d7ab2
3e031a69
c8725483
f2d107ad
eae86667
7f402f06
3e01448b
2e605cf5
deed92ef
703c0cf9
67433dd6
3e025b3d
7f30e1f0
efef722c
f961479b
752c2285
3e02beff
e3431773
c9569aa3
7f38944a
ac9afe87
3e02b451
573e4eab
5be65a7e
fa9f5122
5d2b9e19
3e0483b3
f67d9c18
7194d50a
3f5064cc
583c508b
3e0399a5
6e62d5f2
7f5b4d4e
5db0f0c3
e74d2ded
3e0ca6a7
f61b7c1c
ce02b9a3
aaa14b35
7f5254f8
3e0ebf39
7c0b7d16
5401117d
30c0ac4b
df710601
3e0d7bdb
7f489e12
e1943b92
9d83f495
7bb1cee6
3e0c190d
fbf55ec7
66e33e91
7f31cf1c
aaad8900
3e09974f
ecbd7059
e2d3d4b6
edb7449d
39eb0850
00013a0c
a905adfb
9c7a0800
2ebf7132
f1239ee9
7f800000
b1ab942d
7f3b0f00
d5f8a15c
728fb840
3e0c7975
e02b3a02
ab222c84
e3cbce13
7f3ad6da
3e0730f7
f7804041
a74aee02
ffe9c4a0
9e4c76d5
3e0aa809
7f4b38a4
d6039f4d
a0cbff0c
e27dabfc
3e03172b
dc85e895
3ee43f8f
7f4306de
6db4f3f6
3e095add
78cc9117
58883561
32d2d25e
5c231625
3e07139f
48514129
b1547d90
302c3a6d
c1e83a5a
3e03c5f1
e9e8714b
7f645ea2
20f2e544
667d39c4
3e02fa53
e8aae738
e77aed2a
ebe1d1ec
7f45992c
3e0b5d45
ca2bf212
a6df6a47
e1cdad66
5ab84988
3e0edf47
7f59e226
c6f2b9ce
ff62da30
707b72d9
3e0bd4d9
5c95a873
5ccdb11d
7f26d810
3feca48c
3e0f167b
e4e23465
db4e67b2
e84695b4
e715ad06
3e0f20ad
1a8a93cd
f1cbf031
22fb558b
7fc00000
3e0833ef
37b18704
7f4510b4
678ab43e
62ff1177
3e0174c1
5673989b
335f9b85
b872ad52
7f483c6e
3e030ba3
2bf21ac8
1f83b73a
b2a64ac0
3428dfab
3e054515
7f522718
53a125a4
5e698cd0
a1d4475d
3e00b197
786339cc
6236a0de
7f5ddb32
6e00c2f2
3e0745a9
e4dde1c3
5f5dfb68
597480da
f937911c
3e0e79cb
7f800000
6487fbc2
1b980839
20dcfa16
3e026a7d
ee7561b7
7f4935b6
d21b9c7e
7557c060
3e09f83f
9da3e994
5c46c7e3
77892c08
7f553d20
3e03e791
ff800000
ecd00cb0
f7b7c962
b782dd08
3e0500f3
7f440ffa
ebfc554a
1674c47f
f01113ce
3e0f30e5
f1a1bc5f
6e625034
7f6fc4c4
52fbad2d
3e09a7e7
5259b65c
0a329bee
b0d2a14e
e437046f
3e01fa79
f2bd7956
e7cc94c8
e457f1f7
bf5ba941
3e0e411b
8f638e40
7f4a3a28
cd94a0b3
f353db26
3e08384d
30010007
f683b1d1
056f23dc
7f4e13c2
3e09608f
463ec024
77a9f0f6
28e8a398
fb45d217
3e001e61
7f6f414c
662e7640
7c28749f
9c3e0dcf
3e05da43
5085536d
64276827
7f5b8546
79e3732e
3e0e20b5
efccccaf
62e5eec4
30622b53
6ed8909a
3e06c237
526126ec
edebf55b
fd29d645
12325f12
3e00f349
fecc6a66
7f3d068a
50f9a0fa
1ea5463c
3e0b6c6b
77523f30
bdb1f6c8
4fd39dd9
7f1c54d4
3e058a1d
bfc07bca
440b72a9
5444e77b
5be52d65
3e036cdf
7f4f1b8e
cf8e3683
460ecf28
eca16867
3e0b1931
4f49668b
eb06cef5
7f3e6938
ffff3c04
3e029793
7b95ed78
7f800000
69e41c2c
46a69add
3e071485
4a961a52
668cf589
ae803bf4
d12004cd
3e050087
7c560654
7f271f5c
ea9b3870
5890ab22
3e093019
7467ef76
75cb00f8
b7b16f0a
7f19d0d6
7fc00000
a5f1c7d8
e212aff2
77d147f4
3fb3ca73
3e0f5fed
7f3ddb40
9f67a61c
d99d8acb
facdad10
3e051d2f
ad31c944
a4627716
7f3a391a
570922b7
3e09d801
ab50b97e
47d3e560
b5f5d93f
ef7737c9
3e0838e3
6689f108
fcbf277c
6c6110bc
4287c54e
3e0f0c55
6dc5d94f
7f62c51e
dc76b1f3
3bc6f69d
3e0162d7
4ce6e40c
fc51051e
d48429e5
7f2fb448
3e0fb0e9
5359197c
c66fc62d
f46e111a
45cecb5c
3e01ef0b
7f36b8e2
69e7a56f
99f84385
c5ec3013
3e0ab9bd
dc5173ea
5fedc6ac
7f62596c
82380ea0
3e0b717f
589fba09
d7999826
3d90d14d
aafa011e
3e015ad1
d4d0392b
f7b95a95
edb581a2
5828f524
3e03be33
3e7b0cdd
7f3a1450
f0bc0761
b1300c5e
3e0b0825
9c0dd59f
cb858527
19b8cb43
7f34a7aa
3e08e927
b8a7309c
f986934b
537e59b5
b08e6f99
3e0975b9
7f3f08f4
daffeffd
aa48872a
fb128c81
3e05465b
47d177e0
50accc12
7f800000
5f7f2766
3e0c978d
546ee147
1161db3a
44d373ce
4a6de8d5
3e0369cf
0c8ea4c9
c8594d36
5fd389d8
d9310357
3e06a1a1
2542539e
7f212572
f2b9cddf
7fd37fb4
3e022783
4bf752ad
f023e967
f530d5dc
7f11ef7c
3e0007f5
5b8e2a82
c9e0f104
784cb4d6
91474e2f
3e089377
7f3e5bf6
c7a43a9b
d6b28d85
162361ff
3e0b7e89
6af7eda3
f3dda4c8
7f3ce960
b5bc207c
3e0a01ab
f8ecb715
9cf8920f
cb758fa4
ff6aec76
3e09f95d
bfebe153
5a277be1
f7c7dade
7f776dc0
3e0a061f
4166bd2a
7f572d04
4dfe8568
c3079ada
3e0eac71
da0cbeb2
26509210
ea7e55c2
7f778c3e
3e0074d3
5ecc33b8
7660e3b7
8945a67e
35d36edb
3e030bc5
7f4d9e68
dc0ec0c9
da3c05e6
df5eb608
3e0d61c7
7fc00000
cb5745eb
7f664e02
e691fa4f
3e0acb59
aac7cbb6
6884cf9d
5dfaef4a
7e26b90c
3e0d20fb
f28df700
73cc3832
f913b9e9
661da003
3e07df2d
f98ea9e7
7f369b86
6e1455ee
6fae6b50
3e0c466f
ec528c79
5cd67356
a8ad12bd
7f275a70
3e0e7b41
f0843dbe
2b513ed4
765c527f
a7f8f0d4
3e0ba623
7f4538ca
21b70207
f4646afc
7f800000
3e091395
31962ea2
bda72a24
7f352d14
5c01e5dd
3e045417
e8ebf061
752ca95e
2d39c040
5137369f
3e0c5c29
e5afbc43
da8b27e8
ad0e6a24
6d8240f1
3e0ba44b
654292b5
7f3c3d78
cc9cbeb9
e23c3296
3e0b48fd
4d61fe60
2f0ef581
fbe1e4fe
7f5f3292
3e072abf
ad3b4e14
d3e5e45e
e880ddc8
fc9ce247
3e0b0e11
7f122f9c
29a6a1d5
52d879e2
bb75d764
3e00bb73
4f513c1d
1fb31591
7f3ed716
9e8bf09e
3e071f65
2fb42edf
6e17f4b4
45196543
a8a16d88
3e0a6a67
510e9010
79ad446e
b959ddd0
24da5a42
3e0530f9
7e0d31d6
7f4d5b5a
33735477
dbd5afc1
3e028b9b
dbd20685
3f3805ea
72ae0789
7f6a0924
3e0936cd
dd12de3a
d351b57c
fc99880e
3aa00270
3e07b30f
7f5a435e
cf21e976
e069b018
f04e7497
3e0964e1
fcfc9dbb
60ab7da5
7f2bf888
5a7860a9
3e0cb4c3
b50cca67
4ae2aaa7
1503d01c
2547accb
3e022f35
c7a5a204
e2fbe339
78b9a5d3
ec9e757d
3e0ca4b7
99d3a0fc
7f44d9ac
462b84c5
fbd99b3f
3e0a49c9
44171ae3
cee27d0d
c59d62c7
7f200ea6
3e0ed6eb
3e183bb0
dfa22166
3d6c9459
f42bc8b6
7f800000
7f371090
f17a8e0c
e2e43f1e
dd1a1be5
3e0adf5f
c111af34
32379103
7f36b9ea
e5b72ae7
3e0e7fb1
759e110b
72315d75
5c14a178
2d90d579
3e0c9213
51d36bbd
7fc00000
5b45e441
6bb3341b
3e0f4305
f341337f
7f4f58ee
4f411226
f5ae034d
3e080307
3c83fffc
e6bd5b2b
757ccc95
7f5dcf98
3e00a699
7a452033
76acbedd
4f499517
be7fd961
3e0d863b
7f502fb2
56bb0072
13dc6c74
c02d71c6
3e089e6d
42f6c250
45575a9c
7f2fdfbc
13fd164b
3e0dafaf
701407b9
c6c7be53
60baa1fd
5f140537
3e0f5e81
fc03e85b
1e19c1e0
f5dd4b29
78614314
3e0d5363
7bbbc98d
7f1e55a0
6bd9b711
eb842dce
3e035ad5
f143abcf
61ed0c64
de2c6c73
7f3a547a
3e098557
d75c739a
6f1e5a7b
62c61865
15f28fed
3e0d4769
7f1c5544
58da9e28
4c74eb67
6c6affdc
3e0b998b
73ce79f5
9f0ab7ef
7f52ea7e
5e81aed6
3e04183d
6056746a
f196619a
ff16e93e
18957f85
3e0d23ff
70949089
ea4ccfa3
d3192ec8
e37feb3a
3e010151
f3fb23ab
7f3a4842
dd60836d
66a38b19
3e0bf8b3
ffefab5d
3575b597
294f4de1
7f4441cc
3e0376a5
7f800000
4e7b69a9
f9f31046
7bef0f68
3e0e2ba7
7f5171c6
eb22bdcb
ec525c10
7644afc2
3e052c39
12f6d6d2
ff073db3
7f3136b0
eae51301
3e0610db
6f57fdc5
9db168f3
07ebc13b
fe717fe6
3e0e160d
bd614e7a
6570cfbc
9f01f9c4
b72da0b0
3e063c4f
59d25d59
7f3bc554
1ecd8624
f7c9894a
3e086821
5cfbdc1e
cddb14e5
b16e1232
7f4df80e
3e058203
ada4112d
f3cbb81a
c3aba8b1
f1fa220b
3e049675
7f0bd1b8
edb31e79
1afac2e3
eeca3ef8
3e02f5f7
e590c5ac
e157851b
7f3c1cd2
4d6397d2
3e0d5509
99948823
f7f29c4d
d111f1ba
55b794fc
3e09ec2b
267ffebf
f7b388a2
c35f9424
3e85e4e9
3e0b97dd
e4d2d617
7f739d56
16c1e35e
d90cf325
3e05f89f
cce3e174
74299e43
7fc00000
7f10b3c0
3e0a92f1
d8aae72e
6f4748d8
7d1e8b6e
3c50d1b9
00012c96
7f343d9a
cd55c637
f533c781
fd69395b
3e0bba45
75504c26
ed8f1749
7f361164
75722287
3e04e447
735c6011
2c89b06b
5e0413d5
f5afd3e2
3e0ac1d9
98dc4244
65db98d8
d493c657
ec2d5ca1
3e042b7b
d0591165
7f49fcc8
d1db5069
3c87de06
3e019dad
c5436c67
7f800000
be92fe6e
7f2ead62
3e0958ef
50fe0936
e9aa2bd6
2f70713d
d010416a
3e0c81c1
7f2d19ec
c5499020
5babce52
7e5f1989
3e0d40a3
7360a6ae
d2e0f83a
7f52c4e6
79cc420e
3e0de215
ade35f22
f3345419
7cabe376
4450845d
3e00f697
e8ed62cc
4c8568de
49ff6fa5
7ee263f2
3e0272a9
717a96c3
7f1c8c2a
af8cb88d
d6effa1c
3e01cecb
c13aa135
ef8ba12f
c9c49d44
7f1c3974
3e05277d
bd0026b7
f795a56c
642d2d7e
eb0c7960
3e0d5d3f
7f4e872e
963562a6
a4d50508
f8f2de1f
3e033491
d449f9bc
e49705b0
7f0e43d8
4ad55be4
3e0575f3
c5965a9d
db9ed64a
de5e380c
4647791e
3e000de5
44ecff32
446a9934
f01dfc86
d92c05a8
3e042ce7
fa6b1f5c
7f638ffc
396e1a50
b3f44802
3e096779
2041ea56
3fdac3f8
c7d7b6f7
7f37e876
3e0fd61b
6ec4a2a0
16d6f57f
54b7cfd4
c5b88c26
3e0b354d
7f3981e0
701ffed1
dcf9708d
d5d03e95
3e0f058f
7fd23899
55e68233
7f4316ba
c382498a
3e03ab61
945a805e
5d5aec25
567eda72
fe7f5674
3e0c8f43
de5ed06d
e535885a
be57849c
68dec42e
3e073db5
f23cea5f
7f2608be
7f800000
e30553fd
3e0b8737
3409cfec
d8233bfe
1bee333a
7f19a6e8
3e04a049
eeb03563
86ace788
3069e1fa
f3430911
3e0b416b
7f4a0282
544980e3
63968ad9
7fc00000
3e08c71d
74920757
efe3a28c
7f47620c
63900a65
3e0b51df
7fed5969
dad9eb83
6b312828
2fd5ed67
3e02e631
6753db6e
52dcebf5
7176de82
412fc504
3e0f8c93
f4b28678
7f44d2f0
2225c529
7abb233e
3e087185
fec6e5ff
c743ca54
fe26eaa6
7f20dd4a
3e040587
628a747c
c7fc45ab
d51d3170
55da0c22
3e091d19
7f701d94
f18be9bb
4726f02e
ce071fe1
3e0110bb
fad601c0
6a0dd94c
7f19064e
d94b8a46
3e02dced
b99dceda
5c840f1c
a20c32ae
5ba42610
3e0f422f
5c63be39
d8fd38d3
72924771
5767e7b7
3e05e501
f7664a7e
7f24c712
bcaf3692
f554e4c9
3e0b6de3
6e81481d
9f020daf
6d5bdd91
7f49901c
3e08a955
6c6a7e4f
d949ef59
448fbfb6
7ceb2058
3e0aa7d7
7f382396
f2e39de5
7d408b00
e318025f
3e0bdde9
6b9d6403
2c2b4aa8
7f60c000
f144345c
3e0e440b
d955ff50
7856ca6f
dae01f84
ba432513
3e0e76bd
f27077f7
60616fac
dbac271b
7f800000
3e07d67f
abda6709
7f3fd9a4
18e7ce4d
d5bc0bba
3e01a7d1
7dfacd8e
4cd0e3f0
7ba0e2a2
7f507fde
3e0d3333
e636c198
f048968a
5185224c
c4036f74
3e0ce525
7f09c108
f8aecb74
60b38043
7d643be8
3e0c6e27
64a2e4f1
fcd7e84b
7f5447a2
34292042
3e01e2b9
e3922696
f3798a38
f478882a
f8e89981
3e0fdb5b
2e7c30e0
69dced12
c9de2949
f8c7a663
3e00948d
dafce647
7f253b26
3e90d26b
44f185d5
3e020ecf
663653d9
ae933e36
e6afa2d8
7e8849ca
3e0b2ea1
cd331a0f
f6155d80
6047c66a
0b6380a2
3e01dc83
7f261e6a
a6bc989f
58583edc
d448b86e
3e0a24f5
90930b82
4a2e530e
7f3f71b4
694b9d16
3e065877
471353c1
ce63cf9c
bcb7ea85
3519c6ff
7fc00000
becaa7a6
a5a87dc8
ac7f123a
67cffc51
3e02d6ab
3fbd5415
7f307818
a1a698a0
fd05dd76
3e0e365d
218378d1
9878ff70
a1c0ebe0
7f718432
3e0aeb1f
49fe05f4
c98878c3
4d75f5ed
e568aea7
3e077971
7f2d003c
dde63f61
53b6e32f
2ff90739
3e0669d3
f77bd97d
f893a8b7
7f3c4eb6
e15803db
3e0568c5
cca7a392
65606dc9
ee64dee3
3ef28f08
7f800000
2fd88691
24550c0c
d9936255
5ba98462
3e0bb859
90c3bd4b
7f3f98fa
f2fee8d7
9391e875
3e0435fb
273f3000
6546d932
d173e6e9
7f3fe5c4
3e0c5c2d
b8012ee7
3f31495c
3f26550b
d7888039
3e0f6b6f
7f70e6fe
58ad5613
bc77cdf8
a7cd38f7
3e0b8841
539ecebe
f26d2705
7f624b28
b0c5b9d4
3e07db23
7ed9e048
63e406ff
55e750d1
c5302a8e
3e03b095
ecc58fa2
8eca3324
a10cdbf6
6fa9c698
3e069917
fab77d61
7f30424c
eae2de25
ca021b9f
3e098929
6a4665c6
c9ac80e8
7344a25a
7f465e46
3e00f94b
af3dfd90
a5dc4d42
fad92bb9
3ca9a396
3e0005fd
7f222f30
79d90281
d7b12c5b
381f2545
3e0c8fbf
fec11714
5c631763
7f344f8a
f1fee747
3e0c5b11
b355a1ce
580e0230
3bd8dae2
e791e064
3e033073
a4fc791d
11bf96cd
fb2b4c8c
f908019e
3e09fc65
43a5cfb2
7f6bd48e
932dcd82
6cd7b228
3e06ef67
8fcf53dc
554625a8
ec7b5df5
7f203a38
3e0e9df9
5293ee93
59dd7c3d
e6f5a86c
65326f2c
3e06209b
7f193152
6e3e1552
65e5b454
172264a5
3e0e33cd
ce160787
0f699e85
7f15e05c
f869fb70
3e0f580f
7f800000
5440da76
b04b0f5d
59bab9be
3e0ef1e1
455b88de
d87d4bc0
8ca246c1
e70b7af4
3e0569c3
99ddcf10
7f4a8c40
40e8391c
a2b701cd
3e0d4c35
7fc00000
29c4bc46
d8b8e216
7f3d421a
3e0369b7
ee99a46c
ad74847e
f668e860
3db9003f
3e0ff6c9
7f4761e4
fef47a0d
7391827a
5df323b9
3e00abeb
c6cb34b0
70eec04f
7f4f3e1e
be1288f3
3e0be59d
52e729d7
8cfc0c1f
bd62501e
daaab41d
3e04c45f
77ffefe9
e37545f1
cda5d4a8
3ef5ec1a
3e084cb1
be9983ee
7f15a1e2
df76cf02
f5938984
3e0b8713
f6af28bd
f7edf9f7
5846f141
7f0eda6c
3e02a005
58d14bd2
94aaaee0
dd764c23
f99ba548
3e090807
7f577166
ecd4302b
471b6995
3d5e3ca2
3e029399
d0a1d8f6
bbf0cb98
7f288550
f8eacc4c
3e0d9b3b
c23b9e40
4ec5a725
12ee9228
dd0ea2c6
3e0e1b6d
faba2f5a
c68b36f1
3ab25b2e
33e34a84
3e09d4af
ef03ef08
7f7069f4
b80334d8
7a04ca37
3e0d6b81
cb3892fe
73ad9e45
dbe670bf
7f4423ae
3e028863
5227c68d
e8c4e847
e54f0411
78a7f46b
3e0ef7d5
7f446c58
ea21e5d9
cc228ab0
2324521d
3e04ca57
2d5900a1
7f800000
7f23ce72
eababcb2
3e0b7469
389dbe83
cf690968
ba257067
75f46131
3e09ee8b
34c93bd0
efcbdcef
bb3ce404
45c41f93
3e09d53d
e67f756a
7f3074f6
75377a3e
e86e2420
3e0b88ff
e714a954
d72e21a6
d464cccd
7f5d1a60
3e034e51
7f1bf8ab
b28e6070
7a76153c
5e5f7819
3e076db3
7f2fdb3a
f6b5fa97
ed88dae1
5d8983bb
3e0753a5
62f217f2
94ace18b
7f1e4e04
ebc66868
3e03b0a7
3fb84e1c
2e2dc9ae
f814d510
f0f2252f
3e0f9939
dde4cbd3
4418d6b8
a92008aa
6f1d2001
3e02a5db
0bd25a40
7f6caf68
eac78694
cca3c0e3
3e04130d
7d1168c7
e5fdd891
795aad4e
7f1cb702
3e06e14f
b92b4a59
561758ce
e1a5be4c
4e7c0a4a
3e0ef521
7f7ee28c
7fc00000
e7696a07
646ff8e9
3e073703
6f208e2d
7bbe30e7
7f607486
c41060ee
3e00b375
e8fcad6f
cdba8b79
5553de56
b2ad81bd
3e02baf7
66a65a41
68c91a1b
dc5c1905
c532797d
3e040209
cc38bd23
7f4b81ca
f3e132ba
4d3ea2d1
3e04c12b
5cc012f0
532b898f
e84a9d24
7f620e14
3e01d4dd
affd3587
692b4f61
59a66c3b
3efad025
3e08dd9f
7f4662ce
598adfc6
7f800000
6d23bc5a
3e055ff1
f89f1b4b
4b325fa2
7f250e78
d193bdb8
3e0ee453
dd4ab7fd
f39eef2a
505f2b1b
bb9fce5b
3e001745
6cd03412
f1690114
702607b4
68a95f90
3e0ee947
e6c5ad11
7f57f09c
a97f099d
713834e2
3e0daed9
7c06934c
e2702b1d
1d36f3a0
7f307016
3e0d407b
68d3ee65
ddfcd5df
53e727b4
7991af83
3e081aad
7f4e1880
78978a31
fabbff8b
fcd720d0
3e0e7def
ed9b2ff9
c5785093
7f5f645a
554e9b77
3e0b8ec1
9506c29b
45894920
6438ef52
61afc689
3e0b75a3
fcabccc8
9612393a
b4d2f751
d82e89ab
0001c570
30619a0f
7f65bc5e
7c5c1eb3
eaa8d318
3e053b97
9826c3e1
b78454bb
520748d3
7f2e8988
3e019fa9
2c6c7e46
0d1740ec
df7402da
b19c631c
3e0923cb
7f32bc22
5cf5c62f
2afe2644
79b7dc16
3e0be47d
501ad5aa
dc878902
7f485aac
2ff4fcab
3e04c23f
4cdb0978
b60931e3
0ff7ab38
bc619c7a
3e068191
4b83cdeb
4891feb0
f683024f
b2e91359
3e09eaf3
2adb3458
7f0c8190
6885de21
f1bba8fb
3e04eae5
3533a032
7ce6e234
dc662d86
7f6482ea
3e02b1e7
5370885c
e5bb3dee
283d9350
7f800000
3e04d479
7f2f2234
69cfdabd
a87b7bf7
e6f2c3ac
3e056b1b
18c993b2
78f35a7f
7f3a91ee
70b13d26
3e02324d
bf2f0a07
37804bd1
7fc00000
fd6277f0
3e08aa8f
683c2599
acfff394
dcfad598
421e5c17
3e0b3861
d9233d3b
7f41d8b2
78123e9f
f7349f74
3e074443
9d7d4fe8
f74a7227
deb5ed9c
7f4120bc
3e045ab5
415116af
394706b9
50281a96
e627f940
3e044c37
7f145b36
4f4accff
2aecc4e0
fac632bf
3e0c4d49
404c7e97
483ec088
7f2586a0
fe87183c
3e0f166b
4cb83130
531292cf
435f7f64
ed033236
3e00041d
6d9d7dca
e7accb8c
6c28d89e
f0aff180
3e0736df
670b9cb4
7f1a7644
fb0233ad
ff6ecc9a
3e0eb331
7226f4b0
c8b708f5
d38bbf82
7f2de37e
3e008193
408e873d
396f0f6d
e890f7c1
71458575
3e0dce85
7f38d3a8
dd2e9354
69b3e6a3
ce9dfecd
3e070a87
e746a051
4644700e
7f5fb142
ea00bb0f
3e0d0a19
7629d176
5a899a5d
7b70710a
5828acde
3e0325bb
74ee3909
2fb1f1f2
61abd9f4
f3d43cc3
3e0a59ed
784b8fda
7f3a4ac6
d49034cb
feae9f10
3e0d672f
3bf8db44
604556c9
74993d7d
7f3a27b0
7f800000
d58fdb7e
d57f4cae
7608a33f
792b7094
3e02a2e3
7f26740a
cdad6ac7
c9a6e2bc
dd17674e
3e064655
31b3234f
d0f897b9
7f1fa654
e685709d
3e07ecd7
6460c721
5d50a961
4c81c400
f71de75f
3e0c0ae9
51971903
6493a3a8
268b2c2a
a307b1fd
3e0e990b
bfc97850
7f3ba2b8
4f931d71
ff7e1a13
3e0633bd
cca375ea
eec918ac
e545bc1b
7f6545d2
3e083b7f
d7d18dd4
21fefa26
7ca84175
dfd00b07
3e05f4d1
7f0fc0dc
46c1b8c2
ca69cb8f
4c96ee99
3e0aa833
651386dd
f174178a
7f243656
efa40e3b
3e02c225
3c9f9f9f
ddd5ad29
af9f59c6
692d37f2
3e03f327
6155b1f1
e88d3d4b
6fc99190
70bab7af
3e0e4fb9
f9314653
7f55469a
6e920d37
7fc00000
3e0e705b
9cc5f992
74610e12
30b2cef0
7f4fb264
3e08918d
abaeeb48
52deff11
72e8a76b
fb7922d5
3e04b3cf
7f53fa9e
da19f473
6473dd1d
349b3af2
3e03bba1
b0bce27b
6d4de065
7f538dc8
764d8f69
3e059183
3e14c628
aafd599a
a473aa03
e41d096e
3e0841f5
65ebec82
c37e0304
aa6cb669
aaf5a478
3e081d77
d96a60c1
7f079aec
61bb9320
4db42c0f
3e08d889
7f800000
392756c8
498a0b87
7f1b1de6
3e0fabab
42f38f70
72261a22
c419d319
70b180b3
3e06735d
7f5a3dd0
4f5d35cc
43cdfcde
72533ea5
3e0fd01f
f2a3b1a9
55312dc3
7f59552a
c84a33a7
3e044671
5a8b45cb
a1799bd6
df7e17c2
c2879044
3e005ed3
f5ba967d
7dec6faa
bd885b01
664098db
3e0bc5c5
d200843f
7f58c02e
e36767e6
f43a6808
3e016bc7
6223d391
ca43c448
adb4ff55
7f4194d8
3e00a559
105672ea
7acb3e58
ed23f14a
2cf389cd
3e0f4afb
7f4ba2f2
fa157a32
6d1813e9
3d550c26
3e04d92d
fab3b7ea
55a4ecb6
7f4bd0fc
ff3e5e75
3e06906f
ddea5d84
51835556
ae7e66f8
b40342ea
3e0c9541
6ccd5fbe
f09160ab
5a411c7f
e7519d09
3e081023
df27644d
7f27b2e0
b92f9dd1
f12e742b
3e024d95
7a48f0a2
69613c24
33d96910
7f2b9fba
3e0cde17
fb470a61
ad28df3b
696cbb25
3671009f
3e0ab629
7f345e84
3c81da13
6618635a
d70bdaf1
3e0a4e4b
202ec06a
3c283cc8
7f6001be
b5d074a7
3e08c2fd
7a59562a
75670f81
cd23ec9d
f51d0ee0
3e05f4bf
fc2b5f49
5b954666
f2784a88
c184ec47
3e01a811
65063870
7f800000
edfad4cf
5121e964
3e09a573
472bb61d
69f5ce57
67bc758c
7f0d630c
3e00d965
4b9670b2
e31086b4
c101c606
2ff60b28
7fc00000
7f53e106
fa49e66e
e4bd7ae5
e5c01982
3e0c0af9
c43e13d6
df63393d
7f34c3f0
eda7c9c1
3e0db59b
d348c085
f79e75c9
2d984c7c
246515a6
3e0730cd
99d10c9e
5e75877c
a6b72a0e
c9dbaa15
3e0afd0f
57ca9c19
7f4afe94
e0674c5d
d06d0b0a
3e087ee1
5f8cc7bb
70ef37a5
cc53311f
7f52bf4e
3e021ec3
e2277c68
52d6a9da
d9c0a21c
e08a56cb
3e0c6935
7f23f6f8
0eaa9ba3
697c5316
beddd991
3e0e2eb7
511ec401
da47e9e0
7f3cf012
6d3c653f
3e09a3c9
14b024e6
f92b2d08
7d596cc7
d6f7a484
3e0680eb
2bb22daf
f6db9262
fa4f03e4
cf42fdf3
3e05229d
60993e4a
7f27bc96
60871bfb
d71b0e00
3e02a95f
11181c72
7c96fb03
f6d8f22d
7f627100
3e0619b1
c5eabb0b
31e59775
fff5b002
ccfbaf79
3e0e7c13
7f1ee8da
ca0dbef7
42b1c2ac
75d25e1b
3e09fd05
a7cdfd7f
f22e2609
7f507aa4
c6affd4d
3e0e0d07
709d46d1
694f052b
30be0695
58259da2
3e088099
490c0a32
a41538dd
7f800000
6691360e
3e01b03b
f4edd740
7f1a5208
cbe3bf29
ec83d3c6
3e07986d
5e42f527
dd782c9c
71cdac2e
7f4030a2
3e09f9af
a7d31436
7ffa9196
c9d01bfd
572a232a
3e0f7881
7f4c9b2c
e411fb45
7793d5bf
4380e849
3e0bbd63
52530f88
177a49fa
7f2c9426
4127c96b
3e0e94d5
6fd4f5cf
d3611e64
5b392936
e8abc5d8
3e040f57
8ee24a3f
ef4c847b
f295e080
e4ef5db2
3e0da169
df3b0306
7f31e76a
fef6739a
493dd1dc
3e0c438b
dc56b4d0
22fa6cc6
7b8d6d04
7f55d2b4
3e03923d
ea119f77
b54932c1
b418069b
6b3ddd20
3e0dedff
7f1eae6e
1af4d2df
b901c9cd
402e6d3a
3e099b51
c8a0cdab
6a305970
7f6ac918
a7000ba4
3e06e2b3
7fc00000
7bd9580a
4d9edfcc
e63f36de
3e0f30a5
dc37b8f2
e18038f4
56770fc3
1d3b97d1
3e0d35a7
54989871
7f2c413c
4d5ea235
9bac4a2f
3e0e0639
2c25d016
dd69487d
eb8e09aa
7f2b67b6
3e033adb
5afdc660
57bc463f
e2a12cc9
31acdeca
3e0e100d
7f639f20
9b0ea1bc
bbfa11eb
463e685c
3e0b864f
5ac83759
43d8aef3
7e8b4858
da6cafd8
3e098221
20d2ed00
5265b300
6beb0a62
7f800000
3e0cec03
46210b2d
effcb5e7
26dcdc5c
c66eb1ef
3e00d075
69b7dd02
7f09dffe
fc7c4f56
55c13ebd
3e067ff7
e95f6741
40e599be
55b2efa0
7f165c28
3e0eaf09
f4203126
425c964d
284b0e07
fd0766fc
3e03962b
7f58e5c2
f5764aa2
b6a9a624
68e3c6f6
3e0c11dd
4ccafe8a
dfa2dc61
7f4d434c
ddecad25
3e0fc29f
7efa7374
c98410ce
3a820b32
66c87607
3e042cf1
fc90704b
c0a44019
c48f9aaf
34fc2ab9
3e0ad953
eacb74fd
7f392030
6f5be181
bb3a7f43
3e087445
c8205512
3d2aca14
20132e63
7f27988a
3e0cee47
f3116a56
174d7531
da47321c
731495e2
3e049bd9
7f2416d4
fb1fcad8
76f65057
b8d276a1
3e0a557b
fe52cb65
7e28badf
7f448d8e
89b6dc18
3e0297ad
4761005e
3a40e6dc
533fa06e
7b53ecf5
3e07a2ef
dd209cf9
c5eb0dd6
4ac7eb3d
ee50265d
3e0e9bc1
e466579b
7f605a52
621a1052
58526754
3e0daaa3
d793a43d
f9177a3a
2cfd4451
7f60a15c
3e0b1c15
eb253f0f
5f3840a4
cc0f93b3
fad4fe5d
3e0d8097
7f3b02d6
b845d3de
501ccec0
fea1b6b0
3e04cca9
b2a7af46
3c9ebded
7f333d40
5848c171
7f800000
c7d23310
56ed9ec2
d4b34f39
2d834d16
3e06a17d
7581b0b7
c45ef76c
de8c4f7e
5411eb60
3e00273f
31ccb5c9
7fc00000
3088b708
3517dd7a
3e0dce91
3f00db58
31792ab5
611ba74f
7f77b71e
3e025ff3
5df4d49e
e7b0f0d7
d1b46b21
f422bdfb
3e0dc7e5
7f42d648
2ac78b96
35a6dd03
478d242d
0001c71a
6d69f15c
a51d8eee
7f308ae2
c92e0a02
3e044179
f606cd74
649797bd
564340f7
cc16d041
3e0f001b
9188ef0a
734346d2
e81d61d4
489b6323
3e0d2f4d
59e780ba
7f1dca66
de2b128e
7de17895
3e064f8f
caabdb24
66fd6c33
6111ee98
7f32f650
3e06c561
6fcf523b
e2a2a625
c0821c72
a181d12b
3e05f943
7f2e39aa
7d11f727
7408569c
e899814b
3e0577b5
ad093baf
9b2373b9
7f3dcaf4
66233738
3e011137
5d3721ec
40b94b15
3a82ed45
d0f2c212
3e07fa49
6e197d66
3aa4e327
e29ea828
9ce6013c
3e06eb6b
7dd406d5
7f45bd58
f9e864d9
72e12336
3e0b411d
6ecf110a
3b69f48c
59ec267b
7f627772
3e071bdf
c5ddb369
411d5583
cc9191d0
0ec03891
3e0e8031
7f22717c
520e7ed0
15f4903a
7e81212f
3e057693
7f800000
31f4106a
7f1e8df6
ad20453e
3e072b85
f8f7afff
e78d5c54
559a1ba3
f80e6ac8
3e0e0f87
ed64ed51
f9e90492
3790d515
ef68ce22
3e04f719
7768c276
7f36643a
e48df20a
090e6603
3e093abb
e69b22a5
c57f92f2
7217d5a9
7f416f04
3e05d6ed
f0cd50da
4d98e11c
3442d4ae
f3ed1810
3e0f8c2f
7f2b7e3e
560d22d3
61a7fa7d
239171bb
3e09ff01
d5cd6c7e
4c7a1060
7f27c068
64dc3ec9
3e0dd7e3
4661420d
4f2fad16
f7ce7791
54fd384e
3e07e355
a7129962
9d02b08e
06299f98
1aaaad9d
3e0931d7
79d85f0c
7f72e38c
7edec0e5
e9492e32
3e0037e9
6dbd9b86
ecaffca8
230a541a
7f064d86
3e02ee0b
71b32457
ee183702
7fc00000
72454956
3e01f0bd
7f073c70
1b24c1ac
39cdd3be
dbce6805
3e0ca07f
c21bc109
6df9d423
7f4dcaca
663ac97a
3e0e41d1
55c8b82b
31693195
ef2b708f
3fb8db99
3e0c1d33
bd25c3dd
6af9e217
398eae61
ed505b3b
3e0c9f25
725e849f
7f3e1bce
10a08ac6
98f04fe6
3e0f7827
4dcc7ef1
8ca61108
bb41b0b5
7f29df78
3e0ebcb9
bc210896
ca2e26fd
5d548a2a
44f676ec
3e01055b
7f4f8492
7f800000
e3eab414
e90e1063
3e048e8d
4fda70fa
5bf44c11
7f39b19c
be04bfd5
3e0b58cf
bd702dd9
dfc32036
7d731a1d
c706d257
3e0048a1
14e6869e
4b34bd65
62497cdf
f20a6a70
3e0d4683
4dc31f28
7f1dc980
edfe2c42
fd055d98
3e0a5ef5
6b98cd82
db7a8c04
e1d5a793
7f2d6d5a
3e0de277
e0856dc1
f0c8623e
e5cea485
7a6cea52
3e058589
7f4b4b24
e0a994cd
c5c5943a
7b061352
3e0080ab
9d6a8e15
795c4aa3
7f6d355e
618cf5f1
3e02b05d
41d63f0a
6c975ecc
6def0dde
6bc71ba5
3e08b51f
d68897f4
64bde2c3
d5c89068
6b5cddda
3e051371
ccccb1ae
7f3ca522
787bf8c2
36fd1944
3e0e53d3
667d537d
786532b7
67dda16c
7f27dbac
3e0622c5
e747e592
22372e94
2edb18e6
57f0db0d
3e0170c7
7f2ec0a6
ed7cc4eb
b71fc1b0
c3624662
3e099259
70b1c1f3
d08486a2
7f3df290
5a44340c
3e0e5ffb
5c3da200
4c1c2d53
1c02813e
fcc6bf03
3e01562d
eed6e11a
f692bdb1
3012ff31
c9f4d650
3e01b56f
ba7cd379
7f338334
7d38fff8
4d88c2f7
3e01a241
d31ba45b
75c686ef
bea9817f
7f21caee
3e0c4523
78af9248
9aaa1107
7f800000
0271cc8e
3e04ea95
7f127198
796ba499
defece33
bfc8919d
3e072317
3a9a9761
7159dc5e
7f6f81b2
7fc00000
3e0fe329
df07db43
51f3fc6d
12f0f867
f6e8809c
3e07a34b
eca1e9b5
3ec80f42
e34df3c4
48408596
3e057ffd
39f5572a
7f417436
b3fa565b
2ed3c7e0
3e0359bf
77bf0c49
624af766
64062388
7f48b7a0
3e0af511
f11943ce
dc6bf430
50d5a078
c5dbf6d9
3e041a73
7f69667a
9854997f
d0419e8c
709bc87b
3e0bb665
aedb11b2
4d3acfb4
7f349744
fac86428
3e0bf967
47c225dc
78363752
5b0397f5
e7e385ef
3e0d77f9
58b484d6
ff08c278
ab14a377
2921c12c
3e094a9b
46327165
7f3ae4a8
c7b40e89
e23bc6a6
3e042dcd
798a9639
63603f51
d863fb0e
7f411a42
3e0aa20f
5f9a8919
af3a980c
f107895d
25128c0a
3e060be1
7f3e43cc
6c71bdc0
9790161f
bd29e7a9
3e02d3c3
aa42d568
5a0339a7
7f1f23c6
aec1abcb
3e0f8635
eb7125c2
f62b2a39
c9d3c416
7d6483b8
3e0cf3b7
1dbaf66d
4da87edb
7b465a60
5a648692
3e0750c9
b7c4b9e3
7f37bd0a
65c2047a
24fbd4a0
3e0055eb
7ccd26b0
ab25f362
f2450ce4
7f800000
3e025f9d
6415b3d7
ce4d2621
569a721e
50acb2e5
3e048e5f
7f3f6a0e
cd8faeab
daba86a8
cff6b9e7
3e07e6b1
6a6225ee
75cfd222
7f4773b8
7b2fafea
3e057113
f3f2a2bd
e34610ea
58950b41
d7860dbe
3e055a05
e11b8dd2
7ed8d309
72cf250e
3a76fa4d
3e071207
77bdbafc
7f4881dc
ee459ff0
b221b28f
3e026d99
771fbaf6
5242fd98
deb86417
7f10cf56
3e09c53b
e4d41040
efed469f
ac1cec29
7e8d04c6
3e05156d
7f2215c0
78f6959c
7dfcfd2e
e25fd490
3e0e1eaf
e41e8a9a
6b140296
7f324f9a
de8a242a
3e058581
efb3b4fe
af7a5845
98e535af
9a88859f
3e08f263
1d04e887
5f9cf247
38dbc03e
740b9e6b
7fc00000
ec5349e2
7f3a739e
2e9bcb73
df6ecc1d
3e075457
d9cb738c
a479997b
2ea6af8e
7f791ec8
3e03ce69
68592883
d662fbad
7e92f7fb
73e7fb31
3e02988b
7f247f62
df3d2782
f351f604
46020993
3e014f3d
634d773a
518c7dac
7f3e1bec
3ce99685
3e0452ff
c3f694b0
5f4f83a6
7c6db9c8
7643ae3b
3e03e851
a088b353
ea065270
b089c30f
58a319d4
3e0a57b3
ed60625d
7f32aed0
e7a108cc
506847de
7f800000
f19b771f
7d88f0a9
6318a346
7f121e2a
3e0abaa7
7d25201c
c67c6bae
67a5bf35
5fda0d8a
3e007339
7f36fb74
c85ca8e4
5658b4b7
2bac4b7a
3e07cfdb
51ab5275
f3a4bf92
7f5ef92e
7ece2ae3
3e0c0d0d
c6bd72c7
a84b8abc
6de7e6eb
56ce8ba3
3e042b4f
6c3241e4
30811f96
75a96158
3469f4d7
3e080f21
3f8a01fb
7f284bf2
f290ef5f
64cc5250
3e06a103
1f7dcba8
eb4bfb1a
fae10fb1
7f5011fc
3e04ed75
33bef76f
d5445084
25dfa213
cf6fbcfc
3e0e44f7
7f541a76
2c302abe
d876d305
7daf437f
3e0d5c09
e1b778ed
109729c1
7f71e3e0
511d4ffc
3e066b2b
3fd84ed5
d202d38f
3e7caf24
e270b7f6
3e0a4edd
3c167f8a
542ff34c
603a963b
4997b540
3e0aa79f
29b3bc74
7f457f84
25da23f1
9ec2f334
3e06f9f1
68e5c65d
ff4e5bb5
5b9a6942
7f15fabe
3e0ace53
12d031fe
2f101537
7cac75ec
cc38f85b
3e04d145
7f4fc8e8
99361e49
a54c7166
d7d7ad88
3e0ef347
5700c760
de49fdce
7f6ed482
4885bbcf
3e0f88d9
77077c73
7dcfe3d8
4aaf32ca
cd75f8c6
3e0b6a7b
e0d5a865
65f89fdf
f3add770
2c7518ad
3e0114ad
7f800000
7f77ba06
cb33f3a1
d40209f9
3e04c7ef
e8ea09f9
b2de3a93
cc59cc78
7f40b4f0
3e05a8c1
7fc00000
73ed0f85
e54f3152
46413a26
3e03dfa3
7f256f4a
f5321387
57349a7c
b5c43e96
3e0fb915
e3eb8222
e5fd49a2
7f41df94
aedd3b5d
3e09c597
aacddde1
5a72e4de
f52306a5
f8ead81f
3e0bf9a9
cea8b5c3
d2b35f68
b8b63ba7
c2958e71
3e03cdcb
eba0ac10
7f36c7f8
ffcd3844
7ce9e6d3
3e055e7d
ff7875b7
692ba19e
e6d9e07e
7f511912
3e0f8c3f
580262cd
e75b9be3
6d77a60d
71a21e7a
3e091b91
7f4d121c
7f3ac755
a25829fc
f94eed59
3e0ed4f3
68ea119d
5f7e594a
7f535596
61edd2fb
3e0aa4e5
5fbce232
72085be9
99d49203
6ec5a12d
3e0bbbe7
58575a5c
59db320b
78788550
7848eb02
3e07ae79
be473d56
7f4af1da
bd51aaea
1487dd41
3e0c951b
e015cda0
669ab3e4
1b25e902
7f3d1ba4
3e0c2c4d
e6ecffaf
fb90e4fd
2761e38e
fdc66900
3e07f48f
7f5f71de
53dee152
6bdd0798
3c34cc8a
3e065261
f0abb35e
62cc8325
7f06e308
74a2fdea
3e08ae43
71b401e8
eafd7c27
2acd22f1
7448b72e
3e0a94b5
58319642
7f800000
b4d6fc96
bea38afd
3e01d637
ce9a578d
7f5a1c2c
da534a45
7ddae312
00018814
6c5b2e66
e47e7288
67c4f447
7f2fed26
3e02c06b
b2ee2330
fdaaa3e2
374b9164
59f72d73
3e0a7e1d
7f512b10
fb1ae691
d574fa9e
402a6380
3e0b00df
ca442eb4
3c150a73
7f39b06a
d3e44e9a
3e024d31
42f6f133
d717f7d0
e8b368ef
ccbe52f9
3e0e6b93
5856013d
40e0e677
6ea2c02c
77903d9b
3e048885
28829e53
7f43e76e
b35fb8b6
91d14270
3e091487
e9473a51
e902c45a
7b397215
7f411a18
3e00e419
3ab7b9b3
7d080a18
c6350697
5afab2cc
3e034fbb
7f4cd632
bd81a15f
85380b9f
fba9a6c3
3e0553ed
f8b5bca7
7fc00000
7f47823c
ce3ab2f1
3e05b12f
b9cb008a
da783b16
9cbb12b8
99c9a4b1
3e020c01
5f1271db
405006c5
f9d19992
6e85ebc9
3e0d0ce3
c2815508
7f14d020
cbadc491
53f7094e
3e0d8055
50306d79
a0d8b659
bd6c109e
7f2aaafa
3e0e76d7
70bb880c
f755a44c
76a03600
fa7bcf32
3e0864e9
7f3427c4
6d09ba2d
868062c8
c8bf61b1
3e0b430b
762f62a7
b77c396f
7f5ed8fe
f809ba56
3e01adbd
7d43c6f7
f5746aac
7f800000
39c6407e
3e05057f
25226e09
4eb45c26
9fcea53e
ed36150a
3e0a8ed1
d56f408e
7f184ec2
735b05a2
eddd6888
3e019233
adbc00dd
9a4722cc
e4b23b61
7f06444c
3e0a7c25
55ddaa72
26d6a674
fcfb9f43
1b9446ce
3e0efd27
7f101046
b923e74b
bc8acd66
e376d27e
3e0329b9
7bc67996
799ae3fd
7f2c1130
f702c081
3e079a5b
4db45be0
9d655012
6a3d3049
b71deb66
3e048b8d
6b7ef547
e6cd9911
744ab7ce
dc945cd5
3e05fdcf
d8731ad9
7eb91136
72f6571d
5c961757
3e00d5a1
d79a979e
961f9a65
96c161df
7f59468e
3e08fb83
eff946ad
491dfd67
378679dc
af01ab6e
3e007bf5
7f37dc38
1aeb1504
7cee78d6
65965a3d
3e07a777
ac647ac1
62fa8e9b
7f638352
d62a0b52
3e063289
6518c1a3
eae691cd
4226d53a
e406e351
3e0555ab
54472b15
cd57ff2e
b915ad19
5d4c5dc8
3e02ed5d
31255f17
7f259bd6
627e20bb
3cd051c0
3e059a1f
7a7be0f4
c97b0037
e4446ced
7f77ee40
3e09e071
e73634cc
fd806a35
e5cdd9c2
30984e39
3e0048d3
7f37541a
203471b2
ddfc7501
ee981a7e
3e047fc5
514b4e3f
74a6f794
7f32a3e4
7f800000
3e0575c7
739349bc
fda699eb
7ecabab0
7cbca762
3e067f59
1c2f8fb6
c42b7058
7fc00000
e290ca21
3e0174fb
7c8adb00
7f366748
2e2c6de9
b41c7403
3e01d32d
4c30bde7
63448ab1
d19599ee
7f4773e2
3e00da6f
72684079
3ec63513
446406be
d41c87f7
3e0aaf41
7f3bdc6c
7e2c17a0
f5e941d2
b5e414d4
3e047a23
74d15e4d
2f431607
7f202366
59b09d8e
3e0b8795
eb3e368f
7aeb4e24
dd084333
7212d9dd
3e056817
3572724c
b635093b
f18c7533
2a3aca9f
3e091029
ff429043
7f4502aa
713be55a
cff6e99c
3e08f84b
c31f06b5
f7cca2af
b72672b9
7f672bf4
3e063cfd
9ae15837
becf2981
fcc828fe
dfbe80e1
3e04bebf
7f1095ae
5594a866
420a248d
7656befa
3e084211
7109e26b
b4e8ed30
7f630e58
a952e3d9
3e028f73
c48ff2d8
4cdf7b2b
44ba1dcd
a218dd7b
3e0a9365
fd73b2b2
41d918b4
7de0ec83
dd4ebd28
3e047e67
fc6c9f31
7f54b27c
f567c1d0
f73caaef
3e02e4f9
f8bef5d6
f5fab33d
72926877
7f08a6f6
3e08df9b
36c62a20
be457852
53e8bb89
e0a677a6
3e052acd
7f317c60
7569597c
e98be6ab
e2ffe670
7f800000
35ae7619
7e651bb3
7f38ed3a
e0e04968
3e0798e1
5facf1bb
4542f1a5
72410df2
e03555f4
3e0788c3
fe122e68
ea00bea7
bbda0971
dd5d00cb
3e06a335
7b50f32f
7f5f773e
277979d3
9971697d
3e0fb8b7
2b7ade01
ea45377e
44831360
7f3ed168
3e08fdc9
b53386e6
2442710d
fda576c7
d17ddebc
3e0e2aeb
7f3d8902
ccacaf4f
e6984859
73a38cb6
3e039c9d
a69a404a
6f1bb6de
7f42e48c
6be58fe5
3e0a735f
fd1476e9
a6866502
dffdef78
37a62f1a
3e0db3b1
e7c7650b
d7f03450
c92f7202
7d768979
3e006613
ec5a5fbd
7f212d70
fba6d316
f581881b
3e04b705
e2eac77f
c47509d4
cdfeeb23
7fc00000
3e041707
fc61e0d1
05473088
bb7d98f0
bc2f562e
3e005a99
7f4fd014
738db2dd
777aa917
4a160d61
3e05da3b
43626e25
95f1856a
7f31d4ce
390d8143
3e06926d
9eedff27
0baee5e6
ef403f0d
a4573fb5
3e0643af
f46dbbb9
5dc17396
745f5f38
71af1937
3e0f9281
e8e63c5b
7f41ad92
bfd62a12
6ad44249
3e0a2763
9a83a035
5616cbfa
625aa93c
7f37729c
3e09ced5
692c35dc
baa53064
6da10b36
d477f7d8
3e0e9957
7f800000
bd0aae7b
21f98d4d
6b549fb2
3e0dfb69
d00cdd83
791178ad
7f097a80
2087c831
3e0ced8b
f5aeedf5
fbc60882
c1932df9
6376fe93
3e030c3d
79f2786a
cc14fc3f
2c112d3e
bc62f385
3e0eb7ff
6f9f4489
7f25ec24
d0c7c3cd
256617b2
3e023551
d6d677ab
42104b63
7341680f
7f30ae5e
3e01ccb3
e6e31918
f5805a0a
a2cd81e1
72a558de
3e0aeaa5
7f47ab88
cbc01da9
7fc479c3
635e1080
3e0c3fa7
410e3271
de41bcae
7f428e22
7f0c942f
3e06e039
4f70b216
2785a1b8
4ce63388
f05d4701
3e0064db
778b3860
4857103f
89663b43
b73843e6
3e0e0a0d
64d2527a
7f7019a6
d430204e
575dab55
3e00d04f
67804ae4
ec0d98f3
77fb7a58
7f0b6390
3e0a9c21
bf7c201e
8d7688ae
5d709632
c58d4834
3e045603
7f3414ea
c41ebc1a
cf7adc3f
4e6753ee
3e0d0a75
59b99f02
4768d279
7f13e434
717bee84
3e0a09f7
afc769ac
ef75d91b
2992615b
3463a87f
3e000909
5f7d5c23
7e57f548
6b46f5ba
f41b89d1
3e0d402b
44b6f995
7f36c298
e63f2399
0991a8e6
3e0c8bdd
6c53ea17
38ddf661
329aab3d
7f592ab2
3e098c9f
7c5f2229
7f800000
482d15e8
c3b2ff5a
3e0dc6f1
7f37a2bc
f03378b5
c9164a42
3626e6c4
7fc00000
67e0e438
6740da37
7f2a8d36
be9b8d5c
3e052e45
62bc9712
e60a5c14
cd9e2266
0b133e24
3e04f847
eb999411
eba1046b
469a87d5
49ca1443
3e0e75d9
2eddf173
7f3aef7a
c2bfb3ca
36aa718c
3e007f7b
605c8565
656c84df
6bbe02b4
7f2ab844
3e0391ad
71f6829a
ff06f131
cc0982cb
2d078bd0
3e05ecef
7f57d57e
9ee72f93
6421b613
ef53ea77
3e00b5c1
f351819b
799a6c85
7f58f5a8
78a3f954
3e0e14a3
f5ee5ccd
de9dfc3a
66f0837c
222508ab
3e085615
5540e322
9e3698a8
fc227db3
b369785d
3e0a0a97
2a9e06cc
7f2544cc
c90940c0
7473bd1f
3e0726a9
beda1146
b4cab868
325bc150
7f3ffcc6
3e0722cb
3b1f1521
e10c352f
16c263b6
73d17037
3e081b7d
7f2009b0
bca2b7b8
e13b717e
79e75d9e
3e02f13f
fea6d694
98dbc1e4
7f45060a
67b178c7
3e086891
9f894ceb
e1006455
8a38f1ff
dfe7da59
3e0f49f3
e8217f58
526fe2cf
b45d8522
f8d7bd1e
3e0b81e5
b9ff8332
7f12230e
58b6c086
5b821e2d
3e0640e7
c12c05b1
c523870b
7f800000
7f2f44b8
3e0f1b79
6050be58
5db311bd
593ecaf7
f0b5beac
3e0e2a1b
7f2b97d2
974588d2
fbfc9209
26925096
3e0f294d
fc021907
7ffecdfc
7f1d42dc
4e466373
3e0d998f
6711ec99
43a45633
6def64dd
fe184d8a
3e09df61
1b537c3b
cbfa6025
453eed9f
df082b29
3e0f6343
715d5ae8
7f34c6c0
f6d7eff1
f9d02b4b
3e03b1b5
1a65a3de
e6039bc4
1a8c6d89
7f4b589a
3e069b37
728c6481
ed54de5b
e1d4efe0
7c159f4f
3e0b5449
7f56f464
df2c4b88
4472e5fa
f3503d11
3e02956b
588f40d5
0d6cd0d4
7f5cec9e
53590536
3e0dbb1d
35371b57
36c0468c
883988c6
71b59c80
3e02e5df
7fc00000
d6c1df06
2ab9aaad
dedd0f9a
3e0a1a31
e3fd0f8b
7f596862
7bc26282
973fbc11
3e0b6093
59ffbe3d
b1daab77
79521ec1
7f509cec
3e05e585
f54fbf52
26b85689
e289aea6
6d481cc8
3e081987
7f5fcfe6
db7799ab
f12d1570
72479022
3e00d119
78c72eb3
e3be515d
7f271fd0
e1b8dbcc
000192de
626ee5c0
db5b1e1f
d4d9b4f4
756a5bc3
3e08d0ed
5f2f41a7
76a20597
3ac976ae
157eb12a
3e0fd62f
58097644
7f4e5c74
5c30abb8
7f800000
3e0e1901
7c848e7e
4a3e63c5
3c72d23f
7f61322e
3e0041e3
37c12e06
4c226c7a
69511191
6a04da4e
3e071d55
7f3c36d8
b5deb4e4
6e3783b6
d081279d
3e07bbd7
4b92b10c
cf98b8fb
7f40f4f2
5107965f
3e0491e9
d2dc3803
2c04afa2
64aac1e7
48a35ab9
3e07980b
585be350
8b2de67c
e1f24374
d486f913
3e056abd
3b278bf7
7f3c3376
be86f5be
6248aba0
3e016a7f
2d6d070c
61ed0d26
f16bc232
7f1814e0
3e0adbd1
7662622b
f428c7f0
6aa0124b
b2ec2224
3e0b0733
7f30b1ba
61ee9a8a
e18b5f2a
55cb615e
3e0c5925
b8c84e9f
4dcbef74
7f32a084
a4eddd6d
3e028227
d8373d9c
5c0be52e
9596fc90
7a40a442
3e0b96b9
74a92553
b5716258
eeb05c37
57e8cd81
3e022f5b
32125b0d
7f34d9e8
dce4dd49
5479655b
3e08888d
fa9cfb65
436ae60e
75da88ce
7f3b3d82
3e04a2cf
fdba07d9
d83892e6
4d2806d8
c5495c57
3e0562a1
7f6d650c
af9a4180
77af66b2
c7f2ecb4
3e08b083
543bd128
c5b6826a
7f579306
98b3208b
3e0a98f5
47ee8f82
f46c08f9
cb539193
6d0b6f78
3e056c77
a7c0be2c
d785843e
4af55e85
e73b2c52
7f800000
685af6a0
7f41b84a
29171a8a
7cc7ad7c
3e0e2aab
7b27c815
7fc00000
e8f2bca4
7f54c094
3e072a5d
be15410a
b5673ce1
aa9035bb
e1288ac0
3e067f1f
7f3a314e
4f834cc3
6ad34268
51c6c2a7
3e02ad71
f55b53ae
02bcef10
7f6598f8
e6aabb39
3e063dd3
df8ecd7d
5cc6bcb7
7e06f36c
ed01ab7e
3e06dcc5
e73827a0
df8ac094
ada9b2db
6f48d50d
3e0d7ac7
cbf032bc
7f38d31c
e231d655
a46b0862
3e076c59
c87b80b6
31c3009d
729bfcd7
7f3aee96
3e0889fb
e40173e5
3f03f75f
f39c9ae9
33563817
3e06502d
7f39d300
ebba57b1
f28fa90b
5527c850
3e03ff6f
4a11f883
6d412a13
7f32fada
e7d44cf7
3e07bc41
9cee6c41
55129b05
7c664b7f
16c19bfb
3e00af23
22ec5b68
2a001b07
c2e9f7fc
ec036e8e
3e062495
ea9bdb8f
7f60eade
fdf5b833
9e80192a
3e07ad17
3bc69271
e9dbfe5e
cf84dd40
7f0f7408
3e063d29
d58329c6
6b12f66d
7a3c0327
ddf9529c
3e0e4d4b
7f4c02a2
c903d142
6672dfb9
c1045653
3e0af9fd
dda9592a
bf571dec
7f439d2c
72f89945
3e0a23bf
fab26649
d2cfeb63
703dd588
6ceefb47
3e098f11
7f800000
c264b2d5
7f225ee2
a70dd11e
3e050473
1842ce62
7f2c9c10
d527f086
76f9f27b
3e0d7065
c76053b2
ea0e1f69
55305906
7f3d796a
3e010367
6384f7dc
796d318b
e7ed3ad0
4739cfef
3e0c51f9
7f5694b4
270ccf37
bcd1ac6a
3420f0c1
3e0c749b
7f18d785
34423bff
7f65206e
5b2767a3
3e0a27cd
3ba9233a
5d51427c
d828bbab
a199df70
3e05ec0f
2a066319
e0849e76
f3d402be
8cd99b47
3e0d25e1
3e17ccde
7f547f32
f33eaef2
65809ef4
3e003dc3
ed958768
d26fecda
d201dd1c
7f3ec33c
3e01c035
dca3182f
a212e044
e3636ed3
e42bb5b8
3e067db7
7f3d99b6
2095a8db
7fc00000
b6b49492
3e0eaac9
745337e6
dea6b808
7f220120
7b3ec7bc
3e0fffeb
79c08f55
d889544f
428d1ee4
dc2c5cf3
3e08d99d
e1d43dd7
7aae4021
e1b0ad7f
dc226ce5
3e04585f
7f1f1c34
7f5848c4
e69f38a8
eb7fc3e7
3e0780b1
5a7ac7ee
4691f4b2
fbf0a06f
7f2fd1fe
3e0f5b13
cccdf360
6f450df7
cbf32541
496f1d1b
3e081405
7f527e28
f7f5d2d4
7abc8726
c890f44d
3e051c07
3eea2e10
c517842b
7f53b7c2
1673c0a2
3e024799
14a901f6
7f800000
b377348a
7c0c4379
3e05ef3b
c52c4af6
1fa7109f
3306d974
6a5b66c6
3e0c0f6d
f379866c
7f2ee946
55979f2e
39acc690
3e0268af
322e28bb
e802e496
7e4e524e
7f3b0230
3e0d9f81
fc7ed6fe
65df5ee0
aee5eb38
a4fa3014
3e0f5c63
7f422a8a
ff04fc47
fccc3811
58ff486b
3e056bd5
6b7ce4cf
c54599d9
7f1bd8d4
7a6c10d8
3e09de57
c0f334a1
b051e29e
f2506965
455e08df
3e0c2869
d7a49283
993ea2d4
ff48b69a
b7a00cdc
3e0b428b
e8371fd0
7f2dad38
63709af9
a9cff393
3e08c93d
ca06ee77
fe9e59c1
3f5284bc
7f62ac52
3e0d1cff
e88b9da2
3b77d8a3
507f6bc8
c1ea303a
3e048251
7f0a235c
55973a15
76139722
61ff26a4
3e0d41b3
f393fc2b
d191db0a
7f0c34d6
dcf669de
3e0ec7a5
ffe9411f
feb213f4
b36b0546
a02bcc68
3e01c4a7
2e61f21e
429b66cb
d23ff935
fbe214c2
3e014d39
f8742316
7f6e5d1a
8bd00c99
77a55401
3e0cf9db
dc4dfb5e
d4a50192
eeb1751e
7f3244e4
3e04070d
592ce342
f7a15cbc
eb49f14e
f8e87db0
3e01754f
7ec253e4
671f7ab6
fff2b29d
79d07ed7
3e012921
f64e311e
6b255e00
7f800000
7238ace9
3e060b03
6c3a822d
fac57d1a
dfd8a9b1
7fc00000
3e092775
ae388002
c70d6284
e76da256
b1d73bf8
3e09cef7
5e228e41
7f3c5d6c
58501aa0
3cbc0d7f
3e06b609
f6b24426
72598d4d
cd663f9c
7f1e7c66
3e08152b
61999695
6b906da2
f3451099
6e4699f6
3e02c8dd
7f1bd850
f274454c
a45ebfee
56482740
3e0c719f
72824e74
48e7a3c6
7f57cbaa
5aa032aa
3e0893f1
babc6f4b
df350efa
62e62b42
30cbf4d9
3e06b853
f265abfd
ddd6f32a
f0c9c7ec
6262225b
3e098b45
6191e5bf
7f50ceae
e332cd63
5851538d
3e0efd47
8bba3998
646d9fce
702cb030
7f1c5f58
3e0162d9
6738f936
434c15d8
3ba434ca
5bdd7a15
3e09947b
7f53c972
4c8469df
28984bb4
5ee88383
3e0a0ead
ff420567
f35ebe99
7f62f37c
4ed504d0
3e0b11ef
1f48bcf7
c720b88d
8124105a
f79daf77
3e0fc2c1
52dd169b
4e4bc985
3a9a2ab4
ff7ac254
3e0c49a3
f28f30c8
7f25ad60
59a06c7c
f854570e
3e04f315
10ea5d28
97b05e5e
7c81f2b3
7f77763a
3e0e4f97
2aec2fcc
470906de
dd4d79c0
3ba0a21f
3e0653a9
7f5bb104
d2961168
6c2545ab
7f800000
3e0e77cb
56a23235
204741c2
7f4f703e
c229d0d3
3e0ed87d
7ed1ffb7
da4eea0c
5db1027e
c3b847c5
3e0a563f
38369f94
703e05e3
6cdc4208
f8afe8c3
3e0bb591
701e4e4e
7f27f202
e8bd964f
8d8b57b2
3e03bef3
774b9858
6e375b4a
cdd81221
7f2ee58c
3e005ee5
70911a5f
77600634
9f4ef186
5dc29b2d
3e04c5e7
7f45ff86
e9bc81ee
e7046075
f875e2ae
3e0a8879
d9841f56
fc06cebd
7f571e70
ebb5f741
3e03bf1b
7ba53fa0
954643af
c2173f09
5c480215
3e06264d
b71543ba
4f60b6fc
abdca62b
3f2381dd
3e073e8f
242cf624
7f50b114
6dd9a1dd
7ccfce8a
7fc00000
5945d533
6e8011a2
667cff72
7f218dce
3e0a1843
625a416d
c1fe518b
92d4a158
ff01804b
3e00ceb5
7f078178
f2709f52
b948a526
aa4e0238
3e0f6037
e7427181
3e2f735b
7f2fd692
6df3c6bf
3e030149
91aca8a5
b78e2488
c27f1ae3
f1babc3c
3e066a6b
7ff2ddd5
aff526d0
6107a364
cdf2f636
3e04f81d
d3477624
7f2d3b16
4f111c9e
dd225b65
3e0ecadf
aba43a69
d1b07483
605427ad
7f512b80
3e05e731
782d706e
6c9578ee
cc01b2ef
2e052cf9
7f800000
7f3d7f5a
3c7b136a
3dc52bf0
e24df83e
3e0b4285
c08edf1d
6e8d0389
7f1c8d24
9a72f5c8
3e0b1e87
1566017c
1c506eab
7296ac15
d334f122
3e04be19
d1baa3b3
38de33ef
fcde750a
a86a2deb
3e0379bb
d872b9a5
7f5e3c88
62d0fdf4
530f10c3
3e004ded
554a93da
505e1c1c
d1aac7ae
7f447722
3e0dfb2f
4927df39
da5301d3
e45a44b8
07d98af2
3e0e2601
7f7addac
f730c0c5
d9de373f
b5a545c9
3e0776e3
72b50708
e0357ec7
7f2d72a6
d9bab2eb
3e04ba55
7251bc62
2268bde4
42ad6ff3
f223cac8
3e0500d7
6582fb21
433fcdfb
c58ea800
b6dd1132
3e04bee9
f865ed03
7f55ddea
76fd46e7
1d873281
3e07ed0b
61339975
2630da02
edfa8312
7f504534
000145f8
c62f50f7
f3efbcac
320186be
624e64a0
3e01cf7f
7f643cee
ddb9be26
69945848
532c1f07
3e0f28d1
b720e28e
4e80c0ef
7f371398
f16f2b24
3e087c33
62e23e98
366a1b8a
f7455561
d2fc623b
3e023625
6973339f
deb26129
55f50943
dce2f8e8
3e0a0727
63c9a69c
7f5ce3bc
ed2907b4
62988542
3e0803b9
71cd5b96
c8005dfd
fdd48d2a
7f0fa636
3e00c45b
7f800000
e199a7bf
48d08a49
ae654d66
3e00858d
7fc00000
6ccf513c
4c2feb85
6dbf96d5
3e0747cf
7d2f19cc
d04bc873
7f08787a
d120a157
3e0defa1
693eb8f5
b3015465
769d2bdf
f29535b4
3e0c6583
6b062a28
f6485d9a
b7710ff7
f47d758b
3e08b5f5
cccc53ef
7f26ce7e
1d688693
e6d6083f
3e073177
d26e94c1
f802153e
f7e27720
7f1306a8
3e038c89
a64c1ca6
cdec8bcd
ea65573a
ba3f967c
3e0affab
7f37ec42
756a700f
e7218719
44b89276
3e0f675d
7498d197
a3fdd9cc
7f2845cc
be3c1c2c
3e0b641f
cdbe72f4
cabc01c3
f6e69b68
7c2620da
3e0f7a71
f57099cb
b23b6813
7d6d9bc2
7d009285
3e0032d3
ee11c9b8
7f3cfab0
6191c28e
37caecdb
3e0d39c5
252e4892
72e28994
ecae2be6
7f4e4f0a
3e097fc7
5b411bbc
e063084e
e6637355
fa01d84f
3e0c5959
7f334954
c1283d9d
d65d41d7
f9f5af0c
3e039efb
18c14d00
ee97fe32
7f60dc0e
dd116b86
3e0ecd2d
6e59c7e7
77bc565c
ca63fe0b
7c0f4150
3e0b246f
ef0b1a79
bca01f13
d95780bd
58b011f7
3e08c941
f3a8611b
7f48c0d2
75bab07f
c791a6d4
3e00e423
70361d48
7f800000
6d13e0fc
7f4e03dc
3e04c195
e49d808f
72456024
e98990f6
b3094398
3e0df217
7f1e0156
bcd1333b
d4631640
b6b8d97b
3e076a29
5363fa43
6cdf3de8
7f2377c0
30efbbb6
3e07a24b
ddc85a90
709fb242
fe034cb9
2278d896
3e03b6fd
e75efa62
4b8bc6ec
30d6155b
e72ff2e0
3e0388bf
a2121349
7f449564
751e1e8d
c4fe4c7e
3e0edc11
eed4b630
f8304fd5
157d68cf
7f3b659e
3e0b7973
26e424d8
686a1bca
91891996
caa0569f
3e044d65
7f1840c8
377c4c69
b9cc5683
29776f28
3e018867
ded460dc
a8732d9c
7f4a5162
eb7b9d82
3e09bef9
7cf8b793
7fc00000
d0f9f277
ca7bfdc1
3e04099b
f6663485
1e49bf5a
f41e1589
df37d9a6
3e0324cd
76252087
7f1c28e6
352990ab
52261e15
3e01910f
df07faa4
f1878f76
6d2c4618
7f7790d0
3e06b2e1
7d5d1bbb
5da6aba5
5f1ec51f
c93fe7f4
3e0cf2c3
7f37b02a
ba67c8a7
beaa461c
310a81ae
3e00dd35
562ec8c2
dbbe6e17
7f41bd74
7ef2e37d
3e0142b7
a8e6f801
20223ddb
34988560
b3b1f93f
3e0857c9
e806e8e6
8be2921d
7dc0c77a
e99db091
3e05d4eb
d5262c55
7f4387d8
7f800000
0cd681e4
3e02169d
b16982d7
7ba1840c
e704a51e
7f559df2
3e023d5f
f620d0e9
3480eb6e
9f32e62b
dd3fb11a
3e054db1
7f2c93fc
797e0b75
cc3bc56f
bf016377
3e025013
60b2547d
15f4d2f7
7f604c76
6ac0b21b
3e0f7105
b180f0d2
57ea9bd4
65235523
44abe248
3e0a2107
3f367ad1
3b22592b
66898af0
5a8b219c
3e083499
4949de33
7f0d3aba
637ab58a
28bf994c
3e0a043b
c3bebb40
74f9f59f
66382274
7f3bc184
3e058c6d
fcf8f45a
4929d09c
fbe8b34b
eca13f90
3e028daf
7f35ecbe
9dfc54a9
c8b29138
c1d5455e
3e0fac81
67af76a8
69d617e0
7f35eae8
f5a7f914
3e089163
cf527388
e5ef0147
e2347b3c
d15f13ce
3e0508d5
dca789cf
e5b886d9
3d0f2a73
ab15a2de
3e092357
c4c3c1a1
7f47660c
efab4665
1f09e1b2
3e0e5569
4f204783
13bcb428
2061779a
7f336c06
3e0d978b
289498d0
6d2d95ef
47579104
ed1ce1bf
3e02863d
7f2c96f0
b5ed66c1
37064f3e
48511561
3e0f81ff
7ebc9e89
cfd796a6
7f1a014a
f77b713a
3e0acf51
c979cb0e
d2e3d715
509cb20f
e33c2fa4
3e0cb6b3
f7914b18
08134421
68249be1
7ff7ecbb
3e06a4a5
7026261f
7f67ea4e
7fc00000
da872568
3e0b49a7
ba6e5b1c
75085eae
e3ed3210
7f7069f8
3e0fba39
710b9416
6ffcd3b8
e98e0daa
c630466c
3e0d8edb
7f6d6b12
73221ede
753fe0c9
de3bc9e3
3e0e040d
6f82d474
59ba45bc
7f40941c
b88ce555
3e061a4f
5e785ce4
b4076bb6
da7fef9d
a4648f4a
3e0bb621
e00743cc
9b229700
27666db9
1ed1da34
3e0bc003
724ed6a8
7f4f8400
7bfa76b1
9aaff5ee
3e094475
ab0b6102
eddbac79
d8c88113
7f5703da
3e0d93f7
e89abbac
f287ddbe
573cea05
66b8727f
3e016309
7f2a5da4
36f58b37
e75977ba
52d823d1
3e06ea2b
e6803395
3013c28f
7f1e63de
b7508f33
3e0d05dd
76f1028a
5d846e4c
90004962
f06e6040
3e03569f
440d7c29
e4b7c1aa
a453c7e8
7bfe8a2d
3e0760f1
471acd2e
7f2beba2
b909c82b
d545deb9
3e02ad53
6c7c1638
6176fd10
6cdc1581
7f091e2c
3e01e845
48235fda
184126bd
6ab00263
6105508d
3e0d0247
7f2a9f26
3e1d70ce
22fdc1d5
f9ce19e2
3e084fd9
4fe2ea36
a6182ed8
7f640d10
734caaa1
3e06a97b
76763f65
eb404edf
fae45e69
77590406
7f800000
b3dc049a
7b7a8b31
aef3cac4
3ed67dd0
3e0436ef
d5de50f9
7f40f5b4
6fa6df3d
450b7477
3e02cfc1
57ccab9b
ced3e620
2ee6944e
7f42596e
3e0e7ea3
552c56cd
d89f2287
3f44557c
7145280e
3e059015
7f41bc18
e30464a4
79418976
ee0df25d
3e069497
e98684e1
b17217de
7f582832
361029f2
3e0980a9
4edad4c3
3c156a68
4270c7db
f946701c
3e09cccb
64441710
6c0d22c2
5ced6751
f8791116
3e09957d
7f5cdaaa
7f60b2b6
ec3a937e
f97aa4c5
3e05bb3f
723b69c9
3d853ae4
cc601b08
7f4b3220
3e030291
39501f4e
c384dbb0
f7787062
7fc00000
3e0c33f3
7f45bcfa
e1ce04d7
c2169f21
4fa711fb
3e093be5
dc76ff5f
fb6ce2e9
7f5869c4
74521ba8
3e074ae7
75939fb1
c8e0310b
ff56f050
d7918d8d
3e09f579
d5a2b1f3
70de8bbd
50ca54f7
d25110ac
3e0d541b
de3af8a0
7f1a8f28
e45885d4
2bf5a887
3e01234d
38982307
79b69ffc
e57e568e
7f4b20c2
3e04e38f
4a3fff31
6bdb4033
e647dedd
485b4f89
3e0cf961
7f4c464c
aa720540
d590b79f
d38b0c74
3e08cd43
ebcc0ce8
f0680e5a
7f49c246
6c96d54b
3e01ebb5
7f800000
d53d18ce
566dde53
e8e5c1fd
3e0c2537
7cbc7e81
a06e085b
151e61e0
f8d92bbf
3e0eae49
f8bb7363
7f29738a
d56f67fa
6be9a53c
3e0e3f6b
e35a7ad5
e3c7cbcf
d213ac64
7f41b9d4
3e00351d
f6c402ca
61e6988c
fb987a7b
38680e80
3e0eafdf
7f76b88e
730a4106
abc33e28
d2050b67
3e05b431
c061c16e
d83599f5
7f3f7e38
e10e99f9
3e014a93
d8df383d
733a3577
c0b3bb2c
fada893e
3e049f85
fee60152
f3a5b089
16c10818
6fdeefcd
3e022387
bf862151
7f28e45c
706d0770
5e765222
3e0cab19
f42c8676
7cd75518
d94bf60a
7f2ecdd6
3e098ebb
361e2142
7a01672a
3f3c46ea
6497c5c3
3e0bcaed
7f155040
cb32851c
35a0159b
3eeefc10
3e00202f
a9588844
6adcf6d3
7f21661a
a99485b7
3e023301
6b8bb07e
6784f460
7ae7fc92
272a5d94
3e02abe3
2051360d
ca3183c7
41e3ab91
26fc87ed
3e065755
1fc17d3a
7f59221e
fc8365b6
5867a19c
3e0645d7
ed1d030c
fb2f7c1e
083a4f61
7f318948
3e08ebe9
f5d3a203
6a2960a8
781d581a
ba08aa5c
3e0c420b
7f2945e2
2465a86f
e2335584
9ecf0d56
3e08e4bd
ee5b15f7
7f800000
7f18de6c
45881da0
7fc00000
6dce7509
5fa2a823
cac5bc4d
e53391ba
3e0775d1
6eba7630
ee8ba595
300928a2
4ae88f99
3e09f133
cfed5798
7f3a4950
feb4e261
fe95835e
3e0c1325
2ca08d72
49138e29
5447be43
7f2694aa
3e058c27
74500f9c
43e6872e
bc7e24b5
565f70af
3e0870b9
7f4dedf4
7a8b2038
40fc8e2a
d0511aec
3e03595b
ddc086e0
7ce1b312
7f0d07ae
54e6fe66
3e0c828d
873295a8
b1f18011
f6362ace
27847330
000173e2
b29ee165
9f123d7c
409c38d8
ea1f4fca
3e0a7ca1
582eca9e
7f467272
c20110df
75dc7069
3e041a83
f9848328
e7ad1e9a
f7dec906
7f4d347c
3e0ad2f5
dabd78ef
65f4b004
61f9cbd6
a53b913d
3e0cf677
7f10d8f6
f692a63e
6c2c1885
69596e52
3e003989
248b60a3
46b588cd
7f35de60
6421ca51
3e0bd4ab
58f50215
6566150f
db8d7419
53cb8376
3e0ba45d
b1091697
ec7656e3
a73b4adb
5bb6e7bf
3e04491f
478392a9
7f52d204
6eadf468
aabbe1da
3e004771
f523eecb
7f41c135
f1bfc12f
7f3b693e
3e0e27d3
f71362b8
7ad674aa
50689c01
e010cd7e
3e0796c5
7f40f368
67de7bc9
7f800000
d4b0cf0d
3e0984c7
318604bc
9c7c18eb
7f0e5b02
7ec3ca62
3e054659
f39b95f3
a5117a9d
754286d7
68b87121
3e02b3fb
b4aa8600
707bc15f
d848f4e9
c9759303
3e0b4a2d
75a44ce7
7f5fd886
f7888cee
fa0c264e
3e06496f
53c28779
fce31413
ed973dbd
7f290f70
3e0dd641
5949f61b
502942a0
f97ea4d2
760afe0b
3e051923
7f3ca5ca
f58e9eba
1231ca05
b90c9d2b
3e075e95
40c5d5a2
6c206924
7f6d9214
1e2fc38a
3e083717
eb90cb61
e2ae205e
495a0c25
c93c7a72
3e0c9729
274aaf43
6a41f126
4fa7285a
d8da313a
3e04f74b
7fc00000
7f205278
cdd7c15a
7a5e4978
3e0073fd
3f53a737
39b46fec
fd3caa5b
7f59ff92
3e00edbf
b167cd14
5ae9bb66
73458788
3aab81fa
3e082911
7f46f49c
5797d830
4bf83d97
314fb0ca
3e05ee73
ddd3e71d
ef6e9cca
7f4ed416
4d980810
3e0f2a65
534771df
fe6bf3b4
f7980b83
b319c82c
3e060d67
7d080631
758ddb8b
67942e58
e91ea0f2
3e0b2bf9
5685ac93
7f3f885a
48b7ae6a
f870652c
3e0f9e9b
bcb79185
3e40db52
a81ec289
7f6f2e24
3e0021cd
fd17a53a
35fd147c
7ddf3f0e
7f800000
3e01360f
7f2ba05e
681e8076
38b07d5b
e8385797
3e043fe1
bf4b30bb
d2caa1c0
7f50cd88
cbce9ba9
3e0da7c3
dfb83968
9ad14c08
6846af1c
5707d2ad
3e03fa35
cd33622f
e8cccf1a
51e358d3
ed0c2ef3
3e0007b7
336d9454
7f2e5eac
7b713e60
bc7d10ea
3e0604c9
64798de3
b9346814
4e2585c7
7f26cba6
3e0fa9eb
3b410ab0
eb977762
35430f59
e49146f3
3e0f539d
7f3a4590
7328ad0c
d9fab61e
fba826e5
3e04225f
5f8cfde9
9f38d986
7f33a6ea
5798cde7
3e071ab1
9b80640b
f26e2875
452ae8b7
7b96bf84
3e094513
7ca996bd
79c897f7
b7ebf384
696851be
3e0ace05
6fe3f67f
7f3f75ee
b78b8a23
f4baee46
3e032607
e00d5efc
69666d8e
645d83f0
7f536498
3e022199
d0935333
b2a069dd
dc997817
65d0b461
3e02193b
7f607cb2
5df0daa1
f5a9ae00
21f0d95c
3e03096d
cfb4b55a
7ea804f1
7f1e24bc
d38296b5
3e06b2af
e67b02b9
daf77153
fbea2a38
739d6837
3e05b981
7199f8fe
e500d0e0
9692dd68
d34f4949
3e05c663
b0d44c88
7f5a4aa0
588f4fe2
a782f26b
3e08a5d5
0c75fb9c
d06f73d9
dd12de36
7f52017a
7f800000
db584ea1
7fc00000
6a0a2365
bdd1d2df
3e048269
7f6afa44
28830d28
cb3c8e67
7dfadedc
3e03ec8b
772611d0
337182e0
7f71c77e
6566c5d6
3e00433d
ded97b6a
420073c1
319ec280
f4e70a85
3e05e6ff
dd695f54
c5f842a3
68cebacd
4ce0b23a
3e051c51
d014f6ab
7f4d5542
f1da5922
f5ed38a4
3e002bb3
7bd9565d
642b9897
8f31acc4
7f4746cc
3e0281a5
3c470b1e
d1fda4a9
6e0d6746
401915ed
3e08cea7
7f75aec6
41ee10cb
44ea3335
e9412edb
3e022739
49370516
79466cb8
7f35ebb0
f0816e01
3e0223db
b60488c5
af8d3f3f
6d118dc9
d1df56e6
3e0c010d
3a991264
4dada691
6edb6209
4bd26fb0
3e0ebf4f
7a2265e4
7f072a54
29d12c9d
ebc708d6
3e0a4321
f82e531e
69d51fe5
61647932
7f2b950e
3e057503
abdf7c03
433f6f04
f3e043b1
d27246ee
3e0d6175
7f52e6b8
f6a67484
76337613
56dfefbd
3e0558f7
71f264aa
6ea6981b
7f61e9d2
4c357ed2
3e001009
fbc5fb23
b7eb874d
da442707
6efcf3fc
3e09bf2b
f683e8f0
f09b2fa2
f01cea99
3f2e0433
3e0b42dd
c0eeb6e5
7f3e9a56
a612ea3b
57c89940
3e0e3b9f
7f800000
53dc9143
77f520e8
7f2e28c0
3e0a2df1
6e23194b
defacfb5
5b81ed43
d2024bb9
3e02a253
7f316a9a
bbeb1ff4
56262281
fe1b2416
3e0e4545
749cfa12
febfb714
7f0e3664
753d4d8d
3e0f0747
bc43f93c
e6e141ce
23355ed5
95384fc2
3e033cd9
fff95073
739847d8
6fe936ca
30d537a1
3e07be7b
6d12a280
7f11d1c8
de7e8b69
cad73506
3e0308ad
058bee8b
e75a5831
2b5de3e4
7f373a62
3e015bef
72b7bdf9
f85a0e93
fd289c3d
a79d3977
3e09dcc1
7f499eec
c24b9f20
676bb552
4a845454
3e04b3a3
17b8e2c8
f59dbf3a
7fc00000
1d9f87ab
3e0a2d15
a7390622
8f983e06
eee07a76
c4262f5d
3e02d997
e14c11e1
792cd2bb
478a7aa5
ece66c1f
3e00ada9
f6b389c3
7f24792a
602799ca
3970c271
3e0921cb
70e29010
4ee6a42f
63db7039
7f511e74
3e08527d
abb2dbd9
3a84446c
1cd81527
624101c5
3e05203f
7f19a42e
d0b06fe3
52a79a0d
f12987c7
3e0e4f91
7995f04e
9e693b55
7f26d8d8
614aa159
3e08a8f3
6dbbca58
64300a34
e1192c21
f595f01e
3e0618e5
9cbfa6a4
6fc10fe9
d9736603
e2cf952d
3e0dcfe7
6d94fe5c
7f800000
d7b09a75
6f002c6f
3e0d6279
c3110156
2ed4f2f8
30461a34
7f406576
3e0ae91b
e67b34f0
393eebd2
3e189909
65846c23
3e00204d
7f3876e0
c4d619d1
fb05278e
e6528995
3e06888f
de4bb399
f68178f6
7f25c3ba
f0bad08a
3e0c8661
0807c63a
9d9bf725
69c84172
c9cfb229
3e0b8243
09bef5d5
f4139027
799056f1
bfedfb2e
3e0708b5
75291a42
7f5fe5be
d924c096
70993438
3e0cea37
56566eec
e4109d5b
67bcbe45
7f52fbe8
3e0e5b49
6db0a863
e81ae68d
45c50847
55e42411
3e0a146b
7f480f82
f63e70cf
4093b564
a7e2d836
3e0f721d
f6acea57
7167c18c
7f7d670c
ed8f4780
3e0294df
ce2552b4
a6dbde83
e41521ad
5a359067
3e098131
f84c0e8b
7945dbd0
36eccd83
9a338404
3e0a3f93
f614f53d
7f4c87f0
d2a1642c
317b1a3e
3e01fc85
5baf2252
9e334954
dd7524a3
7f6e4a4a
3e0d2887
b2786e51
c92e18ab
6a03e615
e22a990f
3e089819
7f4e8294
6f846e18
ba8d770a
35a726f5
3e03a3bb
f41673a5
9ac9cd1f
7f11a34e
7a047ac3
3e0b47ed
dec215da
72faee1c
f6a969ae
bf317510
3e06452f
7b2e1144
09b4a19c
7f800000
7fc00000
3e0a4001
476cc5db
7f359412
7da1013f
a6862694
3e01e0e3
79b8b908
36812f7a
1cd2f891
7f24551c
3e0bf455
9cdb0df7
eaa46a59
fa0756b6
5320df3f
3e0b8ad7
7f3e2096
3cb9f7fb
ff1b11e5
e7b5455f
3e0118e9
7d4a9086
70c9f294
7f413500
3c2a135c
3e04970b
e447d375
c53a9c02
d984ed32
c193d813
3e08a1bd
61797bea
6a3b0eac
4b32a8be
b7cb3905
3e0e997f
678243d4
7f2afea4
6ab8b94d
a082d2ba
3e03c2d1
c522848e
f1de4295
c68fa98f
7f57dcde
3e0f6633
d3ac7098
45dd1d8a
c4e86f62
e1008c3b
3e09f025
7f349608
e963ca74
ec527fc6
ad01aae8
3e051127
e89a7ff1
ff013a59
7f47d4a2
e09f9611
3e0cddb9
cc250e97
c075d7fd
faf88f2a
ff32f481
3e09ee5b
4b6ecba5
ff5dd412
4c73e449
e4d41963
3e0c7f8d
24cf0947
7f61f826
372ba56b
f32d6c30
3e0891cf
cb26ced9
e658d536
c26451d8
7f377e10
3e0b09a1
edb7607b
ef5fec80
b508f5df
d45e9d69
3e0fcf83
7f390b6a
64581167
3b3caa31
d13e1f8b
3e00eff5
0ce6d7be
e3353904
7f4756b4
79753a78
3e06bb77
cb88aec1
6337373e
462de920
7f800000
3e00e689
7d7995a3
b1e0589a
e7e82987
fe0b687c
3e00a9ab
afe19f15
7f2c0d18
ce3d6119
f9323eb3
3e0be15d
eca9c40a
4e062bcc
ef1e8cc7
7f57d132
3e012e1f
9ad104f8
dcd96bc3
e2294d68
bc8751bc
0001031c
7f41453c
47d45a10
49a9e62f
1914c644
3e001cd3
400702eb
47e70bb7
7f3fcbb6
f4b65e7e
3e05f3c5
7390dd8b
52ee1b4e
ecc98de6
6caacc0d
3e0d89c7
5ebeedbc
5695a189
bad2ad55
e047224f
3e023359
e1900af3
7f6d45fa
ee7ef74a
183518fd
3e05c8fb
46340ae5
5cd14032
49758234
7f348ac4
7fc00000
e112d1e7
51d33398
7738a80b
dc7a3350
3e056e6f
7f45c3fe
fe0a0913
485afabd
2f7148ea
3e06e341
7388c5be
e8b8b205
7f3ea028
7595ab09
3e0d4e23
7b4923db
75a1dfba
c243b2fc
a573e18e
3e0dfb95
8c401d0d
cf6f7224
78c772f6
f01b7598
3e067c17
5e7b164c
7f59474c
75bb8744
f3141b72
3e05c429
7902bcc6
e81f6d6d
dd72e95a
7f209b46
3e064c4b
c13b830a
54d99df7
25efd6e9
c9d7ba96
3e0130fd
7f6ce430
5acf5d81
cb073f5b
f2c5b045
3e0252bf
4c9d6d49
e57b8a63
7f4cbc8a
fe6fc2fa
7f800000
c5c1366b
c7d389d5
4c0b81e2
5dd6981c
3e046373
db1b241d
2e8d6c57
59a3f2a0
e9f5317b
3e0e0765
a91de507
7f3f718e
d492ec06
9e8553b5
3e0e9267
64c3d331
d5ffcc6e
fc9e28f5
7f2d4f38
3e0098f9
38f6a194
2b93bf78
cee8af6a
63260e2c
3e0f339b
7f14fe52
1391fc51
394d3354
eb0206a3
3e011ecd
79272a87
46bd0e7b
7f63a55c
966356d5
3e04db0f
dca62a19
d4497176
5be4ba5d
f4ba110a
3e05cce1
389d45bb
3a1a65a5
722f91f2
6c1a79f4
3e025cc3
588d79ed
7f6e0140
72253d71
7a1923ae
3e0b1735
7d8859dc
dc8f7b44
a4794dd3
7f106f1a
3e02ccb7
49631201
38737b7e
617df760
a55ef792
3e07b1c9
7f4586e4
57764308
e639497a
ed884a92
3e0d7eeb
196003b0
2786cfa5
7f319b1e
bf19bbf3
3e00909d
1c8c444a
3dfde721
f93599fb
73966400
3e0a075f
7c3d2ae9
99153903
b477e02d
3a29331a
3e0ce7b1
dab5baee
7f342ee2
4012f61a
62ad4884
3e043a13
ef2153bd
6ac05d13
68be4c41
7f115f6c
3e0a2b05
ecd45b7f
dabf3960
aef69a23
6e15eb4d
3e002b07
7f0f2e66
6bf93e8e
22e1b495
4ece1908
3e000e99
7fc00000
f8aea6dd
7f74ba50
c1ec4161
3e0e2e3b
da5f2d40
4a680872
dff6b474
af66f9c6
3e04866d
f444765a
79dad1f1
efef5d96
d743b3b5
3e0ed7af
fd07709d
7f4b4ef4
9fd5c338
59d6292a
3e0fc681
ec08905b
edc03041
a3eeae12
7f4540ae
3e06fb63
718bb18d
f22f0b47
e8f41f0e
6bf2b5ce
3e0042d5
7f630158
ea9d5464
2560cf36
f12f3d4b
3e03ad57
73a5408c
4137027a
7f751b72
bd81b7df
3e0eaf69
fde42906
64fd6628
f40ef99a
f8aefc31
3e0e418b
e3eb8acf
71318c82
72a0e1f9
794536d6
3e02003d
40ce7c6a
7f2ef1f6
3a4b713e
50706785
3e004bff
42e9f889
6dc0f8a6
fa83b7cd
7f220f60
3e036951
9ff1cbcf
54402f70
673bba22
73f2f319
3e07a0b3
7f28883a
a2be5e0a
98f7d5cc
6c619cde
3e025ea5
340bf01f
3e2d2be4
7f25f304
01aa88f6
3e0a53a7
37296671
222d65cb
48162410
3d7d282f
3e089439
135e3284
db44084f
41860faa
69a1986c
3e0ab8db
e79ae5c5
7f2c0468
26273ac9
7b4e33e3
3e0dfe0d
4983567a
e2c817bc
fb0f644e
7e9568b0
3e0b644f
6b406ee4
fa934db6
fc4bde58
fd784dd7
3e0cd021
7f5ae78c
7f800000
7e6a685f
56d933e9
3e032a03
e2b388a8
71b1c01a
7f35b186
7d2cca0b
3e057e75
de43e9b8
e55e8679
f4826b13
bf4f06f8
3e011df7
593e0dac
efd0ffbe
b7c145a0
5f9d3c7f
3e02bd09
c3a63023
7f6eeeca
6d152c07
79d6dcfc
3e00942b
68596d8a
a94e180a
7feed799
7f667314
3e0d7fdd
e614fe17
5c842a61
d602ff3b
c4ebdb25
3e0d209f
7f34ffce
5f7f36c6
cf4a79e8
660a035a
3e00faf1
3f356f2e
a99b1690
7f552378
7702b8b9
3e069753
58a3e2fd
7d32f62a
f0342f81
64d0a6fe
3e0ea245
e7fb5daa
7fc00000
c3566c63
7890ea88
3e050c47
5af6e23c
7f58b59c
ef70fbd5
2cfef4cf
3e0229d9
c5f2cc36
f866d61d
4b49b7ca
7f2c6d16
3e0cd37b
c09ff965
577410b2
5ddf26b4
b1c3a283
3e0585ad
7f348d80
fbf15cdc
6b25866e
c9757119
3e0280ef
e7b25804
f08db3d6
7f3d915a
ef52fe77
3e04e9c1
7fe38e3e
c677e085
f5441b25
2eb71d54
3e0ee8a3
f27a50cd
e73d6a30
c70f1251
63905ae5
3e02ca15
2313502b
7f23195e
fa136b76
74908218
3e031e97
6b8eaacc
3e80444c
395224c0
7f5f5e88
3e0bdaa9
e2703ec3
599fabed
7f800000
1a9088ed
3e0c76cb
7f3c4922
f094e4c2
1e15dd45
3b6bf316
3e0b0f7d
fa664eb7
199aed6c
7f3ddfac
fc024160
3e08853f
da0ac3c9
f9bfa4e3
7cbd970d
f8998cc7
3e0d9c91
c0efc14e
703ed855
ec237c3c
30f388ac
3e091df3
f501e358
7f1bb690
7adfb921
6ca8011e
3e06f5e5
64520732
b7593ce9
aa8f9729
7f4d6fea
3e0854e7
5d45dc22
1e2cdb0b
390cb775
d0bb5002
3e04cf79
7f1d0734
b17f8bf8
bce5def6
2bbc62ac
3e0c7e1b
59591d05
ff3a0cd2
7f56aeee
d8f8a123
3e031d4d
5ab706ba
6c9266d1
eb9ff88e
724e46f0
3e0c2d8f
b291a099
5fa22a33
b6608498
e7023f17
3e001361
76c3085e
7f3e25b2
3472905d
78d99e74
3e023743
750abee8
1ab31527
64ab23f1
7f3b65bc
3e0025b5
0cce1998
46a9bfc4
7d2a3196
64cccd38
3e01af37
7f4dd836
6b8fc3fe
a537ced7
e24f8812
3e020849
c089dd63
408ae38d
7f2d7ba0
cd23773c
3e09e96b
54030030
b75915cd
bc87be7c
7cf37673
3e02af1d
281c3010
3cdcea8c
40c65bd3
7576f265
3e0a79df
f93f9bb4
7f351b44
d23b9ead
be8a1567
3e014e31
7c06636e
ca1dd3f5
7fc00000
7f800000
3e073493
e6e74e78
c9674512
7a830d2c
f5a2269b
3e035985
7f5b28a8
f5a30a89
d02c72a6
b694e9d2
3e0c2d87
5759bc7c
d532edab
7f5ebe42
ba1a3666
3e088519
f4066876
61e7455d
30a2f80a
dc8387e1
3e01b8bb
636e50a5
ca3558f2
7236e3a9
62d54d40
3e0ec4ed
3a7d55a7
7f4a87c6
3f2f87cb
f1a7ee10
3e006a2f
da672639
d4957016
d10f0fb8
7f4adcb0
3e064d01
28fd6908
f01fd7c5
23f8663f
51d24cc9
3e0515e3
7f54e10a
36f3707a
9b2141bc
e9041e4e
3e059155
6e84df62
a8bed8e4
7f370b54
fc8be858
3e04cfd7
de77550c
628d0cfb
f8fa5300
c264f460
3e0d45e9
b85b0c03
271e12a8
159eda1a
ecf062b1
3e00ec0b
3aa1c750
7f4eb7b8
e0446784
fd0acd13
3e0c5ebd
6ed87cea
520c8741
5f68cf1b
7f3712d2
3e0afe7f
0b0b0d94
73cf1223
6902e348
ea2b2e07
3e040fd1
7f4385dc
9eaa0ffd
7ecbeaa2
d6186999
3e08db33
7e1f8998
a4b454b6
7f5b3356
67afa55e
3e0bcd25
714be29f
33a1e829
6ccbb0c6
c29f03e8
3e089627
6438e19c
4011292e
e180e036
f783baaf
3e054ab9
fbadae96
7f3e739a
697b7037
c3290181
7f800000
74879445
632df512
7ea96a14
7f33d764
3e007c8d
bc7d0e47
27881a11
32e1ccce
530a651c
3e0736cf
7f6c579e
1932c636
5ee06ad8
e77e7057
3e0f96a1
524aec9e
7c5f2580
7f2762c8
313410b4
3e0f8483
4d15b7ad
b180873d
73e386dc
f234748b
3e0b0cf5
288bc2ef
62e9bcf5
48ff6593
bc55d378
3e048077
f51f622c
7f701fec
c975590e
87dcf21e
3e059389
e84bcaa3
d6d382cd
23cb2e87
7f48dae6
3e097eab
b6d23c15
ed7fc122
477ee0a4
f2ad6576
3e001e5d
7f2c72d0
faf854cc
34c089bb
7fc00000
3e02131f
d7084df4
312f4f46
7f4d422a
c064d6a7
3e0de171
f5b698cb
4deed2ba
f6380b2f
a2884370
3e0611d3
efe1c17d
e16676aa
21c9978d
db6fef7e
3e0850c5
563c473f
7f4fdd2e
cb2e8579
888cf282
3e058ec7
f2ebd6bc
434c7b4e
2c51aa45
7f6629d8
3e032059
997344ba
62e9ed58
7849784a
5d518b21
3e0cddfb
7f32eff2
60838b5f
d0e5c70a
e369fe86
3e00442d
2203671a
63398bae
7f3915fc
35fdac50
3e08936f
f9fd6179
ba966c56
f05c95f8
fa1b60f7
3e03f041
474356be
27f80f05
7930e6d2
6a645809
00018e26
7f800000
7f32a7e0
b199b8d1
f8ee472b
3e089895
d27a6f8f
7a833299
44c463f6
7f3a4cba
3e08c117
5ca3e561
dbd0425e
dba1c625
c43fbc72
3e02f129
7f620384
cf80ea6d
fd12aa5a
678af69c
3e0ba14b
79cc97b5
b16b5581
7f45debe
b46c2a53
3e05edfd
77015d2a
7be1c1ec
6a35d45b
5e120d45
3e07b7bf
efc91a49
277c66d4
f01c8a73
1e0803fa
3e06c311
a4e90b6b
7f487882
27abe2e2
e4a184d9
3e06d873
54dbda20
f7a4b157
6e64948c
7f4f680c
3e00e465
fda33bdf
55bc85b4
c2db7583
dd7a7a28
3e0b1767
7f5f1e06
633e858b
f6fc45f5
db3a4082
3e0a05f9
7698ce21
6298509d
7f4878f0
6a2524c1
3e02c89b
76664b85
2e2de052
67ec1de1
5167ed8e
3e061bcd
3dd6351d
da78e67c
82a5b271
ce09c370
3e0c800f
7dcb15a4
7f356394
3f9cf75d
262ce197
3e0b59e1
b9785ef2
39da42a5
d040d5ea
7f375c4e
3e0b11c3
9548f6ed
fb7ef0da
325b811c
dc41a9cb
3e063435
7f5a0bf8
d1a10444
73f342d3
d2131a7d
3e0991b7
cec71f01
79310c7e
7f39bd12
f7c4283f
3e0d5ec9
3e2bf7e3
be14620d
b3d98fc7
07b5f8ca
7fc00000
7f6f0355
7f800000
248d42e4
e88630f3
3e05cd9d
230151d7
7f19b996
ed30aefb
408b9d00
3e03ec5f
69b84034
4972ee03
fad89ca8
7f4ee600
3e06b4b1
39450e0b
f65a6275
70f5346f
f937d184
3e032f13
7f1315da
b8dc21f7
0abfde54
56d173be
3e0d8805
6b68c07f
596ce109
7f079fa4
3ef4e84c
3e013007
f5ed30fc
39a00f8e
74a05195
1e0f90a8
3e01fb99
307960f6
36199398
207d387c
7e7c144c
3e0e433b
89797743
7f512708
4683fd74
28730c13
3e0a036d
faa8375a
6612b9ac
c1bce32e
7f1fbda2
3e0afcaf
fbd7dcb9
3cd0a896
ecd946fd
fa9af237
3e0dd381
7f28202c
6b408645
d74198bf
ca695414
3e0c3063
6417ae8d
b7851047
7f155126
e038919c
3e0bdfd5
e7ff78cf
c83c0ac8
f9868979
c0ae3a1d
3e0ef257
d646698c
7abc177b
61446f80
f98fc4b2
3e0cdc69
fa063c99
7f30d46a
5cb99867
e825b0dc
3e0c968b
7ee503d0
df5e6d82
e58e4ef9
7f29b7b4
3e07bd3d
dd977d6a
f6940c2c
ef19199b
389bec20
3e0eb0ff
7f70cb6e
d808aca3
6bbcb4cd
2fb53087
3e05b651
61b6d8cd
d54e2870
7f725e18
1dcee019
3e0315b3
26dc9618
c1c82297
7f800000
acea2bbb
3e063ba5
2774d51f
4ff737f4
431c02c3
c5740fed
3e0fd8a7
ec4b961c
7f4c863c
3fa46d35
a7e198c2
3e030139
5849e716
bb68737d
5bc010aa
7f5ae4b6
3e074ddb
dc3542c5
c6958592
71d594a2
5532b8e6
3e03fb0d
7f319420
69084091
ce79354e
cf8c61b0
3e0c094f
458384d1
2527e1f3
7f50cefa
0a4d9347
3e035d21
77087ffb
75d2d9e5
4f55bb32
e71eb534
3e04df03
c29f0e5f
51a258e7
efa2bb5c
3532e8ee
3e019b75
e365d56f
7f0abcfe
b2c76656
c1bb69bd
3e00e2f7
7fc00000
0f9390db
f5270105
7f3eb128
3e096a09
c78d0826
e4a83225
c60a3107
3fa4c5fc
3e0b692b
7f2df2c2
cde8b18f
23f2e524
3794ee33
3e03bcdd
ea5f4317
fa57b761
7f42484c
ce190b40
3e00059f
b6110329
f5a5fb43
ba53d2e8
6331c45a
3e0bc7f1
bae0c02e
96cf8f8f
c56daf42
4c2493c4
3e0e8c53
afc09ffd
7f4fd530
b0746bec
6a9437fe
3e02ff45
3daf79bf
dc3d4e9d
347fa163
7f2c058a
3e0f1147
689dcb3c
e5a4e3ce
7a189430
714b3ce2
3e0516d9
7f617bd4
ed9a131d
677e38ca
543251a1
3e05e87b
adb51480
354bfddf
7f442a8e
7f800000
3e0c02ad
da6a479a
aa495976
c95ea78b
5e6ab7f5
3e07a5ef
e412e104
506ff893
61996278
ec2cc377
3e03f6c1
66f36a94
7f482752
764d91ff
a75de654
3e0d1da3
03b431ff
696c413a
41e8107c
7f3a665c
3e0f6715
26d7c822
4d1f7fa4
2b611194
71e2a95d
3e076397
7f27ffd6
1f84fcbb
f6d634a5
a8950cf2
3e0b07a9
e210f3c3
73c328ed
7f22b240
994fab1c
3e03cbcb
40bb8210
ef56ee2f
d8944a39
e759a4d3
3e01cc7d
eb3513b7
6177f101
a44f467e
fa8afa60
3e0fea3f
b2fdc394
7f5927e4
da57940d
722dc2b0
3e00e991
5b6275eb
e6187555
453f06ea
7f46141e
3e0d92f3
eefbfc58
6a5dd3d7
df6a4621
43e450fb
3e0bd2e5
7f1cab48
223569c3
4b77b586
7dec8f2d
3e06d9e7
7debd05c
fefdc5ee
7f3b17e2
481a766f
3e003c79
faede356
f67dc2bd
ed7fb0ea
73422b41
3e02131b
63347a05
d2892dd2
7446e0d4
5650d623
3e0a1a4d
f1873207
7f418766
5afffa2b
ee9bc395
3e05d28f
b5311a24
7dff5af6
42aa95f9
7f4b2b50
3e07a061
6b6a195e
711bb125
f959669f
652ee774
3e0cec43
7f3826aa
7fc00000
5f89f0f1
47b04585
7f800000
4d9cdc42
ff7548c4
7f24aff4
79b46638
3e0a7437
aadbc0ec
735754fe
38128df3
e72fa912
3e09b549
c1471263
547ee08d
719d1247
d42e603c
3e0dbe6b
4a6ff930
7f305258
6364dfd9
c822ba36
3e09ec1d
463185ca
d446138c
7339609e
7f5fc472
3e065edf
6ecde442
3b974883
a40a5059
dd24d49a
3e0d1b31
7f75b67c
7fd4cdd0
b002c782
cb48978a
3e082993
7c0c6f3d
73d7815b
7f490af6
38f83c3e
3e08b685
3c5072ff
2cd4db54
e50723a6
c02659c8
3e0f3287
79a90851
f99af804
e1812015
74ade30f
3e0c7219
5c515976
7f5b113a
e74aa497
5cc514e1
3e03cdbb
d3ca2da5
cb4ef9f2
6faa10a9
7f151404
3e0641ed
51a24129
6d368571
4cb44740
e6526710
3e0e8f2f
7f475b3e
bef0e116
e37f257d
55e9aaaa
3e065a01
d3fcb613
492234c5
7f731568
d313aced
3e0c4ae3
60af2d30
ab39b17a
d4de2abc
e275ef4e
3e032e55
cb084b4f
dd224459
31cb38b6
f0aa0158
3e0214d7
1d127e13
7f5ae88c
d1db8c00
578f9532
3e0d72e9
1d75dee8
2c68a82d
791d9b1a
7f478a86
3e01410b
7f6c0d75
af13176f
d09e8579
35c86056
3e041bbd
7f800000
d85660ac
bcb3cabe
e26d48a0
3e0b637f
7b07ba04
7cbb4723
7f1d37ca
28c83307
3e085cd1
7f74268e
59e8a4f0
e1ab4ba2
ea034f24
3e065033
df46a296
48a01f8a
cd9b8961
ac94b63b
3e01aa25
d086c79f
7f58b8ce
5697dd43
70bd4e6d
3e001b27
639b4a9c
7447e54b
f5fd5990
7f25f478
3e01b7b9
f8cb1f96
e7922a0c
1b083624
a7e9c730
3e03185b
7f225192
e0573bbf
f5273e49
67928363
3e08798d
2a1037fb
4cf96711
7ed59dce
571b5e30
3e09dbcf
e826fc64
bda0b707
7fc00000
9fe5b58d
3e0823a1
7d76fd9e
c8f4c865
d204bfdf
65a659b4
3e033983
1b743565
7f503e80
479eefdc
e98f916e
3e0929f5
1c82f482
54124b04
1f85a610
7f379a5a
3e064577
47590b2c
6db40c9b
41495b20
ad9753ff
3e0e4089
7f287024
126d7648
b8d25b3a
5820b151
3e0653ab
4d135770
6531040f
7f56925e
a87d3878
3e085b5d
e930c60a
f7de7dcc
c1c69ebf
74eda7c0
3e06f81f
61b396f4
7e86d5c3
fc3bff68
e4665ba7
3e0aae71
d79de8ae
7f323222
609d1fc2
e6e3d844
3e0006d3
42407e7d
6aec77aa
4b9c406c
7f2960ac
3e0eadc5
da4ecc92
7f800000
3f34efe6
f72ac60d
3e0193c7
7f0d7da6
f0d597ba
5f51e755
e11c6c4f
3e080d59
ca24f4f3
6be53198
7f592790
8fc4180a
3e07f2fb
7fde3100
185a8232
daca1434
6d5a2f86
3e08c12d
284703f6
2fb9fa7d
359d520b
250f4675
3e0fb86f
de12abf8
7f2d6834
116e749c
ffc725f7
3e04fd41
fa86b51b
fefa6da0
f50807d2
7f69e7ee
3e09b823
6cbc06e6
7bcd3407
c30205d1
edcd838e
3e073595
7f200698
edf51f99
7e5554f6
f2a447dd
3e0f0617
a2b7684c
c2b18ca0
7f57ceb2
5cf8289f
3e041e29
7d911ec6
7066676d
3e866b59
73d25d1d
3e04f64b
41123e90
eb23b31e
aeed00b9
b5801f53
3e0eaafd
ce09f637
7f66f136
aac8695b
4c82d751
3e011cbf
dc38c749
f172ce66
6576128d
7f5caca0
3e0c1011
743bface
f01ac330
69a043e2
c1f23164
3e0d4d73
7f59137a
33dff65f
7a95bd8c
a23b5b7b
00010380
ae4720e1
d912ceb4
7f5b3c44
e3264dad
3e0b9c67
c59a04dc
e7dc6e6e
9f5e7588
f6772182
3e0772f9
58848b93
ce50f178
2bc6b16a
f39031df
3e0a5d9b
25808020
7f2939a8
13b8c90a
7fc00000
3e0f18cd
d5f3683a
42fc5a51
7f800000
7f2c2742
3e08250f
2af3f023
cd5b5376
33d9345d
fcc9130a
3e04e6e1
7f5948cc
ee2f4cc0
ac2a591f
6f1422a9
3e07c6c3
eab24468
dce5dca7
7f5b60c6
f777c5ae
3e055135
766e4cc2
52268d44
6067db16
e825d77d
3e0456b7
fc35956c
fc3c91db
4b336960
d4678d3f
3e070bc9
63db2ce3
7f522a0a
5e01cb7a
744f54bc
3e0528eb
4a87a57d
2a5e9a62
d2af4be4
7f42ec54
3e0f0a9d
ff2696d7
e6070121
dcaa611f
f88ebde5
3e01d15f
7f35070e
61b4a303
4728f5a8
ce62b51a
3e0481b1
36bd630b
d7090a50
7f6688b8
f5471779
3e062413
179ccdbd
341be6f7
f27f0489
cea404be
3e04e505
bba1257f
d445bfd4
7cabfc26
f5c74648
3e063507
714b17bd
7f4846dc
5e62ee95
b7f5358f
3e07e899
77c7b233
ae5720dd
b9fc4717
7f73cc56
3e02583b
65cf9f40
b0a6230c
591d2729
d599bf43
3e03806d
7f578ac0
8f8c6bf0
6178342e
5e7b2390
3e0b21af
32ec4a98
2cf61996
7f477c9a
6fcfb737
3e0fe081
f5f1ba5b
73c4e345
6007663e
bf271760
3e056563
4227ab8d
66ff1547
f9e2b911
bb36716b
3e0b7cd5
edf9f0e2
7f3ed09e
cab860b7
7f800000
3e0e3757
74db928c
f819b20c
e73eba65
7f58f3c8
3e0f0969
cbf71b83
950e1828
c7ae1d67
5b5a9631
3e0eeb8b
7f450c62
0ddf4e82
94bfbc00
dee8bc93
3e017a3d
45347e79
02f7080c
7f32a0ec
d48828bb
3e0115ff
3c275289
7be6e1a3
b879a8c8
ac08753a
3e0c0351
5ad775ab
c83e4b15
2b03460f
36b853a4
3e028ab3
d41e0d5a
7f50e3d0
5c6027cc
d9b7bede
3e0e18a5
e681ba1f
506a80f4
590cb7c3
7f720b2a
3e095da7
40cf0071
ffc5a2ae
58078a35
fdb379c2
7fc00000
7f43e074
e95a8888
df3c17bd
f4e2ea6c
3e07e2db
e3d39fc5
ea63a64e
7f42162e
6ff09de3
3e0df80d
72d3d87a
9d5b8d91
78f7064e
6b1b5955
3e00ae4f
393f9f59
e76f2fb6
f2dce39d
e246d7d7
3e0dea21
5d94869c
7f3b98f2
d70a325f
74ed8de9
3e0a9403
d1e83aa8
3b73421a
bdd8245c
7f4956fc
3e01b875
719ee502
adf25289
d3cc5513
d8ef1efb
3e04a7f7
7f349776
d65b571b
7210b7a0
214dc16a
3e041709
100c7c0c
dca10b48
7f48d8e0
f58157d1
3e0a3e2b
ee23d3f0
4d239934
7df1ee24
481e6333
3e0df9dd
6e57068a
394d124c
a41d7211
fd0f4440
7f800000
ea9a3029
7f3f2484
e224996d
222d855a
3e0a94f1
4ba0112e
9e380890
6ec0c2af
7f27d7be
3e0a8153
51615cfd
743ef82a
769c4981
6a1f0b5b
3e0b5c45
7f611de8
eb891214
c7ac4866
16fd448d
3e0d1647
f538b43c
e1fbf820
7f44e182
f8783ecf
3e0c03d9
de98af73
fc5092d8
7e207857
5a06dea1
3e02fd7b
bed9b365
d297e2df
75a7b8b4
ccc9c806
3e067fad
7d97089a
7f2ef706
91123016
4ce2f826
3e00caef
d7e76a04
c1d0ed93
7cc5d33d
7f2069f0
3e0703c1
b740b03e
9feaca20
50f31852
c478af54
3e0f52a3
7f4adc4a
2dd33687
7ddfac51
53d06c0e
3e000415
c6252922
7e1088a4
7f384494
e986e65d
3e0fa897
ebbefccc
fdc711bb
30ae96c0
fe1d1b1f
3e0e34a9
61513746
ef6aa5ed
3f30dea7
441f2971
3e0f20cb
ee6dc335
7f38dcf8
e356b739
bcafb4b0
3e0c897d
c9ac8abe
1987fe01
a89733db
7f39e612
3e0b4f3f
c6ea1dc9
4d8a0ee3
c3777ffe
c499e57a
3e083691
7f3fd71c
4ff61255
4df9f462
d895b5e4
3e0607f3
740ebcf2
8dd25164
7f315296
ef08231e
3e04afe5
7fc00000
17a97334
340484e5
407b7fa8
3e095ee7
7f800000
4509850b
5dd0f14a
6b351202
3e0fa979
dc3a5456
7f6b1eda
ecc2b1ea
7cf7b4ac
3e0ba81b
6899dca0
65c6e77f
ffd8a009
7f4040a4
3e05174d
6ef188ba
7556b5af
f6c2cf2b
5ec66095
3e03778f
7f3ecede
9ef91433
bd28d2e7
ce62c917
3e032d61
70252a5e
6186b77b
7f49b808
77f83074
3e0ba143
7439b26d
1c6f1259
ba2cbdf1
76d4294b
3e0e5fb5
6454bd42
4bb4d1c4
bbf11396
bfb85a9a
3e073937
5a4cb278
7f41a12c
ed75d545
3cd6bfbf
3e056249
3fe84763
73f6dd8d
aebf1747
7f44aa26
3e05936b
2510f230
21094ae2
edcfccd9
41946073
3e05291d
7f726010
47af7906
d384ce7b
dc18ac65
3e0643df
3ed02db4
d5cafd83
7f249d6a
5be9ea34
3e0ce831
dbfb056e
f4160df5
677b6bef
080e6ebe
3e0d1e93
727c8078
7bec186a
fb806cc1
29d4cd3e
3e021385
635ad7ff
7f42046e
f8dbc3a3
fb5ac927
3e063787
ede75551
686897ab
5544e02a
7f54af18
3e045f19
ca304a76
ffc3b918
4876e997
7931d1cc
3e09e2bb
7f4b2332
1bbc9af2
ec613da9
f1a299c3
3e01beed
56ab58da
18058e88
7f33c73c
ad30d090
3e00b42f
5c900206
7f800000
7ff641b8
fe7fabaa
3e0a6701
2289f484
75cfd860
b448808d
d599a6c9
3e077fe3
5f044408
7f2ec520
c58f13bc
52fbc04e
3e04cb55
78f5a162
82b51e8e
d403b8f3
7f7057fa
3e0359d7
a13bf102
5fafc01e
e1d5a8e5
500e3632
3e019fe9
7f40ccc4
74f1252d
50b5dfe7
a87e4d88
3e05960b
be042a75
aa3f3f02
7f4bb5fe
b6a4b713
3e0fd8bd
f27229f7
baca9ab1
de925bbe
f27701a0
3e0fc87f
6dc12909
ef8b7c23
d7a9b04d
e16895ba
3e00a9d1
f18f602b
7fc00000
d6e4f166
77ca5824
3e07c533
3047abdd
5bbc0a17
b01b15ae
7f47494c
3e0b8725
e365ac9f
fb404229
757a12c6
ac72cb6d
3e0ba027
7f424d46
d08bcb2e
5dfa98b5
953bea36
3e0224b9
efa4e353
ec040efd
7f4ec630
fd59bd8a
3e05ad5b
57c44e45
1620a253
ef66eb49
55c7b863
3e04768d
788c78fa
4435de3c
dd93246b
0f605730
3e0080cf
356f4d9e
7f1b5cd4
27f49cd8
476953ca
3e04b0a1
79fa9f7b
cefba565
53872cb2
7f44e38e
3e0aee83
2756b5dc
d03da067
3d2c1131
a94d1e8b
3e0b46f5
7f5cf138
67aed404
dd2d4f93
2ffa853d
3e0c0a77
1f86b42c
dd9cea3e
7f800000
ad85f252
3e0aed89
3c4191f4
6540f7c8
75fd3887
c9e3237c
3e0728ab
1b41566c
7ffca90f
ff7cf2a4
b0789e23
3e04985d
4a322a97
7f3e98d6
66311786
5bf603a5
3e0fdd1f
4ad2e978
ed338ac3
c2d35868
7f336340
3e0b7b71
b7d942cb
20bfc510
5c3b00c2
f6f96144
3e0dfbd3
7f22811a
654b5ab7
af62e96c
5f1f199b
3e090ac5
46e8ed92
e265769f
7f48c8e4
b4650908
3e0198c7
ce3d8891
71bb6ceb
a7978455
f37d114f
3e00fa59
64c56a10
c1de6e9d
365a7a4a
fcfaa521
3e0707fb
558aa1e5
7f1c3c48
77225d34
55de6086
3e053e2d
4c5ce91a
6816da2e
d939d0ee
7f3e00e2
3e0add6f
539d2e84
ffeb4e56
7c5dc7f8
7216eaf7
3e0a0a41
7f56616c
5fa826a0
dcfca97f
75be6ef5
3e0ded23
e4265a48
eb623fa4
7f2fe066
d25ff12b
3e09d295
e641b98f
57ab0c99
b57a45f6
6dfcc098
3e094b17
68c3914c
5542645e
d30249a5
ea2b0d9f
3e094b29
43b64fc6
7f3aefaa
737d2127
3e5d0ff1
3e024b4b
f8fad1b5
ead9a5af
7fd16db9
7f5a10f4
3e0b67fd
6ca55f2a
efd98481
7fc00000
ffd98fe0
3e0e81bf
7f69b2ae
e52b2963
5dc4eb88
7f800000
3e055d11
d264b56b
a96660d5
7f59a358
41035ed9
3e07c273
fe08db1d
53c8a0ca
216999a1
5b74707b
3e029e65
20d019b2
56df946a
6f297f06
e6ab2c28
3e002167
b28f3a31
7f73f77c
45c47ff5
f49cadef
3e08dff9
dd380cd6
7ebd8a78
b6f2cb77
7f5f23f6
3e05f29b
c4803920
737d5f52
5cc97689
2be0b1b8
3e0c15cd
7f4e7160
cac4b737
ee09b9ab
e4dd2f15
3e07ca0f
dfa9fa2b
fd9bca2a
7f499a3a
c0b16b50
3e0273e1
e58a32de
ec65fca5
3b1474f2
f4c854f4
3e087bc3
d06d9d68
dddf61a7
6467a471
71c2e55f
3e086e35
c9502dc2
7f27543e
7d5f4c16
e9614bb8
000145aa
e8603e6c
7abd26db
750d8aa6
7f562668
3e04b8c9
6fd1dfe4
51045c0d
47a40c7a
74a63191
3e0efdeb
7f699602
bb29324f
bddec4e4
680b1af3
3e0c479d
f9b3c74a
f8cd510c
7f36e98c
f6e39ae5
3e03b65f
25e5b1e9
dbe19d86
adbd572d
f53d761a
3e064eb1
6899b80b
d2569c75
ff4f7e6f
74a8e384
3e0d1913
6da08abd
7f46e270
d86d7341
5c8a95be
3e004205
ad7d8a7f
a1be3b09
6064ad26
7f4780ca
3e0f3a07
f79d02fc
7629b18e
ddb567f0
ec7eda8f
7f800000
7f2c3514
bdf15321
ccba8c17
ef68664c
3e0a6d3b
7f55d840
3eb2eb72
7f7871ce
eba68cc6
3e00fd6d
f9b2a227
4a0b38f1
5647854b
34739c90
3e0f46af
f244b6b9
7fcf4553
cfd08e38
c6287c37
3e05ed81
13f04974
7f407a92
ee8062bf
5fd8e614
3e029a63
5bbba88d
fdd092fa
6783083c
7f50379c
3e0f19d5
7e18c2cf
3bd96f64
c9934950
eee8a6d8
3e017c57
7f5b9f16
0ed644d5
75ad9765
4e8d06b2
3e053669
d606bc06
a89e3a0b
7f47ef80
7fc00000
3e05408b
7f73f5d0
ea934eef
fdc63e04
fa5889d6
3e0f373d
94bd8c77
328b5e2c
48c9243e
9c999eea
3e077aff
c55c8354
7f4f1124
f59481c8
20bdb63a
3e065051
e5e04aab
559ee815
6557dd22
7f460b5e
3e05ffb3
ba92c818
bbf4ac97
360250cc
caaa5dc8
3e09f5a5
7f508088
4f51c9f4
22422b46
6ddbe268
3e06e2a7
f8f8681c
32d6f3ae
7f641b22
3d0b7c04
3e03db39
d02c5dd3
b574d0b8
607edcb7
f971936c
3e0c77db
ea604760
7822d33f
f90041c9
ead61ae6
3e0bf50d
c30d9ac7
7e82d2bc
93668f2f
d1c8f655
3e09534f
df5289e4
edd4cbf3
d3ea2958
7f329890
3e0c7721
7f800000
55e093e5
4a96fd32
e8ddbae9
3e044903
7f3501ea
7511c169
a91f77b1
51d1c90b
3e05d575
b8681f6f
48a0cd79
7f59c934
46a6e3bd
3e0c6cf7
e2d908ac
6154b2be
6181bb05
630a02d2
3e02c409
369ecf23
dd3f7b4d
de85bcba
4095f31d
3e0d132b
366bccf0
7f505798
34fc9e99
7b8bd833
3e0c36dd
d05fcd17
324ad161
e22b3e3b
7f2d77b2
3e01cf9f
67ce0474
3d4ac9c6
d9f6166d
4dac2327
3e0d61f1
7f49e7bc
5ee743b5
20aa5a2a
779c0158
3e0a7653
644e1338
5086391f
7f3c0a36
463da05b
3e07b945
69b57e12
7b5edb14
b07e0b63
7945418d
3e0f1b47
c9feaf11
fa13d76b
3c3b0c4f
f097fee2
3e06f0d9
f6ab2473
7f169c7a
a2633aca
c29f6ba1
3e04127b
497c9065
3787c7dc
7d8f3f69
7f1d5d44
3e04fcad
98b12367
bc818c31
58ef518b
5202f1f5
3e0defef
7f3ab27e
722d06d6
a457903d
454c4d77
3e0e10c1
a02d413e
c5c7f785
7f534aa8
cc728889
3e0587a3
367c46ca
6e7a3b87
49edf951
6bbadbab
3e04a115
22da0c0f
507591a4
6372b0b3
ee7fcd18
7fc00000
dbc525cc
7f4c49cc
aa31eea5
ac3c4ef2
3e0561a9
76c06846
7f800000
4b218cda
7f2839c6
3e0e75cb
a608e035
f7d687c2
1d298044
c7498ed3
3e0b467d
7f48beb0
7a5c0b01
7416687e
438275c5
3e0ab43f
43195595
b22ad7e6
7f4b730a
fbc19bc7
3e038391
6175344e
fdd7af55
5b4d744f
ed865559
3e027cf3
7b0c2e58
ee42614a
5a48fb0c
1a56341e
3e018ce5
e290785f
7f33c00e
59041786
b2c90bba
3e0fe3e7
4e7ca0b1
ef0dda0b
c1390e75
7f5a59b8
3e031679
32857b13
3ad13cbd
bed9b2ea
aa835b2b
3e093d1b
7f5564d2
e1236fd2
f7d472d4
66342726
3e04144d
7b853f3a
765f4dd1
7f6907dc
d6f4fd95
3e051c8f
164bbf31
7bcd3cf6
402b0fdd
728d656b
3e02ba61
70700f3b
68ab6b25
484ec569
c1357974
3e0e5643
d6aec9e7
7f363bc0
c4938af1
5cd33f2e
3e037cb5
57609e42
3b685ac4
76b28496
7f4c859a
3e07fe37
439abf81
0163efac
4363fee0
63f024bf
3e050f49
7f531964
799d3a84
c6051c47
67615771
3e01686b
f3e5eb30
3280f11a
7f4d499e
3e3ad573
3e04661d
ef41fe57
655054a1
1dc5829e
32ef2f4f
3e0a28df
794676b4
ccdd3606
6012fb28
345fa467
3e00b531
f62d18e0
7f25f562
7f800000
f839baf9
3e061393
7c13e93d
d89f0e77
4c8b79c1
7f5121ec
3e0f7085
e41ba652
141d0e6f
507885a6
6503e015
3e013c87
7f658ce6
45389a0e
590e5a15
d1c12d0f
3e004c19
cda33b76
4d40d218
7f5154d0
a1942ee1
3e03f7bb
f8536892
4b7e3bf2
5620b3f4
369f4ed2
3e013bed
7071e4a7
76341f71
dd96adae
7c471935
3e06d92f
fe0a6d5c
7f674174
98609f7c
b687f38c
3e027401
c60719db
6f64915d
61f2a192
7f704f2e
3e06b4e3
7fc00000
5c399cc7
7d33fcbc
fd21b0eb
3e0a6855
7f38cbd8
e028f284
cfdf1ab6
e1023358
3e089ed7
7624d00c
385e4bfb
7f4041f2
6b94d95f
3e09cce9
ff542b03
c2fda22d
39971d1a
4e37b75c
3e0deb0b
25783250
f1656163
f1440284
66fd4256
3e0f95bd
e7ed7fe8
7f48b076
0629126e
35b4baa0
3e082d7f
bae7d609
d8a9e426
35aca0f6
7f3b09e0
3e0cf6d1
6615c88e
af50b695
ee660da2
df056108
3e0d3a33
7f575eba
bef0b550
47cee54c
b5b8e03b
3e096425
79e8919f
79f56f29
7f384584
79af0ee8
3e0b2527
536db3f1
cb1e8f4b
6f63b5b5
a80829af
3e0691b9
0feccc33
c3c51d38
c730932a
7f800000
3e0c425b
b3573949
7f122ee8
7a26c514
c21b7366
3e04738d
82e2abce
fd280111
a6f93fce
7f3d4a82
3e0b25cf
621a82d9
b04e8673
748cb5d8
fa39f9f0
3e053da1
7f076a0c
6a94d080
4d9089df
5de6ebb4
3e06a383
f5884028
f610e39a
7f3ad006
df6f738b
3e0163f5
ed70b682
22bf5d04
549a4493
c6f4423d
3e05cf77
36ece2c1
a2918278
7dfae985
73e31352
3e0b9a89
38c7f571
7f53254a
df00dd3a
69130c7c
3e0bfdab
a1a34970
caffe422
c7a51519
7f572594
3e04d55d
f907c80a
2186cfcc
f1fec8bb
4e8de0a5
3e0cc21f
7f36ce4e
2fc43fc3
ce705515
ccd565a7
3e004871
67448aae
55295235
7f33adf8
e89bbe68
3e0ff0d3
36a75fb8
fa7479aa
5d1d926c
1c14a27e
3e0767c5
7018245c
df6adcc9
63f051e6
32b4e208
3e059dc7
5230d591
7f37981c
737282b0
7c81b64f
3e0de759
cabf17b6
fc5bab9d
76d8dfd7
7f44eb96
3e0a1cfb
4a44a300
45dd3a5f
b59fbb40
cada1c03
3e05bb2d
7f3e4800
f062f2b1
cc5821ee
a7c01750
3e0a026f
d89fb784
7fc00000
7f3f27da
e4f54cea
3e031741
46eb09be
6fce2605
34b249d2
28937b1f
7f800000
f819464d
711b3e07
ef1e9fd1
e0aec62b
3e006f95
f176baa2
7f2c47de
7a32fdfb
7aafd998
3e079017
0cfe989d
c205b13b
7aab5d25
7f1e4908
3e027829
6d283843
c48353e8
66e9ed5a
d8abdcf1
3e03a04b
7f438fa2
76fdcaaf
6a55c4c4
f3857e96
3e0c24fd
68378037
cdcbbcec
7f37222c
c20f2445
3e0fe6bf
fd68ba14
b4b23066
5aa6c488
7a7d1e47
3e02aa11
c0b88a6b
d020b530
608505e2
64ae4364
3e063773
4ea4b7d4
7f59d110
1ede2775
6811857b
3e017b65
d67aeadf
74a55a69
eaee9483
7f54666a
3e08a667
aeb4d6dc
5e09106e
3a2e9cf5
c915d2f1
3e0e4cf9
7f4279b4
14f89b3d
e7909077
64b24bc1
3e05879b
4eb3f220
be1e8052
7f0f3d6e
68cbffa6
3e0d12cd
c5a9ea3a
d90cf451
f1628eab
bd7fae70
3e0b6f0f
67ddde19
6910c3b3
cb3edc18
5828150a
3e0400e1
10634377
7f3ecc32
675e15f2
df3f9df4
3e0d30c3
c1dcf668
e97c33da
faa0bc1c
7f37083c
3e0f8b35
c7d21d47
de10ff39
79eabd0a
760ae4bf
3e05e0b7
7f4516b6
a7e1bf7e
71b8db80
662f7b92
3e0665c9
ee610ee6
77c29fe1
7f47f620
6a8d7eec
3e0cd2eb
7f800000
e581d74f
df4f5de4
5e238ff3
3e0d849d
a8dd20a7
b9201b21
ed79edfb
7a3c77e5
3e099b5f
2fa5dee9
7f70edc4
e131d42d
4e4d66e7
3e0c1bb1
74c6feee
595ab975
f372a36f
7f08aefe
3e080e13
de8491d4
f20770f7
a1da8041
90855e4a
3e0f9f05
7f52d328
bd2b51d4
acb15e26
dea9df4d
3e0c3f07
521448d1
7597572b
7f40c4c2
8bac808a
0001cb24
f47433f6
e282de98
30f3bb8a
2602755b
3e06823b
e6101140
741e8c72
7fc00000
64e3bdc6
3e027a6d
f8cb7a5a
7f4d2646
fcacb14b
74a01590
3e076baf
6e2a79c4
a53f3a53
d68c26e2
7f29b730
3e0ffa81
66bbcdfe
78e26de0
5295c7bf
7ac1aa49
3e03cf63
7f5e978a
c45f1f47
51e15339
9609f9ce
3e06b6d5
f766b2e2
f1d57864
7f313dd4
afc8bfd8
3e08c157
55bb0fa1
fba3567b
67521a80
49e8fc6c
3e0f6369
d5e4ed07
751560ad
f2032767
728bebdc
3e0f958b
9a2fd5f5
7f5ec238
e7ee95f9
4f2ea693
3e00f43d
b4ea806a
65dbb4c1
5b87d89b
7f227952
3e01dfff
7a7b4c54
b083bca6
54635ac8
f92e3f87
3e049d51
7f3be85c
e9b01370
280f194d
d0faa719
3e0d74b3
118a8565
7f800000
7f1131d6
7ca06abb
3e09d2a5
0786881c
5cad12f4
c09a24c8
de6f3b68
3e0867a7
c2bcd11c
f33c44ae
4ed9c435
66533bc2
3e0a4839
cbb8a0cb
7f458a1a
5ae5a1b7
e7f43c6c
3e050cdb
6c1c59c5
2c62383f
d725eec9
7f1469e4
3e0df20d
6b745a7a
e34e2791
1ad8628e
bc7a9355
3e05f84f
7f23061e
fa9b11b6
7a235d9d
4ecf954a
3e0f0421
f48dbefb
fd6d70e5
7f37cd48
e57f6bba
3e01fe03
bfececa8
7e194f64
ed1ef65c
ac261e0b
3e0df275
e6e0a702
c7943a79
f6a63f13
5adb1565
3e0831f7
e1f4b1ac
7f62e26c
793029a0
a516d07f
3e057109
c60f0423
795e784d
1758d5b9
7f5a3966
3e03e82b
bee7c5f0
75f414a2
7dde8b99
2b6930da
3e0e73dd
7f0c0d50
6c6a5e61
6fab533b
12dee80a
3e00b49f
fc9b4d74
370bfac6
7f39b8aa
3007a82c
3e042ef1
ec5ab32e
dfec60b5
77b50caf
ddac6cb9
3e0e6b53
b42ed6fd
d1d70239
94b666ec
b856eafe
3e081645
25ffa8bf
7f15ebae
5b534840
77113e8d
3e052047
cb4a863c
5c8fac6b
58876fd5
7fc00000
3e05ddd9
a5a19973
e7a4c4d8
e120ebef
ddfbf8a1
3e09277b
7f291672
ca7e94b2
7f800000
b40a7683
3e0779ad
b4c1a867
4b355931
7f4e387c
4986eda5
3e0f14ef
e5ec7c08
3f3ed793
fa6d4d3d
41921277
3e091dc1
272dd23e
2bae3c20
c1f8405a
2c0a4154
3e0fbca3
e74644cd
7f4ea260
cbc04651
578e0e0e
3e0d3e15
e805b10f
d44e9aa4
700e25b3
7f34233a
3e0c3297
6da3d2e1
f98c7dde
fcdb08c0
33cae51f
3e008ea9
7f475604
6ad58068
f7274dda
2dece61c
3e01cacb
3106ed10
6d9468c2
7f434d3e
fc41b716
3e0e037d
747962b7
d3f41801
434cf5d4
715d2560
3e0e193f
f7d51e94
765e88e6
483d8b0d
cec2677a
3e02d091
651f054e
7f3fff02
b84e1922
5cc5c7e4
3e02f1f3
66bd369d
e7d4e24a
fa5c240c
7f2eea8c
3e0269e5
5c4e5d5f
5661f0e9
e5a84886
44c831a8
3e0a68e7
7f1f3c86
bd762f0b
a48fc646
3e8fe56f
3e0a8379
f98f3656
46c0f9bd
7f48d370
460306ac
3e0ad21b
41014ea0
b9a415a0
74493bd4
7fc8d826
3e07114d
e27c0aba
6dbe15fc
7cd33c8e
a7279a95
3e0ac18f
e532efd2
7f391614
caa4e898
f2535317
3e064761
e9d74c5e
59f94825
5de6159f
7f542ace
3e050b43
b3f8231a
bd6a945a
cebe57f1
7f800000
3e0c99b5
7f5b9678
de8fe3c4
5907f596
1ca33138
3e0cc337
6049bbec
db19865b
7f5aa392
5dc80c12
3e08bc49
f6d6b163
21eb1388
a444edfa
482aa511
3e013d6b
c6eee430
ce2ba9cf
72dfe264
61c54a73
3e07a31d
4d414357
7f2d3816
33d84518
b6ca6665
3e020ddf
c8bf7569
65c36706
51fd92ad
7f5ba080
3e088231
603fa76e
d61e47f5
43c1b5ef
e4db27f9
3e030893
7f5fac5a
32b8d377
3591b12c
4eb87a9b
7fc00000
1e5fe83a
98ce1524
7f11b224
be30ddcd
3e004187
98a1607c
47a56b0e
3cdaf703
9ae2921b
3e003919
f6aa121b
e850395d
603b7397
55fa23cc
3e020cbb
4af5c4a5
7f331188
5943fcf4
e579d646
3e04b8ed
526adada
5e58ec71
64b499cc
7f120422
3e00fe2f
b025be44
db7b3416
d12d73b8
44d123b7
3e0e8101
7f1462ac
c6414bc5
e5bdfa3f
621d1394
3e09e9e3
ef0ff608
5f04747a
7f642fa6
e8bb85eb
3e040555
421a2383
f2defce4
1cc8a2f3
fd3c4c58
3e01e3d7
7df8d621
7a67e21e
ecbb62e5
ab077832
3e05f9e9
d94b8586
7f42caea
eb2ee9e7
50df96b1
3e0a400b
ad406475
cc90dfe0
7f64cc79
7f622a34
7f800000
609c80ea
1698bb41
e2a7231b
bc2673a0
3e04927f
7f4459ee
f0829526
0b33b931
69774207
3e0d43d1
78690a2b
4c988ff0
7f5ca898
77a81d99
3e06af33
eaf3ed98
acfaa28a
7f5f0e4c
7ab7cab7
3e0b4125
640f769f
2dc63774
f3ebfc43
5069c56d
3e0eaa27
cd8c80f1
7f3b28bc
d0aab783
562fac42
3e0efeb9
3d9b7296
7da188fd
f6868437
7f4d2336
3e06d75b
67110845
fff67912
c438e737
9bde2263
3e08708d
7e80fafa
3fd7b03c
e12910ce
dc864930
3e09cacf
19816fd9
f4628a36
7f50257a
3c1b579e
3e09caa1
f833fd54
f2155f65
ccc46eb2
41b534b3
3e065883
37a7abad
fa6da49a
d8892adc
a964846e
3e0b80f5
4bd83a3c
7f35ab7e
e4ac71d6
56e03778
3e039477
fdafefc1
c3d6cb9b
38380ab6
7f195ba8
3e004789
35e2f3a6
313f76cd
f9d61e3a
fb36f57c
3e04d2ab
7f3af942
bcbff30f
61a90219
f3612976
3e09125d
f031490a
6e48f8cc
7f1b4acc
4226d45a
3e0da71f
786d71f4
f5e41346
7a87d1ed
50a267da
3e091571
7fc00000
69306f35
e072c2c2
60ce2339
3e05e5d3
2874b57d
7f71afb0
64cc3b6c
eb1e337e
3e09c4c5
7f800000
26f90894
46f35ae3
7f40bc0a
3e0da2c7
2fe82291
eab316eb
b42ebe55
e5ae1062
3e0ed459
7f2eae54
6c618b7f
97bb7c4a
c7b3bf21
3e0131fb
78d85be5
7c431f5f
7f2e790e
c933d103
3e0a382d
48576ae7
bbba355c
2c22510b
7a148fed
3e0d276f
7d1786af
d3103056
bb2ef9f8
dea274f7
3e002441
54662773
7f1e8dd2
b4f9737f
a5b725d4
3e025723
225d0412
eb6e24ba
a9d2ecd1
7f65c8dc
3e0b0c95
6499038f
4de2e699
6d716033
e5e2fedd
3e09d517
7f58fe56
d8c1c64c
6826a540
d2364072
3e0fa529
27bcb1c6
cc2ede6d
7f30ecc0
405c9a9c
3e08f54b
3eaba990
6007ae28
ca661666
f613fe53
3e00e1fd
7d99612a
57ac65ec
54d8285b
f96b8145
3e054bbf
791fce49
7f4cba64
453c9d88
72b107fa
3e03f711
ee9b6dce
2e71ae30
e64bebcf
7f57c29e
3e08ac73
593b551d
bb69c557
c6e1388c
74f0cd9e
3e045865
7f1015c8
d0ef8769
58124983
d775c457
3e052b67
b8b03fdc
46bd616e
7f42de62
5e32f7ef
3e07b9f9
7220eed6
7a2a583d
70466b14
ec6958c9
3e091c9b
5df3bf72
be2563ff
c82f2054
fc6ab0a6
3e020fcd
c01f36da
7f800000
7270250e
7db9a770
3e03140f
7b2739a4
bf6838b3
d3b7f518
7f2dc5d0
3e098de1
4613aebb
a301b6a5
482d081f
abbda9a9
3e05e5c3
7f2f9d2a
c1cdf4da
61f5251c
ad9bb8ae
3e0aa835
ec0fefc2
fcb76c39
7f26a274
79760e7d
3e0ca5b7
3bff5301
e3ea50db
63c99460
adb59c92
3e0c12c9
7840cbe3
f204560d
46648e7a
ca38cb91
3e0ea7eb
c55d7755
7f4c1cd8
5dcd66e4
e32004f3
3e02c19d
4e9cc94a
7fc00000
69631c1e
7f40eaf2
3e03805f
7cce64f6
39d1c155
091ebdec
7f43ebe7
3e05e8b1
7f7dd8fc
e2537550
7039c86f
f2c523fc
3e070313
b86b7ef5
d4b335f7
7f18c976
fa93b7be
3e02fc05
6a3ed7d2
bf1f9509
f1920f26
f87dd148
3e0d4407
651cd4fc
a85e2c4c
7b9959f0
657e248f
3e01af99
49001133
7f1fe7ba
ffe31617
8bf20260
3e06973b
d80b3325
702e389f
c1412174
7f4d6684
3e07f76d
bce5ac27
7c52af9c
7f22272e
2f008e90
3e0390af
7f5fc9be
cf932f53
9dfbc038
56460637
3e0e0781
42cb5efe
ef69fa45
7f5f3fe8
f7187814
3e090463
29a36288
415514fa
08b4d9b5
2641cace
3e0253d5
4e9b47d6
685017df
7f800000
6b5cd8d8
3e040657
6ce79ca1
7f2d6b0c
f6695380
de8d30df
3e0d9069
4c571e06
c167ddad
eb3ebe9a
7f42a906
00013e6e
f8d2e7d0
bb59f182
caeb5004
aa496bd6
3e06b13d
7f244bf0
7e86c1c1
f51f6d9b
ed92d020
3e0044ff
340e1554
eaa66da6
7f576e4a
69a4383a
3e06ea51
671df4ab
ab8e0c70
5d0e9f22
d43b933c
3e08e9b3
c918fa18
dfede30a
2922a2cc
d24ef1de
3e0dafa5
25dda3f2
7f50874e
b236d6c3
3ab69468
3e0deca7
79753a1c
d0b5973a
cd48e135
7f4a7ef8
3e04b539
b15fab16
27c402b8
9e7048b4
d06ae56c
3e01a1db
7f2e3812
4e945104
068fa298
5b123ce3
3e03ef0d
7789a4c7
cb18a4bc
7f4b591c
7b303055
3e069d4f
d2a29be4
f211b5f3
66825b58
4d0aa6d7
3e059121
552cd3fb
2cbf2600
6147e15f
7487d934
3e03b303
6f2e6a2d
7f5ff900
6e305f5c
6ade730b
3e0a0f75
3dff8802
7ac51a25
b7612a56
7f4f30da
3e07f6f7
b1daf641
16941619
a9ec7505
7a8f357f
3e0c1e09
7f4582a4
dec39648
7fc00000
e46469fc
3e0ebd2b
293e7e95
379b75a2
7f15c0de
bcbe21f6
3e04b0dd
f2f05717
29a5f442
1c8f683b
7f800000
3e03999f
17dd642b
a3612bc6
6b8136e8
8ad39154
3e0efbf1
d1b7174b
7f4f78a2
ed353342
7c00d9b9
3e066053
42c14538
fa06fb2a
3df67081
7f48a32c
3e0c7345
740d0dbf
5c666d14
640c7563
60613b8d
3e0f2547
7f575c26
d9487778
d0d70cee
5f7c2dcf
3e08cad9
bb7c0e73
1f8f071d
7f1d4210
fc1c8535
3e023c7b
fd69f880
985391df
d0af9998
a9f04041
3e0df6ad
2cf62d67
f63a69dc
5a0ffb8b
fdab2bf5
3e0439ef
31644bf9
7f38dab4
cf070a3d
35b53dc8
3e082ac1
dc426341
d25df520
6a6e7b52
7f18766e
3e0df1a3
d34341cd
4ef9453a
596fc1e5
e92085ab
3e09db15
7f2d5118
425b5d19
a5be2076
b94dff18
3e007797
6bad77cc
3c818ede
7f2e7532
2d3390f2
3e0fbba9
e77bc7c3
cb791ced
bf7aca60
c4094f1c
3e091fcb
fab8ce5a
b7a649c2
d7089244
6b692816
3e04c07d
e9d827b7
7f542fb6
5ebcf2db
4cb5de60
3e057e3f
b504e794
fe82e7fa
48ab0a08
7f3d2720
3e061d91
3fdcd64e
65a6e955
254d1762
213c2f59
3e0766f3
7f6369fa
3c6ae7d7
3e634d0c
7e58a4fb
3e0746e5
3c1b2c32
6e4e1de8
7f3d0ec4
f656832d
7f800000
d79c3ab1
257f09ee
3dce14bf
21ff09fe
3e05f079
e44f6513
5934b6bd
1b83b4ef
5f76afac
3e00671b
ea0307a0
7f26e428
b079def6
ee99aa23
3e0e0e4d
47ff4bba
d4bffefc
70634e2b
7f642dc2
3e04668f
f5eb4199
6feb1ef6
9fbb89dd
23019817
3e0dd461
7f654b4c
05c2f8e5
238a0772
c38ac029
3e0fc043
e456296d
68a6555a
7f53ff46
169c284b
3e09b6b5
128006b6
f12422b9
f2f16696
7fc00000
3e058837
eb524e20
f625f68c
eb8570e0
630eeebf
3e006949
cf23e663
7f71e08a
c2fd456d
bab7f211
3e05126b
6b9fc5d5
b8426de2
caa893d9
7f231ed4
3e0ee01d
c65b88e5
6972b78c
d8a1a49e
b7a94365
3e0df2df
7f3a558e
a3be1c83
3aebaa48
57dfd89a
3e044f31
bf760a8b
76a2b1d0
7f3c9338
1dc094f9
3e03fd93
762b633d
4a531b6a
cced93c1
70e2803e
3e062a85
525206f2
3f87ff54
7e39e7a6
56e1dacd
3e034687
4d3a3c51
7f26a95c
50ab9415
0e6ff922
3e042619
e1664bb4
7b347301
e77a7d0a
7f5fcad6
3e0421bb
df61a1a5
88fd4127
7e1ec4a9
cc44b8c3
3e0c35ed
7f28c540
9e41b971
9f854f66
3bf15335
3e0f232f
7f800000
e426a516
7f64931a
3c03e8b7
3e0e8e01
9dac43db
602a0360
3942e3c4
050d8e0a
3e011ee3
3d0f210d
6c05a6c7
fb82c691
c6b95aeb
3e01a255
dc14c462
7f2b7f1e
5442fcb6
e24c4c9d
3e0f28d7
6c876321
3a8875fb
71687000
7f2f5e48
3e0626e9
c0c39503
324abac7
dea16ee7
474563b9
3e0a950b
7f37d2e2
6a37e202
f7843979
267e7bfb
3e0b0fbd
777d78f7
e7a5c841
7f4b636c
674b6705
3e04f77f
7782f9d4
f0ef4626
a83ea74d
60a44707
3e0190d1
f9067eaf
689088f0
c470cfa2
79d7732f
3e042433
c6eb0698
7f367e50
dee3374c
ffcefa5e
3e011e25
f78de6cc
6ecf8074
157ab143
7f3481aa
3e062f27
b2acee9e
9759be2e
4041efb5
e1278d42
3e0b6bb9
7f18d2f4
a634b55f
9644953e
c2734281
3e056c5b
c73d6545
3a5fce02
7f3e24ae
93bf5763
3e006d8d
caff2747
f4669b11
f17ea71f
92fc1564
3e0c6fcf
ac1aa768
ff207b36
2ddacd4a
a0ef600d
3e0257a1
e4c1de7b
7f47bf72
a7ac53df
7ff77db4
7fc00000
dc1628ad
f9672f67
f01493dc
7f44797c
3e099df5
ffee7882
cf3c6f04
72fae2d6
3180dfc4
3e055977
7f3f55f6
7f800000
6169a385
44e8e7ff
3e08f489
7ac2d3a3
46a473cd
7f6ad360
904ede7c
3e01a7ab
19c566f0
7f37980f
d9f0ef19
59801a76
3e014f5d
200a4acd
4aff21cc
ffc6f2bb
86ca0deb
3e028c1f
dce8baf4
7f0a7704
bcd16368
f5d46fa7
3e05e271
eb3b2cae
3d7f3010
ba9ac42f
7f5b463e
3e0fdad3
e9ce91b8
454c7baa
d66ee3bb
5c3bc47e
3e0021c5
7f304868
d1b236c9
dafbb3e6
50709408
3e09a7c7
b7636f91
6061904e
7f126802
3e507163
3e03c159
962afa35
5ee22585
eda9fd4a
51bef70c
3e0c46fb
79bb1500
775d0632
f7822fe9
e6e2f569
3e02b52d
1c9defe7
7f651586
e716a60b
4857ba75
3e044c6f
5100c984
fa20a156
b1c568bc
7f26c470
3e013141
d7a9aa79
5d70df90
fb6dd87f
8135c19f
3e028c23
7f1012ca
fef94807
48b328fc
5078702b
3e09a995
73a978fb
7a64d399
7f61f714
5d553bdd
3e001a17
0aa00c1e
5403975e
b71b1725
5805e172
3e00d229
7fc9a243
7f5a05e9
d69d6f5a
faf3039c
3e024a4b
479c2290
7f406778
e416b4b9
75d46096
3e099efd
f851622a
dbc7ab81
3afabd5b
7f30cc92
3e0eb0bf
7bc84c14
6a419266
7f800000
cd6d48fa
3e094411
7f37b99c
d71d37d5
b0b9c7e2
c0959a84
3e0f2173
f19a921d
f7be23ca
7f3ad116
bb77af7b
3e0b3565
5e75fcb2
4ef3f2b4
54f41206
8ef55d41
3e05b067
f23ea131
5e4e2e8b
4d0ed6f5
06aed50e
3e0526f9
75f35fd6
7f4db55a
e772b56a
68e465c1
3e00b19b
64b76420
735cc252
a551e954
7f305324
3e0b0ccd
74b06c3a
995c737c
25fef7d3
e623b458
3e0eb90f
7fc00000
d0a3adb3
e9f2285d
ee063a97
3e031ae1
5e5165de
67d593a5
7f71a288
c928d6a9
3e029ac3
dbae67ed
23f3b5da
f63d8e2e
24ea52cb
3e09c535
dbedd0c2
8ba1a80d
51bd9f16
7998cb7d
3e076ab7
fd376001
7f13e3ac
78709ac5
cf5d213f
3e05bfc9
6a7470e6
c3115908
7b82cf7a
7f4988a6
3e047ceb
be5dd9b0
1c001e62
41bf6fe4
70c6f6b6
3e0bfe9d
7f397a90
668acc0c
abf417fb
db61b9fe
3e01655f
5cf238e9
e2723086
7f4c93ea
9cc5b91a
3e03b5b1
5886b70b
527eee50
45a4ed6f
6fcccb79
3e09f813
ef0617f8
c9331bea
9945aeac
d75d5a1b
3e0a5905
6ceae3fd
7f4b92ee
4d54fd23
640bd94d
3e024907
71291580
d40e248e
35956295
7f800000
3e079c99
5588b469
7fd814dd
bfcd5b17
b0a516f0
3e0aac3b
7f4cc9b2
22a11d9f
68126a74
4f1a1fc6
3e01746d
4ab53127
f81f9ff1
7f4869bc
73950790
3e03b5af
3f458bc4
cecb2453
362460f8
d2522f2a
3e001481
b8eeeffe
43fe5745
61eb6949
5b650449
3e023963
5b113b88
7f523fa0
70efed11
719dc56b
3e01f0d5
750cb1cf
a6298a66
bd72d273
7f45ae7a
3e034b57
c6d829a1
ed267b9e
e6b48c80
b2fee9b2
3e0fbd69
7f359f44
5b3e5aad
7af77f9a
263ebddc
3e003f8b
6ad060d0
23e6bdef
7f2ca47e
63049093
3e006e3d
5f7edb77
4924592c
241b029b
50fc9585
3e02a9ff
cdd20689
5e47b5da
b71d0cc8
5dddfdd2
3e0d3751
fd52c9ab
7f3c6242
2fa9da0f
d5168119
3e085eb3
91070161
7773640a
62a0cbcc
7f464bcc
3e058ca5
b71344f2
f183dfa9
d87bbe46
1d5d80e7
3e0771a7
7f35ebc6
db77e0e8
a970fa10
e042fdc2
3e032239
f1063cd8
edf99c31
7f36a0b0
4358cacc
3e0236db
d67e7260
7fc00000
d73d48c9
5fe571e3
00011e08
d4fda9c7
24d18dbc
70e80deb
5de9cd55
3e0b424f
dedb5359
7f0e8f54
5379d79d
f8e894fa
7f800000
a334ca1e
e65c5f00
546ee032
7f25320e
3e096803
2cc12f34
34e6461a
a035c85c
76f27dee
3e0a2c75
7f55fbb8
b2471479
e9799b57
d13a9cf8
3e0bbbf7
fa0803ac
7c1e0e49
7f23b6d2
f81b6b2f
3e06cb09
6da07d24
f828724d
10b48b1a
746a8bd1
3e0d922b
d07bb7f0
2b96d6a2
c4761224
9ba712f6
3e0eeddd
32fd0a8a
7f659756
b8dbc3c6
707b0925
3e0a7e9f
c991df74
6a338443
da828d6d
7f479dc0
3e0dc8f1
5a586c4b
20029ab5
733956af
787640c4
3e025553
7f0a979a
f446fc2a
fbfbb8ec
62f15f5b
3e04d045
7779e112
d80e8d4e
7f225b64
ba700088
3e0d2a47
5d2c5823
6a6bf8ce
f52aa9d5
bf1ad24e
3e0fb7d9
ce027236
fdc8f6d8
70f0bdca
6d0112a1
3e0f517b
e4593180
7f55a6c8
62a8dcb4
1485e064
3e0873ad
d14eb267
fff1d2dc
2d36508b
7f1bc762
3e0d5eef
1413ac89
7c0059d6
7224c73d
e9899c77
3e0b37c1
7f6223ec
bc3c0e85
c83f9b8c
e56bd354
3e0026a3
bf0eb262
65474a87
7f323ee6
679bb00e
3e0a7815
fa48fb0f
ffff4a19
79f10fb3
ed3fda5d
3e08bc97
2b8fa5e3
60b765bb
1dd77e26
9808af1f
3e02e8a9
7f800000
7f48662a
4a8ef2a7
f46a5d71
3e0474cb
38f23735
660c2ac2
71086b39
7f420374
3e0f7d7d
085aefab
d526e36c
6b571b7e
c7429760
3e00e33f
7f40c12e
5c81eae6
a315850d
f22daabb
3e0d6a91
c2ff9eeb
42ca5197
7f3b6dd8
b6c5da63
3e0fdbf3
eb7bb09d
6575e44a
365e760c
296fb9fb
3e0023e5
aeb6275f
ca729734
f0935903
ca3b002d
3e0b72e7
2f72dd5c
7f6219fc
7fc00000
7e122f6f
3e055d79
ce8a5a13
c22c73bd
c616b5fd
7f64e276
3e09fc1b
5db94b05
6b00d2d2
328ecdd4
cd65df23
3e090b4d
7f336be0
2c1034d1
07d97c5b
2e721cf0
3e020b8f
9fc92e99
8e580ff6
7f6470ba
f287578a
3e096161
63d96e5e
ec13cd40
e425a872
4697ed29
3e0e7543
69a6d4e8
65b615e8
d63d429c
4fd1322e
3e0ad3b5
fa7c4142
7f35c2be
d46ed796
fcc66338
3e024d37
441ce680
a472b05b
cf4f4945
7f4850e8
3e0c1649
f755c966
a4fed1b6
f2816ffa
d7b0ed3c
3e0ce76b
7f221c82
5752cee2
de2380d9
5d863473
3e0a1d1d
30780aca
ec9fe08c
7f2f6c0c
858591b1
3e0dd7df
476151b4
6b4bc906
dbe60628
a7793367
3e041c31
ceb0618b
7f800000
e297ffef
f2ea01f9
3e08f293
18fd203d
7f503cf0
36d1032c
3a0f113e
3e0f8785
7fec6bff
39fb1889
77dc97a3
7f17b74a
3e0a4b87
78888951
d5bb0d0e
e4803115
d12c1c0f
3e0c1319
7f68e794
6df01d18
548ffd97
e388d5e1
3e0a36bb
51a51fc0
4638101f
7f66404e
bced6dc3
3e07b2ed
f57a5cda
3425cd1c
f9cf85cb
46cc70e8
3e01482f
b8b4d044
ff3c9ed3
45792c6c
6c5aadb7
3e029b01
fac8387e
7f626112
d878c43f
2c585ac9
3e0c53e3
7cf11e0d
6a04f67a
eddab7bc
7f3b1a1c
3e033f55
b9c72562
78a70ee4
611d8cf3
cdcc7e58
3e006dd7
7f601d96
b4b38afb
384da900
5350ba32
3e0a53e9
7757e786
ee3b192d
7f1daa00
a5c3f25c
3e0eea0b
f48c9e75
6daed06f
cd579d84
f4888b13
3e06ccbd
c8c93df7
e576d541
f49e4d1b
f26ec405
3e095c7f
d5c3c2d4
7f5223a4
eddbf948
5add99ba
3e09ddd1
58d2b42b
e9908d95
c6372c8f
7f3b39de
3e059933
b6389fdd
c044ec10
765b604c
7fc00000
3e0afb25
7f5b6b08
e64cc974
65c6d6c6
b21319e8
3e01b427
3116218c
ae642649
7f5761a2
48736e42
3e0bd8b9
4c0a5496
794f02fd
7f800000
fb014f81
3e08015b
b0264ee0
b5f2bb12
750d9f49
d9848c64
3e0c6a8d
4f852c47
7f3ab526
52c4c176
45c81bd7
3e0314cf
671b49d9
cd46beb0
ba4906a2
7f3cb310
3e0ee4a1
a27f529e
493f1965
f03038df
28ac0b03
3e01c283
7f27f86a
df67b467
c0a86582
ac97cc7c
3e0bbaf5
294b5a59
e0a8f804
7f4b3bb4
c05d6978
3e0b1e77
fbc5582c
42e1f59b
49a70085
fad74cff
3e05a189
71d455a6
fb8d70cd
44114c87
4cc43251
3e027cab
d0c9ea15
7f63a218
006c3a8b
5d4e7266
3e0d8c5d
559b3e97
d752bee1
21c073e1
7f5a1e32
3e0b711f
dfd803f4
77b67546
7742cbed
ea89f4a7
3e06af71
7f518a3c
c74aa935
7300e92f
69d78544
3e0dcfd3
78702ab8
f8f67caa
7f1f48b6
ff6d557e
3e0a7ec5
d6997192
5cbbe3c9
7d5f64e6
76f0b70d
3e09acc7
5dfd4cbc
6d3ac0eb
588b6cda
ff67a54f
3e0cae59
c42f3df3
7f36f2fa
3d7caed7
4e82200c
3e0b5bfb
f03615e5
a7fae95f
ed9a5ce9
7f252fc4
3e0f322d
46ffed1a
f77059b1
cc2b14ee
d033d775
3e0f716f
7f36a0fe
5f0abc13
ba2525bd
bfbdfef7
3e063e41
5d46bcbe
a2670aa2
7f16f528
7f800000
3e06c123
4d563d4d
5158a6ba
f88786d1
51f3452b
3e0c4695
5dd0dda2
dd2ac099
b9d609f6
ed4b78dd
3e0a5f17
122d700c
7f3e4c4c
7257158e
e5298272
3e05ff29
f2905743
639dd86d
e7233527
7f56d846
3e0f9f4b
ef8745b5
1fde9b42
b595e3ae
743fe853
3e065bfd
7f339930
f149b7ec
7eb363fe
e9303b45
3e0c15bf
e3a61514
a7e74366
7f41298a
e3fd89fa
7fc00000
aa0c096b
17afa030
625228e2
f5ec231a
3e099673
e67dcf1d
c562a4ca
3ad78a8c
7804ef9e
3e061265
e9aa9db2
7f2f0e8e
c40a4306
d33ebead
3e0a3567
478311dc
d5b0838b
9e4ff4d0
7f366438
3e0693f9
b559d0d6
2f77ee78
b841df77
b4cdad27
3e0c469b
7f2ccb52
fdf9e352
e5b42a89
556412a6
3e0809cd
fbf1ad3a
3d63db51
7f2d6a5c
0db7a63b
3e0e5e0f
f611a519
6cc3201b
e0c2655d
b56c980a
3e00a7e1
d8cbd8bb
ddad70a5
6a62d21f
c5d803a9
3e034fc3
7c630168
7f4d7640
c779f71c
5dc25aae
3e0ce235
c9148a2f
dad04639
4d051016
7f3f9c1a
3e062fb7
3c92e26c
f2a77adb
55870660
48bdde92
3e036cc9
7f3fabe4
d3a13208
1854b8b7
eb33e1bc
7f800000
a06cb155
ac63c64f
7f2ff81e
d9c4eef3
3e093b9d
32fcefd7
bdb1f50c
b4472cfb
ef8ef300
3e034a5f
3335f634
61592c03
7ca74b2d
2d9cf5e7
3e0582b1
7bf30c0b
7f6ebbe2
43b41272
64fb0784
3e00ed13
c6d77ebd
4f121cea
55d957af
7f4fe46c
3e05b605
326919d2
d7e9acd4
2edd3211
f57b8348
3e0b4e07
7f62eb66
342cf58e
5a4d4bf0
d8218aa2
3e018999
32eefb33
518257de
7f3cef50
e41d1c61
3e02c13b
f6eaed25
e8b8029f
e5eee1e3
e0134b0c
3e0ef16d
60a8b627
453b819c
bc4cc92e
525d8090
3e07daaf
85044e6f
7f6233f4
aea617ba
2af39037
3e062181
df0e98f3
b396b445
ce3b9512
7f225dae
3e0f6e63
6a331488
fc7d2d9d
731d3a11
23ed6cce
3e058dd5
7f7d9658
c4819364
cbb26636
a47da81d
3e069057
41115f8c
f4be8c9e
7f226872
d140fadf
3e05ea69
dcf78006
a405d528
e084409a
fd8626dc
3e06948b
6b01d9d0
eb4fb382
78b2dcf9
f2458593
3e0e2b3d
7fc00000
7f496ef6
413367ff
35a1f28b
3e090eff
7b66af0c
3b99eaa3
e8e6a2cd
7f630460
3e078451
e1eb9eab
2b479018
7e156122
7fc580a4
3e0bd3b3
7f800000
f3cce50a
dc12f4cc
dedaa9bb
3e0169a5
c79ce5f2
7b76edf4
7f299804
f9e6c07a
3e04f6a7
edc20c1c
ced8b8cb
60331b35
dd6c2b2f
3e058f39
fb628d16
7ce334b8
708016aa
cf34376c
3e06cbdb
239b2b60
7f675968
ba608494
4d0cdee6
3e0be90d
f495aec7
e57e76bc
df85e2eb
7f20d102
3e03e74f
4dec4059
b1de9ff3
c3ea8d58
714130d7
3e0eab21
7f32ec8c
f92d9800
69064285
f9466ee9
3e031d03
1ab9f7a8
dff576e7
7f26ee86
7754ceee
3e0e4975
f5394a02
be068179
4f260c56
a0b81374
3e0380f7
32ffacac
8ed4c286
ebe554a0
da6bff7d
3e057809
222d2e26
7f2e5bca
f12ac0ba
568ed8d1
3e00672b
7993b0f0
e1e637a2
de78e02b
7f26d814
3e0d2add
d210e117
53610561
fb23e25e
edea6118
00015c72
7f3f9cce
78623943
da4fe8e8
e8c0d824
3e0095f1
0bf786d4
7f16f14b
7f413878
e215c9c4
3e024a53
c7410dfd
fca15137
ea8c61ec
30cd9dfd
3e012d45
740bb2b3
ff3dff14
cf2adf63
72b5d988
3e0f2f47
548b413c
7f557a9c
27126a30
ed5d77cf
3e0aa4d9
5bdcf873
60e90fd8
e21d3eca
7f446a16
3e00667b
b6300465
7f800000
d80b2774
54bfc4c4
3e06f0ad
7f570280
cde8c031
4cc0a58b
e16365f5
3e0a83ef
d313258c
766ecad6
7f37be5a
353b6177
3e0244c1
a6cce89b
d7156b85
6f30d4bc
50fd3c89
3e065ba3
79c93bed
7e7e4f87
56eb867c
dc40810e
3e0f1515
e760a00f
7f3c765e
e4a80276
beec3118
3e050197
fb65c9cc
4aa7b494
7623b3c0
7f4c3388
3e0a15a9
d6452c46
7fc00000
d63090da
671e211c
3e03c9cb
7f21d622
c007cc2f
3ea3c93d
b8740a16
3e0e3a7d
6432e3aa
d5543f03
7f2f64ac
f1035060
3e00483f
c53e7ec9
be1a17e3
78a6bc08
b2b52a70
3e08b791
6bb173eb
219f168d
ec7dd962
fbf3e2e4
3e0c50f3
b39c9258
7f26eb90
f24d9f0c
ffeacefb
3e0d00e5
b6846e32
f546e034
630cdb86
7f125cea
3e01f7e7
cfcbd4be
5f37abee
22ea3150
77237702
3e08ca79
7f46ec34
d1a830bd
c53441f7
dd8c7941
3e07911b
05a1ccf8
5e47f3d2
7f4ecbee
9efeeb71
3e08084d
59315007
439fd0fc
c16cf82d
d12e15d5
3e03b08f
afeb1b99
da5900f6
e15c03dd
d1ca2217
3e08ee61
cf18633b
7f5672b2
f336c49f
d0e91a1e
3e012a43
620c2de8
4499d75a
7f800000
7f71aabc
