72601
73335
72857
72826
72804
72718
73330
72680
73268
73334
73134
72665
73180
73008
72608
72606
72671
72799
72814
73093
73192
72603
73150
72779
73309
73241
73294
73005
72801
73035
73179
72860
73404
73466
72582
73353
73401
72739
73290
72924
72735
72796
73357
72920
72670
72965
72675
72943
73443
72928
73194
72846
73402
72620
73323
73046
73125
72703
72963
72656
73141
72876
73425
73219
73209
73458
72946
73167
72772
73297
72647
72622
73253
72809
73367
72872
72657
73451
73463
72679
73040
73226
73430
73040
72679
73430
73451
72860
73226
73463
72680
72872
72846
73463
73253
72735
73430
73430
73451
72679
73323
72846
73451
72665
72608
73451
73323
72928
73430
72647
73335
72608
72772
73430
72679
73430
72679
73150
73008
73290
73209
73093
73451
73167
72657
72872
73040
72924
73463
73134
9795
9030
9738
9505
9744
9088
9091
9635
9446
9522
9129
9231
9500
9581
9393
9176
9512
9733
9707
9666
9165
9690
9279
9368
9647
9625
9342
9408
9489
9422
9083
9213
9190
9025
9306
8981
9562
9527
9195
9819
9185
8967
9032
9684
9606
9020
9194
9029
8992
9298
9813
9486
9203
9245
9645
9457
9179
9839
9095
9700
9544
9550
9444
9208
9763
9793
9786
9376
9154
9056
9059
9634
9401
9322
9841
9380
9438
9706
9015
9649
9629
9621
9060
9022
9372
9705
9307
9071
9214
9156
9787
9509
9419
9103
9392
9392
9214
9059
9071
9083
9392
9486
9690
9103
9392
9392
9509
9071
9056
9419
9392
9376
9214
9446
9307
9486
9787
9088
9245
9401
9025
9419
9103
9509
9522
9214
9787
9512
9446
9029
9392
9787
9071
9059
9214
9733
9214
9666
9787
9342
9025
9190
9091
9103
9088
9156
9025
9392
9645
63730
63693
64323
63768
64174
63652
64470
63994
64212
64181
63767
64056
63746
63658
63931
63989
64431
64497
63656
63982
63831
64314
63871
64298
63721
63978
64414
64189
64511
64032
64251
64383
63774
63858
64501
63782
64435
64446
63797
64038
63641
63799
64370
63956
64417
64037
64437
64301
64500
64368
63870
63889
63779
64422
64334
63726
64007
64509
63655
64495
64097
63843
63820
64452
64087
63974
63928
64456
64430
64508
63849
63844
63640
64291
63813
64024
63952
63901
63687
64407
63687
64430
63640
63952
63952
63687
63901
64291
64024
63687
64024
64291
64370
63989
63797
63779
63952
63721
63687
63871
63797
63640
64024
63901
64007
63974
64314
64435
64407
64024
64511
63656
64024
63687
64181
64291
63687
64383
63640
63658
64511
64407
64024
63989
64495
63844
68869
68549
68723
68930
68832
68612
68532
68946
68657
68552
68258
68857
68978
68582
68556
68361
68865
68349
68956
68748
68379
68880
68892
68629
68592
68737
68340
68377
68546
68175
68826
68388
68336
68374
68439
68423
68649
68178
68237
68250
68332
68488
68806
68252
68819
68315
68161
68520
68513
68434
68651
68573
68521
68159
68307
68526
68494
68884
68694
68808
68116
68879
68685
68485
68584
68102
68456
68401
68867
68495
68525
68647
68861
68848
68655
68915
68713
68321
68595
68320
68375
68542
68593
68125
68935
68440
68780
68791
68510
68837
68837
68320
68651
68935
68510
68837
68780
68440
68252
68513
68510
68125
68495
68791
68125
68125
68593
68737
68320
68935
68556
68377
68336
68880
68556
68379
68582
68250
68513
68440
68440
68780
68713
68861
68819
68935
68791
68510
68582
68791
68694
68526
68780
68867
68808
68780
68440
68857
68837
68837
68440
43037
43514
43879
43340
43194
43507
43225
43371
43824
43272
43356
43294
43618
43726
43290
43577
43018
43537
43203
43095
43255
43745
43424
43508
43576
43784
43254
43715
43495
43669
43736
43510
43466
43819
43025
43103
43309
43234
43422
43716
43257
43321
43687
43603
43385
43492
43574
43551
43360
43443
43771
43571
43346
43368
43727
43472
43285
43862
43265
43244
43131
43746
43205
43331
43130
43768
43556
43788
43714
43197
43204
43229
43764
43503
43291
43749
43611
43786
43545
43619
43297
43110
43206
43311
43240
43377
43191
43317
43022
43733
43103
43206
43733
43110
43205
43206
43131
43603
43206
43733
43311
43311
43317
43240
43422
43377
43022
43619
43022
43285
43022
43206
43618
43254
43819
43255
43311
43022
43611
43194
43191
43265
43377
43297
43784
43377
43025
43272
43191
43764
43285
43191
43025
43331
43206
43321
43340
43206
43191
43503
43240
54044
53945
54359
54206
54410
54593
54263
53853
54241
54116
54178
54101
54088
54446
53867
54638
53924
54097
54181
54470
54267
54055
54438
54170
54650
54538
54323
53797
54225
53850
54082
54018
54091
53878
54551
54173
54286
54604
53761
54433
54315
54233
54183
53815
53952
54290
54130
54397
54534
54270
54400
54212
54630
53812
53968
54033
54322
53894
54054
54208
54475
54256
53884
53789
54405
54383
54578
54005
54486
53922
54078
54324
53774
54325
54177
53855
53990
53876
54232
53880
54423
53917
54606
54493
54058
54281
54482
54039
54185
54254
54243
54009
54227
54584
54254
54383
54097
54173
53812
54243
54286
53855
54058
54470
54256
54227
54233
54254
54227
54227
54584
54534
54185
54410
54009
54322
54584
54185
54185
54243
54227
54183
54486
54009
53884
54410
54082
54286
54101
54039
54243
54322
54243
54593
54482
54009
54254
53774
54170
54039
54534
54082
54177
54584
54054
54482
54208
54482
61899
62276
62177
62425
62130
62478
62258
62530
62080
62291
62689
62133
62027
62217
62697
62318
61933
62066
62214
62409
62191
62412
62126
62540
61846
62673
62498
62229
62105
61832
62403
62709
62526
62620
62586
61874
62444
62587
62332
62676
62117
62618
62642
62059
62445
62645
62184
62048
62475
62018
62459
62518
62597
62562
62609
62499
62521
62682
61964
62467
61923
62466
62485
61864
62140
62631
62275
61858
62417
62197
62573
61958
61916
62158
62589
62249
62003
62029
61959
62629
62376
62198
62367
62337
62103
62526
62466
62587
62059
62467
62214
62105
62459
61958
62337
61959
62620
62198
62217
61923
62367
62105
62198
62332
62697
62029
62103
62376
62066
62367
62197
62629
62337
62103
61874
62367
62103
62184
62367
62367
62337
61959
61964
62376
62003
62258
62709
61916
62376
61832
62629
62003
62629
15153
14514
14448
15012
15223
14362
14470
14351
14702
15144
15143
14579
14938
14667
14352
15230
14607
14389
14465
15095
14767
14874
14452
15099
14401
14823
14795
15132
14706
14861
14943
14447
14798
14851
14562
14965
14380
15080
15138
15010
14869
14644
14805
14994
14367
14398
14826
14747
14772
15038
14446
14838
15065
14790
14411
14418
14665
14958
14487
14403
15213
14617
14975
14984
14935
14897
15179
14668
14726
14947
14879
14637
14800
14853
14955
14776
14437
15148
15054
14453
15006
15002
15123
14900
15074
14556
15156
15199
15065
15199
15002
14556
14747
15199
14702
15002
15002
14747
14637
14556
15065
15156
14470
14437
15002
15132
15199
15002
14556
15074
14411
14453
15123
15148
14562
15074
15010
14367
15123
14838
15006
14900
15199
14556
14556
14800
14470
15006
14562
14411
14665
14900
14352
15002
15199
15010
15156
14351
308
216
785
140
782
261
296
335
122
7
509
764
440
179
132
389
545
720
235
512
572
853
684
825
362
73
406
759
43
446
19
470
79
320
589
439
587
414
726
655
427
889
117
858
21
332
175
820
632
471
706
370
90
447
108
249
866
603
410
536
80
405
317
763
347
226
341
797
172
78
522
648
116
543
872
198
794
357
359
744
660
151
241
105
149
262
660
105
262
116
603
116
744
105
744
660
241
332
655
782
241
744
347
359
543
889
347
359
858
509
684
262
797
572
241
105
296
241
105
149
660
660
655
149
744
149
117
262
797
149
785
660
858
317
660
17326
17888
17831
17127
17543
17813
17576
17879
17780
17563
17062
17701
17368
17808
17656
17158
17635
17409
17181
17190
17209
17875
17733
17663
17852
17193
17762
17472
17068
17444
17397
17716
17760
17267
17478
17649
17315
17794
17790
17826
17483
17263
17570
17268
17340
17827
17504
17222
17400
17718
17608
17475
17496
17811
17312
17820
17415
17538
17564
17452
17189
17860
17228
17844
17643
17165
17917
17280
17077
17680
17516
17919
17404
17591
17129
17752
17890
17552
17895
17151
17109
17805
17805
17181
17701
17068
17340
17811
17151
17752
17129
17752
17570
17409
17805
17409
17189
17326
17831
17890
17552
17656
17397
17129
17805
17805
17831
17591
17890
17129
17397
17663
17062
17504
17129
17805
17109
17760
17827
17340
17752
17570
17151
17733
17452
17860
17409
17805
17552
4522
4803
4797
5007
4887
5314
5036
4964
4739
4517
5251
5142
4675
4772
4845
5279
4528
5151
4819
4759
4607
5298
4856
4927
4889
5241
4930
4875
4827
4671
4988
5188
4989
5353
5296
5011
4753
5300
4564
5224
4914
4560
4920
5096
5322
4664
5038
4780
4808
4585
4561
4815
5156
4782
4793
4936
5097
5214
4916
4650
5186
4934
4839
4937
4523
5336
4841
5109
4925
4761
5134
5290
4538
4556
5167
5132
4895
4852
5005
5247
5175
4643
4511
4626
5102
5174
4887
4643
5038
5005
5214
4780
4517
5109
4626
5188
5007
4937
5290
4511
4875
4753
4839
5175
5214
5174
4914
4739
5300
4607
4643
4626
5279
5151
5174
4626
5134
5247
5102
4934
5156
4517
4626
5214
4841
5175
4528
5005
4841
5175
4643
4511
4989
4511
4511
70402
70544
70060
70494
70482
70045
70063
70562
70527
70625
70507
70233
70750
70465
69930
70733
70772
69917
69971
69934
70677
70478
70159
70554
70103
70673
70473
70314
70520
70542
69919
70397
70530
70446
70184
70545
70197
70382
70138
70712
70714
70589
70303
70192
70352
69962
70593
69949
70049
70338
70313
70383
70363
70096
70236
70509
70035
70208
70770
70623
70214
70639
70769
70241
70296
70021
70666
70267
70415
70463
69996
70135
70365
70013
70161
70348
70141
70032
69987
69939
70185
70281
70096
70141
70013
70103
70241
70623
70712
70233
70296
69919
69939
69987
70214
70161
70509
69987
70383
70185
70032
69987
70281
70545
69939
70733
70348
69939
70593
70673
70383
70045
69939
70666
70032
69917
69939
69987
70296
70415
70365
70161
70348
70161
70161
70446
70161
70063
70478
60183
60873
60729
60280
60064
60618
60749
60144
60227
60051
60483
60353
60460
60187
60454
60739
60240
60452
60545
60825
60658
60514
60900
60785
60776
60095
60754
60173
60563
60244
60606
60364
60710
60521
60570
60417
60916
60209
60502
60577
60382
60591
60394
60724
60822
60770
60925
60690
60854
60741
60302
60656
60527
60228
60284
60317
60603
60337
60262
60336
60821
60327
60753
60898
60738
60865
60532
60356
60523
60389
60605
60846
60882
60312
60326
60156
60619
60884
60588
60420
60436
60385
60823
60181
60329
60075
60853
60763
60112
60386
60484
60703
60703
60112
60386
60075
60156
60329
60356
60763
60484
60703
60853
60853
60703
60095
60916
60329
60353
60244
60064
60900
60853
60064
60302
60785
60209
60873
60075
60394
60703
60452
60336
60075
60703
60703
60386
60882
60776
60484
60865
60484
60785
60327
60763
60484
60112
60502
60312
60386
60144
60336
60484
60484
35598
35246
35320
35573
35170
35168
35080
35433
35100
35409
35709
35564
35326
35369
35662
35506
35426
35719
35494
35765
35624
35789
35167
35724
35197
35640
35716
35554
35838
35750
35027
35482
35401
35484
35664
35314
35023
35521
35058
35007
35792
35504
35461
35151
35530
35493
35097
35112
35279
35818
35476
35396
35063
35154
35678
35541
35444
35037
35466
35400
35772
35000
35408
35079
35469
35411
35003
35516
35417
35632
35770
35259
35684
34966
35349
35204
35780
34947
35707
35536
35018
34990
35377
35780
35433
35100
35772
34990
34947
35377
35112
35279
35279
34947
35530
34990
35838
35320
35400
35632
34990
35482
35765
35780
34990
35320
35780
35204
35080
35204
35707
35433
35536
35018
35504
34947
35003
35536
34947
35678
35080
35377
35516
34990
35536
35377
35707
34947
35433
35154
64013
63864
63877
63824
63954
64278
63696
64076
64483
63995
63710
64164
64357
64465
63811
63668
63890
64002
64305
64235
64233
63656
64510
63690
63808
64439
64395
64217
64303
64188
63838
64106
63829
64506
63956
63926
63631
63832
63810
64375
63736
64380
64388
64328
64234
64336
63825
64022
63861
64181
63945
64410
63905
64005
64093
64162
64280
63983
63931
63883
63984
64141
64125
63716
64438
64355
64096
64475
63943
63936
64039
63662
64192
64500
63842
63765
63632
64182
64214
64209
64353
64043
63918
63772
64209
64209
63772
64328
63772
63918
63931
64043
63772
63632
63995
63696
63905
64209
64214
63772
63772
63877
63918
64353
63631
63918
64510
64182
63838
64353
63956
63710
63918
64106
64303
64182
63772
64164
63918
64076
63656
63918
64388
64357
64278
63772
64182
63926
64192
64510
63736
64209
67970
68040
67929
67607
67278
67506
67366
67777
67446
67780
68054
68069
67598
67893
67753
67539
67593
67973
67957
67343
68009
67905
67941
67280
67712
67963
67554
67254
67300
67647
67437
68058
67277
67548
67819
67987
67828
67809
67606
67992
67534
67230
67849
67479
68002
67661
67702
67433
67564
67766
67584
67642
67390
67896
67799
67876
67589
67287
67990
67833
67502
68017
67452
67930
67275
67284
67474
67357
67928
67524
67569
67309
67293
67205
67515
67655
67568
67979
67476
67304
67335
67289
67391
67641
67309
67893
67289
67568
67230
68040
67391
67309
68058
67905
67905
67335
67476
67391
67335
67780
67304
67930
67963
67973
67391
67391
67849
67876
67641
67973
67304
67941
67534
67641
68058
67335
67584
67304
67524
67568
67833
67554
67335
67446
67390
67973
67437
67476
67564
67641
67928
67896
62633
62192
62542
62655
62373
62432
62477
61911
61935
62611
62078
62497
62504
62187
61994
62486
62451
61869
62400
62484
62517
62233
62594
62163
62639
62264
61932
61834
61924
62088
62051
62346
62588
62355
62395
62418
62528
62413
62050
62280
62207
62224
62298
62614
62519
62426
62531
62336
61978
62177
61849
62318
61931
62126
62249
61942
62675
62571
61969
62180
62143
62175
62290
62627
62035
62357
62311
61923
62272
62563
62537
62287
62150
61892
62131
62653
62551
61941
61847
62693
62487
62653
62346
62537
62693
62088
62487
62693
62551
62249
62551
62131
62272
61847
62131
62487
62207
61847
62131
62487
62050
62653
62653
62551
62653
62653
62126
61892
62653
62272
62594
62290
62653
62487
62426
62290
62693
62035
61931
62126
62675
62078
61924
61941
61941
62487
62627
63306
62836
62994
63513
63276
63563
63095
63275
63562
63494
62762
63498
63456
63171
63279
62943
63155
62824
63473
63569
63389
63489
62973
63024
63615
62753
63180
62989
63076
63602
63556
62809
63169
63606
62840
63514
63551
62962
62934
63550
63475
63322
63425
63079
63601
63447
63344
63367
63158
62889
63350
62862
63523
62931
63553
63544
62780
63303
63265
63007
63331
63271
62892
63051
63440
63019
63016
62993
63598
63246
63415
63554
62817
62858
63488
63524
63141
63003
63607
63391
62849
63438
62855
62849
63350
62858
62849
62855
63141
63391
63367
62892
63524
63498
63265
63447
63598
63438
63051
63391
63003
62892
63095
62855
63003
63306
63553
63003
62934
63391
62849
62849
63489
63391
63602
63141
63306
63141
63607
62780
62849
63553
63271
63438
63141
62849
62824
63003
63473
63524
70338
70247
70627
70106
70531
70654
70043
70309
70518
70591
70341
70768
70110
69976
69990
70031
70658
70014
70491
70635
70281
70327
70210
70698
70141
70171
70548
69974
70142
70454
70503
70502
70626
70510
70179
70685
70595
69915
70756
70755
70562
70196
70098
70418
70509
70409
70081
70653
70289
70190
70549
69943
70690
70700
70133
70394
70283
70003
70134
70399
70541
70496
69960
70428
69900
70257
70212
70023
70284
70769
70747
70470
70318
70262
70447
70587
70064
70669
70370
70676
69962
69905
70489
69957
69902
70669
70549
69962
70700
69957
70676
69905
69962
70635
70549
69957
70518
69957
70503
70370
69990
70669
70676
70676
70281
70509
70510
70676
70179
70031
70106
69957
70370
70370
70257
69902
70327
69905
70262
69990
70669
70669
69902
70676
70669
69957
70489
70489
70370
70031
70043
70669
70518
53656
53729
53182
53199
52952
53430
53331
52872
53241
53069
53162
53441
53667
53175
53621
53501
53112
53339
53751
53469
53369
53655
53658
53064
53614
53423
53642
53679
53115
53018
52870
53283
52888
53102
53418
53218
53515
53574
52873
53207
52865
53641
53537
53249
53619
53608
53178
52970
53074
53406
53107
53293
53367
52925
53009
53592
53150
52959
52908
53101
53396
53286
53581
53245
53333
53629
52950
53458
52961
53381
53000
53516
53267
52940
53470
53445
52927
53309
53542
52997
53106
53749
53131
53186
53266
53697
53617
53198
53189
53018
53266
53131
53186
52865
53617
53642
53101
53131
53697
53309
53617
53266
53107
53617
53186
53198
53516
53283
53131
53339
53749
53115
53198
53131
53102
53069
53131
53189
53441
53537
53189
53198
53107
53074
53658
53186
53189
52952
53542
53697
53000
53441
53186
53266
53381
53074
53608
53581
53617
53186
3299
2912
2718
3518
3485
2975
2747
3516
3171
3230
3054
3473
3286
2926
2851
2790
2941
3360
2934
2960
3234
3523
3498
3442
2745
3470
3582
3277
3554
3504
3085
3051
3547
2865
2868
2930
3294
3013
3513
3443
3402
3055
3293
2716
3408
3405
3048
3269
3265
2833
3264
2880
3517
3192
3243
3004
2867
3190
2726
2780
3559
3570
3304
3557
2708
3227
3177
2688
3027
3316
2894
2821
3036
3422
2869
3019
2748
2710
2839
3288
3409
3534
3480
2801
3226
3061
2762
3070
3503
3366
2801
3070
3226
3004
3304
3498
2821
2839
3554
3498
2762
3480
3422
3480
3070
2839
2801
2934
2801
3070
2801
3061
3293
2865
2801
2801
2747
3503
3517
3265
3503
3366
3422
3070
3366
3480
3070
2801
3226
3234
2894
3473
3366
3004
3523
3004
2801
3061
2762
3513
3480
44957
44855
45169
44803
45237
44889
45101
45643
45477
45440
45414
45291
45004
44899
44826
45011
44974
45453
45098
44883
45284
45664
44918
45115
45603
45207
45282
45300
45476
45071
44893
45457
45357
45196
44989
45179
45190
45178
44991
45256
44845
45069
45250
45276
45654
45031
45075
45377
44863
44954
45570
45513
45483
45682
44887
45484
45152
45627
45354
45223
45574
45403
45032
45366
44862
45662
45335
45228
45348
45503
45286
45386
45041
45287
45106
44880
45204
45531
44835
45314
45384
45329
45385
45493
45435
44950
44923
45575
45259
44977
44971
45016
44997
44929
44843
44929
44977
45196
45259
44929
45179
44855
45314
45682
44977
45259
45041
45190
45654
45196
44843
45574
45016
44929
44997
45101
44989
45169
45016
44843
45575
44971
44843
45069
44929
45291
44971
45483
45335
45643
45284
44929
45575
44971
45457
45575
44971
44997
44862
45259
44893
44843
44843
45654
45016
45259
45575
44977
45300
25781
25299
25363
25755
25507
25613
25108
25973
25887
25873
25786
25097
25573
25223
25750
25265
25703
25908
25096
25317
25346
25710
25912
25400
25817
25814
25746
25369
25521
25473
25445
25558
25963
25311
25565
25397
25983
25621
25932
25726
25494
25686
25192
25095
25611
25766
25471
25662
25969
25696
25711
25377
25393
25788
25198
25581
25153
25432
25371
25743
25420
25925
25355
25759
25816
25980
25931
25280
25241
25617
25871
25334
25146
25909
25702
25501
25764
25415
25785
25231
25826
25114
25920
25597
25390
25353
25516
25231
25909
25095
25521
25114
25353
25597
25390
25400
25516
25597
25334
25400
25192
25521
25597
25390
25597
25265
25114
25231
25920
25969
25393
25114
25920
25516
25114
25355
25114
25231
25597
25114
25346
25097
25353
25377
25516
25231
25662
25686
25280
25231
25558
25390
25826
25597
25231
25597
25931
68540
68799
68233
68446
68597
68463
68864
68288
68264
68927
68509
68115
68329
68325
68840
68230
68312
68847
68118
68699
68612
68269
68222
68471
68824
68762
68907
68134
68480
68751
68357
68885
68643
68734
68145
68704
68957
68773
68206
68765
68116
68955
68802
68214
68522
68550
68485
68969
68656
68354
68581
68814
68252
68306
68807
68798
68741
68105
68404
68526
68954
68199
68774
68628
68372
68733
68716
68813
68236
68524
68203
68619
68832
68728
68216
68385
68212
68899
68204
68605
68299
68719
68300
68892
68365
68631
68302
68462
68816
68515
68300
68907
68199
68300
68892
68728
68699
68733
68892
68300
68302
68300
68365
68773
68462
68892
68300
68365
68269
68515
68145
68115
68462
68816
68515
68816
68199
68892
68269
68300
68612
68515
68302
68816
68204
68365
68774
68816
68264
68462
68631
68631
68716
68515
68798
68885
68365
68354
68300
68365
68954
56524
57217
56951
56776
56694
56786
56732
56499
56967
56676
57011
57106
56835
56860
57284
56688
56528
56918
56902
57268
57034
56906
56538
57325
56958
56905
56771
56569
56957
57211
57117
56466
56553
56861
56870
56484
57018
57010
56448
57293
56541
57258
57066
57081
57100
56759
56968
57023
56659
57118
57135
56915
56797
56820
56503
57312
56913
56787
57021
57233
57082
57062
56932
57181
57120
56911
56564
56547
57225
57122
56675
56450
56811
57297
57096
57267
56746
57008
56982
56830
57166
56556
56494
56616
56952
56616
57166
56616
57166
56860
56786
57267
56952
57267
56918
56524
56732
57312
57062
56538
56538
56528
56494
57118
57166
56494
56787
56918
56556
56675
56675
56905
56556
56528
56616
56538
56556
56982
56450
57297
56820
57225
56616
56564
56616
57008
56830
56553
57008
57010
57008
56952
57166
73715
73995
74275
74287
74289
74184
73766
74181
74152
73520
73862
73868
73898
74279
74173
73792
74037
73527
73485
74233
73729
73679
74107
74271
73925
74321
73702
74120
74193
74198
74135
73848
74245
74074
74031
74228
74089
73673
74266
74214
73670
73773
73931
73653
74171
73548
73663
73649
74224
73998
73594
73858
73513
73910
73757
74041
73742
73605
73636
74070
73733
73477
73810
73949
74338
73630
73512
73629
73802
74083
73524
74264
74112
74102
74149
73780
73974
74280
74058
74035
73838
73546
74274
74196
73797
74010
73697
73660
74005
73541
74277
73989
74277
73660
73797
73541
73989
74196
73541
74274
74035
73797
73773
74010
74005
73541
73630
74184
73660
74010
73679
73802
73838
73660
73757
73702
73541
74041
73520
74233
73541
74010
74005
74102
74074
73989
74041
74277
73802
74010
74149
74010
74010
74005
74089
73742
73797
73802
74277
74083
73697
73541
73995
74264
16170
16133
16714
16738
16531
16678
16688
16215
16440
16343
16894
16887
16871
16480
16344
16550
16789
16999
16652
16273
16292
16316
16354
16759
16982
16386
16326
16245
16313
16815
16946
16708
17000
16183
16897
16690
16600
16788
16202
16425
16196
16384
16228
16330
16722
16626
16466
16493
16259
16799
16368
16230
16419
16762
16199
16453
16625
16589
16464
16803
16441
16838
16726
16284
16707
16501
16955
16451
16566
16300
16132
16448
16380
16932
16857
16885
16784
16574
16411
16988
16496
16265
16823
16838
16626
16726
16354
16894
16999
16386
16784
16714
16496
16265
16245
16132
16823
16273
16411
16885
16788
16784
16885
16411
16501
16574
16574
16838
16678
16823
16988
16885
16955
16466
16823
16678
16384
16988
16183
16380
16265
16784
16259
16313
16626
16722
16838
16170
16999
16411
8280
8217
8255
8225
8434
8680
8798
8900
8185
8740
8299
8488
8894
8402
8801
8180
8557
8755
8554
8941
8279
8668
8229
8726
8917
8484
8086
8313
8108
8194
8651
8670
8228
8201
8708
8588
8104
8650
8214
8121
8234
8328
8248
8593
8479
8677
8641
8716
8083
8800
8809
8741
8905
8354
8151
8285
8523
8685
8546
8943
8238
8288
8934
8679
8210
8877
8660
8849
8250
8702
8739
8587
8334
8235
8805
8766
8414
8528
8674
8938
8134
8949
8451
8458
8199
8175
8080
8271
8210
8941
8229
8674
8250
8180
8451
8702
8080
8660
8134
8151
8271
8083
8949
8199
8194
8299
8080
8134
8280
8180
8083
8234
8949
8199
8080
8674
8080
8905
8587
8716
8288
8199
8809
8199
8458
8279
8080
8739
8271
8279
8134
8554
8414
8949
8175
8134
8741
8660
33048
33095
32435
32911
32762
32705
32266
32462
33126
32928
33079
32786
32548
32455
32290
33058
32869
32778
32784
32971
32493
32885
32429
32946
32292
32624
32500
32926
32256
32417
32344
32538
33054
32665
32617
32941
32660
32671
32856
32461
32271
33010
32976
32326
32348
32818
32547
32999
33105
32828
32852
32612
32611
33091
32539
32487
32876
32721
32669
32844
32260
32523
32672
32774
32365
32330
32771
32557
32604
32375
33078
32781
32519
32806
33088
33068
32512
32966
32709
32642
32832
32538
32669
33068
32523
33088
32512
32417
32611
32771
32665
33088
32709
33068
32818
32966
32512
32624
32512
32500
32512
32818
33088
33088
32774
32375
32523
32709
32806
32672
32966
33068
32642
32375
32709
33068
33058
32669
32806
32512
33088
32966
32966
32832
32326
32832
32642
80117
80618
80154
80030
80205
79928
80329
79878
80333
80446
79978
80577
79846
80482
80020
80567
79985
80312
80186
80620
80134
79944
79893
80563
80500
79897
80228
80569
79753
79924
80175
80255
79881
80389
80273
80290
80481
80067
80548
80242
80051
80000
80319
80325
79792
80151
79845
80451
79911
79805
79964
80628
80004
80231
80388
79842
80204
80506
80086
80010
80113
80112
80317
80314
80573
80007
80096
79764
80165
79868
80103
80439
80364
79947
80334
80631
80409
80408
80295
79922
80543
80035
80107
80076
80433
80266
80243
80537
80498
80201
79824
80537
80186
80035
80325
80201
80446
80498
80498
79824
80201
79824
79845
80096
80004
80076
80243
80201
80228
80433
79824
80030
79764
79978
80266
80201
80243
80204
79985
79944
80498
80000
80010
79868
80103
80201
80631
80543
80364
80537
80112
80577
79845
80266
80076
80312
79824
80498
80112
80201
80409
80076
80500
46996
46847
46759
47324
47346
47253
46991
47440
46979
46817
46861
46673
47024
47232
46837
47121
47374
47411
47219
47418
47302
47293
46870
46883
47256
47352
47136
47420
46867
47014
46784
46662
46778
46731
46888
46705
47244
47058
47224
47055
47465
47309
47229
47095
47457
46920
46611
46747
46642
47139
46614
46782
46696
46880
47459
46720
47484
47040
47336
46600
46830
46684
46746
46607
47097
46814
46942
47022
46911
47396
47410
47102
46972
47066
47305
47402
46624
46930
46674
47360
46741
46649
46864
47386
46993
46665
47148
47073
46777
46788
46848
46982
46604
46777
46604
46665
47148
47136
47073
47309
46665
47410
46778
47224
46665
47420
46784
47309
46788
46614
46847
47305
46830
47418
47148
46604
46848
46741
46848
46788
47232
46777
46848
47484
46759
46920
46778
46746
47102
46604
47073
47309
46705
46624
47410
47073
46731
47336
46982
46759
46611
46784
47148
46911
47256
46607
63347
63009
63050
63139
63376
63049
62833
62818
63255
63394
62788
62764
63575
62852
62902
63614
62752
62926
62829
63217
62916
62821
63304
63377
63576
63117
63393
63221
63258
63358
63438
63324
62982
62770
63095
62946
63340
63455
62792
62733
62933
63391
63223
63572
62801
63199
63540
63374
62782
63089
63291
63481
63145
63561
63097
63533
63445
62779
63563
63351
62992
63261
62761
63471
63574
63031
62799
62941
63251
62819
62823
63462
62956
63264
63114
62914
62917
63392
62974
63303
63360
62903
63487
63484
62903
63097
62821
62823
62903
63251
63445
62933
63391
63145
63533
63391
62956
62782
62982
63484
63291
62917
62917
62974
62792
63303
62903
63360
63031
63264
62917
63217
62903
63324
63360
63487
63221
63391
63304
63264
63575
62792
63487
62917
63223
63487
63392
63358
63392
62903
62782
62917
36174
36354
36554
36066
35996
35891
36529
36589
36242
36296
36610
36449
36429
36356
35932
36067
36282
36136
36645
36243
35991
35975
36184
35924
36327
36425
36603
35890
36401
36248
36108
35927
36353
36284
36632
35973
36620
35978
36332
36412
36042
36339
36244
36507
36040
36414
36470
36593
36376
36092
36088
35913
36112
36635
36280
36171
36541
35931
35955
36527
36263
36273
36214
36196
36035
36168
36192
36448
36511
35864
36628
36152
36013
36198
36471
36681
36662
36292
36478
35989
36291
35885
36677
36079
35885
36292
36662
36478
36620
36292
36079
35989
35890
36291
35989
36645
36554
36662
36662
36291
36662
36291
36470
36554
36677
36677
36429
36214
36511
35989
35955
36554
36291
36677
36554
35885
36291
36291
36291
36677
36066
35973
35885
36136
36677
36478
36248
36478
36291
36244
36282
36478
67187
66445
66620
67009
67026
66840
66442
66744
67092
66452
66975
66882
66465
66629
66373
66874
66849
67040
66425
66492
67186
67163
66453
67048
66334
67087
66630
66727
66725
66614
66757
67067
67145
66956
67060
66584
66459
67101
66496
66413
66438
66493
66330
67084
66930
66935
66577
66924
66884
66931
66540
66914
66541
67149
67007
67157
66671
66385
67008
67102
66792
66441
66818
66923
66784
67033
66969
66686
67180
66700
66807
66789
66444
66471
66501
66535
66337
66722
67086
66319
66580
66726
66531
67064
66991
66511
67092
66511
66818
67008
67007
67086
66884
66540
66471
66686
67026
66385
66840
67067
66540
66840
66969
66442
66511
66531
66459
67007
67086
66425
66531
66784
66580
67064
66453
67087
66882
66580
66874
66511
66975
66931
67033
67186
66991
66580
66444
66492
66580
67086
66531
66385
66580
66580
67187
70796
71253
71293
71659
71294
71340
71610
70789
71406
71289
71027
71006
71386
71459
71271
71248
71203
71236
70865
71399
71398
70790
71034
71344
71068
71418
71427
71354
71623
71629
70996
70834
70973
70935
70840
71452
71141
70821
70932
70817
71467
71375
71401
71089
71123
70873
71648
70895
71210
70966
70949
71472
71075
71409
71460
71492
71500
71393
71370
71590
71359
70965
71250
71551
71376
71152
70820
70879
71570
71090
71114
71161
71172
70853
71560
71221
71347
70850
71083
71266
70921
70908
71495
71065
71121
71323
71207
71321
71065
71459
70921
71006
70850
71141
71323
71323
71083
70820
71551
71344
71629
71068
70921
71248
71427
71409
71323
71065
71065
70973
70817
71323
71271
71089
70921
71068
71323
70965
71294
70965
71321
71570
71590
71075
70789
70932
71207
70921
71323
70873
71495
70921
71207
70790
70966
70908
70817
71467
80918
81063
80728
81148
80883
81020
81102
81489
80949
80861
81177
80819
80754
81023
81443
80678
81436
80846
80734
81094
81158
80665
81458
81134
81152
80797
80834
80988
81135
81390
81534
81176
80957
81434
80975
80786
81427
81532
80740
81481
81168
81332
80775
80850
81381
80677
81110
81036
81370
81525
81174
80758
80644
80958
80685
81343
81508
81248
80729
80981
81118
80687
80745
81173
81424
81314
81403
80959
80663
81231
81416
81294
80854
80968
80845
80837
80933
80923
81185
80966
81431
80678
80837
80968
81294
80834
81416
80837
81427
80665
81185
81102
81431
81102
80968
80966
81431
81481
80933
80663
81431
80819
80981
80923
80981
81135
80923
81174
81185
81332
81148
80845
81431
81427
80923
81314
80845
80845
80663
80837
80933
80687
81185
80966
81343
80850
81534
20469
20440
20299
20568
20210
19829
20318
20322
20186
20045
20280
19811
20553
20167
19892
20027
20127
19783
20324
19823
20413
20545
20501
20551
20100
20047
20218
20372
20388
19774
19804
19934
20548
19854
20306
20485
20363
20541
19712
20487
19862
19864
20175
20256
20010
20111
20342
20303
20169
19912
19922
20409
20036
20018
20295
20525
20407
20023
20157
20447
20064
19803
20308
19720
20338
20234
20125
20579
19842
20584
20013
19775
20090
20274
19766
20432
20285
20552
20079
19824
20593
20000
19804
20593
20169
20593
20501
20100
20342
19823
20285
20432
20324
20308
19783
20593
20552
19824
20593
20023
20552
19766
19804
20306
19824
19766
20303
20000
20280
20079
20280
20079
20000
20045
20584
20487
20256
20440
20234
20274
20018
20079
19766
20285
20090
20000
20274
20079
19824
3184
2772
2817
3205
2766
3559
3490
2972
2946
2823
3318
2975
2969
3566
2951
2702
3447
2802
3306
2866
3293
3444
2842
3362
3145
3066
3515
2867
2955
3489
3405
2929
3583
2873
3506
3228
2721
3039
2774
2836
3297
3529
2845
3195
3458
3110
3476
3080
2931
3364
3138
3431
3340
2859
2903
3279
3439
3041
2743
3345
2958
3461
2806
2741
3530
3163
3096
3175
2996
3516
3452
3539
3233
2927
3076
3387
3410
3087
3173
2956
3544
3231
3133
2700
2983
3147
3079
3382
3011
3382
2969
3231
3382
2700
2845
3133
3382
3079
3079
3145
3079
3362
3231
2946
3133
3382
2955
3583
3231
2972
2983
2867
3231
3133
2700
2700
3362
3011
2823
3228
3011
3529
3133
3231
3079
2873
2873
3133
3066
2842
3566
3382
3133
2873
3133
3147
2817
2866
3184
3147
44059
44620
44241
44304
44492
43907
44431
44628
44693
44406
44393
44350
44317
44768
44649
44703
44735
44708
43975
44457
44135
44794
44297
44609
44741
44702
44397
44028
44484
44452
44271
44245
44602
44214
44314
43960
44551
44566
43996
44278
44451
44252
43986
44374
44682
44688
44200
44567
44111
44084
44471
43944
44777
44580
44099
44210
44616
44303
44013
44549
44776
44769
44402
43990
44763
44352
44656
44098
44047
43940
44101
43929
44641
44511
44148
44404
44302
43968
44715
44780
44562
44219
44415
44450
44364
43920
43941
44251
44562
44450
43920
43941
44047
44450
44492
44402
44776
44780
44415
44562
44317
44794
44693
44768
44450
44450
43941
44415
44450
44404
44219
44415
44794
44101
44450
43907
43941
44241
44393
44415
44450
44551
44251
44397
44364
44777
44415
44492
43990
44350
43996
44562
44741
44219
43940
44549
44364
44562
22319
21656
22205
22368
21989
22013
21684
21667
22190
21548
21559
22164
21876
21795
21718
21949
21761
21846
22135
22328
22280
21968
21610
22262
21557
22054
21665
22308
21533
22000
22031
21622
21576
21744
22242
21959
22110
22097
21837
21933
21707
22269
22197
21739
22301
21616
21737
21604
21746
22259
21926
22394
21708
21888
21729
21579
21986
22103
21950
21652
21725
22128
21969
21686
21900
21886
21643
21972
22241
21702
22151
21871
21780
21711
21847
21634
21536
22212
22086
21565
21791
21617
22376
21888
21791
21565
21617
21968
22151
22164
22376
22308
21652
21617
21622
21617
21634
21711
21888
22013
21900
21617
21876
22031
21634
21708
21761
22086
22164
21565
22376
21847
22376
21846
22394
21791
21617
21536
21791
22097
21565
22086
21665
21559
22197
21667
21737
21718
22376
21737
41879
41788
41937
41284
41790
41942
42008
41425
41357
41558
41460
41768
41332
41880
41705
41971
41986
41810
42108
41935
41430
41987
41978
41995
41446
41544
41577
41489
41731
41912
41649
41499
41271
41280
41597
41569
41679
41713
41729
41755
42065
41341
41697
41760
41910
42061
41761
41515
41678
41851
41592
42035
41905
41925
42044
41283
41408
41684
41305
41298
41616
41399
41511
41294
41327
41384
41498
41330
41929
41367
41724
41370
42111
41749
41858
41239
41516
41642
41914
41770
41351
41701
41571
41646
41670
41937
41914
41351
41498
41905
41646
41341
41330
41408
42111
41701
41701
41571
42008
41701
41987
41430
41679
41770
41935
41914
41571
41408
41770
41642
41910
41670
41430
41971
42035
42108
42065
41571
41713
41713
41749
42111
41408
41914
41942
41914
41646
41731
41768
41351
41731
41569
41914
61621
61615
61017
61452
61331
61127
61430
61253
61545
61547
61451
60985
61610
61297
61335
61079
61661
61802
61365
61306
61323
61309
60940
61219
61281
61287
61243
61384
61502
61821
61148
61673
61382
61687
61353
61750
61381
61223
61095
61753
61792
61362
61674
61352
61070
61529
61540
61016
61075
61140
61238
61414
61465
61271
60995
61532
61702
61312
61018
60934
61347
61582
61207
61780
61107
61497
61401
61655
61509
61701
61068
61132
61118
61318
61224
61495
61817
60971
61237
61527
61239
61433
61500
61685
61402
61157
60955
60930
61085
61196
61235
61583
61579
61411
61235
61411
61500
60930
61780
61545
61540
61118
61235
61347
61079
60955
61323
61365
61085
60955
61579
61529
61235
61547
61239
60930
61309
61792
60930
61353
61085
61583
61615
61235
61411
61085
61085
61281
61132
61655
61583
61335
60930
61085
61582
61583
61411
61817
61352
61235
60930
61085
61753
61085
60995
61335
61411
61127
22433
23212
23075
22925
23007
22460
22880
22521
22659
22444
22467
22708
23083
22410
23172
22498
23201
22526
23016
22610
23001
22604
22589
23086
22759
22429
22492
22549
23266
23164
22684
22993
22756
22760
22564
23275
22912
23199
23146
23027
22647
22917
22983
22469
22501
23239
22992
23181
22414
22941
22622
23132
22596
22688
22575
22950
22404
23142
22619
22916
23271
23124
22886
22775
23114
23003
22850
23089
22509
22585
23254
22763
22788
22834
22926
22633
22817
22515
23179
22721
22877
22512
22932
22877
22763
22467
22817
22932
23027
22404
22512
22512
22817
23271
23181
22932
22622
22817
22512
22817
22604
23179
22512
22512
23275
22926
22932
23239
22515
22886
23016
22410
22932
22877
22925
22633
22775
22589
22877
22817
22850
22916
22932
22760
22585
23007
22498
22877
22404
23007
20435
19880
20215
20153
19849
20031
20444
20110
20211
20494
19824
20294
20403
20214
20387
20279
20413
20264
20297
20193
20199
20287
19872
20230
19769
20112
19981
20218
20317
20098
20343
20404
20073
20496
20003
20040
19774
19740
20316
19758
19843
20087
20069
20540
20471
20309
19739
20495
20352
20061
20101
19811
20150
20065
20077
20133
20071
20583
20389
19962
19965
19952
20375
20602
20318
19798
20416
19779
20024
19829
20057
19885
19732
20263
20045
19750
20183
20385
20144
20293
20239
20143
19985
20535
20424
20192
20314
19734
20036
19734
19985
20403
19981
20314
20192
19734
19985
20024
20192
19734
20293
20294
20045
20314
20036
20314
20535
20318
20133
19843
19734
20036
20057
20143
20416
20263
20424
19962
19734
20239
20424
20535
20192
20150
19985
20150
20192
20073
20343
19985
20143
20192
19885
20077
19849
20192
20192
20040
19872
20031
55608
56432
55637
55873
56168
55857
56439
55617
55968
55924
56239
56225
55644
55958
56411
56293
56414
55695
55793
55666
56136
56304
56064
55675
56086
56232
56400
56146
56345
56089
55809
56060
55795
56166
55677
56343
56378
55872
55889
56404
56150
56306
55951
56377
56318
56313
55985
55775
55699
55661
55731
55771
55833
56002
55970
55812
56435
56155
55609
56054
56098
55935
56268
55667
55876
56110
56038
56251
55804
55836
56355
55700
55923
56284
55928
56393
55867
55573
56212
56172
55923
55809
56212
55573
56293
55809
55661
56212
55795
56393
55928
56150
55833
56343
56268
55833
55951
55644
56166
56313
55573
55873
55675
55695
56393
56150
56411
55928
55833
56150
55695
55573
56232
55573
56212
56284
55923
56212
56225
56232
55928
56212
55666
55573
56284
56212
52089
52197
52698
52176
52163
52850
52800
52768
52240
52262
52732
52474
52359
52101
52409
52844
52179
52582
52188
52811
52257
52712
52661
52161
52396
52152
52386
52779
52117
51997
52265
52236
52209
52600
52429
52222
52346
52564
52668
52630
52437
52055
51978
52448
52104
52299
52677
52375
52671
52185
52861
52360
52693
52401
52721
52579
52230
52042
52065
52538
52028
52021
52308
52208
52450
52330
52588
52654
52789
52580
52694
52734
52014
51973
52227
52484
52602
52358
52277
52372
52655
52347
52103
52540
52010
52562
52151
52234
52141
52483
52472
52315
52447
52781
52059
52781
52141
52483
52222
52579
52315
52600
52579
52437
52308
52811
52010
52230
52483
52483
52315
52059
52059
52447
52734
52208
52483
52141
52315
52483
52429
52010
52227
52089
51973
52141
52059
51978
52141
52141
52811
52059
52010
52655
52602
51978
52540
52042
52483
52234
52346
52234
52694
52671
52315
52781
52472
52781
52483
13942
14260
13882
14193
14265
13757
14141
14057
13574
13807
14121
13538
14292
13816
13964
13644
13941
13896
13837
13927
13714
14016
14054
13873
13532
14214
13872
14270
13817
14068
13630
13884
14085
13876
13535
13481
13965
13789
13914
14132
13669
14103
14142
14170
13598
13947
13979
14084
14102
13977
13525
13737
13919
13887
13521
14334
13929
13747
13592
13570
14140
14278
13694
13975
13877
13742
14022
13488
14004
13518
13486
14299
13550
13962
13875
13862
13536
13915
14116
14177
14269
13699
13803
13700
14039
13523
14227
13955
13456
13456
13700
13757
13523
13456
13747
13876
13700
13803
13915
13803
13699
13803
13456
13737
13915
13914
14116
13955
13538
13699
13699
13532
13872
13837
14334
14004
13523
13837
13882
13700
13929
14140
13456
14214
13955
13699
13955
13975
13536
13789
13955
13862
14227
13694
13699
13521
13486
13955
13964
13803
40138
39870
39445
39589
39718
40167
39620
39904
39776
39872
39661
39943
39648
40025
40125
39771
40040
40297
40286
40156
40096
39903
39558
39724
40164
40152
39823
39850
40277
40113
40092
40176
39792
40239
39907
40242
40316
40060
39636
39713
40131
40191
39512
40107
39918
39556
39601
39628
39584
40044
39927
39527
40236
39849
39929
39734
39664
39638
39994
39472
39442
39791
39691
39789
40117
39586
39602
39939
39456
40250
39489
39769
39864
39540
40056
39656
39547
39999
39653
39922
39688
39772
40227
39787
40211
39471
40212
40261
39697
39578
40130
39951
40042
40109
40212
39664
40125
39653
40025
40167
39903
39823
40096
40130
40117
39648
39951
39697
39578
40042
40138
40109
39697
39951
39849
39578
40042
40297
40236
39994
39602
39601
39664
40212
39602
39661
40042
39903
40042
40211
40156
39904
39951
39602
39849
40130
40131
39870
39939
40286
39638
40250
39922
39578
40042
39636
39951
39697
59354
59231
59659
59701
59455
59669
59484
59911
59786
59299
59159
59164
59951
59688
59742
59400
59383
59988
59928
59447
59879
59568
59653
59249
59885
59197
59997
59517
59401
59778
59655
59498
59262
59184
59910
59802
59263
59595
59441
59722
59890
59141
59600
59483
59377
59960
59899
59731
59715
59867
60002
59817
59682
59745
59375
59494
59442
59427
59818
59939
59970
59868
59992
59824
59279
59982
59522
59668
59891
59389
59243
59471
59664
59732
59333
59933
59505
59601
59236
59286
59864
59571
59557
59219
59230
59199
59950
59269
59623
59557
59269
59522
59184
59571
59623
59992
59745
59928
59992
59383
59982
59400
59818
59879
59731
59400
59682
59950
59669
59400
59950
59623
59219
59269
59199
59517
59623
59950
59571
59199
59483
59970
59601
59219
59818
59199
59141
59269
59269
59571
59442
59557
59219
59732
59722
59400
59159
59571
59522
59623
57467
58018
57888
57528
57363
57625
58149
57554
57595
58193
58066
58203
57937
57798
57430
58170
57890
57965
57672
57755
57947
57390
57847
58226
57367
57692
57791
57768
57368
58224
57884
57668
57735
57607
57437
57461
57445
57898
57516
57636
57491
57531
57605
58130
57435
57501
57658
57761
58038
57517
57404
57973
57677
57529
57371
58074
57403
57649
57743
57671
57489
57766
57675
57608
57728
58191
57397
57551
57589
58114
57955
57944
57586
57848
57864
57860
57738
57619
57406
57669
57677
57586
57860
57888
57848
57864
57406
57728
57864
57864
57589
57944
57467
57669
57864
57669
57738
58038
57768
58191
57864
57586
57848
57848
57944
58074
57619
58130
57649
57619
57669
57605
57864
57467
57467
57847
57669
57589
57848
57403
57501
58038
57501
57586
57619
57403
1656
916
1672
1183
1592
1622
1262
1092
988
1731
1524
1536
1206
1723
1631
1122
1135
1401
1267
933
1788
1400
1616
1619
1516
1110
903
1096
1736
1549
1301
1009
1180
1478
1408
1774
1070
1461
1094
1571
1652
1475
1584
1594
1513
1474
1075
962
1498
1027
1659
1744
1026
1161
1479
1129
1431
1642
1697
1176
1784
1590
919
1605
1730
1441
1525
1154
1593
1469
1360
898
1333
1552
1585
1561
949
1226
1338
1312
1732
1020
1787
1426
1373
1403
1266
1622
1736
1403
1652
1787
1312
1736
1479
1009
1373
1732
1403
1561
1584
1009
1787
1262
1525
1731
1312
1732
1585
1312
1498
1732
1092
1431
1403
1312
1461
1744
1403
1312
1176
1312
1594
1266
1697
1561
1732
1732
1516
1135
1180
1266
1431
1020
1092
1403
1426
40917
40874
41114
40469
40470
40800
40636
40937
40671
40618
40697
40328
40850
40920
40993
41014
40468
40378
40563
40839
41158
41175
40892
40375
40752
40672
40520
40525
40975
40526
41124
40390
40669
40513
41003
40807
41031
41028
40798
40934
41029
40659
40912
40899
40663
40950
40626
40748
40656
40486
40427
40785
41128
40363
40827
40544
40323
40974
40548
41194
40555
40797
40958
40538
40564
40812
41072
41106
41174
41146
41077
40704
40530
40729
40508
40326
40691
40330
40395
40686
40350
40888
40437
40465
40617
40770
40519
40966
40919
40626
40888
40770
40770
40899
40390
40888
40770
41114
40378
40437
40617
40617
40519
41106
40686
40671
40465
40752
40919
40966
40390
40395
41174
40465
40888
40807
40812
40958
40437
40617
41175
40437
40748
41194
40519
40797
40538
40508
40888
40617
41124
40770
40966
40748
40437
40437
40519
40888
40686
40919
53282
53240
53687
53373
53188
53143
53255
52889
53047
53316
53103
53135
53524
52941
53231
52948
53165
53726
53377
53389
53423
53523
52944
53668
53147
53097
52964
52985
52937
53232
52903
53739
53069
53205
53065
53555
53201
53120
53173
53627
53699
53650
53563
53145
53059
53586
53482
53005
53634
53597
53621
53420
53131
52872
53652
53170
53152
53218
53665
53277
53279
53457
53639
53535
52876
53347
53533
53388
53643
53016
53271
53734
53096
53604
53631
53078
53349
53749
53392
53465
53736
53429
53697
53343
53603
53336
53212
52951
53184
53056
53303
53705
53578
53578
53734
52951
53165
53336
53603
53145
53705
53420
53184
53650
53096
53726
53303
53749
53604
53634
53705
53705
53212
53578
53173
53212
52944
53578
53184
53705
53184
53212
53005
53523
53705
53212
53705
53047
53184
53184
53578
53056
52876
53665
53336
53218
53705
53739
53096
53665
53143
53201
53665
53056
52951
52951
71252
71177
71458
70971
71499
71366
70881
71186
71675
70828
71029
70945
71064
71427
71334
71082
71466
70852
71498
71527
71523
71006
71289
71205
71564
71350
70908
71161
70862
71557
70891
71300
71568
71582
71117
71203
71245
70952
71042
70996
71302
70829
71257
70811
70858
71438
71495
71475
71551
71256
71174
71135
71547
71192
70983
71190
70822
70794
71040
70901
71510
70923
71118
71470
71550
71259
71280
71630
70853
70868
71345
71456
71032
71514
71232
70927
71266
71069
70949
70958
70802
71405
70886
70965
71085
70911
71331
71543
71184
70956
70863
71471
71565
70956
70863
70911
70853
70911
71280
71471
71427
70956
71266
71471
71300
71184
70911
70911
71184
71675
71331
70911
71543
71331
70829
71564
70868
71471
71184
70863
71471
71177
71565
70956
71475
71184
71565
71427
71032
71331
70802
71331
71184
71543
71184
71565
70911
71232
71259
71557
70863
71557
71331
71471
70958
71543
42415
42318
42267
42496
42321
42769
42150
42355
42854
42724
42566
42868
42448
42249
42396
42437
42771
42917
42890
42152
42645
42922
42536
42775
42944
42407
42880
42136
42346
42862
42451
42462
42360
42322
42664
42167
42792
42366
42932
42815
42824
42848
42339
42734
42502
42987
42441
42299
42564
42756
42118
42178
42615
42183
42309
42165
42761
42256
43003
42240
42205
42289
42718
42674
42926
42949
42353
42631
42192
42548
42999
42590
42430
42280
42850
42314
42362
42546
42292
42732
42970
42422
42404
42702
42571
42762
43006
42390
42912
42604
42193
42480
42519
42498
42283
42309
42283
42604
42289
42498
42912
42932
42152
42536
42283
42480
42283
42604
42407
42193
42519
42183
42299
42480
42314
42390
42437
42604
42498
42519
42283
42299
42702
42498
42462
42441
43006
42604
42283
42890
42604
42912
42756
42912
42944
42922
42360
42926
42571
42314
42498
42498
42249
42502
42664
42118
42415
42718
42912
80281
80170
80414
80039
80494
80185
79918
79924
80127
79934
80464
79881
79946
80242
79930
80258
79856
80205
80324
80577
79961
80630
79949
79804
80511
79931
80572
80521
79940
80009
80162
80195
80385
80383
79855
80395
79914
79825
80044
79831
80130
79871
80027
79809
80094
79774
80343
79984
80233
80240
80432
80522
79847
79753
79806
80016
80513
79751
80425
80340
80552
79786
79843
79960
80278
80554
80582
80128
80361
80276
80523
80584
80241
80228
80519
80089
80362
80183
80088
80123
80442
80095
80066
79989
80113
80581
80152
80131
80369
79802
80108
80082
79846
80082
80205
80152
80395
80195
79846
80113
80108
80108
79871
80009
80522
80464
79846
79802
80240
80369
80582
80082
79856
79881
79846
79846
79786
80162
80131
80113
80242
80581
80108
80395
79802
80581
80131
80095
79881
80027
80228
80362
80108
80082
80584
80016
79940
79802
80152
80369
79930
79856
80233
80281
80369
79806
36656
36535
36655
35969
36372
36519
36456
36444
36067
35949
36244
35849
36391
36712
36311
36163
35988
36675
36143
36697
36064
36351
36536
36306
35990
36455
36130
35989
36604
36521
36660
36687
36559
35875
36453
36167
36156
36354
36545
35966
36120
36563
36427
36329
36486
36688
36060
36346
36138
36561
36225
35900
36669
36181
35996
36573
36055
36590
36683
36070
36557
36593
35893
36634
36023
36339
36584
36241
36146
36515
36003
35862
36401
36668
36185
36272
36534
36324
36196
36615
36240
36733
35913
36380
36677
36129
36650
36553
36039
36718
36663
36129
36380
36663
36129
36055
36354
36130
36650
36535
36677
36143
36718
36351
36391
36663
36380
36039
36697
35900
36677
36663
36129
36138
36129
36070
36380
36663
36677
36677
36129
36604
36663
36677
36306
36718
36129
36677
36146
36380
36663
36677
36130
36163
36129
36663
36163
36650
35849
36372
36677
36060
36351
48638
48691
48431
48915
49185
48684
49058
48930
48839
48527
48974
48886
49095
48704
48919
48744
49004
48935
48906
48598
49088
48485
49062
49223
48429
48626
48421
48576
48529
48690
49260
49236
48604
48521
49000
48949
48605
48989
48751
48668
48515
49130
49021
48816
48460
48947
48645
48650
48774
49049
48551
48793
48851
48469
48644
49076
48819
48530
48932
48592
48456
49028
49134
48659
49032
49097
49045
48581
49115
48765
48961
49057
49047
49224
48907
49003
48813
49225
48541
48707
49076
49003
49224
48961
49225
48645
49000
49003
49224
49003
49224
48744
48813
49134
49225
48605
49225
49047
48541
48541
49004
48907
48906
48813
49225
49236
48469
49223
49225
49032
48541
48690
49224
48851
48886
48527
48886
49047
48813
48659
48691
48644
48935
49097
49115
48793
1747
1659
903
1627
1331
1615
1443
1663
1249
1146
1652
1573
1739
1436
1596
1519
939
1517
1355
1068
1586
1678
1432
1126
1075
972
1271
1755
1032
1422
1257
948
1328
1403
1284
1070
1278
1011
1242
1591
1151
1791
1448
1680
1016
1193
1202
1390
1196
1167
1114
898
1651
1542
1478
1299
1118
1208
1554
1423
932
1370
1528
1395
954
1260
902
1526
1367
1232
1201
1258
1005
901
1254
1635
1086
1307
1259
905
999
1337
1399
1098
982
1437
1068
1437
1399
982
1098
999
1284
1437
1118
1098
1747
1337
1399
982
1098
1586
1370
1284
1437
939
982
1167
905
939
1259
1257
1098
1259
1399
905
948
1260
1399
1403
948
1478
905
954
1075
1635
1068
999
1399
1355
1337
1259
1399
1422
982
55178
55093
55315
54708
54967
54768
54931
55028
54943
55015
55384
55084
54908
54983
54704
54842
54697
54656
54709
55332
55418
54985
54873
54948
55139
54942
55277
54759
55097
54845
54914
55159
54998
54770
54755
55341
54669
55355
55221
55444
55538
54789
54995
55025
55415
55485
55026
55416
55453
55259
55197
55275
55036
54899
55321
54938
54871
55254
55049
54745
54764
55300
55272
54779
54698
55256
55326
55493
54851
54853
55377
55112
54757
54732
55215
55289
55007
54964
55398
55141
55435
55289
55007
54964
55112
55026
54842
54943
55493
54698
54985
54697
54732
55139
55197
54851
55015
55141
55259
54964
54732
55007
55093
55256
55493
55007
54964
54985
55007
55289
55341
54755
54931
55159
55277
55178
55435
55416
54964
55036
55355
54732
55093
55097
55341
54732
55215
12317
11911
12538
12289
12297
12266
12212
11859
12484
12100
11873
11980
11923
11856
12243
12292
12475
12526
12418
12052
11807
12104
11885
12395
12391
12092
12025
11799
12138
11743
12155
11833
12118
11837
12483
11828
11841
12231
12150
12394
11832
12311
11936
11669
11965
11814
11829
12485
12051
12351
12270
11840
11719
11794
11721
12084
11899
12113
12308
12060
11750
12389
12187
11788
12392
12416
12527
11660
12265
12509
12034
12041
12500
11760
11661
12429
12307
11692
11783
11902
12436
11733
11922
12490
12290
12262
12469
11657
11756
12203
12401
11994
11873
11994
11899
12394
12469
11756
12292
12290
11756
12401
11657
12401
12203
12138
11657
12262
12243
11756
12203
12262
11692
12401
12307
12401
11756
11841
12262
11994
11837
11994
12317
12052
12418
12401
12389
12243
11828
12203
12395
11814
12401
11719
11733
11657
11994
11788
11743
12401
11756
12138
12155
11657
2363
2277
1928
1904
1853
2149
2161
2661
2680
2589
2630
1934
2093
2263
1939
2647
2665
2356
2223
2040
2007
2639
2021
1849
2556
1933
1912
2504
2512
1938
2178
2542
1818
2660
2226
2172
1847
2510
1900
2470
2387
1867
2280
2400
1953
1822
1942
2166
1936
1872
2042
1870
1804
2374
2625
2218
1945
2575
1978
2273
2553
1935
2558
2332
2507
2098
2628
2213
2531
2137
2246
2592
2452
2503
1805
2085
1905
1951
2683
2449
1824
2410
2561
1969
2307
1956
1803
2197
2225
2488
2257
2660
2507
1803
1956
2307
2665
1870
2512
2307
2273
1969
1936
2225
2556
2307
2225
2197
2307
1969
2470
1803
1853
2307
2452
2257
2225
2197
2225
2042
2387
1822
2488
2280
2307
2040
2488
1853
1956
2630
1934
1938
2197
2007
2507
1951
2400
2665
2225
2218
2488
2307
2452
71779
72504
71695
71826
72464
71996
72240
72568
72496
72480
71769
72190
71776
72145
72001
71853
71982
71845
71749
71966
72270
72052
72041
71771
71752
71863
72407
72470
72151
71944
72164
71942
72461
72132
72345
71823
71806
72262
72179
71720
72554
71973
72090
72098
72314
72376
71812
72131
72055
72204
72319
72561
72062
71765
72378
72103
72198
72140
71949
72521
71723
72315
72339
71738
72438
72489
71930
72396
72254
71688
71838
71787
71977
72064
71842
72263
72088
71754
71908
72077
72153
72365
71775
72037
72157
72159
72337
72227
72156
71791
71767
71864
72429
71790
72086
71863
72156
72086
72086
72086
71791
71749
72554
72088
72568
71812
71723
71767
72227
71864
71769
71864
71864
72140
72396
71864
72227
71790
71864
72429
72315
72156
71791
71790
71787
72088
71791
72429
72086
71738
72001
72337
72227
71982
72365
71776
71767
71791
72470
71767
72064
72131
71695
71864
71853
72037
72062
72429
72378
59252
59316
59605
59574
59518
59317
59702
59745
59302
59691
59582
59526
59427
60001
59811
59841
59832
59583
59785
59426
59854
59771
59237
59225
59961
59993
59242
59227
59801
59152
59767
59557
60005
59644
59903
59905
59774
59693
59238
59784
59590
59651
59731
60007
59169
59819
59432
59566
59352
59364
59931
59601
59700
60020
59253
59336
59616
59263
59495
59948
59611
59558
59796
59856
59939
59894
59541
59143
59519
59936
59365
59655
60012
59410
59810
59406
59450
59950
59560
59825
59383
59140
59953
59987
59151
59162
59293
59963
59667
59895
59731
59667
59667
59667
59410
59667
59237
59963
59336
59151
59383
59931
59383
59365
59963
59987
59953
59406
59987
59574
59832
59140
59819
59162
59162
59352
59151
59987
59383
59987
59987
59293
59151
59895
59242
59895
59700
59987
59667
59963
59263
59225
59151
59383
59518
59963
59558
59450
59854
60005
59961
69540
69015
69522
69516
69771
69148
69213
69879
69365
69109
69214
69022
69327
69133
69217
69077
69737
69700
69121
69266
69272
69485
69196
69086
69348
69717
69556
69659
69293
69470
69755
69820
69499
69438
69401
69189
69248
69169
69194
69695
69858
69726
69279
69394
69097
69589
69804
69776
69593
69311
69161
69805
69202
69731
69491
69435
69448
69425
69602
69757
69270
69827
69318
69629
69102
69613
69384
69431
69572
69353
69374
69639
69831
69057
69452
69163
69026
69515
69251
69592
69515
69057
69515
69452
69057
69515
69515
69515
69279
69515
69639
69026
69431
69026
69109
69731
69435
69515
69831
69629
69026
69057
69026
69251
69831
69831
69248
69251
69831
69831
69057
69731
69189
69515
69515
69213
69592
69077
69592
69163
69831
69515
69435
69057
69515
69572
265
803
44
113
49
311
76
270
337
704
627
810
831
388
276
715
174
141
597
471
122
129
326
882
151
771
598
870
423
652
457
684
125
534
540
246
591
489
677
501
287
329
791
748
494
231
94
784
303
728
84
361
571
855
893
248
675
662
752
876
210
711
79
506
61
217
13
686
221
479
838
394
192
499
107
348
213
833
604
779
526
501
471
388
423
728
779
361
833
833
499
597
388
457
526
499
686
534
107
213
779
76
784
779
893
213
833
506
388
684
423
499
457
107
779
107
833
129
494
213
499
526
457
107
604
597
210
48405
48565
48654
48462
48558
49079
49162
49257
48393
48992
48744
48869
48981
48385
48884
48637
48867
48496
48430
49222
48401
48964
49080
48681
49239
48617
48921
48899
48555
49157
48534
49177
48480
48486
48695
49207
49137
48727
48847
48886
49136
48743
48942
48647
49063
48882
48643
48757
48853
48397
48745
48692
49111
48725
48914
49248
49235
48994
48879
48499
48660
49086
48915
49129
49039
49279
48535
48804
48609
49059
48529
48749
48893
48415
48634
48975
49142
49096
48825
48752
48595
49146
48475
48582
48770
49038
48494
48664
49025
49274
48994
48804
48664
48745
49207
48475
49274
48582
49274
49063
48475
48664
48770
48727
49038
49274
48494
48475
48582
48494
48664
48405
48770
48494
49039
48749
48582
48430
48617
48582
48475
48882
49025
48582
48847
49080
48494
48634
49038
49025
48847
48494
48595
48681
49025
49274
49039
48882
48914
49111
48749
2778
3461
2831
3317
2997
3493
2936
3282
3212
3070
2818
3323
3244
3267
2988
2742
3582
3553
3090
2816
3100
3374
2694
3161
3514
3469
3218
3159
3547
2743
2774
2744
2964
3537
3353
2797
3029
3296
2787
3529
2985
3570
3181
3395
3027
2750
2812
3446
3286
3378
3211
3445
3422
3568
3406
2897
3216
2835
3263
3536
3195
2827
2916
3379
3343
2846
2996
3331
3006
3424
3561
3512
3184
3326
3392
2893
2805
2756
2688
2844
3306
2811
3220
3545
2941
3528
2794
3173
2713
3205
3142
3088
3552
2787
3173
3424
3552
2688
3173
3161
2713
2713
3296
2794
3379
3205
2794
3406
3205
3184
3205
3552
3142
3536
3263
3173
2713
3088
2694
2750
3184
3173
3205
3212
3220
3195
3161
3343
3331
3142
3392
3088
3528
3100
2794
2794
2743
2774
3173
3378
3568
3282
2988
2794
3446
3317
19822
20427
20172
20098
19848
20364
20299
20281
19916
19912
19970
20214
20160
20407
20004
19942
19918
20471
19877
20156
20545
20253
20540
20520
19908
19800
20308
19736
20356
20396
19810
19920
19746
20541
19855
19717
20080
20504
20129
20293
20271
19785
20060
19901
20410
20459
20457
20369
20252
20220
19906
19924
20296
20197
20224
20072
20077
20345
20284
19853
20532
19780
20161
20149
20352
20097
19784
20294
19792
19842
20513
20241
20017
19815
19832
20222
19948
19764
20327
20265
20050
19735
19941
20008
19969
20111
20432
20078
19781
19873
19912
19810
20327
19924
19842
20004
20541
19848
20432
19941
20078
19969
20281
20008
20017
19873
19848
20008
19948
19970
19780
19855
20407
20111
20072
20396
19941
20111
20252
20172
20299
19781
20072
20513
19873
20078
20078
19941
20008
20396
19941
20427
19920
19912
19873
19941
20111
19918
19780
19969
20432
62330
62546
62576
62656
62189
62703
62049
62278
62554
62133
62199
62622
62388
62123
62493
62074
62363
62097
62150
62538
62378
62339
61930
61879
62178
62244
62718
62460
62321
62110
61904
62032
61964
62685
62357
62060
62136
62583
62390
62039
61949
62205
62566
62659
62630
61969
61860
62064
62539
62274
62489
62606
62288
61940
61845
62334
61858
62100
62108
62426
62217
62131
61910
61885
62109
62448
62676
62331
61843
62215
62653
62712
61869
62053
62034
62212
62012
62499
62265
62369
61877
62500
62683
61856
62699
62605
62265
62659
62685
62212
62265
62699
62278
62653
62683
61843
62053
62676
62699
61904
62265
62683
62500
62583
62699
62683
62683
62499
62683
62205
61930
62576
62605
61856
62712
62265
62199
61856
61858
62683
62605
61877
62265
62265
62605
62703
62110
62683
62576
61969
62703
62630
62605
62369
61856
66257
66250
66105
65833
65481
66065
65844
65697
65554
65433
65742
66029
66215
65776
65751
65825
66075
65791
65889
65709
66044
65439
65572
65785
65453
65705
65561
66013
65434
65516
66031
65624
66235
65728
65931
66140
66207
66167
65928
66210
66003
66137
65760
65628
65795
66258
66004
65441
66080
66151
66277
65798
66188
66072
65488
65487
65637
65986
65923
65996
66053
65969
66159
65836
65959
66158
65532
65948
66225
65460
66292
65891
66083
65945
65940
65859
65732
65683
65607
65997
65708
65657
65744
65656
66194
65778
65644
65874
65730
66174
65526
65637
66188
65730
65433
65656
65516
66072
65778
65624
66188
65778
65874
65628
66194
65778
65708
65705
65923
66194
65526
66075
65487
65778
66075
65948
65488
66174
66031
65825
65730
65607
65656
65730
66188
65487
65526
65785
65859
66158
65656
65441
65923
65526
65874
66215
65526
66174
66174
65778
66065
65561
65874
65509
65763
65699
65577
65529
65702
65688
65906
65857
65637
65581
65703
65673
66028
66179
65516
65645
66090
65693
65552
65506
65619
65973
66266
65928
66180
65580
65436
66020
65448
65960
65958
66226
65607
65414
65908
66260
66250
65434
65786
65616
65696
65992
65844
66157
65863
65941
65537
65872
65710
65520
66141
66131
65530
66258
65850
65913
65677
65496
65548
66285
66259
66092
65527
65770
66230
65488
66170
66220
65635
66152
65484
65742
65568
65927
65751
65690
66255
66053
66161
65933
66096
66203
65483
66251
66112
65730
65447
65851
65510
65488
66203
65933
66251
66020
65607
66092
65527
66112
65703
65436
65483
66053
66251
65730
65933
66096
66251
65448
66112
65933
65447
66250
65483
66260
65510
65851
65510
66251
65851
66259
66092
65447
65730
66112
66131
65447
65447
65510
65730
65414
66020
66203
65851
66251
65933
65447
66203
65699
65703
65992
40990
40370
40851
40535
40690
40868
40523
40480
41178
40725
41200
41055
40554
40617
41140
40485
40702
40659
40743
40540
40886
41070
40574
40333
40356
41185
40340
41093
40859
40424
40833
40727
41130
40816
40363
40609
40628
40344
40555
40966
41110
41024
40573
40354
40598
41087
40446
41152
41122
40706
40991
40730
40454
41157
41078
40596
41202
40406
40398
40395
40836
41059
41040
41100
40745
40335
41080
41170
40874
40939
40475
40417
41073
40922
41131
40720
40518
41171
40940
41199
40639
41123
41131
41123
40940
40922
40344
41171
40417
40940
40874
41122
41123
41152
40617
40922
40991
40406
40720
40573
40720
40518
41123
41200
41123
41073
40480
41130
41199
40690
40639
40363
40417
40939
40833
41123
41200
41078
41122
41131
40720
41123
41140
40639
40639
41040
40639
40940
40940
77591
77386
77685
77436
77633
77721
77225
77200
77353
77951
77757
77265
77878
77684
77787
77948
77587
77675
77313
77539
77529
77271
77394
77820
77793
77194
77224
77592
77788
77905
77541
77066
77381
77482
77239
77209
77537
77124
77061
77375
77774
77248
77260
77766
77152
77606
77525
77929
77907
77118
77695
77535
77664
77216
77914
77414
77707
77628
77287
77409
77699
77070
77253
77337
77347
77492
77654
77802
77369
77432
77901
77841
77468
77316
77630
77610
77712
77731
77263
77135
77662
77212
77161
77804
77277
77342
77238
77325
77587
77610
77118
77277
77263
77699
77662
77592
77161
77325
77248
77662
77325
77325
77212
77238
77238
77606
77342
77731
77271
77209
77414
77253
77381
77841
77804
77662
77409
77152
77592
77793
77161
77386
77342
77591
77260
77342
77347
77731
77277
77695
77277
77662
77436
77699
77662
77394
77161
77684
3613
4211
4314
3740
4306
4337
3765
4455
3718
3668
4013
4438
4450
3706
3641
4038
4236
4311
3647
3905
3683
4141
3868
3782
4254
4212
4339
3601
3924
4441
4272
3908
4310
3757
4184
4323
3959
4112
3598
4264
3996
4010
4267
4269
3646
3650
3781
4428
4363
4097
3735
4330
3857
3669
3760
4464
3629
3866
4207
3787
4289
4101
4003
3761
4234
4348
3587
3902
3864
4158
3943
3704
3933
4061
4165
4297
3672
4163
4058
3674
3703
3676
3770
4331
4403
3774
3909
4189
4225
3604
4369
4331
4225
3908
3909
4236
3604
3868
4225
3909
3909
4189
4369
4369
4225
4369
4189
4306
4165
3909
4464
4189
4189
3909
4369
4403
3703
3774
4010
3604
4306
4403
4211
4369
4403
4225
4369
4314
4369
4225
3604
3908
4225
4101
3598
3909
4234
3604
4061
4331
3774
3672
3902
22533
23079
22741
23207
22455
22492
22716
23211
23184
22544
23220
22754
22869
22805
22569
22871
22400
23074
22551
22605
22576
22708
22714
22482
22589
22641
23278
22608
22847
23141
22650
22557
23101
22968
23265
23194
22783
22405
22888
22563
22752
22502
22882
22963
23103
22803
23115
22617
22883
23084
22785
23251
22874
23123
22648
23181
22498
22796
22531
22725
22536
22809
23191
22734
22689
23239
23090
23147
23293
22834
23011
22946
22473
22755
22900
23085
23158
23000
22427
22627
23023
22582
23186
22640
22582
22533
22785
23186
22640
22627
23000
22427
23023
22640
23186
23186
22805
23220
23000
23251
23079
22427
23084
23079
23251
23158
23023
22569
22796
22536
23293
22569
22648
23084
23220
22582
23085
22640
22640
23000
22531
22582
22582
23207
22714
23186
22582
23158
22803
23293
22557
23000
14984
14841
14777
14617
14689
14805
15041
14968
14585
15181
15190
15086
15176
14872
14918
14377
14414
14670
14717
14375
14486
14959
15077
14989
15167
14439
14727
14860
15078
14416
14681
14988
15103
14645
14768
14746
14358
14524
15100
14599
15074
15004
15096
14417
15192
14779
14455
15148
14532
14920
14603
14646
14966
14862
14888
15210
15046
15154
14386
14719
14923
14820
14556
15114
14783
15132
14526
14619
14849
15023
14382
14955
14744
14521
15030
14627
14615
14341
14752
14548
14355
15136
14760
15008
14355
15136
14548
15136
14355
14341
14627
15136
14923
14841
15136
15008
15008
14752
15103
14341
14955
15190
15136
15136
14719
14752
14744
14615
14358
14556
14532
14414
14341
14548
14341
15077
14646
14779
14862
14746
15136
15136
15074
14849
14760
14719
15008
14752
14615
15096
15008
14341
44332
44324
44097
44555
43933
44537
44133
44045
44528
44538
44419
43986
44517
44488
44653
44322
43927
44236
44791
44159
44074
44486
44544
44387
44604
43997
44283
44783
44664
44519
44712
44573
44302
44469
44427
44101
44069
44372
44281
44644
44149
44083
44776
44633
44108
44234
44039
44204
43970
43935
44115
44495
44376
44374
44154
44775
44521
44358
44151
44719
44085
44747
44416
44560
44017
44726
44522
44243
44067
44745
44377
44643
43975
43911
44670
43937
44602
44597
44320
44436
44385
44298
43976
44705
44331
44170
44637
44454
44027
44636
44699
44525
44566
44525
44566
44045
44525
44566
44039
44566
44637
44636
44670
44653
44039
44699
44027
44283
44699
44538
44699
44573
44633
44566
44566
43975
44170
44791
44555
44699
44525
44454
44644
44521
44159
44027
44636
44302
44555
44670
44170
44525
44486
43976
44699
43970
44416
44243
44747
44324
44528
44636
44454
44637
44234
43975
73436
73340
73442
73414
73377
73382
73112
72809
73335
72783
72948
73256
72609
72984
73217
72677
72913
73095
72644
72853
73142
73123
73126
73469
72657
73393
72633
73033
73156
73111
72829
72826
72838
73392
73333
72763
73282
73242
73454
73310
73043
72757
72617
73199
72848
73141
72860
72669
73336
72770
73326
73426
72641
72711
72886
72638
72788
72825
73175
73355
73171
73064
73051
72676
73125
73376
72628
72902
73384
73225
72650
72777
73065
72695
73028
72661
73063
72778
72678
73131
73063
73065
72678
73217
72788
72657
72678
73436
72678
72676
72617
73376
73063
72661
73063
73217
73469
73043
73376
73142
72678
72609
72788
73028
72695
73033
73063
73131
73063
72633
72853
72661
73123
72678
72757
73171
72711
73333
73063
73454
73063
72778
73043
72886
72711
72678
6634
6933
7096
6415
6739
7057
6552
6291
7110
6993
6479
6485
6949
7005
6534
6573
7124
6654
6296
6601
6709
7081
6663
6605
6843
6845
7028
6476
7088
6492
6904
6787
6722
7161
6381
6348
6520
6436
7144
7012
6763
7010
6879
6753
6319
7071
6947
6671
6976
6995
6770
6527
6558
6893
6872
6656
6332
6375
6329
6926
6622
6554
6822
6650
6720
6563
6385
6755
6409
7039
6347
6604
7065
7022
6695
6427
6426
6875
6578
6859
7140
6847
6362
7103
6523
6607
6858
6831
7053
6948
6538
6842
6815
7053
6858
6948
6763
6947
6375
6476
6815
6538
6948
6607
6842
6815
6755
6538
6842
6720
7010
6822
6538
6993
6604
6409
6858
6926
6843
6831
6948
6601
6993
6538
7053
6656
6527
6634
6995
7053
6831
7053
7010
7103
7022
6842
6601
6831
6831
6607
7039
6858
6538
6523
6948
6948
26774
26347
26011
26124
26434
26110
26838
26368
26010
26438
26745
26858
26741
26197
26373
26034
26441
26433
26392
26187
26194
26773
26865
26588
26818
26111
26079
26163
26502
26576
26725
26512
26108
26150
26758
26198
26107
26484
26742
26603
26350
26751
26308
26409
26179
26199
26076
26802
26503
26352
26473
26245
26504
26098
26451
26000
25991
26857
26806
26414
26393
26086
26878
26353
26301
26050
26428
26651
26291
26218
26702
26070
26650
26643
26383
26466
26824
26265
26731
26646
26315
26030
26128
26238
26165
26562
26315
26562
26368
26079
26165
26165
26098
26315
26562
26646
26124
26603
26238
26150
26124
26308
26562
26315
26110
26824
26773
26731
26030
26646
26562
26098
26291
26265
26774
26562
26108
26238
26562
26086
26643
26030
26392
26646
26245
26646
26128
26128
26562
26428
26758
26441
26238
26383
26434
44717
44106
44090
43918
44050
44553
43938
44759
44147
44069
44310
44234
43915
44489
44396
44399
44782
44256
44096
44547
44794
44740
44495
44319
44366
44123
44368
44540
44173
44462
44354
44024
44666
44190
44575
44690
44430
44249
44094
44165
44253
44730
44796
44403
44694
44466
44371
44583
44002
44588
44780
44254
44685
44435
43968
44704
44278
44340
44561
43930
44460
44033
44000
44136
44372
44753
44017
44027
44467
44633
44206
44798
44259
44218
44367
44350
44470
43988
44791
44420
44311
44753
44470
44123
44466
44547
44027
44467
44470
44027
44350
44350
44420
44350
44791
44470
44420
44420
43930
43988
43988
44165
44367
44420
44311
44024
44350
44780
44024
44069
43988
44420
44350
44350
44730
44367
44027
44311
44311
44367
44791
44069
44403
44553
43988
44311
44350
81416
80938
80870
81175
80745
80730
81389
81257
81253
81525
81011
80887
81510
81320
81146
81496
81358
81082
81071
80698
81293
80747
81428
80926
81502
81381
81390
80922
80897
81295
81160
80976
81069
81322
81520
81507
81005
80725
80653
80743
81370
81465
81137
80888
81239
81521
80866
81245
81084
81321
80912
80746
81439
81365
81139
81214
81261
81219
81024
81479
81171
81323
81031
80683
81256
80750
81244
81452
81298
80740
81229
80737
80760
81422
80884
81009
81234
81328
81366
81258
81517
81043
81375
81402
80680
80995
81302
81447
81090
81111
81227
81532
80678
81048
81283
81214
81175
81111
80678
81048
81048
81069
80678
81227
81447
81532
81293
80678
81239
81428
80887
81227
81532
81090
81370
81043
81048
81283
81283
81293
81465
81227
81256
80737
81111
81090
81090
80680
81532
80678
80912
81048
81532
81011
81227
80730
81111
81507
81227
80897
81227
80922
81532
81447
81323
81365
80760
81111
80884
46460
45963
46419
46511
46068
46518
46516
45965
46137
46075
46069
45936
46023
46249
46061
45774
46405
45833
46025
46543
46415
45948
46510
46247
46288
45827
45794
46499
46215
46421
46183
46244
46017
45803
46522
46542
46314
45929
46433
46052
46430
46414
46356
46263
46536
45925
46172
45971
46284
45750
46167
46329
46144
46205
46301
46142
45762
45871
45718
46269
46155
46268
46361
45754
46051
46184
46589
45847
45761
46394
46058
46535
46432
45978
46279
45954
46441
45724
46426
46308
46198
46583
46417
46478
45832
46101
45916
46373
46158
46013
46568
46409
46356
46568
46013
46426
46013
46075
45847
45916
46244
46510
46511
45754
46356
46568
46373
46568
46409
46013
46158
46568
45754
46158
46373
46101
46101
46419
45965
45965
46023
45832
46568
46013
46510
46409
46373
46023
46543
45978
46409
46510
45762
45832
45774
46052
46249
45916
45948
45754
45916
46263
45832
45750
51756
51639
51139
51418
51324
51446
51216
51317
51909
51574
51264
51885
51485
51114
51438
51132
51563
51902
51935
51747
51796
51844
51931
51677
51173
51940
51604
51165
51751
51742
51400
51611
51648
51660
51791
51616
51606
51475
51847
51631
51730
51277
51361
51210
51530
51853
51274
51371
51713
51508
51517
51458
51156
51096
51575
51178
51401
51646
51567
51696
51470
51385
51581
51877
51861
51366
51772
51787
51128
51612
51923
51163
51386
51673
51837
51656
51627
51249
51728
51393
51828
51121
51619
51393
51828
51216
51178
51787
51366
51656
51485
51677
51730
51728
51673
51639
51121
51627
51756
51361
51508
51371
51458
51249
51393
51575
51828
51393
51656
51121
51728
51581
51656
51517
51619
51728
51627
51619
51828
51393
51517
51393
51393
51627
51728
51163
51940
51656
51114
51656
43989
44684
44614
44729
43973
44151
44350
44534
44283
44352
44660
44050
44356
44515
44691
43946
44582
44419
44689
44097
44690
44119
44646
44229
43948
44486
43918
44060
44253
44784
44160
44083
44262
44377
44109
44563
43961
44304
44293
44202
44421
43969
44134
44092
44546
44103
44247
44577
44642
44353
43929
44796
44355
43975
44767
44155
44520
44445
44198
44474
44068
44464
43962
44018
44605
43970
44323
44434
44451
43921
44537
44641
44077
44645
44233
43943
44010
44604
44143
43910
44294
43907
44480
43963
44737
44143
44294
44143
44737
44480
43963
44160
44143
44737
44097
44247
43907
44646
44353
44690
44604
43907
44737
44294
44582
44103
43963
43963
44445
44353
44092
43963
44294
44294
44737
44247
44537
44355
43907
43910
43921
44293
43910
44294
43910
44323
44737
44294
43910
43910
44645
44486
44480
53752
53620
52997
53644
53362
53187
53489
53645
53491
53407
53616
53507
52900
53556
52963
53669
52930
52951
52885
52872
52918
53203
53737
52956
53184
53229
53071
53625
53018
53082
53178
53724
52931
53235
53502
53754
53461
53712
53321
53350
53210
53584
53043
53160
53174
52967
53685
53439
53027
53019
53031
53289
52985
53409
53497
53283
53026
53722
53429
53748
53344
53580
53151
53570
53119
52980
53543
53014
53319
53745
53637
52904
53002
53254
53348
53252
53352
53038
53649
52884
53464
53568
53726
53315
53462
53449
53050
52997
53449
53160
53439
53568
53050
53568
53726
53584
53464
53050
53449
53685
53184
53543
53644
53203
53726
53235
53283
53315
53462
53616
52884
52884
52997
53726
53027
53315
53043
53449
53462
53462
53637
53315
53050
53616
53210
52963
53568
53556
53568
53568
53178
53407
52884
53160
52884
53050
53043
76787
76284
76217
76881
76302
76364
76923
76243
76350
76253
76895
76163
76603
76970
76862
76398
76375
76211
76894
76241
76556
76488
76800
76702
76357
76647
76997
76362
76885
76667
76779
76883
76640
76454
76909
76852
76766
77045
77041
76222
76613
76349
76679
76166
76340
76429
76307
76715
76749
76353
76876
76286
76879
76939
76237
76352
76351
77028
76489
76934
76393
76326
76564
76810
77016
76463
76775
76582
76678
76815
76452
76383
76596
76416
77004
76513
76913
76406
76703
76167
76830
76859
76417
76406
76913
76243
76352
76417
76913
76830
76406
76350
76613
76326
76167
76613
76357
76406
76830
76417
76859
76934
76894
76353
76513
76613
76406
76513
76406
76406
76513
76406
76703
76859
76167
76417
76810
76406
76243
76913
76830
76406
76703
76810
76939
76222
76166
76167
76913
76582
32998
32638
33082
32961
33140
32387
32634
32834
32740
32320
32274
32713
33145
32683
32508
32470
32590
32960
32495
32576
32905
32743
33061
32543
32824
32604
32847
33068
32595
32971
32455
32386
32585
33056
32903
32842
32490
32981
32863
32880
32498
33088
33095
32511
32756
32832
32737
32275
33132
32779
32353
32649
33024
32407
32894
33119
32339
32797
32758
32729
32873
33001
32528
32324
32716
32654
33052
32453
33066
33044
32538
32984
32402
32628
33085
32316
32741
33137
32484
32904
32259
32591
32620
32891
32750
32831
32405
33058
32535
32583
32498
33066
32831
32741
32981
32824
32716
32535
32620
32831
32620
32535
32583
32495
33132
32741
32498
32405
32604
32758
32750
32620
33058
32275
32535
32259
33058
33058
33140
33088
32402
32620
32590
32740
32891
32455
33058
32511
33058
32324
32620
32620
32535
32891
32797
32405
32620
32984
32831
32387
32831
17536
17351
17354
17420
17798
17673
17710
17429
17043
17546
17807
17320
17528
17048
17709
17755
17737
17448
17587
17093
17065
17228
17627
17060
17237
17259
17620
17527
17031
17381
17742
17106
17619
17400
17545
17872
17192
17430
17241
17179
17573
17666
17786
17661
17312
17296
17593
17407
17547
17421
17187
17878
17230
17796
17646
17286
17366
17224
17358
17290
17426
17146
17690
17316
17486
17053
17480
17641
17691
17711
17548
17812
17439
17233
17213
17139
17066
17847
17133
17784
17919
17234
17801
17607
17241
17527
17241
17066
17381
17619
17066
17784
17786
17801
17358
17847
17690
17066
17784
17847
17420
17351
17536
17801
17065
17234
17784
17407
17801
17241
17755
17919
17620
17066
17426
17847
17784
17213
17545
17607
17133
17801
17420
17801
17230
17066
17673
17872
17146
17919
17919
17237
27709
26881
27545
26925
27456
27735
27757
27325
27452
27599
27380
27690
27117
27612
27748
27640
26928
27173
27252
26970
27492
27256
27347
27720
27363
27437
27047
27262
27554
27260
27623
27444
27433
27029
27208
27632
27534
27235
27296
27058
27474
27291
27261
27358
27738
27665
27179
27031
27713
27568
27649
27386
27571
27435
27297
27248
27322
26968
27496
27139
27020
27220
27247
27540
27357
27341
27651
27432
27576
27048
26923
27231
27398
27520
27028
27493
27229
27743
27527
27642
27043
27467
27022
27691
27090
27589
27285
26963
27309
26994
27393
27750
26922
27412
27285
27309
26963
27261
27291
27031
27649
27649
27750
27309
27612
27412
26994
27357
27540
26963
27058
26922
26994
27117
27363
27285
26994
26963
27412
27297
27090
27393
27750
26922
27220
27493
27412
27540
27285
27412
27568
27117
27750
26963
26925
27412
27690
27048
26994
27750
27117
27358
27412
27393
27393
27262
27117
27309
67718
67655
67270
67714
67385
67674
67481
67913
67778
67597
68020
67748
67869
67941
67249
67459
67799
67320
67914
67729
67702
67378
67662
67500
68074
67366
67240
67497
67815
67539
67636
67312
67903
67358
68057
67278
67403
67693
67697
67455
67205
67596
67994
67962
68026
67380
67991
67585
67244
67509
67387
67428
67548
68086
67899
67797
68065
67705
67434
67930
68027
67917
67318
67303
67368
67342
67335
67958
67819
67776
67224
67648
67708
67575
68013
67915
67640
67221
67925
67737
67585
67941
67708
67925
67575
67221
67368
67320
68013
68013
67705
67776
67640
67500
67249
67539
67640
67925
67708
67655
67640
67655
68013
67915
67497
67737
67497
67925
67776
67597
68013
67914
67778
67597
67312
67548
67991
67358
67925
67221
67714
67221
67915
67799
67342
67702
27389
27671
26956
27323
27494
26911
27307
26947
27455
26966
27601
27675
27029
27774
27536
26920
27258
27164
27282
27167
27355
27545
27706
27229
27190
27736
27428
27499
27214
27195
27361
27403
27379
27275
27655
27739
27584
27483
27591
27453
27578
27748
27493
27556
27684
27467
27020
27360
27225
26973
27588
27381
27230
27425
27409
27511
27526
26944
27137
27524
27154
27157
27175
27488
27405
27113
27200
27211
27125
27459
27075
27236
27193
27076
27223
27410
27572
27301
27165
27150
27492
27314
27565
27554
27072
27666
27507
27685
27022
27022
27507
27075
27022
27706
27666
27428
27314
27229
27488
27685
27655
27137
27282
27565
27685
27588
27072
27379
27137
27075
27739
27425
27314
27492
27572
27685
27565
27565
27314
27565
27666
27565
27685
27314
27193
27565
27666
27072
27666
27467
27167
27507
27545
26973
27314
27675
27165
27655
26920
27685
25558
25712
25257
25265
25313
25374
25197
25091
25332
25775
25403
25533
25681
25969
25702
25957
25483
25544
25306
25325
25190
25955
25171
25506
25817
25542
25541
25241
25844
25481
25717
25856
25477
25111
25642
25871
25366
25298
25777
25591
25535
25896
25624
25438
25417
25109
25599
25607
25718
25485
25540
25709
25946
25469
25235
25808
25167
25703
25803
25787
25474
25260
25894
25501
25300
25311
25409
25449
25502
25368
25342
25820
25385
25324
25476
25970
25568
25112
25790
25664
25337
25748
25802
25154
25551
25818
25110
25551
25664
25703
25533
25551
25551
25111
25955
25802
25718
25802
25748
25664
25154
25298
25818
25748
25154
25337
25337
25324
25171
25110
25955
25802
25775
25337
25748
25787
25607
25325
25506
25664
25748
25311
25300
25091
25748
25748
25717
25607
25871
25803
25337
25190
25374
25818
25154
25894
25540
63257
63197
63382
63252
63082
63525
63340
63311
63455
63577
63487
63134
63489
62977
63256
63137
62890
63235
63231
62849
63544
62757
62931
62795
63334
63096
63582
63025
62838
63338
63142
63111
63104
63026
63102
62744
63042
63218
62923
63488
62736
62940
63165
63513
63373
63576
62870
63180
63324
63529
63496
63605
62863
63384
63532
63029
63125
62970
62865
63575
62952
63169
62978
63578
63128
63614
63449
63196
63100
62929
63194
62853
63145
62772
62971
62869
63375
62823
63022
63103
62774
63078
63548
63115
63389
63163
62799
63332
63021
63083
63244
63284
63169
63083
62799
63163
63021
63332
63180
63244
63284
63083
63389
62971
63284
63029
63082
63194
63145
62849
63324
63284
63078
62799
63096
63244
63332
63021
62799
63332
62799
63021
63582
63163
63389
63284
62838
62757
63578
63284
63513
63180
63026
63194
63165
62940
63163
63284
63332
63332
63389
63021
63021
63605
6196
6259
5639
5485
6219
5527
5944
5604
6240
6178
5600
5630
5851
5532
5476
6090
5931
5893
5747
5798
6136
5785
5805
5956
5715
5682
5459
5624
5542
6014
5868
6054
5443
6169
5697
5434
5822
5791
6210
5818
5533
5800
5860
5407
5717
5755
5497
5691
5617
5874
5879
5781
5978
5595
6234
5816
5616
5669
5625
6001
6199
5544
5720
5539
5988
5710
5983
5761
5460
5479
6203
6201
6191
6131
5384
5529
5929
5814
5880
5470
6188
6256
6039
5531
5428
5378
5858
5557
5409
5858
5755
5630
5378
6256
5600
5880
5428
5879
5720
5378
5761
5378
5409
6169
6039
5542
6219
5858
5409
5669
5378
5557
5428
5818
5459
5531
6219
6039
5409
6039
5858
5384
5409
6039
5378
6203
6210
5459
5531
5531
5858
6256
5443
5409
5879
5800
5800
6234
6191
5956
256
425
95
498
342
151
43
143
245
525
618
507
284
207
738
184
427
39
789
9
646
369
728
351
819
629
381
345
2
107
494
790
844
513
206
216
340
696
674
878
754
761
517
280
543
400
541
604
627
626
201
445
788
748
40
465
736
605
560
297
551
773
467
45
291
18
417
603
642
810
64
485
849
474
623
585
236
322
854
228
460
271
307
667
872
460
623
271
460
872
322
854
216
810
95
271
236
45
345
64
854
626
517
460
667
460
95
271
271
748
667
228
271
854
228
256
245
206
738
280
872
773
216
400
400
460
844
228
507
646
228
642
307
3561
3086
3499
3462
3130
2794
3514
3212
3482
3519
3100
2905
2859
2882
3323
3340
3183
3480
3288
3453
3402
2756
3450
2920
3542
3360
3487
3194
3258
3477
3156
3084
3017
3345
3065
2891
2730
2725
3151
2880
2691
3272
3051
2705
3368
3069
3352
3034
3113
3455
2695
3010
3162
2775
2825
2786
3296
3221
3262
3472
2807
3295
2827
3172
3556
3254
3252
3431
3467
3036
2810
3327
2721
3493
3341
3012
2939
3007
3237
3123
2988
2727
2797
2744
2995
3539
2828
3400
2952
3076
2891
2952
3431
3076
2828
2797
3272
2744
3431
2859
2744
3051
2744
3539
3100
2828
2744
2810
2952
2810
2859
2794
2952
3400
2797
2744
3012
3076
3400
2744
3539
2995
2744
3499
3183
3539
3561
3065
3542
3156
3539
3455
2828
2952
3162
2730
2744
3017
3172
2744
3539
29262
28860
29505
29328
29266
28794
29359
28926
28807
29400
28713
28908
28927
29434
28719
29420
28745
29372
29076
28808
28895
28955
28787
29260
28674
29339
28887
29406
28785
29521
29384
28686
29095
28781
29021
28883
29129
28819
28822
29413
29335
29476
28798
29561
29049
29004
29092
29059
29347
29203
29368
28953
29126
29351
28878
29550
29322
28821
29070
29033
28864
29562
29353
29350
28920
29173
29172
28952
29119
28722
28930
28675
29115
29146
28834
28734
29472
29525
28733
29438
29141
29208
28968
28880
29141
29141
29472
28952
28880
29438
28883
29203
28880
28733
29438
29203
28733
29208
28927
29141
29505
29525
29141
29438
28675
29146
28952
29141
28952
29472
28968
29262
29260
29141
28878
29141
29141
29208
28880
28686
29208
29438
29350
29472
29434
29372
29472
28968
29400
28880
28785
29406
42149
42374
42123
42713
42530
42235
42399
42770
42714
42572
42326
42207
42460
42354
42738
42233
42936
42368
42922
42724
42661
42876
42756
42891
42358
42157
42599
42817
42395
42666
42283
42785
42887
42824
42858
42118
42974
42613
42948
42333
42926
42533
42450
42214
42202
42627
42708
42346
42701
42396
42112
42549
42825
42469
42477
42883
42575
42681
42280
42139
42868
42211
42754
42697
42133
42795
42393
42309
42288
42954
42272
42351
42867
42158
42862
42295
42312
42959
42314
42247
42414
42583
42174
42395
42530
42314
42247
42883
42312
42661
42149
42295
42469
42959
42959
42583
42959
42414
42661
42312
42867
42174
42174
42247
42123
42247
42174
42862
42959
42666
42288
42738
42112
42862
42368
42959
42666
42283
42795
42954
42283
42326
42312
42414
42756
42174
42599
42314
42207
42247
50608
50914
50825
50735
50258
50931
50954
50505
50647
50344
50873
50458
51043
50521
50206
50209
50959
50187
50974
50203
50969
50856
50883
50200
51059
51005
50916
50207
50261
50506
50951
50936
51003
50828
50775
50259
50260
50880
50370
50668
51000
50276
50625
50978
50727
50839
50556
50234
50982
50821
50942
50795
50202
50912
50329
50537
50496
50564
50864
50293
50989
50692
50837
50472
50946
50475
50443
50339
50263
50734
51008
50327
50790
50860
50766
50728
50664
50470
50678
50710
50962
50254
50678
50931
50254
50962
50931
50608
50936
50710
50678
50795
50728
50664
50475
50710
50766
50664
50982
51008
50962
50202
50962
50678
50710
50766
50254
50339
50728
50766
50942
50728
50339
50828
50828
50883
50989
50936
50982
51059
50647
50470
50728
50962
50880
50443
50668
50664
50962
81913
82275
82278
82401
82077
81977
81755
81642
81853
82332
81793
81620
82009
82430
81577
82377
81935
81834
82182
81696
81899
82304
81918
82311
81833
82423
81579
81727
81948
82343
81770
82274
82227
81884
82092
82235
81836
81732
82422
82282
81559
82220
81622
82017
81922
81851
81957
82347
81822
82419
82061
82125
82370
82079
82053
82326
81767
82284
81647
81783
82105
82250
82048
82067
81718
82386
81818
81875
81673
82012
82160
82387
82249
81599
82225
82240
81574
81832
82239
82190
81594
82409
81780
81745
81579
81851
81594
82377
82190
82430
81745
82377
81832
81770
81594
82067
81780
81948
81780
82332
82239
82067
82220
82009
81718
82160
81875
82275
81579
82401
81622
81577
81574
82275
81780
81745
81594
81574
81780
82190
82061
82409
81574
81832
81875
81599
81594
81780
82017
82240
81780
82239
24267
24437
24654
24473
24535
24537
24620
24270
24286
24453
24229
24904
24955
25069
24940
24493
24325
24724
24740
24609
24957
24235
25041
24567
24837
24213
24988
25003
24435
24696
24596
24630
24637
25001
24953
24239
24723
24902
24290
24311
24956
24323
24628
24991
25058
24210
24389
25087
24248
24400
24561
24591
24599
24814
24282
25029
25084
24973
24219
24587
24349
24893
24658
24266
24520
24409
24294
24371
24978
24415
24452
24540
24556
24245
24632
24713
24755
24379
24638
24777
24303
24689
24833
25059
24540
24740
24371
24902
24537
24303
24267
24973
24991
25059
24452
24371
24755
24689
24493
24689
24654
24620
24556
24286
24723
24654
24973
24632
24591
24245
24303
24833
24902
24833
24755
24219
24303
24689
24689
24630
24379
24303
24837
24837
24777
24638
25029
24755
24755
24349
24379
24814
2866
3455
2909
3004
3263
3429
2921
3220
3309
2913
3021
3374
3366
3304
3058
3353
2937
3576
2829
3361
3262
3463
2705
3544
3526
2979
3535
2691
3040
3105
3367
2808
2833
3399
3267
3312
3132
3037
2718
3250
3511
3490
2838
3103
3292
3469
3055
3245
3380
3541
3547
3364
2960
2783
3542
3251
3079
3274
3075
3555
3104
3333
2762
3581
2703
3579
3181
3516
3124
2788
3376
3390
2837
3472
2882
3229
3009
3273
3032
3456
2811
2945
2884
3483
2961
3096
3242
2840
2934
3289
3479
3006
3209
2966
3429
3463
3040
3209
3541
3242
3209
2913
3289
2838
3004
2840
3242
3312
2840
3490
3209
2811
2882
2884
2934
3006
3479
2966
3009
2934
2966
3209
3209
3009
3242
3374
2762
3104
2921
2837
3273
3479
3479
3289
2966
2934
3511
2934
3209
2840
3535
3463
3021
2866
3289
3367
3096
2966
56833
56572
56642
56671
56906
56524
57131
57006
56751
56762
56718
57054
56498
57191
56620
57040
56778
56496
56592
56853
56749
56970
56492
57285
56544
56889
56730
56739
56502
56690
56910
56657
57146
56704
57299
56552
56855
56929
56995
56558
56593
56922
57206
57257
56959
57337
56973
56622
56639
57338
56462
56613
57102
56542
56951
57288
57051
56997
56634
57308
57091
56646
56715
56979
56877
56623
57034
57007
56796
57200
57289
57251
57196
57151
57069
56896
56687
57224
56884
56685
57000
56696
56565
56975
56629
57004
57145
56774
56866
56477
56794
56794
56642
56477
56696
56629
56477
56794
56477
56592
56572
56975
57004
57004
56866
57004
56477
56629
56866
56997
56774
57004
57034
56492
57004
56477
56687
57251
56774
56477
57200
56975
56778
56906
56906
56866
56629
57288
56687
57146
56929
56995
57257
56884
57000
56629
56794
56877
56906
57051
57004
56477
56646
22426
23030
22862
22681
22789
23198
22479
23028
22465
23136
23042
23079
22872
22906
23025
22944
22904
22793
22954
22553
23277
23038
22988
22846
22917
22909
23135
23265
22557
23257
23254
22532
22727
22928
22990
22600
22905
23167
22439
23209
23058
22725
23097
22936
22400
22808
22590
23098
23040
23211
22643
22777
22453
23112
22675
22430
23288
22769
23173
22799
22790
23145
23034
22739
23102
22867
22982
22431
23089
22527
22571
22686
22580
23197
23164
22750
23272
22783
22674
22657
22586
22802
22871
23007
22803
22871
22674
22586
22793
23197
22643
22557
22917
23197
22936
22802
22871
22871
23145
22871
22657
22586
22557
22871
22674
22643
22783
23034
23211
22686
22871
22905
22557
22802
22944
22867
23136
23025
23272
22479
22871
22990
23079
23135
22674
22803
22871
22586
22590
23265
22790
22431
23007
51118
51088
51707
51344
51938
51225
51785
51957
51730
51893
51183
51362
51860
51883
51161
51108
51866
51434
51253
51539
51464
51702
51613
51196
51784
51677
51608
51556
51646
51133
51691
51822
51926
51206
51847
51561
51078
51350
51441
51204
51312
51598
51611
51643
51857
51428
51483
51238
51212
51410
51642
51900
51916
51951
51510
51498
51131
51404
51863
51669
51590
51497
51954
51844
51532
51623
51524
51358
51377
51243
51213
51576
51795
51417
51594
51894
51830
51757
51915
51626
51719
51419
51936
51674
51504
51444
51396
51878
51801
51700
51504
51674
51801
51878
51936
51225
51396
51444
51133
51444
51674
51312
51936
51700
51444
51510
51196
51078
51801
51700
51444
51700
51350
51539
51866
51504
51078
51674
51613
51883
51784
51866
51504
51936
51396
51957
51936
51524
51396
51608
51669
51504
51900
51362
51613
51857
51598
51878
51847
51212
51936
37369
36828
37259
37572
37530
37611
37421
37495
37200
37127
37409
37303
36982
37483
36840
37137
36790
37298
37625
36922
37471
37186
36859
37396
37216
36915
36800
37204
37439
36956
36939
37189
37542
37470
37481
36958
37314
37407
37332
36926
37593
36765
37069
36912
36894
37326
37316
37365
36955
37494
37157
36911
36839
37486
37173
37554
37070
37610
37335
36813
37391
37046
36977
37302
37299
36883
36978
36906
37068
37404
37108
37455
36986
37544
37327
37612
37289
36944
37063
37305
37051
37009
37163
36861
37163
37302
37163
37289
37470
37544
37302
36840
36861
37327
37063
37070
37289
36861
37302
37204
36765
37305
37289
36982
37009
37289
36859
37289
36861
36813
37299
37070
37305
37365
37326
37163
37611
37051
36939
37163
37009
36944
37063
37544
37303
37063
37186
37612
37572
37305
36861
36883
22130
22347
21705
21509
22094
21929
21985
21588
21719
22207
22111
22015
21599
22127
21621
21652
21911
21553
22152
21658
22253
21659
21622
21716
21665
21624
22391
22221
21975
21923
21981
22274
22180
21646
21558
22124
22293
22267
22193
21595
21619
21895
21916
21611
21636
21689
21546
21627
22136
22242
21536
21961
21643
22244
21855
22181
22264
22045
22282
21952
21758
21706
22141
22268
22251
21723
21541
21804
22089
21701
21945
21893
21849
21717
22053
21517
21687
21970
22170
22185
22334
22053
21970
22053
22185
21553
22347
21895
21658
22136
21687
21546
21636
21719
22130
22221
21849
21911
22053
21705
21923
21652
21687
22170
21701
21970
21911
21717
22053
21658
22334
21855
21517
21893
21588
21717
22111
21717
21517
21970
22127
21970
22253
22334
21975
22293
21717
14070
13811
13855
13948
14017
14226
14095
13902
13817
13873
14245
13755
14077
13506
13819
13893
14044
14133
14237
13796
13820
13731
13875
14303
13616
13692
13697
13931
14301
13548
13580
14296
14269
13912
13884
13442
13553
13485
14008
13500
14227
13561
14256
14242
13966
13565
13479
13652
13467
14265
14194
14251
13862
14007
13675
13542
13900
13848
13722
14221
13532
13940
13605
13968
13483
13997
13453
13969
13539
14271
14184
14126
13815
13898
13549
13591
14046
13471
14329
14177
13471
14221
13815
13898
14177
14256
13815
13553
14046
13692
13875
13591
14329
13471
13675
13968
13898
14256
13591
13820
13900
13542
13542
14245
13898
14133
13532
13815
14251
13898
13471
13948
13819
14177
13893
14017
14046
14271
14184
14046
14227
13898
13549
13815
14008
14046
57250
57068
56989
56952
57102
56677
57111
56514
56651
56922
57052
56897
57149
56571
57281
56872
56839
57065
57017
57215
56747
56552
56868
57327
56549
56600
56669
56944
56741
56498
57316
56939
57032
56720
56702
56686
57298
56626
57228
56778
56895
56635
56663
57202
57153
56975
57133
57053
57057
56744
57044
57030
56564
57073
56904
57274
56463
56516
57176
56718
56617
56889
57124
56590
56474
56667
56926
56500
57307
56919
57001
56623
56556
56539
57321
56504
56610
57329
57129
57123
56476
57093
57266
57090
56713
56545
57006
56533
56688
56826
57148
57166
56539
56474
57321
57017
57052
56989
57307
56504
56713
56922
57030
57228
56747
56516
56975
56498
56463
57053
56713
56514
56720
57073
56617
57327
57057
57228
56897
56545
57006
56590
56504
57006
56904
56474
57148
56545
56889
57111
56826
56545
56545
56904
57148
56533
56688
56688
56741
57148
57166
56713
57044
56713
69710
69647
69281
69847
69616
69377
69384
69551
69246
69729
69263
69618
69431
69018
69264
69455
69515
69311
69147
69058
69446
69003
69148
69566
69338
69096
69387
69137
69155
69356
69585
69770
69240
69837
69637
69408
69273
69547
69880
69120
68992
69506
69579
69800
69789
69219
69873
69539
69401
69537
69705
69505
69225
69620
69034
69438
69132
69256
69396
69483
69146
69762
69531
69447
69608
69581
69061
69427
69014
69630
69056
69083
69299
69067
69211
69107
69592
69766
69734
69879
69358
69669
69765
69606
69886
69159
69201
69723
69409
69102
69230
69210
69478
69710
69409
69102
69201
69159
69873
69408
69447
69201
69034
69159
69102
69159
69620
69201
69762
69246
69515
69592
69630
69630
69710
69483
69147
69201
69225
69018
69506
69705
69837
69734
69879
69770
69211
69478
69210
69409
69618
69102
69886
69201
69478
69566
69478
69770
69401
69377
69201
69034
69551
69210
69230
69723
11087
11133
11365
10809
11140
11249
10759
10802
10777
11360
11423
11418
11338
11060
11578
10891
11057
11295
11346
11008
10935
10800
11052
11137
11136
11450
11032
11556
11510
11322
11380
11197
11193
11261
11172
10803
11086
11560
11198
11020
10917
10766
11591
11561
11070
11074
11185
11124
11253
11526
11205
11100
11302
10781
11336
11213
11553
11067
11538
11078
10978
10948
11552
11270
11576
11375
11594
11187
10885
11000
11605
11130
11016
11570
11166
11142
11554
11579
11400
10940
11540
11180
11096
11469
11048
10807
10863
11158
11579
11322
11133
10863
11096
11096
11158
11158
10978
11096
11400
11540
11096
11180
11048
11594
10802
11540
10863
11270
11057
11180
10807
11133
11172
11302
10800
11336
11180
10759
11048
11158
10863
10863
10885
10807
11180
11048
11052
11180
11322
11193
11048
10863
10807
11158
11096
11360
11469
11158
32954
32891
33007
33091
32342
32717
32704
33048
32663
33038
32467
32504
32936
32556
32916
32912
32950
33016
32426
32757
32429
32287
32452
33108
32824
32807
32644
32957
33131
33095
32330
32742
32618
32987
32268
32926
32811
32318
33076
32324
32877
33058
32652
32508
33102
32298
32517
32592
33118
32906
32455
32289
32651
32879
33067
32491
32588
32992
32814
32771
32404
32529
32895
32490
32594
33096
32568
33117
32292
32972
33062
32905
33014
32362
32783
32326
32988
32661
32707
32741
32773
32549
32782
33112
32691
32609
32432
32541
32516
33063
32942
32624
32523
32524
32693
32942
32517
32404
32957
33062
32523
32516
32693
33096
32292
32741
33067
33117
32757
32516
32324
32877
33063
32693
32693
32618
32541
32524
32972
33118
32452
32942
33112
32693
32942
32516
32516
32691
33091
33063
33014
33063
33096
32624
32957
32516
32516
32942
32541
32524
33118
32541
32773
32905
32432
32906
32516
32824
32516
32997
32496
32822
32552
32582
32921
32505
32912
32343
32859
32778
33029
32304
33061
32750
32538
32687
33057
33025
33040
33132
32819
32397
32455
32578
32572
32674
33143
32858
32579
33108
32948
33065
32356
32291
32259
32459
33006
33047
32273
32724
33111
32669
32442
32634
33092
33091
32541
32593
33016
32644
32704
33110
32332
32595
32276
32961
32303
32702
32699
32940
32655
32688
32531
32350
32331
32269
32918
32658
32635
32562
33144
32344
32981
32348
32976
33116
32486
32544
32257
33083
33111
32486
32940
32981
33116
33116
32976
32257
33083
32918
32257
32269
32344
33083
32859
32544
32595
33083
32344
32593
33116
32348
32544
33083
33144
32455
32486
32562
32981
32976
32699
32544
32538
32702
32348
33057
33016
32859
32976
32257
32276
32976
33083
32348
32356
33091
30571
31307
31030
30818
31161
30764
30845
30961
31317
31319
30510
30790
30909
31262
30981
30593
30466
31329
31055
30608
31328
31354
30839
30972
31314
30464
31191
31052
30482
31215
30514
30528
31111
30872
30688
31185
30814
30883
30745
30518
30934
30639
30680
31311
30603
30749
31331
31349
30945
30645
30979
30630
31037
31089
30799
31202
31270
30750
30469
30523
30555
30996
31131
31300
30993
30651
30628
31169
30732
31198
30927
30710
30556
30893
30538
30862
31019
31277
31254
30846
30470
30957
30531
30524
30710
30961
30957
31254
30524
31262
30790
30531
31019
31215
31270
31254
31019
31202
31307
30524
31277
30893
30710
30883
31254
30628
30862
31052
31037
30470
30524
31037
30790
30651
30555
30470
30510
31277
30957
30957
31254
31254
30470
30957
30846
31254
31019
30470
31202
30531
30862
31111
34608
34358
34229
34373
34867
34281
34439
34864
34693
34918
34353
34463
34189
34601
34096
34386
34390
34102
34504
34883
34502
34331
34769
34099
34450
34416
34507
34682
34391
34408
34129
34420
34454
34211
34258
34626
34235
34794
34892
34057
34656
34082
34930
34389
34832
34380
34157
34091
34553
34692
34764
34364
34796
34076
34730
34662
34152
34287
34150
34133
34885
34521
34845
34567
34445
34145
34663
34751
34067
34193
34384
34872
34350
34921
34503
34746
34446
34103
34876
34767
34941
34220
34697
34072
34932
34782
34408
34697
34353
34608
34782
34782
34350
34876
34932
34439
34767
34941
34832
34072
34746
34072
34697
34782
34782
34390
34384
34072
34746
34697
34220
34693
34932
34220
34358
34767
34072
34876
34730
34697
34697
34189
34072
34941
34380
34220
34350
34876
34767
34932
34350
34358
34764
34384
34932
82024
81805
81581
82332
82248
81783
82026
82048
81809
82247
82232
81664
82269
81759
82214
81734
82119
82404
81831
81850
82130
82251
81919
81766
81557
81538
81938
82038
82005
81922
82312
81696
81878
81871
81544
82418
81700
82184
81892
82384
81547
81610
82041
81753
81924
81856
81797
81669
81936
81724
81828
81644
82006
82086
81796
82382
82132
81598
82178
81727
82213
82122
82255
82333
81689
81760
82344
81762
81851
81874
81633
81607
81551
82290
82342
81568
82121
81576
82194
81967
82229
81583
81900
81786
81541
82188
82318
82089
82105
81959
82058
81795
81784
81550
82089
81784
82404
82024
81795
82178
81550
82105
81784
81784
81959
82105
82105
81795
82105
81550
82332
82119
81550
81795
82005
81633
81959
82105
82105
82089
82255
82089
82089
82089
82038
82041
82232
81547
81727
82213
82089
82318
81753
82122
81959
82038
81784
81850
82342
81919
82418
82058
81541
82105
81550
82318
81959
81851
14474
15014
14495
14396
14594
14426
14620
14621
14834
15224
15006
14552
15084
14470
15103
15216
14873
15101
14448
14403
14767
14704
14927
14952
15063
14536
15053
14346
15025
14465
15089
14978
15088
14349
14466
14372
14985
14548
14387
14619
15067
15048
14488
14560
15218
14469
15070
14785
14845
14703
15197
15190
14441
14585
14717
15071
14534
14378
15131
15113
15186
14851
14431
14763
14679
14384
14752
14595
14741
14537
14338
15034
14394
14688
15068
15148
14945
14572
14786
14803
14806
14700
14743
14934
14434
14961
14886
14806
14934
14806
14806
14845
14426
14767
14595
14803
14934
14961
14700
14536
14585
14679
14961
14785
14585
15197
14426
14961
15006
15197
14803
14934
15088
14803
15071
14743
14572
15025
15218
14961
14743
14700
14961
15216
14700
14961
14560
15034
14466
15084
14384
14426
14763
14945
14803
14961
14743
35617
35559
35528
35643
35333
35213
35169
35149
35517
35290
35768
35189
35081
35681
35232
35415
35135
35318
35626
35002
35317
35488
35185
35174
35195
35210
35151
35778
34979
35772
35650
35190
35023
35024
35667
35798
35812
35628
35485
35455
35359
34972
35326
35680
35217
35322
35828
35422
35741
35689
35343
35521
35635
35219
35282
35759
35408
35355
35544
35673
35760
35218
35683
35734
35594
35287
35148
35313
35391
35323
35427
35821
35221
35346
35339
35552
35739
35458
35335
35770
35009
35385
35335
35739
35770
35339
35770
35455
35680
35009
34972
35422
35343
35385
35458
35335
35770
35552
35667
35552
35812
35335
35339
35739
35232
35770
35778
35149
35635
35385
35339
35552
35313
35488
35552
35385
35335
35458
35335
35185
35385
35385
35385
35739
35643
35635
35626
35385
35135
65817
66106
65739
65824
65600
65607
65887
65411
65522
65693
65471
66069
66255
65455
66189
66052
66125
65773
66242
65564
66241
65857
65957
65472
65433
65784
65741
66072
65939
66082
65454
65445
66279
65563
65903
66302
65590
66154
65539
65475
65724
65598
65735
65882
66086
66298
65530
65843
65435
66026
65716
65640
65995
66116
66218
65534
66195
65630
66289
65815
65949
66233
66050
66118
65496
65914
65576
65443
65611
65532
65610
65795
66045
65762
65767
66134
65565
65938
66202
65808
65588
66146
66291
66023
66068
66262
65997
66151
66054
65904
66210
65660
65760
66210
66298
66068
65454
66151
66195
66054
65938
65817
65760
65939
65939
65660
66210
65949
66262
66289
66151
65760
66052
66241
65784
65997
65997
65997
66054
65795
65588
66210
65760
65588
65904
65563
66233
65760
66125
66054
65564
66151
65914
65997
66154
66151
66151
66262
65588
65957
66298
65660
66210
66262
65445
66146
54724
55531
55319
54773
55200
54712
54934
55062
55356
55468
55159
54938
54763
55503
54897
54662
55153
55341
54978
54890
55228
54968
55446
54780
55324
55231
54987
54808
54669
55331
54729
54881
55449
55050
54834
55066
55332
54714
55176
55459
54949
55335
55064
55532
55240
55504
55393
55140
55328
55030
55051
54720
54977
55404
54939
55465
55143
54702
55026
54982
54913
55238
54730
55474
55517
55297
55522
55551
55033
54744
55094
55505
54930
55521
54735
55235
55440
55345
55006
54993
55481
55545
54673
55239
55342
54749
55246
55235
55235
55246
55545
54993
55319
54749
54749
55246
55481
55481
55521
54749
54993
55246
55246
55545
55246
55545
54749
54773
55532
55551
54913
55404
54673
55521
55459
55481
55328
54673
55342
55481
55545
55481
54993
54730
54834
54930
55332
54934
54749
54982
55239
55465
55176
55235
55459
54938
54673
44340
44611
43938
44167
44782
44242
43937
43927
44320
44154
44265
44226
44619
44129
44385
44107
43942
44506
44660
44299
44182
44482
44799
44535
44094
44379
44355
43984
44016
44554
44483
44569
44270
44044
44486
44616
44293
44132
44232
44114
43954
44615
44283
44511
44381
44640
43912
44087
44280
44262
44771
44069
44445
44068
44377
44327
44594
44115
44777
44210
44144
44772
44225
44532
44200
44441
44539
44477
44487
44685
44247
44530
44306
44261
44192
44744
44577
44349
44157
44209
44794
44675
44172
44203
44667
44130
44218
44630
44796
44708
43978
44114
44771
44349
44349
44630
43978
44630
44044
44130
44203
44200
43978
43984
44130
44172
44539
44486
44130
44203
44261
43927
44385
44242
44232
44539
44630
44445
43978
43942
43942
44203
44630
44232
44667
44218
44167
44796
44667
43978
44708
44477
44771
44796
44144
44530
44265
44157
44667
44796
44094
44796
44218
9188
9515
9523
9339
9009
9169
9263
9147
9155
9808
9377
9121
9646
9718
9098
8994
9838
9214
9159
9277
9428
9259
9231
9376
9172
9631
9070
8979
9268
9197
9639
9421
9691
9553
9385
9476
9719
9669
9650
9780
9633
9365
9760
9801
9513
9811
8988
8993
9525
9770
9626
9281
9687
9684
9104
9542
9841
9247
9350
9731
9556
9011
9116
9784
9629
9051
9622
9638
9458
9408
9252
9025
9436
9229
9152
8998
9269
9821
9286
9019
9118
9193
8988
9428
9286
9019
9019
9428
9269
9277
9197
9152
9118
9718
9152
9821
9118
9155
8994
9104
8988
9515
9118
9193
9513
9633
9152
9019
8998
9231
9152
9553
9259
9821
9269
9286
9152
9523
9269
9838
9019
9118
9553
9408
9718
9556
9784
9286
9269
29963
29936
30223
30122
29800
30117
30461
30019
29725
30375
30261
30048
30212
29719
29915
30085
29633
29752
29727
29892
30181
29609
30389
30166
30368
30272
29919
29962
29971
30344
30114
29856
30297
29828
30087
30310
30325
29718
29821
30065
29823
30210
29760
30030
30155
30355
29646
30381
29758
29670
29701
29654
29656
29616
29690
30111
30036
30093
29610
29809
30281
29922
30134
29993
30394
30328
30196
29619
30253
29643
30033
30443
29618
30451
30412
30064
29866
30278
29604
30385
29798
30355
30278
30389
29915
30389
29798
30297
29798
30451
30278
30412
30385
29828
29758
30368
29963
30272
30278
29798
30223
29798
30412
29936
30451
29936
29604
30394
30375
29823
29798
30385
30166
29866
29604
30278
29798
29609
29604
30223
30385
30412
30064
29604
30181
30278
29604
46635
46747
47197
46917
46915
47367
47272
47309
47187
47003
46830
47038
46842
47066
47276
47329
47423
46749
47253
47010
46768
47438
47229
47332
46895
47481
47374
46776
47487
47033
46978
46669
46935
47271
46857
47230
47118
46619
47469
47473
47156
46939
46691
46791
46801
47333
46701
46820
47262
47143
47370
46633
46636
46871
47179
47139
46821
47313
46752
46657
47249
46677
46773
47486
46688
46769
47392
46670
46973
47359
47463
47115
47270
46707
47320
47419
47466
47470
47037
47148
47019
47140
47103
47478
46897
46600
47148
47271
47309
47103
46635
46897
46600
46670
47156
47143
47118
46633
47329
47423
47019
47019
47139
47229
47019
47148
47019
46973
47148
46600
47270
47276
46600
46897
47466
47230
46670
47019
47481
47037
46897
47037
47438
47309
47140
47359
46897
47148
47037
47019
47140
46635
47463
46871
47037
18877
19277
19223
19362
19530
19258
18983
19658
19284
19590
19262
19065
19694
19048
18997
19680
19385
19027
19709
19329
19440
19210
19505
19624
19024
19035
19650
19311
19233
19580
18901
19333
19160
19466
18932
19462
19371
19646
19584
19663
19602
19228
19281
18923
19069
19260
19381
19128
19611
18927
18816
18892
19010
18974
19495
19626
18976
19021
19047
19550
19439
18972
18917
19369
19685
19336
19564
19045
19173
19007
19288
19570
19430
19561
19692
18880
19357
19304
19149
19541
19598
19223
19598
19694
19495
19128
19210
19692
18932
19692
19550
19010
19692
19541
19173
19007
19069
19505
19223
19329
19611
19541
19210
19260
19694
19598
18880
19357
19626
19277
19584
19692
19223
19598
19541
19304
19598
18816
19570
19598
19598
19149
19561
19304
19357
19685
18997
46840
46887
47451
47061
47123
47237
46943
46803
47000
47342
47187
47141
47419
47138
46701
46981
46891
47387
47190
47474
46620
46863
46888
46915
46602
47403
47211
46762
47270
47247
47119
47417
46995
47463
46926
46767
46713
47447
46624
46759
47479
46734
47484
46632
46998
47001
47465
47158
47208
46654
46610
47149
46775
46869
47139
46850
46959
47124
46698
47380
46818
46592
47161
47144
47178
47160
46786
47273
47415
46634
46929
47086
46904
47274
47145
47156
46834
47225
47201
47346
47077
46860
47353
46700
47440
46947
47017
47411
46606
46744
47049
46971
46605
46640
47017
46605
46605
46971
47451
47001
47411
46904
46640
46947
47447
47017
46592
47451
47273
46869
47123
46744
47411
47049
46624
46995
47017
47049
47139
47149
47158
47017
46606
46971
46850
47387
46605
46915
46915
47017
46744
47353
46959
47463
46592
46624
47411
47158
46834
46606
46744
47479
47411
46713
46971
46606
46834
46744
45474
44989
44893
45689
44869
45534
45597
45283
45042
45455
44946
45448
45274
45306
44960
45235
45590
45077
45348
45457
45358
45549
45052
45432
45154
45369
45128
45529
45491
45367
45132
44975
44985
45398
45484
45112
44974
45497
45661
44943
45679
45120
44903
45215
44918
45314
45135
45300
45177
45429
44886
45259
44868
44856
45144
44853
45341
45672
45452
44848
45171
45115
45413
44894
45064
45258
45265
45114
45075
45282
45035
45583
45174
45453
45019
45165
44944
45104
45248
45694
45561
45673
45102
44914
44848
45561
45453
45398
45694
45694
45075
45694
45694
45104
45132
45265
45432
44944
45064
45052
45583
45248
45171
45561
44853
45104
45104
44943
45694
45491
45258
45104
44914
45561
44894
44914
45177
45165
45165
44943
45102
45561
45561
45398
45215
44944
44960
45673
45453
45694
45215
45104
62503
62358
62121
62118
61998
62490
62125
62223
62107
62577
62350
62619
62353
62128
62458
62593
62683
62510
62453
62565
62292
62420
62203
62272
62715
62398
62697
62667
62617
62326
62160
62474
62551
62408
62180
62596
62356
61953
62354
62583
61937
62430
61876
62007
61970
61897
62275
62587
62421
62297
62572
62375
62447
62500
62502
62470
61899
61964
62130
62365
62377
62016
62478
62692
62286
61907
62670
61838
62689
62592
62418
62660
62661
62092
62651
61925
62632
62096
62637
62035
62259
62332
62602
61987
62359
62224
62635
61931
61908
62010
62567
62046
62477
62567
62689
62635
62637
62478
62350
62567
62121
62035
62477
62420
61899
62125
61931
62502
62651
62567
62567
62689
62477
62358
62224
61931
62121
62593
61908
62350
61931
62377
62567
61908
62490
61908
62689
62286
62490
62224
62354
62477
62635
62010
61838
62421
62510
62350
62567
62632
61908
61908
62223
62259
62567
62470
10504
10154
10317
10537
10108
9944
10522
10198
10737
10251
10696
10240
10101
10454
10355
10437
10046
10221
10211
10664
9974
9959
10244
10153
10747
10258
10551
10484
9899
10531
9993
10714
10376
10739
10338
10353
10042
10323
9884
10018
10413
10464
10287
10640
10521
10243
10275
9860
10207
10111
10158
10037
10389
9940
10242
10682
10117
10118
9926
10692
10577
10555
10278
9934
9891
9963
10494
10569
10328
10187
10505
10065
10744
10404
10506
10162
10705
10127
10723
10238
9983
9894
10049
10541
10429
10415
9857
9994
10358
10075
9864
9864
10075
10429
9994
9926
9857
10484
10404
10541
10075
10541
10244
10353
9963
10338
10521
9857
10287
9926
9864
9994
10317
10242
10065
10454
10338
10108
9857
10494
9891
10505
10541
9963
9857
9994
10118
9994
10541
10238
10521
10075
10153
10158
9994
9944
10737
9959
10531
10723
10358
10221
9994
7225
7892
7874
7674
7773
8026
7889
7446
7270
7746
7388
7331
7445
7548
7967
7413
8028
7732
7826
7245
7228
7804
7662
7899
7798
7484
7269
7817
7315
7936
7451
7725
7644
7196
7769
7915
7921
7739
7654
7322
7930
7567
7429
8054
7756
7584
7377
7355
7349
7550
7248
7675
8030
7473
7980
7357
7464
7182
7439
8020
7878
7829
7857
7387
7344
7597
7278
7714
8016
7220
7204
7365
7480
7559
7706
7609
7872
7558
7219
7180
7219
7804
7706
7773
7451
7219
7270
7484
7480
7180
7930
7559
7732
7480
7180
7180
7480
7804
7559
7219
7597
7746
7387
7559
7872
7872
7967
7967
7204
7270
7225
7322
7480
7826
7654
7706
7706
7219
7558
7872
7826
7874
7322
7182
7878
7349
70101
70578
70075
70318
70544
70528
70249
70211
69984
70118
70021
70369
70306
69968
70555
70364
70505
70725
70195
70625
70458
69912
70581
70025
70164
70241
70735
70596
70255
70486
70441
70247
70002
70279
69925
70022
69996
70476
70571
70001
70215
70437
70483
70749
69981
70062
70712
70328
70302
70663
70607
70180
70638
70509
70709
70436
70311
70149
70378
70457
70326
70698
70414
70319
70017
70107
70362
70276
69948
69897
70400
70426
70163
70207
70355
70153
70411
70655
70124
70336
70426
70163
70163
70336
70505
70411
70124
70276
70241
70355
70437
70022
70107
70336
70528
70364
70124
70124
70163
70355
70336
70195
70062
70101
70596
70163
70124
70411
70180
70153
70163
70207
70207
70163
70207
70355
70725
70241
70355
70207
70336
70163
70749
70207
70400
70411
43945
43955
43927
44515
44739
44765
44507
44431
44187
44604
44128
44159
44348
44025
44003
44644
44759
44154
44360
43988
44002
44439
43991
44229
43998
44582
44522
44472
44565
44282
44614
44169
44241
44417
44048
44681
44491
44728
44220
44057
43922
44097
44555
44170
44762
44584
43916
43974
44275
44112
44235
44684
44148
44188
44326
44324
43934
44361
44233
44288
44492
44525
44796
44160
44194
44499
44624
44183
44318
44346
44356
44055
44637
43958
44001
43963
44467
44045
44177
44563
44642
43920
44046
44627
44692
44456
43997
43988
44627
43997
44491
43988
44235
44692
44187
44097
44288
44692
43998
43920
44565
43997
44627
44642
44055
44356
44025
44188
44642
44692
44563
44456
44563
43920
44627
44563
43920
44624
44642
43920
43920
44642
44692
44563
44417
43974
44456
44692
44627
44563
44057
44360
44188
43920
44563
44642
44563
41952
41977
42033
41856
41425
41965
41532
41719
42081
41368
41481
41456
41574
41787
41647
41301
41718
41635
41763
41389
41383
41541
41991
41319
41983
41911
41345
42061
41685
41900
41403
41619
41679
41219
41737
41617
41644
41936
42044
41612
41575
41931
42017
41625
41372
41349
41498
41294
41852
41668
41634
41774
42062
41738
41492
42025
41854
41516
41700
41694
41298
41894
41379
41808
41277
41870
41428
41586
41231
41253
41638
41327
42058
41526
41728
41795
41710
41524
41365
41344
42100
41536
41494
41430
41530
41270
42027
41959
41645
41972
41987
41603
41776
42067
41329
41776
42025
41524
41349
41603
41991
42067
41617
41494
41301
41329
41253
41586
41987
42067
41987
41603
41277
41776
41603
41738
41774
41959
41645
41965
41972
41294
41603
41972
41959
42067
42067
41987
41574
41494
41668
41959
41959
41911
41329
41795
41532
41603
41959
41329
41403
41329
41795
41430
41965
41787
41668
41389
41349
78691
78471
78216
78052
78547
78615
78243
78817
78603
78429
78793
78488
78288
78840
78325
77961
78595
78075
78030
78162
78400
78300
78180
78297
78494
78121
78675
78074
77975
78435
78122
78523
78493
78644
78809
78406
78487
78714
77955
78434
78092
78750
78431
78565
78730
78009
78684
78184
78066
78377
78060
78388
77980
78517
78658
78476
78065
78749
78582
78433
78806
78110
78084
78159
78645
78562
78728
78554
78600
78345
78209
78444
78454
78745
78500
78154
78448
78298
77993
78410
78381
78840
78691
78298
78209
77993
78645
78154
78714
78154
78410
78400
77961
78745
78377
78066
78582
78381
78381
78009
78500
77993
78030
78745
77980
78030
78745
78471
77993
78298
78400
78448
78325
77975
78487
78714
77975
78298
78658
78429
78092
78615
77993
78066
78684
78209
78714
45932
46379
46584
46325
46579
46033
45934
46013
46259
45788
45791
45699
46029
45713
46535
45817
46475
45978
46206
46126
45961
46483
45855
46198
46213
46577
46523
46295
46502
46130
45821
46023
46179
45948
46261
46041
46024
46458
46479
45809
45836
46255
46484
45774
46155
46200
46586
46522
45796
45833
45935
46302
46077
46553
46272
46205
46214
46543
46045
46066
46571
45854
46081
46350
45742
46476
46383
46308
46168
45860
45928
46447
46088
45715
45853
45998
46501
45995
46141
46472
46451
46074
46486
45982
46128
46487
46169
46579
46169
46169
46169
46487
45982
46486
45854
46013
46169
46486
46198
46458
46479
46255
46487
46472
46074
46487
46302
46543
45982
46543
45982
46169
45796
46206
46259
46523
46523
46302
45978
46074
46487
46571
46077
46325
46383
46383
45998
45855
46128
45821
46128
46308
45995
46571
46487
46255
46543
49179
48393
48705
48580
49082
49055
49139
48713
48805
48845
48443
49138
48869
48896
48993
48858
48895
49111
48731
48736
48644
48546
48830
49254
48462
48984
49105
48412
48631
49235
49184
48923
48649
48534
48569
48872
48599
48796
49151
48517
48850
49130
48595
48568
48445
49107
48564
48563
49042
49246
48877
48489
48492
49163
48460
48859
48763
49050
48885
48820
49005
48507
48887
48493
48817
48552
48442
49182
48685
48545
49015
48940
48764
48500
48679
48658
48949
48797
48974
48950
48622
48417
48767
49232
48490
48819
48976
48392
48767
48767
48764
48393
48490
48976
48417
48622
49050
48705
48443
49232
49055
48392
48622
49232
48976
49254
48490
49232
48763
48490
48859
48940
49232
49082
49130
48767
48974
49015
49232
48631
48767
48493
48417
48417
48631
48622
48976
48976
49050
48819
48885
49015
49107
48658
48950
48658
48392
48817
62132
62659
61826
62252
62590
62331
62196
62595
62246
62690
61846
61997
61869
62382
61834
62505
62556
61929
62402
62686
62688
61999
62433
61871
61993
62014
62614
61903
62204
62619
62669
62130
62657
62067
62458
61857
62110
62089
62379
62410
61859
62422
62054
62001
61984
62180
62021
62077
62035
62676
61830
61995
62074
62190
61892
61865
61981
62653
62207
62491
62648
62163
62176
61884
61940
62457
62570
62055
62169
62114
62160
62639
62559
62523
61858
62652
62238
62418
62340
62391
62397
62115
62535
62626
62037
62462
62022
62597
62618
62075
62673
61990
62125
61830
62652
62462
62252
62618
62075
61997
62462
62054
61830
62597
62505
62125
62022
62410
61857
62462
62075
62559
62125
62022
61871
62022
61869
62619
62556
61857
62686
62457
61995
62022
62402
62391
62125
62619
62597
62169
61859
62458
62597
62246
62618
62180
62022
62597
62022
62462
61981
62652
61929
62597
62075
62686
10581
10694
10116
10499
10673
10547
10185
10573
10408
10666
9968
10460
10040
10609
9863
10165
10646
10411
10350
10360
9898
10297
10732
10505
10247
10705
10444
10059
10069
10096
10631
10030
10459
10719
10427
10296
10218
9953
10222
10488
9914
10025
10204
10334
10589
10734
10537
10152
10299
10137
10711
10388
10197
10507
10371
10660
10659
10223
10608
10395
10399
10052
10612
10410
10031
10649
10184
10572
10303
10583
10668
10345
9994
10270
10663
10032
9874
10613
10376
10128
10263
10349
9984
10530
10454
10653
10028
9984
10349
10152
10653
10349
10454
10263
10734
10454
10388
10530
10668
10530
9984
10349
10030
10460
10349
10694
10530
10349
10659
10653
10530
10334
10185
10537
10349
10530
10116
10376
10263
10030
9984
10732
10530
10460
9984
10128
10507
10572
10028
10025
10653
10653
10573
10660
10711
10454
10454
26161
26188
26261
26417
26076
26439
26829
26419
26658
26134
26861
26212
26673
26097
26194
26186
26789
26404
26101
25996
26642
26795
26616
26249
26273
26713
26079
26429
26290
26124
26878
26716
26085
26382
26341
26266
26820
26278
26103
26750
26185
26454
26166
26459
26465
26871
26381
26519
26354
26472
26414
26754
26016
26416
26693
26197
26793
26241
26602
26283
26168
26622
26030
26268
26422
26812
26055
26468
26319
26332
26086
26507
26547
26435
26004
26072
26490
26618
26614
26562
26177
26160
26851
26698
26171
26026
26156
26277
26557
26208
26874
26299
26257
26774
26774
26874
26299
26422
26435
26156
26874
26519
26354
26404
26156
26774
26257
26341
26156
26161
26124
26459
26185
26341
26257
26878
26156
26076
26290
26134
26257
26774
26160
26277
26774
26055
26208
26414
26861
26241
26465
26085
26283
26257
26754
26658
26874
26212
26055
26435
26156
26774
26795
26194
26874
26774
26507
26874
27301
27650
27318
26914
27225
26917
27113
27602
27133
27334
27153
27315
27486
27401
27131
27096
26907
27285
27374
27540
27330
27561
27760
26902
27717
27294
27362
27597
27690
27003
27441
27018
27067
27632
27743
27310
27300
27366
27468
27537
27167
27674
26963
27509
26896
27669
27404
27342
27400
27542
27399
27321
27216
27103
27394
27658
27217
27572
27492
27707
26927
27276
27749
27649
27090
27466
27304
27089
27191
27576
27053
27593
27407
27590
27512
27395
27654
27373
27289
26904
27639
27202
27532
27210
27752
27566
27693
27189
27464
27021
27022
27464
27632
27593
27752
27321
27217
27021
27210
27321
27590
27693
27650
27512
27466
27153
27407
27330
27593
27464
27362
27003
27492
27301
27537
27561
27189
27693
27395
27566
27752
27441
27468
27202
27318
27464
27289
27572
27021
27133
27191
27210
27566
27743
27189
27018
27021
27752
27191
27022
27301
27021
27743
75958
75380
75615
75924
75804
75857
76148
76037
76040
75317
75369
75652
75930
76135
75522
76054
75858
76004
75937
75409
76134
75933
75787
75359
75600
75265
75468
75723
76057
75311
75381
75751
75319
75877
75423
75686
75909
75569
75307
75720
75313
75472
75295
75789
75908
75816
75296
75794
75919
75331
75729
75427
75675
75417
75805
75433
75879
75688
75827
75442
76147
76052
75567
75570
75803
75598
76034
75294
75940
75283
75732
75414
75792
75783
75939
76154
75611
75842
75452
75920
75926
75742
75910
75546
75354
75341
75693
75805
75522
75331
75933
75427
75920
75294
75920
75926
75742
75787
75417
75546
75910
75341
75359
75295
75567
75369
75546
75354
75742
75794
75920
75409
75827
75920
75546
75427
76037
75341
75688
75546
75354
75546
75354
75341
75926
75879
75686
75751
75423
75598
76054
75693
75751
75686
75427
75910
75311
48774
48796
49210
48858
49002
49178
49023
48925
48801
48674
48983
48459
48516
48765
48979
48701
48964
49220
48880
49259
49066
48562
48522
49150
48435
48646
48574
49003
48921
48780
48572
48553
48804
48961
49018
48515
48395
48777
48810
48791
48458
48848
48966
48981
48565
48577
48737
48770
49008
48988
48999
49057
49224
48542
48986
49138
49001
49194
49135
48945
48637
48604
48712
49153
48950
49136
48872
49269
48793
48953
48911
48859
49111
48891
48845
49009
48575
49183
48828
48396
48692
49183
49023
48804
48553
48575
48435
48575
49009
48891
48845
48891
48945
48880
48801
48791
48780
48395
49111
49183
48575
48891
49259
48953
49002
48953
48828
48988
49009
48891
49009
49009
48575
48692
48986
48765
48961
48396
48891
48770
49009
48983
48737
48891
49224
48396
48604
17893
17890
17030
17341
17277
17838
17338
17526
17287
17147
17751
17191
17349
17254
17098
17696
17222
17517
17700
17657
17347
17894
17438
17123
17037
17077
17532
17525
17531
17225
17681
17197
17099
17919
17382
17087
17255
17453
17112
17799
17613
17804
17703
17207
17070
17174
17735
17365
17660
17786
17621
17635
17763
17096
17628
17227
17552
17519
17903
17239
17494
17065
17218
17329
17773
17212
17853
17324
17916
17305
17483
17317
17587
17647
17024
17822
17301
17529
17465
17050
17478
17791
17571
17449
17155
17817
17906
17346
17091
17893
17494
17571
17529
17091
17091
17174
17155
17894
17822
17817
17155
17277
17147
17174
17070
17571
17349
17091
17346
17197
17098
17338
17494
17817
17155
17890
17613
17696
17030
17197
17305
17571
17341
17822
17449
17838
17906
17305
17346
17478
17030
17916
17657
17449
17207
17346
17346
17532
17681
17346
14392
14530
14955
14815
14643
14605
15206
14357
14851
14855
14390
15116
15123
15196
14778
14835
14379
14853
15073
15229
14907
14830
15215
14946
14508
14378
15031
15068
14456
14949
15052
14965
14430
14889
15195
15076
15178
15045
14980
14624
14563
14416
15199
14540
15033
14484
15166
14735
14723
14438
14434
14679
14886
14618
14902
14682
14910
14384
14687
14502
15155
14744
14582
14526
15009
14458
14450
14944
15007
14748
14369
14638
14801
15153
15036
15024
14498
14486
14354
14657
14567
14951
14817
15030
14343
14823
15195
14817
14354
14853
14378
14657
14657
15153
14951
14618
14582
14886
14343
15030
15153
14354
14354
14343
14817
15030
14638
14392
14343
15206
14354
14354
14951
14354
14567
14817
14343
14354
15024
14951
15024
14567
14951
15073
14354
14540
14951
14687
14801
14498
14657
14946
14605
14343
14823
39726
40101
39753
39687
40254
39703
40069
40028
39564
39468
39750
39716
40189
39994
40043
39712
40134
40308
39761
39654
39950
39516
39551
40306
39440
40313
39998
39547
40159
39985
40033
39822
39780
40068
39782
39966
39640
39714
39713
40204
39762
39831
39839
39584
39595
40035
40237
40126
39803
39576
39550
39929
40055
39930
39477
39746
40140
39841
39813
39436
39664
40255
39842
39529
40315
39854
39566
39741
39978
39857
39455
39882
39434
39727
39883
40079
39581
40199
39855
40277
40295
39558
39625
39785
39488
39798
39940
39797
39451
39496
39807
39627
40121
39428
39493
39940
39716
39451
39797
39493
40126
39627
39807
40121
39627
39428
39428
39547
40121
39436
39762
39712
39493
39428
39627
39929
39477
39451
39440
39627
40068
39882
39455
40126
40069
39822
39451
39664
39716
39822
39625
39496
40121
39807
39496
40199
39547
40308
39428
39797
39496
39496
39813
39496
39493
40033
39807
40121
39703
15934
15418
15254
15821
15328
15489
15937
15232
15298
15665
15863
15425
15465
16011
16049
15411
15760
15517
15532
15373
15449
15536
15738
15907
15304
15851
15837
15769
15384
15854
15241
16050
15920
15726
15571
16071
15560
15318
15568
15507
15938
15582
15361
15630
15290
15685
15563
15678
15814
16087
15855
15869
15303
15438
15796
15458
15359
15262
15235
15965
15634
16039
15523
15483
15450
15921
15390
15420
16024
16008
15674
15872
15974
16029
15386
15363
15736
15692
15710
16113
15455
15440
15309
15656
15975
15750
15948
15855
15656
15821
15359
15975
15750
15361
15536
15568
15656
16113
15568
15760
15571
15750
15563
15796
15517
16113
15458
15418
16050
15304
15975
15440
15869
15726
15665
15948
15948
15837
15309
16029
16029
16071
15736
15920
15450
15975
15418
15736
15975
15750
15458
15440
15309
15920
15465
15440
15386
81316
81527
80746
80977
81270
80935
81215
80987
80873
80897
80656
80644
81356
80714
80826
81341
81101
81087
81399
81355
80807
80780
80837
81476
81245
81183
81360
80951
81149
80947
80816
81486
81292
80805
80989
81047
81372
81112
81404
81156
81352
81143
80705
81507
81165
81432
81153
81178
80784
80771
80849
81298
81199
81304
81134
80699
81313
81508
80937
80709
81037
81174
80690
81033
81354
80718
81388
80844
81380
80901
81229
81297
81018
81050
80953
81118
81405
81228
81253
81189
81530
80917
81189
81313
81018
80771
81228
81189
81313
81530
81215
80987
81399
81530
80953
81189
81189
81354
81253
81530
81189
81432
81405
81530
80953
80917
81530
81101
80953
81530
81253
81405
81253
80805
80917
81316
81228
81530
81134
81228
81037
80873
81486
80953
81404
80989
81228
81199
80953
79596
78897
79401
79474
79601
79395
79076
78879
79471
79643
79132
79612
78918
79065
79123
79532
79440
78860
79445
79636
79291
79501
78915
79691
79469
79335
79458
79344
79712
79688
79437
79346
78986
79708
79127
79192
79004
79416
79729
78960
79062
79219
79246
79472
79124
79387
78861
79153
79173
78891
79323
79057
79210
79619
79724
79234
79617
79555
79351
79154
79369
78862
79434
79177
79358
79503
79502
79737
79681
79105
79541
78867
79710
79446
79491
79627
79409
78894
78991
79521
79290
78849
79020
79582
79479
79104
79699
78998
79514
78893
79612
79479
79699
79401
78960
79104
78893
79369
79514
78991
79582
79471
79724
78998
79291
79479
79062
79502
78893
79192
79514
79104
79514
78998
79173
79192
79514
79416
79458
78893
79020
79479
79344
79020
79612
79582
79358
79479
78861
79710
79020
79636
78893
79712
79532
79358
79474
79501
79020
79514
79699
81592
82223
82101
81823
82365
82013
81993
82130
81866
82256
81801
81608
82178
82346
81991
81966
82044
81857
82414
81743
82143
82073
81615
82374
82093
82089
82175
82237
81576
82399
81999
82302
81751
82009
82062
81603
81897
82133
81602
81864
82041
82152
81595
82107
82424
81845
81914
82058
82159
82316
82265
82419
81935
81707
81950
82099
82402
82053
81805
82376
82060
81989
81956
81746
82410
81559
81695
81553
82404
82026
81944
81617
81690
81779
82411
82361
82233
81647
81720
81653
82182
82341
82219
82153
81564
82183
81877
82291
81626
82096
82095
81638
81694
82116
82026
82316
82178
81857
81823
81956
81694
81877
81993
82044
81626
82414
82096
81694
81647
82013
81638
82116
81694
82116
82093
82116
82116
82178
81564
82237
81638
81877
82041
81877
82291
81653
81576
82095
82009
81638
82404
82291
82095
81993
82096
81626
82219
81993
82116
81694
82404
82365
82402
82053
82404
81626
82095
82182
30900
30988
30762
30733
30885
30948
31052
31293
30764
30489
31243
30701
31303
31254
30897
31207
31340
30901
30769
31297
30486
30531
30906
30687
30601
31091
30790
30955
31336
31240
30974
30982
31141
30677
30585
30827
31060
31329
30838
30927
31187
30628
31079
31184
31149
30614
31142
30913
30703
30570
30985
30866
31036
31256
31224
31326
31191
30502
30603
31042
30554
30803
31307
30841
31186
31327
30775
31121
30631
30696
31290
30643
30771
30556
30848
31218
30845
30534
31027
30819
31105
31220
30724
31014
30717
31061
30907
30862
30488
30941
30676
30941
30676
31061
31149
30556
30862
31105
31027
30717
31184
31061
30489
31303
30717
31060
31303
30862
31061
30941
30676
30643
30676
31060
31061
31340
31060
30974
30733
31224
31220
31014
30724
30676
30897
30601
30676
30845
31256
30717
30488
30974
31014
31061
30907
31014
30907
31224
31256
30819
31303
30502
30628
17306
17857
17437
17147
17304
17324
17051
17655
17192
17240
17275
17819
17902
17382
17088
17492
17335
17895
17428
17393
17468
17338
17167
17852
17409
17918
17077
17136
17586
17416
17276
17525
17793
17155
17412
17247
17092
17605
17622
17825
17792
17389
17776
17682
17414
17651
17672
17366
17388
17620
17800
17185
17678
17211
17521
17725
17473
17408
17293
17855
17118
17329
17646
17070
17050
17245
17835
17584
17355
17026
17207
17784
17844
17872
17375
17089
17770
17763
17237
17824
17301
17822
17319
17723
17285
17891
17432
17516
17168
17285
17622
17276
17192
17432
17319
17168
17285
17319
17168
17855
17792
17723
17857
17432
17168
17725
17285
17432
17655
17168
17275
17319
17319
17516
17678
17319
17857
17207
17168
17516
17792
17723
17168
17678
17723
17428
17375
17525
17240
17891
17285
17822
17285
17516
17319
17776
17437
17895
17319
17723
3106
3179
2725
2793
3010
2765
2950
3015
3444
3290
3267
2833
2707
2785
3568
3099
3122
2943
2898
3557
3445
3219
2832
2819
2826
2827
2972
2726
2720
3576
2925
3289
2821
2876
3368
2868
2736
3069
3074
2831
3358
2716
3570
3367
3575
3316
3463
2735
3578
2804
3464
2900
3577
3235
3002
2902
2916
3277
2791
2885
2921
3345
2866
3060
2873
3217
3075
2807
3503
2907
2850
2937
3438
3300
2948
3031
3109
3383
2978
3029
2817
2909
2999
2878
3200
3097
2993
3479
3497
3312
3141
3126
2832
3141
3497
3200
2948
3289
3126
2921
3289
3312
3126
3316
3097
2993
2900
3312
3444
3141
2735
2909
3029
3235
3497
2735
3141
3312
3497
3368
3464
3312
3367
3141
3312
3557
3141
3031
3097
3097
3126
3312
2827
2850
2716
3497
3312
3002
3200
3097
2993
3126
2925
2907
75689
75362
75626
76145
75493
75953
75776
75349
75367
75667
76064
75791
75935
75465
75975
75736
75354
75293
75514
75287
75773
76089
75477
75749
75397
75652
75324
75746
75971
75434
76057
76114
76055
75268
75361
75544
75813
75892
75697
76098
75757
75831
75992
75283
75833
75407
75659
76013
75545
75851
75476
75384
75398
75389
75556
75671
76066
75870
76050
75568
76065
75716
75670
75452
75595
75921
75548
76122
75411
76030
75856
76115
75912
75432
75661
76126
75983
75567
75616
76032
75679
75474
75397
76050
75616
75679
75268
76064
75975
75679
75851
75912
76032
75661
75567
75567
75493
75679
76032
75432
75679
76114
75361
75493
76064
75567
75616
75679
75324
75544
75935
75616
75661
75671
75746
75616
75791
75661
75661
76126
76064
75776
75773
75493
75679
75736
75661
75667
75567
4778
4627
4604
5345
5268
4685
4744
4993
5240
4817
4789
5046
4747
4639
4541
4694
4806
4682
4556
4915
4542
5192
4969
5059
5167
4578
4977
5337
5085
4582
4690
5036
4871
4540
4561
4811
5286
4972
4581
5198
4568
5289
4987
4598
4688
4618
5281
5202
4580
5076
5178
4796
5316
4496
5330
4790
4955
5165
4484
4645
5013
5048
5302
5150
4570
4776
4574
4602
4615
5026
4950
5127
4786
4804
4619
4976
5193
5357
5271
5102
4698
4926
4967
5002
4857
4982
4869
4982
4698
4698
4869
4698
4580
5002
4926
5002
4817
4789
5337
4982
4790
5059
4982
4688
4857
4869
4817
4857
4698
4645
5193
4811
4618
5002
5193
5102
4698
4698
4598
4857
4796
4857
4972
5059
5046
5076
4857
5102
5102
4857
5002
5002
4541
4778
4580
4496
4540
5276
5307
4585
4485
4483
5133
5312
4901
4898
5034
5093
4540
5168
4758
5303
5257
4582
4977
4618
5029
4624
4487
4963
4897
4652
4676
4993
5217
4593
4604
4839
5291
5155
4645
4623
4714
4626
5045
4631
4665
4659
5049
4638
4770
4493
5028
4764
4962
4814
4639
5018
4677
4846
5100
5085
5089
4784
4512
4481
4759
4574
4519
5223
5249
5047
4754
4943
5099
5301
4598
4713
4861
5280
4584
5201
5306
4732
4835
5163
4510
5272
4801
4678
4806
5278
4933
4629
4648
5264
5138
5023
5086
4614
5354
5089
5086
4861
4732
5099
5264
4585
4485
4758
5086
5291
5086
4582
4754
5168
4645
4614
4626
5272
4629
5138
5138
5249
4861
4485
4604
5201
4933
5138
4510
5086
4839
4677
5307
5086
4493
4962
4665
4585
4714
4629
4835
5280
5264
5264
4598
4614
4629
4614
4604
4623
4629
5086
4614
10284
10535
10429
9926
10162
10457
10421
9915
9999
10222
10081
10506
9876
10380
10143
10055
10346
10596
10264
10486
10484
10020
10511
10483
10725
10263
10158
10131
10164
10326
10648
10713
10366
10040
10186
10677
10687
9865
10400
10144
10547
10044
10102
10617
10000
10112
10034
10073
10723
10738
9860
10641
9888
10136
9937
10321
10582
9985
10171
9969
10593
10194
10206
10108
10726
10470
9966
10191
10403
10202
10178
10325
10712
10454
9885
10249
10705
10719
10432
10243
9871
10022
10140
10024
10233
10319
9918
10140
10022
10617
9865
10140
10044
10596
10164
10243
10596
9860
9871
9876
10484
10346
9871
10022
10112
10249
10319
10140
10284
10022
10162
10055
10249
10243
10233
10022
9871
10421
10140
10131
10140
10206
10243
10243
10233
10319
10233
10024
9999
10073
10024
9918
10243
10264
10024
10000
10131
15316
15626
15898
15874
15711
15708
16032
15779
16018
15309
15523
15571
15617
15528
15683
15983
15526
16089
15482
15686
15245
16033
15989
15353
15861
15534
16007
15593
15432
15925
16103
15948
15338
15314
15918
15694
15742
15670
15662
15960
16090
15580
15291
15584
15413
15906
15714
15895
16009
15660
15300
15360
15259
16034
15821
15395
15799
15320
15949
16080
15560
15720
15792
15288
15648
15910
15307
16048
15970
15871
15293
15391
15367
15483
15302
15923
15348
15632
15721
15873
16065
15928
15684
15256
15627
15876
16049
16007
15928
16049
15627
15309
16009
15307
15684
16034
16049
15256
15632
15873
15684
15584
15948
15970
15686
15309
15256
15876
15684
16049
15970
15528
15293
16049
16065
15584
16048
16065
15256
15874
15906
15876
15928
15684
15895
15928
15694
15627
15684
15714
16090
15660
15259
16049
15923
15928
15256
81490
80763
80662
80954
81056
81280
80781
80962
80645
81063
81232
80772
81221
81068
80974
81032
81186
80981
80752
80786
81478
81328
80695
81071
81424
80769
81408
81098
81067
81368
81144
80823
81251
80876
81397
80967
81359
81533
81268
81091
81238
81436
80860
80903
81341
80915
81529
80714
80774
81229
81517
80948
81087
81441
81312
81020
80644
80830
80790
81446
80840
80939
81145
81112
81203
81346
81356
81324
81387
81355
80646
80933
80993
81505
81380
81220
81114
80780
81022
80759
81172
80938
81354
81311
80693
81109
80664
80848
80875
81305
81265
80772
81109
81424
80786
80993
81397
81305
80644
80664
80664
81356
81311
81109
80786
81311
80664
81203
81186
80848
81355
80664
81265
80774
81109
80875
80948
80938
80664
80875
81251
81359
81114
80875
80967
80781
80664
80875
80772
81098
81311
80875
80693
81324
81265
81355
81098
81346
81056
80693
81311
80693
81305
58317
58943
58458
59093
58578
58435
58774
58889
58910
58345
58521
58767
58901
58462
58728
58557
58709
58567
58600
58757
58291
58441
58283
58879
58894
58252
59126
58652
58768
58565
58630
58528
58698
58352
58738
59100
59075
58701
58802
58508
58276
58333
58862
58278
58398
58713
59049
58912
59109
58654
58860
58779
58950
58812
59123
58960
58449
58735
58958
59087
58686
58335
58349
58614
59107
58638
58674
59058
58769
58672
58355
58327
58822
58824
58721
58634
58689
58604
58833
58993
58969
58773
58446
58919
58443
58403
58663
58307
58727
58282
59093
58403
58663
58919
59123
58443
58528
58403
58721
58638
58443
58443
58282
58446
58307
58738
59123
58604
58317
58252
58307
58282
58727
58403
58919
58889
58443
58912
59123
58403
58282
58317
58822
58709
58943
58768
58441
58686
58728
58663
58443
58335
58654
58446
58919
58446
59100
58663
58349
58446
58282
79328
78944
79623
79481
79702
79650
79576
79285
78971
79542
79441
79444
79494
79334
78958
79233
79221
79574
79472
79292
79206
79638
79256
79260
79636
79314
79264
79151
78889
79469
79725
79588
79545
79234
79384
79088
79047
79142
79645
79120
78864
78865
79477
79578
79223
79003
79013
79691
79136
78989
79538
79236
79546
79577
79727
79048
79647
79317
79487
79053
79559
79034
78978
78938
79733
78925
79626
79112
79097
79486
79568
78861
79686
78869
79218
79557
79139
79337
79535
79675
79279
78899
79628
78964
79190
79352
79655
79503
79448
78965
78932
79184
78886
79611
79650
79448
79655
79574
78965
79053
79139
78861
79264
78932
79184
79611
79139
78932
79559
79545
78886
78989
79655
79292
78965
79611
79190
79184
79448
79184
79448
78938
79142
79655
79655
79623
79352
78932
79136
78864
79655
79578
79448
78958
78965
79628
79314
78864
78964
79136
79314
79444
79285
79557
78965
79611
79611
78932
61105
61467
61587
61164
61271
61643
61213
60994
61484
61542
61702
61112
61567
61627
60979
61564
61685
61163
60978
61196
61651
61153
61576
61382
61355
61362
61018
61176
61716
61331
61102
61474
61586
60953
61452
61735
61758
61012
61071
61068
61618
61578
61367
61460
60996
61285
61801
61813
61707
61513
61238
61726
61397
61642
61190
61715
61396
61795
60931
61820
61283
61663
61003
61776
61811
60965
61625
61489
61145
61687
61178
60936
61810
61555
61371
61437
61135
61547
61386
61561
61443
61437
61371
61163
61547
61561
61285
61627
61443
61371
61663
61437
61687
61176
61135
61386
61561
61651
61726
61437
61561
61555
61355
61238
61561
61578
61555
61371
61618
61627
61386
61663
61715
61443
61555
61355
61813
61145
61555
61012
61443
61561
61135
61163
61285
60996
61145
61010
61591
61044
61789
61243
61466
61366
60968
60985
61595
61297
61720
60972
60932
61663
61545
61116
61196
61204
61536
61648
61581
61113
61463
61385
61502
61783
61431
61285
61582
61402
60978
61569
61166
61585
60945
61812
61072
61531
61128
60946
61054
61032
61676
61081
61276
61576
60941
60993
61587
61447
61328
61568
60964
61433
61209
61103
61513
61700
60951
61339
61605
61586
61543
61280
61080
61801
61093
61160
61121
61345
61547
61143
61049
61577
61798
60944
61321
61100
60970
61776
61729
61438
61794
61784
60948
61067
61195
61732
61104
61322
61594
61655
61361
61361
61361
61729
61067
61054
61732
61322
61594
61067
61543
61655
61543
61576
61569
61285
61195
61655
61160
60964
61104
61585
61072
61582
61276
61433
60964
61431
61655
61801
61732
61361
61093
61080
61072
61655
61100
61784
61569
61655
61732
61067
61322
61067
61067
61160
61361
61067
61104
61104
61104
61582
61586
61798
61594
76407
76735
76189
76224
76591
76301
76503
76732
76519
76272
76522
76199
76852
76295
76865
76873
76811
76164
76467
76511
76183
76833
76349
76256
76479
76374
76392
76226
76302
76635
76770
76431
76950
76860
76863
76848
76398
77004
76389
76928
76663
76795
77039
77012
76936
76498
76352
76240
76976
76898
76902
76262
76274
76305
76404
76832
76521
76749
76441
77049
76330
76570
76526
76631
76996
76430
76312
76724
76604
77020
76851
76549
76347
76985
76843
76512
76273
76868
76212
76696
76512
76851
76936
76868
76860
76832
76868
76522
76795
76696
76389
76868
76512
76591
76305
76843
76295
76512
76273
76843
76663
76240
76833
76950
76349
76224
76724
76696
76347
76732
76512
76212
76512
76273
76985
76696
76928
76868
76512
76811
76305
76852
76226
76512
76724
76724
4098
3936
4454
3676
4257
3882
4249
3739
3642
3732
3962
4206
4419
3832
3994
3888
3959
3631
4279
4470
4150
3763
4388
4323
3827
3693
3836
3845
3719
4066
3954
4369
3963
4036
3971
4061
3773
4204
4208
3649
3696
4319
3923
3883
4188
3608
4350
3876
4227
3848
3782
3671
4117
4308
3791
4246
3890
3838
4030
4213
3965
3814
4398
3670
3623
4286
4252
3744
4264
4183
4079
4409
3705
4278
4241
4477
3912
3600
4001
3734
4283
4182
3701
4273
4062
4203
3713
3983
4385
3642
3845
4286
3983
3701
3623
3734
3701
4369
3701
3890
4385
4385
4182
4385
3890
4188
3734
3962
4062
4203
4182
4388
3983
4252
4385
4257
3649
3739
3713
3838
4249
4182
4062
4385
4208
4264
4279
3983
4419
4062
4203
4273
3713
4062
4182
4203
4182
4273
4062
4062
78722
78640
78348
78487
78076
78693
78750
78604
78372
78179
78377
78813
77961
78195
78502
78530
78644
78635
78648
78040
78616
78670
78442
78203
78707
78341
78566
77964
78429
78719
78474
78558
78675
78265
78615
78449
78390
78445
78140
77999
77995
77975
78314
78084
78034
78215
78667
78686
78054
78751
78003
78437
78419
78068
78396
78199
78227
78526
78325
78844
78765
77980
78621
78639
78497
78810
78573
78280
78058
78136
78173
78421
77958
78493
78332
78735
78064
78550
78723
78589
78223
78769
78667
78589
78769
78223
78223
78064
78223
78474
78735
78497
78648
78474
78437
78223
78054
78227
78487
78769
78735
78769
78693
78064
78723
78372
78223
78442
78566
78722
78735
78769
78735
78442
78195
78723
78502
78058
78566
78068
78332
78751
78223
77980
77964
78550
78723
78621
78719
46402
46559
45776
46479
46048
46286
45881
46460
45844
46494
46419
46304
45812
46373
46355
45867
46190
45755
46088
46033
46308
45924
45982
45761
45740
45966
45747
46082
46456
46398
46583
46288
45792
45779
46252
46158
45870
45827
46221
45856
45983
46187
45823
46227
45893
45716
45785
46245
46579
46153
46409
46293
46487
46106
46363
45750
46550
46038
46389
46154
46234
46323
46442
46505
46440
46229
46367
45954
46586
46184
45987
46291
46325
46155
46335
46310
45754
46019
45861
45834
45805
46198
46549
45809
45981
46255
46115
46106
45805
46586
46559
46115
45981
46549
46255
45805
46115
45785
46038
46106
45809
46082
46291
46304
46082
46310
46335
46198
46355
46549
46505
46115
46198
46549
45740
45805
46583
45981
45834
46286
45834
46198
45827
45981
46227
46583
46310
45867
45809
46082
46033
45981
46227
45809
46198
45805
45792
56631
56556
57286
57168
56634
57171
56640
56863
57278
56486
56572
57160
57003
56852
56686
57033
57060
56715
56814
56712
56548
57292
56660
57188
57239
57016
56705
56773
56687
56544
56769
56846
56670
57242
56501
57065
56696
56456
57238
57268
56929
57327
56857
56981
57125
57202
56793
57241
57084
56495
57114
57049
56886
57332
57299
56761
56819
57255
57041
56999
56923
56586
57092
56732
57194
56480
57023
57215
57073
57067
56628
57167
56558
56919
56943
57099
57243
57337
56784
57293
57226
56543
56876
56858
56968
56513
56516
56659
56668
57295
57303
56644
56887
56586
57033
56687
56556
57188
56659
56501
56668
56863
56668
56668
57295
57003
57003
57268
56659
57295
56513
57295
57303
57295
57303
57160
56644
56981
57295
57295
56887
56516
56999
57295
56715
57303
56659
56863
56660
56516
56486
56668
57303
57188
57099
56634
56660
56644
56761
57299
57292
56544
56644
57295
56516
57067
22359
22140
22316
21740
22306
22317
21816
21633
21791
22173
22150
22383
21656
21805
21506
21891
21938
22193
21685
22028
22266
21696
21780
21923
21699
21710
22329
21811
22194
22033
22055
22123
21739
21747
21767
21717
21987
21883
21608
22259
22043
21894
21950
22130
21764
22253
21542
22023
21949
22298
22331
21874
22335
21798
21683
21795
21759
22248
22079
21684
21896
22139
21640
22071
21841
21855
21525
21964
21779
21713
21852
22344
22356
21526
22095
22386
21859
21671
22281
22377
21525
22023
22139
22140
22281
21671
21683
22386
21526
21896
22356
21526
21525
22356
22386
22095
22079
21859
22281
21949
21795
21859
22335
22079
22316
21795
22150
22377
22150
22386
21747
22248
22281
22253
21671
21671
22281
21656
21859
22095
22386
22023
21795
21894
21859
22356
74272
73890
74366
74349
74196
74062
74281
73706
73968
73823
73790
73518
73610
74316
74201
74239
73742
73654
74286
74046
73917
73545
73954
74323
74191
74021
74073
73643
73811
74292
73928
73599
73779
73506
73605
73810
73529
74170
73718
74023
73803
74194
73974
73910
74234
73648
74245
73857
73780
73998
74280
74346
74116
73893
74250
74246
73727
74001
74134
73766
74058
73722
74248
74238
73888
74044
73525
74159
73866
73672
73802
73996
73831
73698
73491
74209
73558
73494
74260
73553
74254
73616
73921
74034
74063
73858
74087
73813
74291
74097
74272
73921
73857
74097
74159
74097
73858
74291
73858
73643
74087
74087
74291
73599
74034
74046
73813
74291
73921
73811
74001
73813
74250
74291
73998
74291
73803
74044
73802
73494
74238
74097
73857
73813
73858
73888
73654
74191
74134
74349
73928
73766
74097
74087
74366
73722
73813
74097
74087
73813
74073
74428
75004
74970
74427
75175
74401
75026
75102
74415
74952
75239
74652
75124
74402
75183
74786
74749
74775
74733
75111
74886
74521
74615
75130
74665
75107
74637
74719
74618
74905
75187
74709
75038
75040
74800
74742
74619
74718
74552
74573
75061
74501
74789
74808
74400
75014
75067
75055
75148
74381
74405
74634
74845
74397
75254
75122
74448
74439
74429
75121
75227
75202
74683
74966
75139
75049
74738
74799
74447
75207
74982
75073
75151
74980
74881
74949
74973
75204
74776
74689
74450
74456
74928
74472
75217
74693
74439
74742
74689
74928
75254
75049
74928
74693
74742
74881
75217
74733
74970
74775
74472
74949
74689
74450
74905
74450
75130
74619
75061
74693
74689
74615
74415
74472
74689
75148
74693
74456
74689
74472
74693
74928
74428
74928
74776
74521
74618
75202
75014
74447
74845
74693
75124
74456
74952
57352
57488
57707
57870
57726
57544
57617
57772
58134
57669
57891
58178
57424
57701
57559
57980
57883
58138
57894
57717
57997
57515
58054
57465
57844
57907
57960
57679
57695
57981
58170
57978
57403
58172
57935
57879
57654
58066
58037
58156
57421
57518
57911
57728
57682
57713
58171
57875
57457
57729
57815
57697
58120
57979
57526
57564
58221
57554
57443
57945
57569
57662
57889
58124
57929
57437
57904
58077
58127
57386
58093
57400
58234
58177
57410
57608
57738
57537
57609
57474
58064
57965
57521
57663
57504
57449
57875
58170
57617
57701
57663
57965
57474
57504
57965
57663
57609
57518
57965
57521
57449
58178
57424
57609
58120
57521
57421
57504
57564
57521
57521
58064
57424
57521
57609
57474
57701
57474
57457
57457
58178
58064
57521
57474
58064
58064
57474
58124
57504
57504
58234
57894
57965
58124
58178
353
582
235
142
677
818
649
648
360
504
132
778
135
564
642
466
50
720
206
161
149
31
47
660
676
474
865
273
572
347
630
505
752
131
260
824
195
569
125
148
624
358
90
302
342
190
734
830
45
339
693
524
822
657
23
723
150
646
528
409
16
825
389
44
294
565
29
177
810
851
186
268
13
428
801
367
867
307
488
269
524
307
818
235
428
801
723
867
428
90
190
801
269
565
45
367
488
649
801
720
235
135
676
582
825
824
646
132
488
13
428
752
29
358
268
867
428
13
347
801
367
428
822
648
90
50
75769
75272
76091
75833
75525
76149
75786
76041
75793
75677
76098
75905
75805
76030
76052
75687
76118
76082
75603
75653
75969
75940
75416
75871
75434
75640
76056
75943
75942
75811
76132
75454
75426
75802
75432
75998
75813
75265
76042
76046
75377
75803
75487
75421
75515
75646
75478
75306
75711
76153
75790
75615
75701
75812
76008
75569
75961
75696
75760
75683
75918
75771
75778
75282
75889
75672
75549
75595
76084
75828
75488
75755
75539
76015
75551
75852
75597
76157
75750
75606
75414
75345
75500
75629
75915
75469
75347
75753
75594
75616
75964
75990
75347
75616
75998
75760
75905
75793
75265
76153
75969
75616
75629
75990
75616
75964
75616
75616
75569
75469
75961
76008
75915
75786
76056
75347
75469
75753
76098
75803
75629
75416
75603
75594
75943
75347
75701
75539
75426
75915
75345
75525
75753
75594
75677
75487
75961
75306
75595
75990
75616
75594
75915
75347
45429
45247
45296
45676
45073
45565
45644
45212
45448
45517
44941
45307
44939
44849
45444
45140
45567
45011
45204
45513
45673
45612
45106
45439
45387
44864
44909
45413
45507
44956
45527
45343
45640
45157
45218
45255
45556
45441
45499
44957
45622
45313
45173
45555
44843
44974
44887
45165
45128
45539
45670
45603
45464
45658
45472
45022
45370
45051
45681
44820
45489
45309
45264
45148
45695
45127
45362
44942
44891
44962
45195
44986
45226
45066
45421
45179
45207
45289
45456
45324
45095
45429
45456
45296
45555
45421
45448
45165
45179
45255
45289
45612
45421
45289
45106
45343
45555
45489
45095
45324
45421
45309
45456
45289
44909
44957
45324
45148
45324
45106
45429
45218
45644
45527
45421
45456
44820
45066
45444
45456
44820
44956
45456
45527
45157
45309
45456
41728
41560
41626
41476
41322
41444
41566
41492
41879
41964
41865
41715
41532
41313
41618
41762
41552
41880
41599
41694
41435
41850
41897
41537
41371
41459
41364
41765
41591
41597
41573
41781
41234
42070
42009
41906
41983
41812
42020
42072
41568
41713
41980
41828
41524
42100
41586
41729
41316
41885
41634
41628
41261
41375
42022
41759
42007
41484
41859
41871
41336
42011
41414
41636
41387
41460
41434
41975
41969
41886
42021
41869
41525
41670
41217
41523
42079
41692
41320
41473
42109
41823
41671
41864
41949
41314
42108
41963
41720
41901
41820
41716
41953
41926
41820
41716
41670
42108
41765
41983
41953
41926
41953
41963
41320
41949
41313
42108
41859
41671
42108
41759
41897
41568
41963
41720
41716
41573
41217
41953
42100
42022
41573
41716
42079
41926
41720
41901
41963
41597
41313
41320
41820
41926
42072
41820
41597
41901
41953
41879
42009
41626
42108
41859
41597
42109
41716
41694
44429
44082
44774
44254
44089
44589
44329
44146
44650
44386
44733
44509
44174
44628
44701
44723
43973
44048
44422
44788
44685
44439
44303
44343
44501
44010
43994
44033
44592
44035
44104
44719
44725
44074
43981
44545
44577
44234
44791
44066
44728
44290
43988
44014
44503
44404
44712
44561
44463
44485
44729
44054
44767
44245
44537
44789
44217
44307
44680
44230
44366
44548
44183
44285
44620
44123
44287
44606
44742
44228
44190
44197
43982
44016
44437
44003
44720
44695
44608
44449
44014
44608
44501
44774
44422
44016
44033
44537
44174
44545
44733
44437
44016
44003
44695
43982
44701
44437
44485
43982
44729
44230
44589
44082
44548
44003
44463
44695
44608
44650
44343
44285
44720
44287
43982
44628
44016
44003
44685
44720
44054
44608
44628
44733
44695
44035
69388
69795
69248
69807
69808
69574
69025
69570
69728
69718
69760
69490
69652
69007
69226
69297
69125
69336
69825
69669
69109
69714
69602
69453
69691
69046
69118
69557
69062
69747
69876
69374
69564
69579
69094
69184
69398
69549
69137
69585
69392
69467
69003
69465
69275
69171
69112
69332
69244
69060
69604
69246
69644
69399
69738
69133
69791
69887
69341
69167
69403
69806
68995
69135
69170
69107
69425
69577
69744
69766
69017
69555
69716
69514
69458
69367
69803
69274
69518
69002
69367
69274
69170
69691
69002
69388
69002
69274
69806
69803
69367
69275
69458
69137
69514
69367
69274
69002
69795
69465
69274
69135
69760
69807
69274
69002
69514
69458
69518
69514
69564
69747
69555
69118
69518
69226
69341
69246
69133
69795
69367
69002
69747
69403
69574
69458
30334
30416
30307
30310
30030
29909
30341
30079
29838
29916
29687
30366
29568
29877
30123
29855
30114
29612
30168
29878
30285
30017
30460
30389
29790
30431
30453
30122
29662
29920
29964
29588
29917
29864
29734
30063
29620
30033
30176
30452
30165
29936
30405
30161
30303
29874
30390
30056
29991
29688
29675
29678
30427
30428
30157
30052
29969
29882
30028
29938
30430
30257
30329
29927
29996
30438
30040
29721
30092
30146
30377
30034
29723
29738
30433
30267
30158
29783
29871
30087
29913
29842
30264
29593
30344
29776
30420
29578
30191
30384
29832
30269
29957
30303
30416
29991
30158
30269
29578
30377
30087
29969
30028
29832
29593
30269
30191
30267
29957
30420
29957
29874
30269
29776
29578
29578
30191
29578
30191
30269
30269
30310
29991
29864
29578
29678
29593
29832
30269
29578
30366
29832
29776
30269
29864
29832
29957
30161
30420
29913
30040
29917
29832
30168
30334
29957
46727
46965
46933
47411
46622
47083
47162
47472
47026
47155
47134
47244
47049
47149
46998
46620
47287
46776
46635
46826
47331
47196
46725
46764
46717
46847
46668
47084
46627
46687
47228
47326
46925
47165
47002
47016
46805
47198
47386
47182
47269
46726
47144
47422
47075
47171
47129
47387
47087
46755
47123
47100
46799
47408
47308
46670
46849
47412
46753
47416
46909
47173
46962
47434
47010
46769
47448
46707
47077
47274
47183
46993
47427
46899
46709
47029
46600
46832
46791
47370
46779
47146
47481
47110
46598
47074
46596
46611
46923
47146
46923
47481
47146
47110
47110
47134
46962
46596
47026
46923
46598
47026
47074
47110
47269
46933
47171
46923
47110
46687
47123
46596
46598
46596
47434
46598
47084
47146
47481
47144
46600
47110
47481
46596
47049
46753
46596
47481
47434
47173
47411
47075
47110
47110
47171
46598
47427
46727
46899
46847
55173
54821
55263
54761
55007
55204
55302
55036
54986
55486
54783
54735
55095
55518
54872
55477
55274
55317
55110
54741
54945
55271
54824
54675
55462
55133
54998
55506
55126
54965
55368
54769
55466
54973
54843
54962
55230
55542
55134
55502
54899
55252
55077
54818
55050
54789
55010
55530
54737
55185
55214
55511
55365
54727
54838
54963
55324
55244
55519
55137
55401
55116
54897
55433
55534
55100
55381
55464
55128
55147
54831
55425
54920
54960
54851
55306
54969
54858
55300
55006
54967
55293
55129
55187
55163
55529
55535
55041
55026
55143
55026
55502
55129
55300
55302
55126
55129
55274
55026
54967
55129
54821
54727
55116
55026
55163
55163
55535
55007
55529
55187
54843
54967
55095
55110
55518
54872
54675
55214
55187
55041
55129
55293
55535
55529
55041
54843
55502
55529
55129
55300
55026
55116
54783
54769
55263
55271
55163
55137
55368
55129
4626
5099
5056
4496
5068
4518
5200
5131
4536
4922
4787
5342
4944
4896
4549
5340
5140
4799
4788
4629
4942
4995
4980
4735
5364
5235
5202
4812
4805
4746
5154
4533
5211
4770
4660
5136
4734
4607
4890
5114
4984
5093
4627
5221
5349
5247
4542
5232
4923
4933
4852
5310
4754
5064
4710
5116
4681
4793
4716
5180
5371
4889
5081
4499
4763
4807
4697
5237
5276
5167
5084
4667
5290
5185
4835
4658
5005
4960
5051
5190
4707
4822
4947
4682
5339
5003
4822
5003
4682
4822
4822
5190
4629
5003
5056
5276
5003
4822
5051
5190
4707
4707
5051
5342
4682
5003
4947
5200
4707
4890
4852
5190
4942
4682
5140
5051
4697
5190
5349
5349
4805
5114
5211
4536
5371
5003
4984
5190
4852
4822
4707
4754
5339
5339
5190
76893
76602
76403
76483
76294
76169
76957
76160
76629
76606
76234
76480
76202
76456
76317
76216
76481
76781
76735
76835
76554
76672
76988
76527
76843
76827
76590
76769
76616
76631
76239
76473
76354
76862
76380
76869
76592
76184
76677
76203
76923
76943
76767
76198
76271
76205
76240
76451
77014
76932
76587
76910
76258
76211
77004
76381
76774
76312
76657
76685
76697
77034
76730
76260
76710
76768
76372
76199
76447
76978
76560
76832
76277
76555
76408
76728
76695
76276
76577
76680
76644
76884
76708
76911
76520
76250
76700
76861
76521
77029
76770
76521
76520
76767
76832
76554
76250
76602
76835
76554
76884
76317
76184
76644
76700
76861
76700
76483
76616
77029
76372
76408
76277
76861
76861
76590
76520
76770
76911
77014
76211
76629
76198
76202
76861
76911
76521
76590
76473
76480
76644
76590
76735
76911
76521
76700
76770
77034
76403
76202
76770
76250
76456
42672
42604
42801
42269
42124
42984
42217
42259
42380
42792
42170
42253
42495
42949
42409
42457
42440
42136
42785
42171
42462
42414
42716
42144
42631
42874
42849
42149
42793
42689
42712
42675
42975
42325
42693
42619
42523
42758
42581
42354
42644
42634
42601
42250
42429
42498
42211
42513
42331
42125
42319
42929
42924
42902
42400
42366
42650
42337
42954
42799
42172
42140
42142
42706
42193
42410
42340
42432
42273
42741
42426
42745
42343
42130
42615
42820
42843
42396
42220
42560
42973
42691
42771
42534
42433
42389
42535
42884
42508
42508
42498
42884
42535
42535
42259
42534
42534
42389
42884
42337
42949
42771
42340
42984
42949
42973
42691
42884
42691
42409
42149
42142
42758
42142
42124
42331
42902
42534
42220
42389
42534
42534
42325
42171
42884
42771
42508
42771
42691
42771
42409
42124
42331
42973
42457
42457
42675
42924
42771
42508
10706
9960
10690
10450
10679
10674
10486
9984
10607
10178
10723
10243
10529
10548
10469
10002
10167
10599
10353
10275
10429
10421
10541
10651
10072
10152
9920
9902
10081
10124
9936
10143
9951
10058
10629
9927
10384
9962
9969
10734
10731
10431
10504
10175
9865
10206
9943
10570
10576
10093
10016
10507
9974
10311
10750
10457
10540
9858
10173
10317
9895
10370
10225
10280
9857
10442
10618
10137
10667
9904
10682
10251
10320
9958
10159
10532
10693
10371
10325
10395
10073
9926
9878
10395
10206
10093
9878
10371
9895
10486
10629
10325
9858
9878
10325
10693
10016
10325
10371
10507
10178
9926
10371
9878
10693
10251
9878
10016
10532
9926
9962
10693
10325
9926
10690
9878
9926
9969
10576
9926
10618
10442
10693
10143
10693
10532
10173
10706
10540
10081
74688
74955
74685
74977
74570
75196
74574
75203
74405
74822
74908
74473
74481
74443
74820
74477
75262
75088
75145
74801
75220
74421
75255
74652
74998
74392
74542
74463
74642
74661
74668
74456
75197
74733
74710
74974
75244
74826
74654
74600
74605
74606
75049
75045
74899
74678
75047
74946
75115
74784
75086
74718
74751
74533
74602
74949
74479
74859
75162
75064
74395
74584
75112
74607
74736
74617
74369
75143
74424
74686
75000
75079
75184
74967
74965
74552
74761
75009
74781
74724
74587
75104
74763
75102
74482
75125
74996
74857
75031
74835
74609
74474
74833
74589
75208
74602
74801
75208
74801
74392
75079
75143
74833
74456
74801
74482
75000
74473
75031
74668
74609
74584
74784
74570
74833
75031
74661
75064
74477
74477
74833
74609
74946
75086
74609
74424
74859
74474
74587
75047
74661
74668
74835
74481
75086
74835
74835
75102
74857
75255
74857
75031
74820
75203
74833
74589
75208
74474
74724
71822
71769
72555
71916
71681
71728
72368
72437
72249
72204
71823
72350
72462
71877
72223
72554
71990
72361
72064
72532
72266
72319
71732
72376
72383
72405
72519
72254
72553
72094
72169
71810
71881
72370
71903
71755
71742
71950
71948
72221
71807
72185
72372
72157
72323
71930
72102
72556
72051
72004
72422
72109
71751
72300
71821
71809
71753
72470
72240
71819
71701
72100
71898
72448
71763
72218
72424
72087
72521
71974
71804
72172
72073
71744
72333
72324
72322
72415
71908
72528
71709
71839
71908
71709
72415
72415
72324
71839
72333
72064
72324
72094
72157
72322
71839
72240
71732
72415
72370
72528
72319
71807
71709
72370
71908
71810
71709
71709
72223
72415
71709
72333
71839
72372
72528
72437
72004
72319
72087
71908
72528
72532
71908
72169
72223
71709
72333
72415
71908
8243
8701
8391
8416
8737
8698
8667
8645
8565
8543
8852
8296
8802
8530
8879
8648
8264
8680
8914
8431
8564
8937
8656
8387
8845
8418
8133
8641
8722
8899
8213
8324
8801
8526
8339
8762
8151
8139
8129
8554
8755
8285
8464
8076
8287
8791
8604
8499
8215
8427
8466
8732
8538
8947
8505
8170
8169
8228
8437
8632
8362
8811
8934
8274
8276
8095
8078
8620
8107
8434
8471
8319
8096
8824
8584
8780
8655
8234
8707
8322
8319
8322
8584
8698
8078
8852
8322
8707
8139
8431
8322
8824
8391
8680
8801
8565
8584
8170
8133
8285
8234
8824
8391
8234
8737
8322
8655
8264
8584
8096
8707
8322
8780
8584
8620
8780
8914
8762
8322
8780
8170
8914
8319
8824
8466
8707
49240
48955
48866
49128
49076
48696
48393
48638
48595
49262
48385
48644
48766
48669
48642
48449
48403
48782
48485
48830
48784
48654
48978
48859
48388
48415
49086
48943
48678
48681
49191
49136
48723
48949
48412
48486
48721
49130
49055
48481
48885
48800
48690
48530
49257
48806
49093
48558
48912
48387
48984
48516
48686
48482
48505
48751
48390
48709
49221
48402
49053
49008
49209
48801
49014
48970
49106
48809
49261
49132
49120
49175
48583
48509
49243
48550
49109
49247
48765
48547
49098
48634
49097
49204
48520
49060
49246
48433
48716
48899
48945
48581
49097
49055
48716
48899
48481
48516
48899
49246
48899
49060
48899
48800
48945
48402
49132
48978
48433
48581
48520
48866
48899
49261
49014
48581
48945
48716
48403
48433
48899
49130
49093
48859
48899
48390
48581
48644
48433
48550
48678
48716
48402
49246
48723
49060
48945
48899
48509
49076
48669
48520
48654
48433
23126
22934
23009
23195
22784
22462
22407
22926
22600
22678
22869
22843
23097
23166
22472
22533
23087
22919
23050
22991
22928
23000
23032
23138
22632
23289
23103
22907
22687
22799
22508
23158
22519
23165
22652
23148
23257
22985
23018
23173
23054
22890
23276
23008
22529
22877
22507
23048
22736
23112
22803
22449
23201
22625
22616
22933
23093
22897
23282
22953
22931
23092
22761
22549
22925
22774
23151
23058
22974
23029
22924
22806
23225
23067
23249
22959
23191
23185
22664
23194
22640
22989
22878
22805
23113
22648
22452
23128
22982
22408
23060
22404
22549
22664
22664
22805
23148
22982
23173
23113
23249
23000
22919
22408
23128
22404
23225
23060
22982
23128
23151
23113
23185
23067
22507
23054
22687
22549
22648
22982
22907
22452
23128
22404
23097
22953
23112
23128
23113
23126
22974
22452
23128
22925
23113
23128
22408
22408
22462
22687
22452
23128
23054
22404
27591
27567
27607
27218
27708
27001
27171
27518
27341
27039
27148
27488
27586
26934
27072
27023
27011
27131
27154
27373
27378
26956
27179
27314
27691
27507
27217
26914
27479
27128
27773
27245
27201
27256
27232
27775
27342
26922
27032
26917
26921
27300
26996
27361
27137
26955
27079
27308
27196
27151
27751
27249
27457
27160
27698
27732
27721
27281
26993
27664
27043
26990
27444
27723
27135
27558
27491
26975
27530
27031
27369
27573
27629
27653
27684
26894
27728
27212
26910
27328
27632
27294
26985
27037
27052
27033
27434
27544
27122
27551
27218
27434
27544
26985
27308
27544
27171
27122
27544
27551
27530
27434
27033
27052
27691
27728
27122
27052
27245
27122
27154
27698
27629
27052
27551
27544
27249
26985
27551
27037
27434
26985
27033
26985
27728
27378
27196
27037
27691
27544
26894
27039
27378
27196
26910
26985
27479
27037
27122
26985
27011
16796
16602
16583
16894
16414
16314
16592
16926
16183
16451
16420
16763
16701
16459
16630
16880
16682
16676
17021
16936
16298
16688
16276
16191
16537
16326
16282
16290
16837
16804
16658
16978
16838
16893
16888
16154
16209
16299
16559
16718
16694
16182
16426
16392
16553
16848
16557
16502
16643
16721
17010
16268
16886
16405
17009
16546
16141
16709
16554
16995
16147
16790
16564
16399
16578
16287
16839
16770
16391
16478
16309
16498
16600
16350
16591
16691
16604
16957
16384
16608
16634
17002
16677
16395
16142
16580
16131
16957
16142
16554
16592
16763
16131
16936
16936
16608
16676
17021
16451
16643
16131
16142
16131
16580
16580
17010
16602
16451
16677
16395
16350
17002
16131
16537
16276
16893
16142
16142
16888
16580
16420
16420
16498
16498
16131
16634
16287
16268
16459
16608
16395
16608
16209
16677
16142
16604
17002
73894
73557
74157
73526
73807
73540
73565
73507
74320
74056
73472
73524
74164
73952
74356
74306
73580
73980
74040
74226
73842
73500
74215
73652
73484
73853
73521
73624
73828
74153
73767
74050
73956
73639
74174
74252
74113
73707
74192
74171
74104
73651
73505
73555
74343
74162
73648
74106
73953
73845
74111
74281
74089
74335
73747
74135
73943
74322
74181
74141
74151
73813
74127
74330
74085
73904
73801
74081
74238
73934
74299
73788
73732
74250
73643
73826
73626
73864
74307
74166
74168
74102
74253
74231
73736
74365
74136
73641
73529
73641
74136
73624
73540
73641
73524
73484
73736
73747
74111
73641
73953
74136
73894
74104
74253
74181
74102
73801
73641
73472
74102
73624
73555
73500
74102
73943
74136
73641
74365
73736
73529
73952
74253
74102
73801
74253
73956
73641
74307
73651
73500
74136
74089
73736
73529
73853
73529
74238
74102
74040
75535
75422
75618
75894
75771
75942
75401
75272
75606
76135
75603
75567
75823
76110
75431
76106
75852
75793
75759
76074
75825
75368
75999
75888
75408
75329
76040
76087
75552
75745
75963
75525
75887
76010
75816
75550
75721
75576
75659
75269
75565
75442
75861
75517
75730
75370
75757
76002
75824
75522
75962
75749
76077
75448
75346
75532
75704
75344
75733
75451
75775
75608
75812
75312
76092
75541
75616
76083
75411
75900
75449
75697
75720
75702
75898
75779
75794
75928
75897
75729
75867
75818
75801
75736
76130
75602
75564
75549
75601
75789
75528
75726
76133
75564
75602
75549
75898
76087
75602
75928
76133
75564
75898
75726
75616
75431
75789
76083
75789
75525
75528
75564
76077
75749
75549
75963
75272
75451
75726
75789
75565
76110
75549
75344
75659
75602
76133
75999
75736
75812
75726
75825
76133
75370
75564
76110
75564
75602
75888
75812
75401
75448
75789
75528
75824
75726
36817
37271
36765
36905
37379
37611
37300
37432
37270
36916
37082
36878
36813
36911
37414
37630
37457
37289
37126
37179
37334
36778
37059
37590
37364
37015
37135
37339
37467
37356
37274
37515
37053
36915
37285
37249
36896
37445
37281
37029
37195
36772
37072
36893
36781
36984
37631
37421
36961
37426
36907
37570
37367
37614
37304
37207
36829
37547
37487
37508
37581
36950
37499
36899
36753
36948
37178
37613
37616
37182
37036
36865
37542
37189
37502
37228
37294
37134
36875
37173
37290
37455
37415
37532
37621
36926
37218
36883
37277
36961
37515
37277
37467
36829
36817
37621
37285
36781
37455
36950
36883
37532
37547
37379
37218
37218
37581
37532
37467
36926
36778
37547
36765
37532
37611
37179
37218
36883
36883
37277
37487
37445
36883
36865
37270
36883
36896
37277
36883
36893
37455
36926
36915
37207
37356
37532
36916
37334
37218
37277
78877
78858
79523
79717
79281
79013
79092
79541
79477
79116
79168
79444
79708
79455
79736
79710
79133
79011
79279
79129
78880
79347
79270
78872
79499
79416
79456
79178
79059
78908
78935
78979
79583
78896
79078
79098
79437
79371
79743
79558
78968
79095
79586
79364
79358
78941
79625
79232
78995
79405
79077
79101
79212
79282
79410
79487
78902
79176
79409
79641
78925
78887
79401
79537
78865
78967
79222
79071
79715
79316
79134
79050
79181
79261
79317
78869
78980
79719
79519
79308
79350
79017
79706
79633
79319
78920
79174
79238
79677
79470
79289
79741
79483
79224
79317
79371
79224
79741
79232
79717
79095
78935
79405
79238
79743
79437
79050
79741
79677
79741
79174
78920
79706
78880
79116
79741
79238
79289
79289
79232
79289
79677
79470
79677
79405
78896
79717
79134
79174
79741
78935
79238
79437
79437
79677
79487
79174
79444
79238
79281
79677
79741
79541
79437
78887
79583
79470
79095
34056
34136
34614
34656
34137
34848
34164
34256
34867
34357
34806
34795
34286
34316
34868
34562
34775
34423
34532
34118
34254
34267
34663
34833
34750
34686
34490
34756
34228
34520
34485
34607
34473
34939
34238
34553
34292
34345
34887
34179
34166
34834
34167
34202
34074
34839
34217
34682
34942
34760
34772
34936
34928
34133
34277
34088
34142
34344
34654
34360
34621
34083
34214
34680
34586
34664
34099
34617
34606
34708
34588
34776
34119
34640
34436
34741
34470
34934
34417
34209
34240
34901
34634
34158
34740
34637
34652
34084
34573
34205
34871
34734
34270
34734
34205
34270
34520
34240
34637
34734
34867
34806
34573
34119
34652
34083
34871
34656
34573
34614
34607
34205
34088
34270
34270
34074
34270
34871
34270
34652
34490
34637
34740
34634
34357
34637
34270
34656
34640
34490
34734
34614
34205
34734
34573
34423
34607
34270
34270
34871
34136
34436
34867
34637
34686
34573
34912
34079
34866
34818
34463
34393
34595
34844
34550
34348
34340
34760
34602
34758
34586
34613
34245
34686
34714
34223
34297
34527
34391
34662
34797
34053
34908
34639
34552
34238
34193
34585
34380
34931
34906
34757
34192
34750
34430
34611
34938
34808
34328
34412
34371
34163
34264
34683
34835
34165
34637
34478
34848
34072
34267
34366
34579
34217
34936
34817
34288
34486
34555
34603
34622
34259
34608
34775
34548
34248
34453
34624
34698
34927
34196
34294
34592
34065
34081
34312
34759
34289
34469
34309
34497
34420
34848
34469
34486
34906
34289
34760
34497
34420
34759
34486
34312
34469
34312
34469
34312
34759
34611
34835
34348
34497
34469
34081
34835
34759
34081
34412
34469
34309
34391
34622
34835
34380
34238
34760
34818
34469
34938
34309
34163
34267
34289
34760
34497
34686
34759
34608
34420
34245
34309
50575
50992
50719
50413
50723
50552
50849
50980
50232
50770
50508
51033
50871
50822
50637
50197
50984
50775
50374
50440
50206
50975
50909
50795
50763
50263
50592
50875
50545
50209
50732
50292
50247
50369
50597
50998
50885
50985
50441
50947
50968
50195
50422
50457
51011
50716
50819
50433
50751
50454
51038
50939
50661
51008
50650
50210
50191
50883
50606
50352
51005
50674
50760
50514
50905
50852
50766
50519
50902
50303
50488
50361
50784
50539
50437
50467
50803
50942
50572
50614
50765
50513
50476
50317
50262
50935
51005
50716
50984
50975
50992
50614
50883
50476
50262
50968
50209
50614
50875
50206
50935
50552
50935
50614
50476
50457
50770
50732
50476
50784
50476
50476
50513
50317
50303
50513
50902
50716
50262
50361
50513
50765
50317
50935
51005
50614
50765
50232
50352
50766
50998
50572
50539
50262
50476
45956
46086
46425
46361
45779
45801
46292
46572
46212
45942
45757
46472
46286
46164
46067
46515
46006
45872
46445
46481
46005
46197
45913
46573
46528
46484
46382
46224
46255
46363
46479
46040
46423
45885
46582
46204
46434
46381
46190
45995
46268
46386
46441
46203
46165
45700
45753
46176
46269
46543
45819
46343
45846
46044
45944
46574
46038
45793
45856
45784
46464
46588
46440
46485
46264
45727
46259
45863
46469
45865
46111
46553
46281
46295
46581
46325
46114
46377
46521
46117
46549
45715
45847
46250
46136
46065
46432
45904
46224
45847
45856
46136
45847
45956
46528
46464
46549
46040
46572
45727
46044
46574
46581
46549
45779
45727
46136
46432
46574
46190
45846
45913
46165
45904
46432
46203
45904
45904
46136
45847
45793
46582
46295
46549
46065
46481
46432
45819
46255
45847
46543
46423
46065
46255
46549
45784
45885
45801
43351
43096
43451
43535
43359
43158
43670
43160
43286
43484
43417
43770
43498
43384
43133
43136
43358
43733
43579
43212
43501
43786
43656
43596
43615
43033
43071
43745
43825
43374
43868
43866
43222
43893
43748
43793
43425
43622
43221
43206
43147
43512
43452
43244
43230
43272
43140
43161
43553
43371
43721
43870
43171
43799
43797
43540
43860
43894
43151
43813
43841
43232
43517
43698
43188
43198
43353
43776
43601
43220
43112
43044
43246
43242
43742
43490
43873
43758
43723
43739
43062
43015
43564
43717
43606
43327
43153
43222
43359
43153
43564
43564
43062
43198
43717
43062
43153
43062
43748
43860
43606
43153
43327
43371
43717
43622
43606
43015
43153
43220
43813
43501
43739
43015
43894
43327
43140
43893
43358
43044
43739
43153
43758
43153
43745
43417
43451
43062
43161
43153
43606
43417
43535
43739
43327
43717
43015
76572
76821
76628
76388
76464
76666
76587
76642
76255
77051
77008
76741
76750
76854
76704
76598
76412
76305
76732
76757
76526
76901
76790
76251
76908
76160
76396
76700
76502
76349
76477
76310
77037
76640
76550
76332
76316
76265
76493
76520
76739
76937
76570
76407
76853
76612
76462
76370
76746
76852
76584
76393
76770
76778
76423
76789
76504
76455
76167
76365
76729
76736
76516
76488
76966
76921
76452
76530
76605
76957
76838
76828
76536
76363
76236
76641
76219
76685
76662
76382
76192
76236
76641
76365
76746
76502
76901
76382
76365
76641
76219
76192
76219
76255
76382
76236
76464
76493
76789
76363
76396
76757
76685
76455
76828
76192
76729
76662
76685
76382
76662
76219
76236
76265
76462
76828
76685
76192
76550
76685
76192
76349
76838
76937
76363
76852
76236
63173
63275
63538
63030
63477
63180
63615
62812
63327
63261
63491
63272
63234
62962
63175
63000
62971
63554
62990
63083
62764
63340
63559
63132
63240
63046
63353
62939
63235
62761
63124
62881
63484
63051
62779
62873
62965
62766
63243
63304
63380
63325
63568
63409
63119
63007
63122
63541
63342
63375
62889
62991
62947
63025
63513
62957
63086
62977
63606
63135
63329
63057
62901
62834
62911
62824
63422
63084
63118
62752
62960
63236
63182
62785
62725
63253
63279
63578
62934
63058
63037
63149
63356
63017
63110
63157
63356
62812
63110
63356
62725
63058
63037
63017
63149
62991
63119
62947
63327
63149
63356
63149
63017
63110
63110
63058
62824
62934
63030
63017
63057
62934
62934
63356
63135
63058
63236
63058
63578
62725
63110
63541
63017
63058
63253
63110
63491
63110
63057
62934
62934
63279
62764
63236
63122
2510
1895
2406
2224
1877
1949
2397
2017
2004
2624
1935
1868
2572
1991
2078
2382
2153
1959
1930
1835
2368
2582
2619
2063
1834
2473
1845
2638
2010
2281
2484
1866
2274
2299
2163
2326
2361
2149
2186
1950
2525
2251
2053
2345
1799
2189
2201
1900
1861
2499
1977
2216
2599
2550
1926
2530
1825
2457
2027
1852
2642
2398
2171
1867
2231
2117
2294
2481
1887
1964
1904
1912
2359
2233
1841
2450
1856
2347
1875
1916
2475
2539
2633
2476
2519
2452
2590
2629
2487
2421
2415
2018
1992
2628
1978
1978
1959
2421
2018
2345
1912
2231
1991
1841
2539
2628
2397
2189
2421
2421
2638
2510
2216
1991
1912
2274
2628
1964
2487
1991
2415
1992
1992
2628
1992
2231
2421
2027
2628
2415
2539
1799
1949
1930
2326
2421
2519
1992
2476
2530
2415
2475
2027
2628
1856
1834
2628
2361
2481
71806
72160
71980
72368
72409
72064
72211
72007
72276
71694
71817
72481
72382
72076
71812
72303
72505
72136
72077
71766
71803
72456
72079
72562
71820
72467
72416
72233
72088
72125
71688
72466
71874
71995
72291
72214
71810
71956
72507
72089
72241
72288
72326
72484
72371
72102
72174
72346
71727
71807
72085
72058
72067
71841
72189
72443
72182
72380
71982
71725
72522
71744
72052
72521
71815
71891
71768
72414
71831
72010
72537
71960
71863
71887
72028
71835
72029
72440
72553
71714
71680
72213
72008
72520
72215
72314
71996
72294
72497
72514
72143
71864
72215
71996
72514
72125
72314
72314
72346
71980
72294
71996
71996
71864
72314
72028
72497
72088
72214
72008
72214
71831
72052
71995
72467
72213
71744
72010
72497
71996
72314
71996
72294
71863
71768
72314
72064
71863
72497
72143
71864
72553
72443
71996
71864
71810
72371
71841
72497
71831
71864
71766
72497
72505
72783
72910
72695
72645
73053
73115
73271
73146
73351
72767
73142
72601
72915
72623
72831
72833
72920
72950
72811
73143
73329
73466
73462
73099
73059
72738
72583
72844
73027
72982
73060
73021
72964
72963
73301
72621
73121
72707
73129
73135
73083
72882
72904
73299
73289
73423
73088
73033
72656
73316
73257
72708
72632
73216
73447
72896
72788
72649
73276
72796
73309
72975
73144
72944
73194
72770
72681
72956
73371
73344
73302
72715
72981
73434
72673
73248
73246
72611
73068
72878
73304
72660
72839
73385
72845
72801
72579
73226
72700
72591
73142
72579
72700
73423
73135
72801
72591
73385
73088
72801
72673
73466
73068
72601
72839
72660
72579
72591
73226
72632
72956
72601
73309
73271
72920
72845
72964
72700
73027
73144
72673
72583
72845
72801
72882
72839
72788
72591
73385
72956
72700
73135
72944
72591
72700
73226
72839
72649
72845
72845
72845
78075
78546
78800
78169
78831
78828
78467
78377
78837
78502
78120
78444
78520
78761
78219
78732
78402
78088
78388
78677
78172
78565
78162
78154
78822
77963
78258
78691
78749
78320
78611
78552
78810
78393
78535
78122
78630
78730
77989
78363
78362
78627
78358
77985
78231
78508
78312
78189
78048
78138
78159
78210
78621
78222
78300
78485
78782
78696
78235
78544
78527
78045
78067
78625
78268
78832
78769
78395
78311
78052
78109
78137
78073
77981
78845
78350
78719
78192
78430
78522
78650
78042
78437
78727
78363
78749
78810
78395
78437
78845
78042
78109
78189
78393
78522
77963
78258
78621
78437
78727
78437
78769
78067
78522
78437
78650
78650
78502
78749
78137
78650
78727
78822
78719
78067
78219
78719
78192
78192
78719
78430
78621
78625
78502
78719
78437
78437
78810
78192
78192
78727
78719
43635
43594
43398
43480
43690
43244
43404
43470
43193
43045
43606
43699
43411
43129
43054
43828
43895
43787
43206
43477
43887
43450
43320
43237
43698
43185
43066
43380
43529
43825
43897
43589
43587
43457
43170
43281
43379
43643
43488
43114
43688
43778
43669
43876
43378
43706
43462
43640
43208
43168
43794
43508
43486
43015
43890
43126
43705
43351
43323
43702
43641
43106
43485
43700
43519
43218
43648
43835
43195
43755
43431
43012
43608
43442
43528
43356
43424
43829
43573
43712
43556
43664
43711
43571
43438
43780
43072
43043
43782
43544
43359
43697
43627
43493
43697
43106
43356
43544
43698
43486
43493
43627
43493
43493
43378
43457
43648
43168
43359
43664
43493
43378
43544
43493
43688
43697
43587
43697
43493
43072
43170
43835
43688
43711
43669
43897
43378
43072
43106
43640
43544
43697
43528
43043
43627
43072
43281
43480
43323
43359
43072
43168
43359
43688
43782
43544
43351
43126
23594
23700
23774
23583
23959
23733
23568
24004
24103
23699
24180
23738
24059
23334
23549
23519
24167
24173
23435
23793
23497
24137
24098
23880
23930
23781
23566
23410
23639
23904
23446
24097
23350
24021
24072
23885
23586
24133
24131
23367
24159
23386
23317
23479
23939
23796
23742
23341
23790
24119
23842
23408
23994
23906
23631
23413
23697
23602
23826
23564
23902
23768
23783
23875
23945
23776
23503
24154
24171
23537
23318
24186
23385
23565
23553
23516
23625
23753
23967
23676
23572
24018
23780
23836
23900
23511
23774
23939
23780
23994
23511
23900
23902
23511
23676
23537
23519
23625
23900
23410
24167
23511
23780
23334
23566
24097
23945
23317
23945
23700
24103
23572
23408
23742
23967
24072
23967
24154
23780
24072
23781
23904
23836
23413
23317
23594
24021
23768
23967
23930
23511
23945
23900
23350
23676
49146
48915
48717
49148
49023
48898
49232
48657
48651
49272
48426
48948
48959
49058
48970
48707
49144
48985
48604
48408
48588
48574
49024
48418
48856
49025
48764
48830
48389
49249
49114
49228
48734
48542
48817
49018
49275
49183
48439
48511
49145
48754
48546
48595
49048
48422
48517
49005
48996
49266
49021
48795
48774
48584
48608
48405
48998
48553
48635
48750
48793
48745
48655
48387
48634
48414
48834
48995
49042
48991
48504
49206
49218
48665
49197
48445
48568
49083
48858
48597
48551
48410
49209
48533
49027
49007
48749
49261
48479
48955
48718
48388
48406
48683
48515
48955
48479
48834
49261
48479
49023
48657
49048
48388
48830
48422
48655
48764
48995
48408
48406
48754
48479
48479
48655
48718
48985
48388
48445
48479
48418
48517
49261
48479
48406
49228
48479
48683
48597
48388
48515
48406
48388
49275
48970
48754
48414
48533
48683
48898
48406
48683
48517
48406
48764
48406
49272
48634
48985
75721
75713
76058
75601
75571
76050
76120
75726
75906
75772
75768
75542
75645
75852
76158
75448
75642
75554
75989
75384
75393
75486
75790
75722
75415
76135
75559
76018
75864
76095
76094
75518
75758
75874
75745
75894
75303
75281
75769
75327
75991
75555
76159
75602
75636
75878
75824
76116
75581
75846
75968
75690
75736
75535
76000
76129
75372
75710
75700
75399
75466
75958
75841
75613
76071
75695
75938
75764
75421
75490
75615
75294
75436
76059
75725
75705
75533
75903
76015
76074
75285
75648
75572
75390
75384
75958
76074
75303
76158
76135
75390
75648
75726
75648
76074
75878
75648
75824
75722
76000
76018
75390
75535
75533
76015
75533
75903
75572
76120
75903
76116
75466
75393
75390
75864
75572
76015
75518
75535
75648
75601
75571
76074
75542
76074
76015
75533
76074
76094
76059
75390
75722
556
573
651
458
531
173
670
64
894
545
629
216
540
304
290
460
532
101
770
774
422
791
463
442
413
254
765
279
863
823
138
756
8
895
238
306
524
716
94
190
301
856
760
784
414
445
299
492
284
152
745
835
875
314
281
30
263
474
663
572
198
852
700
783
170
779
506
613
444
416
245
452
608
803
666
335
530
95
699
709
562
485
454
309
868
624
580
624
868
309
454
608
760
868
624
485
309
485
666
452
284
624
562
460
444
485
770
485
580
709
454
309
624
894
624
94
506
783
670
760
624
856
474
309
492
663
452
670
784
485
485
309
309
895
624
791
492
46853
47036
46955
46789
46849
47410
46851
46773
46635
46654
46890
46746
46681
47293
47114
47033
47045
46848
47058
47324
46694
47478
46969
46732
46643
46847
46925
46676
47238
47180
46686
47177
47132
46947
47278
47265
46614
47415
46940
47010
46975
47234
46695
46833
46821
46916
47464
47152
46919
46642
47148
47232
46861
46784
46782
47444
47318
47168
47104
47480
47079
47025
47012
47319
46801
47466
47093
47279
47197
47300
47325
46640
47390
46877
46723
46804
47153
46690
46593
47003
46633
47353
47411
46654
47012
46633
47153
46821
47415
46861
46804
46690
46732
47353
47153
46676
46593
46804
47025
47464
46804
46804
47324
46848
47411
46593
47114
47411
46690
46593
46690
47177
46969
47353
46804
46593
47353
46833
46784
47132
46695
47353
46848
46686
47411
47058
46975
46804
46916
47444
62762
63156
63312
62722
63046
63193
62797
63511
62792
62902
62805
63434
63255
62813
63589
63112
63184
63424
63333
62927
63549
62904
62966
63093
63538
63534
62912
63308
63542
62955
63498
63432
62956
62737
63364
63099
62999
63262
63008
63471
63316
63437
63047
62803
63148
63058
63204
63557
62777
63172
63315
63023
63601
62868
62830
63443
63260
62952
62752
62871
62997
62900
63125
63419
62991
63142
63487
63261
63522
63062
63363
63420
63570
63476
62833
63307
62745
62866
63458
62755
63031
62790
63513
63388
62786
63050
63447
63032
63277
63236
62753
63517
63043
62820
62771
63538
63043
63542
63534
62762
63043
63538
62797
63517
63517
62771
63236
62771
63517
63589
62803
62755
62753
63031
62997
63043
63277
62866
63046
63277
62771
62753
63277
63032
63043
63307
62820
63363
63277
63308
62777
62771
63517
63193
63517
63058
62771
62753
63557
62786
62777
62762
63315
63032
63513
63236
63043
63277
63549
47370
46723
47442
47238
47265
46984
47398
47349
47430
46658
46716
47166
47038
47116
47473
47477
46612
46712
46619
47212
46817
47450
46595
47193
47256
46661
47195
46877
47456
47177
47426
47161
46660
47261
47070
46642
47485
46793
46731
47103
47298
47007
47274
46764
47132
46616
46944
47413
47276
47128
47064
47068
47435
47094
47463
47099
47395
46678
46876
47279
47194
47067
46729
47306
46986
47110
46724
46694
46699
47168
46935
47029
47255
47263
47383
47344
47206
47002
46905
47036
47036
47298
46944
47263
47450
47002
47477
47413
47036
46694
46905
47255
47002
47036
46694
47036
47263
47473
47306
47036
47485
47002
47002
47103
47344
47036
46595
47255
46905
46905
47463
47477
47036
47263
47383
47195
47255
47263
47036
46984
46905
47110
47067
47344
47002
47383
5988
6067
5659
6170
5938
5878
5635
5867
5892
5502
5492
5566
5947
5537
5788
5981
6251
6056
5979
5577
5673
6139
5753
5501
5838
5612
5960
5545
6195
5506
5516
5968
5602
5460
5827
6036
5847
5898
5817
5719
5384
6188
5626
5957
6042
6078
6114
6206
6240
5825
5758
6232
6152
6035
6039
5432
5699
5709
5869
6085
6052
5882
6118
5870
6175
6241
5952
5456
5845
5683
5584
5451
5504
6061
5684
5592
5685
6032
5702
5587
5734
5629
5890
6088
5629
5938
5979
5869
5734
5838
5629
6078
5501
5602
6032
5890
5869
5952
6188
5734
5734
6032
6032
5702
5592
5587
5734
5577
5685
6032
5629
5702
5587
5545
5734
6206
6188
5734
5629
6032
6088
5587
5629
6032
6152
5702
5734
5626
5847
5702
5702
5506
39340
38926
39165
39254
39240
38701
38675
39207
38783
39111
38819
38532
39029
39384
39408
38613
39296
38983
38780
39210
38830
38762
38810
38922
38920
38591
39348
39167
38876
39381
38793
39011
39229
38578
39266
39205
38579
38955
39387
39343
39338
39415
39112
39066
38606
38580
38980
39119
39320
38894
38638
38928
38722
38873
38664
38604
39393
39175
39308
39283
38615
39285
38709
38528
38702
38697
38826
39176
38637
39027
38874
38936
38596
39399
39054
38570
39149
39370
38974
38787
39208
39363
39069
39277
38871
38804
38652
38724
39277
38804
38926
38804
39149
38783
38652
39338
39393
39029
38615
38596
38804
38871
38762
39363
39384
38830
39370
39363
38871
39363
38804
38638
39054
39363
39069
39069
39363
39254
38871
39210
38871
38604
38702
38826
38804
39027
39069
39149
38652
38804
39363
39343
39363
39338
39069
38936
39029
39208
59276
59358
59240
59503
59548
59984
59682
59921
59310
59377
59432
59323
59692
59392
59868
59148
59880
59264
59287
59879
59888
59393
59540
59314
59538
59624
59989
59219
59780
59384
59935
59297
59146
59278
59456
59388
59991
59911
59395
59298
59383
59685
59570
59587
59955
59176
59969
59594
59621
59530
59166
59454
59927
59273
59769
59885
59338
59803
59785
59812
59972
59740
59905
59684
59641
59791
59859
59572
59861
60009
59617
59445
59189
59688
59853
59647
59634
59978
59212
59986
59595
59801
59482
59318
59435
59840
59959
59156
59382
59359
59594
59240
59634
59684
59287
59359
59264
59435
59959
59885
59840
59647
59647
59382
59384
59383
59780
59392
59393
59791
59621
59840
59785
59769
59740
59984
59840
59359
59384
59156
59377
59769
59647
59318
59383
59359
59955
59359
59318
59359
59959
59435
59212
59454
59156
59641
59382
59318
59482
59853
59959
63477
63087
63004
63486
62895
62886
63099
63316
63060
63064
62823
62920
63556
63586
63564
62913
63444
62755
63480
63055
63347
62788
63079
63021
62818
63315
63143
62933
63395
63425
63082
62832
63485
63440
62821
62746
63330
63140
63229
63036
63070
62829
63408
62955
63546
63159
62954
63131
63494
63084
63471
63339
62730
63063
63565
62751
62977
62786
63223
62963
63228
62865
62864
62962
62987
62857
63149
63438
63218
63234
63525
63197
62760
63446
62923
63414
62896
62941
63368
63278
62834
62863
63248
62802
63171
62784
63258
63357
62760
63159
63036
63357
63070
62913
63248
63070
63565
63357
62933
63171
63143
62863
63218
63347
63099
63408
62923
63258
63486
62863
63004
63258
62784
63258
62834
63248
63171
62863
62755
63565
63357
63248
62818
62863
63357
63087
63248
62746
63171
63485
62802
63248
63258
62834
63140
63477
63171
62863
27255
27221
27643
27346
27464
27190
27016
26928
27618
27363
27658
27030
27581
27577
27010
27575
27117
27491
27245
27313
27653
27589
27355
27013
27552
26967
27380
27266
27693
27679
26958
27607
27415
27699
27662
27494
27656
27452
27476
27447
27388
27612
27736
27722
27344
27382
27756
27367
27633
27328
27259
26945
27102
27392
27371
27753
27751
27745
27011
27688
27098
27501
27429
26966
27425
27467
27108
27509
27347
27538
27531
27742
27044
26922
27164
27398
27728
27110
26919
27161
27249
26999
27481
27138
27206
27229
27637
27393
27299
27402
27658
27011
27693
27481
27164
27447
27190
27138
27402
27467
27229
27577
27538
26958
27491
27637
27728
27229
27745
27393
27299
27393
27011
27481
26999
27393
27637
27393
27393
27693
27662
27481
27108
27637
27402
27425
27347
27398
27589
27491
27577
27464
27011
27637
27494
27637
27618
27355
27138
27756
27347
79134
78945
78871
79558
79166
79413
79285
79266
79343
78931
79382
79276
79111
79127
79000
79291
78977
79636
79147
79155
79691
79357
78908
79560
79112
79424
79409
79272
79329
78932
78965
79672
78864
78968
79362
79322
79325
79645
78862
79084
79096
79008
79182
79643
78896
79557
79140
79523
79148
79077
79652
79620
78877
79098
78985
79163
79708
79233
79281
79639
79390
79427
79476
79743
79342
79521
79110
79463
79678
79543
78909
79066
79502
79642
78906
79115
79665
79081
79373
78951
79708
79342
79642
79373
79691
79502
79642
79115
79373
79325
79115
79665
79148
79111
79291
79081
79390
79115
78951
78906
79373
79390
79081
78906
78906
79642
78968
79642
79502
79558
78951
79373
79409
79502
78906
79665
79373
79708
79672
79140
79066
78906
79373
79373
79081
78951
65684
66160
65553
65831
66219
66126
65495
65954
65689
66279
66254
65745
65730
65622
65857
66189
66200
65732
65956
65565
65819
65950
65538
66145
66064
66047
65785
65469
66296
65517
66303
66034
66002
66244
66080
65726
65440
65595
66226
65604
65544
65607
65763
65976
65787
66015
65643
66253
65764
65931
65465
66118
65619
66093
66162
66051
65749
66068
65583
65928
65938
65438
65752
65436
66233
65915
65731
65454
65917
66141
66089
66270
65498
66007
66110
66053
65869
65624
65777
65673
66215
66216
65709
65542
65774
65593
65695
66128
66298
65752
65440
65726
66244
66034
66128
66216
66216
65542
66128
66298
65695
65436
65517
66270
65593
65764
65709
66216
66002
65542
66002
66015
65624
65709
65954
65777
66296
65593
65749
65465
65643
65622
65595
66128
65469
66216
65517
66298
66226
65593
65565
66007
65774
66298
66244
66244
65593
66015
66015
66233
13003
13286
12741
13287
12655
13048
13270
13439
12838
13241
13289
13427
13218
13364
12691
12993
13290
12653
13085
12778
12679
13414
12692
13243
12830
12568
12709
12762
13158
12757
12947
13225
12676
13031
12940
12648
13016
12962
13379
12821
13271
12575
13328
13226
12827
12585
12828
12942
12888
13223
12919
12645
12626
12711
13109
12930
12780
13060
12625
12669
12560
12902
12550
12683
13268
13434
13367
12678
13088
13279
13161
12582
13032
13337
13209
12842
13239
13195
12890
13145
12909
12717
13356
13082
12682
12711
12940
12909
12717
12909
12625
13145
13367
13195
13145
13356
13195
13195
13414
12909
12909
13082
13032
12888
13226
12682
13356
12691
12585
12909
12682
13356
12909
12669
12757
13145
12830
12648
12821
13270
12679
12625
12942
13287
12626
12741
13195
12692
12682
13145
12993
12648
12909
68679
68519
68886
68134
68230
68336
68310
68173
68928
68431
68926
68731
68894
68734
68624
68834
68571
68455
68213
68567
68465
68552
68904
68980
68126
68298
68267
68297
68110
68934
68660
68634
68647
68154
68909
68540
68099
68715
68385
68164
68572
68440
68108
68269
68910
68847
68382
68220
68322
68120
68144
68550
68621
68736
68655
68529
68601
68761
68453
68977
68813
68896
68592
68428
68444
68795
68650
68442
68101
68697
68924
68684
68867
68195
68406
68439
68140
68399
68729
68544
68276
68350
68496
68518
68732
68394
68789
68498
68227
68970
68227
68734
68834
68732
68394
68909
68440
68498
68154
68213
68227
68394
68399
68195
68734
68227
68230
68789
68227
68498
68761
68518
68731
68227
68567
68715
68444
68660
68761
68572
68970
68732
68394
68624
68789
68732
68154
68601
68909
68715
68394
68518
68761
68732
68970
68455
68110
68465
68267
68428
68498
44093
43978
44062
44777
44159
43908
43931
44469
44703
44253
44372
44579
44422
44493
44261
44710
44505
44021
44280
44143
44049
44626
44216
44089
44252
44698
44301
44293
43924
43911
44498
44456
44707
44645
43904
44245
44406
44734
44454
44121
44321
44573
44524
43951
44618
44114
43935
44111
44179
44798
44744
44155
44745
44556
44319
44250
44758
44097
44032
44506
44431
44234
44348
44653
44452
44177
44535
44599
44520
44358
44641
44725
44355
43932
44658
44414
43948
44340
43949
43929
44724
44182
44290
44005
44188
44784
44149
44157
44359
43936
43956
44706
44715
44654
44509
44509
44406
44509
44654
44509
44359
44234
44454
44509
44715
44250
43936
44509
44706
44715
44724
44359
44340
44431
43956
44157
44372
44021
43956
44658
44599
44049
44157
44359
43936
44093
44706
44645
44618
44509
44706
44509
44179
44706
43956
44422
44706
44654
44784
44155
44431
44798
44706
44744
44715
44715
44021
44121
44715
21110
20980
20671
20902
21194
21246
21158
21139
21114
21149
20745
21215
21179
21121
21107
20755
21087
20977
20914
21366
20890
20753
20778
20613
21049
20686
21311
21324
21175
20978
21316
20649
21032
21229
20782
21217
21454
21157
21086
21410
21303
20845
21268
21146
21050
21411
21310
20643
20997
21427
21098
20751
20920
21489
20815
21206
20646
20859
20774
21495
20697
20871
20861
20664
20806
20699
21165
21321
20802
21188
21448
20852
20855
20628
20688
20719
20722
21428
21497
21128
20877
21292
21128
21128
21292
20722
21411
20877
20719
20877
21032
21428
21292
21188
21292
21215
21268
20877
21128
21428
21311
21188
20628
20877
21114
20802
20845
21427
20755
20688
21206
20877
21410
21489
20753
21098
20802
20877
21310
20861
20774
21292
21428
21158
20688
21292
21428
21128
20722
1448
1572
1361
1058
999
1027
1023
1690
1777
1716
1270
1548
973
1481
938
1545
1176
1256
1644
1711
1287
1071
1742
1208
1731
1636
1173
1323
1601
1083
1050
932
992
1296
1240
1331
1313
1118
1543
1706
1137
1512
1113
1590
1257
933
1430
1055
1190
1089
1645
1030
1288
1786
1226
1142
1585
1447
989
1179
910
1136
950
1554
1402
1217
1216
1505
1670
1435
1186
963
1584
1775
1059
958
1040
1185
1437
1200
1090
1667
1250
946
1395
1182
1667
932
1217
1182
1250
1250
1636
1437
973
1742
946
1050
1176
950
1250
1395
1250
1777
1182
1667
1250
1481
1200
1395
1200
1667
1775
1176
1742
1023
1777
1200
1250
1601
1584
1090
1435
1250
1402
1250
910
1200
1185
1027
1200
938
1182
1667
1430
36523
35929
36134
36661
36025
35926
36648
36597
35931
36271
36529
36031
36021
35874
36693
36563
36240
36716
36509
36578
36725
36173
36452
35930
35886
35843
36574
36122
36694
36097
36034
36243
36706
36060
36241
36113
36137
36703
36055
36683
36004
36606
36636
36416
36667
36653
36268
36442
35935
36098
35990
36000
36546
36618
36564
35847
36486
35897
36314
36484
35993
36009
36292
36247
36575
36352
36084
36166
36684
36312
36360
35888
36482
36359
36296
36398
36167
36524
36333
35948
36678
36456
36063
36032
36393
36608
36221
36690
35880
35854
35884
36688
36645
35901
36122
36716
36645
35993
36636
36688
36563
36360
36484
36034
36645
36694
35884
36653
36608
35884
35931
36645
36636
36688
36004
35931
36352
35901
36645
36688
36546
36645
35854
35897
36578
36645
36084
35880
35880
35880
35884
35901
36456
35854
36240
36645
35884
35880
36683
35880
35993
36690
35901
35880
35854
35880
35854
36173
69025
69081
69725
69681
69675
69304
69573
69395
69128
69562
69258
69018
69463
69816
69434
69685
69653
69883
69597
69821
69328
69194
69609
69047
69550
69471
69543
69209
69667
69664
69293
69761
69502
69404
69460
69695
69630
69016
69043
69440
69509
69151
69310
69302
69400
69433
69393
69378
69614
69308
69696
69567
69219
69842
69692
69831
68996
69688
69570
69640
69838
69207
69522
69410
69847
69154
69690
69753
69356
69738
69008
69534
69326
69335
69585
69177
69334
69798
69828
69429
69161
69576
69480
69803
69180
69840
69381
69571
69760
69141
69826
69597
69840
69161
69219
69798
69838
69571
69840
69381
69571
69831
69180
69180
69043
69308
69803
69154
69141
69690
69838
69828
69460
69798
69502
69761
69803
69429
69141
69151
69180
69571
69381
69293
69738
69803
69381
69141
69883
69543
69410
69761
69828
69025
69840
69803
69381
69760
69803
69293
69393
69180
69761
45495
44868
45098
45586
44804
45407
45366
44981
44881
44971
45296
44846
44987
45050
44925
45362
45409
45236
45295
44991
44835
45653
44915
45683
45437
45156
45418
44818
45682
44900
45479
45591
45267
45297
45450
45127
45208
45389
45514
45505
44814
44807
45515
44805
45506
44907
45471
45395
45454
45569
45566
45687
45274
45185
45150
45017
45575
44978
45101
45116
45342
45044
45063
45023
45602
45322
45596
45292
44916
45181
44874
45120
45091
45536
45304
45111
45245
45433
44918
45627
45276
45441
44859
45532
45651
45365
45236
44916
44804
45366
45441
45596
45441
45627
45441
45651
44868
45441
45627
45236
45506
45365
45532
44918
44846
45627
45532
45653
44818
45651
45586
45627
45627
45651
45116
44916
45276
45495
45627
45651
45653
45441
45653
44859
45532
44918
44918
45441
44859
44981
45586
44814
44859
44835
45274
55615
55790
56352
56060
56068
55808
55998
56014
56176
56055
55602
56303
55559
56124
56222
56295
55784
55576
56218
56012
55954
55831
56227
55853
56402
55593
55899
56074
55789
55881
55887
56287
56435
55638
56061
55719
56004
55723
56017
56208
56161
56005
55800
56294
55692
56113
55743
56130
55578
55672
56258
56112
55793
55685
55563
55921
55662
55644
56321
55713
55616
55749
55813
55580
55989
55752
55944
56098
55583
55626
56184
56162
55592
55924
55582
55735
55862
55594
55962
55874
55617
55619
56242
56032
56205
56282
56426
56038
55631
56288
55642
56023
56437
56236
56023
55662
55752
56402
56303
55642
55644
55594
55642
55602
55626
55944
56426
55559
55719
55800
55580
56112
55685
55582
55784
56437
55559
55592
56038
56208
56236
55713
55808
55631
56162
56023
56208
55954
56205
56288
56014
56113
56242
55583
56236
55743
55580
56236
55874
56402
56023
56038
55954
56435
56288
56112
55593
56098
35237
35490
35236
35216
35082
35637
35409
35198
35543
35514
35182
35270
35684
35721
35346
35759
35834
35299
35078
35671
35189
35561
35023
35510
35694
35816
35370
35621
35408
35358
35114
35751
35103
35428
35832
35285
35175
35794
35184
35263
34947
35343
35589
35105
35001
35050
35364
35378
35143
35195
35220
35742
35004
35063
35212
35651
35080
35038
35327
35351
35650
35144
35205
35649
35295
35125
35369
35160
35354
35119
35762
35484
35513
35373
35130
35166
35791
35317
35414
34976
35234
35226
35836
35316
35315
35677
35064
35701
35612
35257
35152
35221
35078
35677
35428
35428
35257
35175
35677
35354
35023
35184
35677
35514
35677
35152
35221
35023
35315
35064
35295
35023
35701
35221
35677
35315
35257
35428
35677
35408
35144
35023
35114
35221
35484
35257
35514
35677
35152
35114
35354
35195
35263
35315
35226
35612
35490
35152
35315
35152
35221
35317
35064
35543
59748
59852
59779
59173
59531
59482
59145
59570
59215
60005
59927
59408
59584
59221
59494
59731
60025
59240
59246
59304
59462
59138
59278
59880
59331
59219
59561
59181
59137
59396
59915
59189
59327
59628
59305
59707
59966
59771
59690
60022
59944
59659
59368
59790
59272
59251
59312
59197
59703
59536
59217
59406
59901
59854
59767
59697
59438
59280
59516
60028
59609
59769
59540
59917
59525
59768
59755
59787
59906
59599
59653
59403
59303
59169
59199
59798
59205
59428
59222
59420
59412
59275
59399
59537
59150
59793
59623
59364
59636
59309
59388
59858
59682
59569
59955
59251
59138
59659
59388
59305
59659
59309
59955
59428
59798
59682
59955
59150
59399
59561
59569
59858
59584
59388
59569
59221
59858
59396
59915
59569
59240
59653
59420
59536
59364
59854
59858
59217
59955
59636
59408
59858
59309
59703
59858
59787
59309
59272
59570
59428
59659
59388
59858
59609
59569
59368
59955
59854
59312
36964
37233
37616
36994
37309
37567
37503
37554
37480
37097
37623
37625
36894
37074
36813
36910
37629
37618
37573
37498
37300
37585
37033
37165
37204
37548
37342
37601
37391
36788
36820
37411
37239
37560
37068
37527
36909
36897
37227
37339
37505
37385
36915
37372
37016
37312
37438
37515
37174
37071
36901
36950
37541
37375
37142
37244
36996
37430
37334
37313
37367
36790
36881
36797
36965
37416
37265
37083
37011
36774
37184
36736
36796
37627
37004
37513
36827
37086
37320
37467
37604
36867
37025
36882
37160
37572
37493
37063
37217
37544
36962
37447
37292
37084
37544
37086
37174
36915
36962
36962
37292
37616
37447
37292
37342
37292
37084
37204
37265
37292
37086
37204
37217
36909
37063
37071
37544
37544
37447
37063
37227
37292
37217
37604
37548
37084
36774
37217
37480
37544
36881
37292
36797
37313
37375
37084
37447
37447
37554
37063
37544
37447
37292
37493
37544
37515
37493
37084
15939
15487
15425
15900
15316
15442
15605
15927
15995
15303
15550
15902
15764
15554
15576
15996
16036
15261
15707
15255
15378
15617
15488
15249
15674
15373
16051
16046
15664
15246
15626
15682
15520
15966
15340
15559
15879
15358
16112
16076
15536
15545
16066
15751
15720
15679
15392
15341
15662
15524
15807
15482
15984
15493
15908
15371
15696
15945
15824
16071
16126
15287
15410
15829
16095
15286
16082
15812
15567
15721
15404
15585
15403
15914
15266
15393
15466
15990
16048
16025
15601
16084
15866
15443
16068
15705
15378
15601
15812
15585
15550
15393
16112
15679
15524
16066
15995
15266
16068
15358
15371
15443
16048
16025
15617
15601
15812
15443
15705
15995
16126
15466
15442
15866
16048
16048
15246
15601
15751
16036
15900
15866
16071
15316
15829
16068
16084
16025
15866
15705
16036
15902
15866
15443
15410
40087
39607
40158
39938
40152
40106
39630
39552
40202
39999
40196
39833
39925
40127
40316
39770
39516
39787
40120
39477
39857
39824
39957
39944
39495
39779
39791
40184
39903
39536
40133
39756
39797
40279
39849
40117
39850
39506
39855
39848
39997
40020
39732
39468
40003
39669
39854
40188
39668
39821
39680
39841
40078
39438
39773
40006
39803
39745
39546
40136
39847
39543
39497
39648
39636
40025
39766
40285
39616
39615
39558
39691
39804
39500
39947
39576
39806
39828
40045
39837
39492
40031
39555
39507
39572
40080
40150
39863
40005
39848
39821
39558
40005
39636
40078
40196
39903
39507
39630
39572
39507
40150
40196
39507
39555
40080
40031
39863
39555
39833
39636
39756
39863
40285
40150
39863
39507
40031
40150
39572
39669
40188
40080
40080
40087
39607
40152
39507
40158
39507
39507
39855
39668
40150
39572
40078
39507
39572
39615
39863
77573
77738
77478
77198
77733
77124
77631
77398
77260
77721
77736
77121
77783
77161
77152
77727
77223
77570
77836
77136
77533
77552
77870
77673
77086
77884
77270
77708
77456
77490
77450
77458
77290
77457
77722
77793
77687
77367
77547
77235
77575
77131
77942
77308
77218
77480
77390
77651
77583
77342
77400
77066
77253
77261
77756
77559
77681
77106
77790
77233
77739
77735
77671
77340
77087
77286
77558
77425
77279
77409
77704
77761
77258
77950
77816
77166
77731
77898
77215
77939
77312
77813
77407
77185
77880
77514
77867
77393
77906
77518
77816
77631
77458
77906
77761
77185
77906
77867
77939
77185
77533
77731
77450
77552
77721
77867
77681
77722
77458
77185
77393
77218
77880
77342
77393
77258
77198
77223
77761
77816
77086
77290
77575
77253
77721
77450
77279
77308
77478
77733
77816
77518
77393
77681
77836
77258
77390
77166
77342
77152
77687
10508
10326
9887
10281
10248
9964
10431
10649
10191
10543
10091
10275
9891
10578
10399
10360
10403
9898
10304
9995
9856
10540
9999
9885
10734
10084
10505
10585
10075
10419
10418
9958
9924
10017
9867
10632
10447
10488
10293
10261
10728
10344
10294
10081
10309
10023
9873
10060
10518
10310
10158
10648
10112
10371
10085
10240
10226
10286
10350
10327
10511
9959
10449
10500
10569
9858
10211
10271
10531
10733
10189
10358
10680
10149
10715
10738
10722
10054
10459
10273
10356
10345
9890
10181
10181
10273
10356
10508
10081
9890
10181
10418
10431
10211
10085
10649
10294
10054
10459
9890
10356
9858
10248
10211
10722
10488
10345
10327
10326
10054
10649
10248
10211
10728
10181
10419
10500
9890
10419
10345
10189
10578
10345
10518
10271
10054
10722
10459
10733
10181
9999
10054
12244
12319
11690
11849
12421
12009
12263
11955
12528
12413
11662
12239
11948
11818
12325
11937
11712
12493
11833
11969
12226
12107
12284
12287
12404
12488
12251
11685
12394
12347
11881
12426
12438
11790
11900
12219
12203
12374
12106
12343
12076
12127
12046
12521
12088
12295
12044
12499
11817
12509
12393
12184
11975
12505
11720
11854
12447
11965
11665
12311
11865
12225
12274
12485
12129
12211
11871
12194
12120
11941
11945
12333
12364
12316
11847
11669
12188
11750
12170
12065
11892
11812
12364
11812
11965
12287
11892
12188
11865
12170
11945
11750
11669
11812
11955
11812
11812
11669
12188
12347
12188
12447
11812
12065
12287
11847
11847
11812
12325
12107
11812
12284
12065
12311
11892
11892
11790
11948
12343
11812
12188
12170
12106
11871
12127
11892
11750
12263
11871
41996
41321
42054
41330
41538
41969
41659
41703
41471
42022
41453
41772
42101
41568
41292
41543
41686
41654
41509
41646
41722
41253
41880
41593
41277
41892
41639
41984
42102
42082
41760
41225
41839
41773
41423
41732
41968
41430
41285
42096
41812
41444
41481
41660
41547
41935
41397
41993
41712
41737
41268
41470
41856
41522
41980
41979
41601
41920
41462
42090
41427
42012
41769
41807
41370
41466
41523
41854
41584
41357
41501
42003
41544
41678
41270
41563
41294
41540
42100
42110
41561
41955
41697
41955
42100
41996
41892
41423
41509
41712
41955
41466
41712
42090
41839
41593
41984
41330
41561
41732
41601
41593
41294
41277
42100
42110
41540
42102
41563
41268
42100
41839
42101
41397
41561
41540
42100
41563
42100
42100
41540
41979
41444
42100
41697
41357
41397
41980
41370
41979
74462
74567
74519
75166
75124
75180
74743
74429
74905
74795
74544
75238
74920
74785
74917
74689
74763
74667
75008
74583
74673
74816
74419
75069
75064
74904
75211
75262
74919
74547
74388
74958
74542
75239
74738
74925
74817
74549
74901
74980
75178
75034
75023
74664
74772
74846
75048
74586
74770
74582
74447
74774
74575
74617
74384
75240
74935
74668
74764
74410
74473
74848
74529
75130
74771
74523
74894
75155
74382
74609
74580
75085
74782
74687
74991
74418
74895
75213
75197
74658
75169
75051
74879
74656
75169
74658
74658
75124
75213
75213
74658
75240
75197
75048
74980
74895
75023
74770
75051
75213
74523
74879
74879
74617
74429
74879
74549
74895
74935
75051
75213
74770
74667
74925
74895
74656
74817
74656
74919
75008
75240
75197
74925
74658
74687
75169
74567
74905
74567
74816
74586
74658
75618
75918
76031
75295
76124
75699
75708
75719
75360
75522
75817
75611
75503
75491
75936
75467
76058
75388
75775
76046
75346
75524
75730
75852
76042
75588
75629
75525
76017
76093
75331
75438
75840
76082
76151
75829
75975
75433
75563
76035
76040
75856
75446
75424
75269
76104
76065
75448
75783
75951
75826
75337
76069
75933
75449
75312
75785
75864
76144
75960
75626
75406
75377
76129
75715
76157
75665
75824
75267
75387
76098
75425
75691
75885
75704
75434
75606
75310
76135
75599
75406
75388
75885
75606
75434
75524
75704
75606
75704
75331
75715
75433
75434
75826
75434
75434
75310
76031
75691
75840
75975
75438
75434
76157
75691
75691
76151
76157
75491
75691
75467
75525
75524
75691
75975
75434
75522
75377
75918
75606
75606
75824
75599
75406
75606
75337
43461
43146
43232
43411
43395
43755
43067
43793
43307
43879
43822
43489
43277
43114
43159
43014
43579
43116
43564
43009
43205
43454
43537
43616
43223
43521
43662
43165
43372
43868
43886
43143
43817
43554
43702
43607
43648
43296
43012
43321
43229
43602
43260
43800
43381
43127
43419
43026
43148
43413
43630
43733
43344
43502
43459
43390
43714
43448
43436
43582
43304
43580
43060
43230
43690
43766
43109
43445
43209
43417
43543
43079
43478
43330
43161
43275
43862
43671
43574
43076
43275
43702
43275
43372
43671
43671
43574
43671
43076
43296
43411
43862
43671
43012
43260
43076
43076
43395
43478
43502
43307
43419
43413
43800
43448
43574
43478
43817
43076
43574
43161
43478
43232
43330
43230
43229
43862
43395
43205
43690
43690
43436
43459
43330
43413
43076
21028
20861
20923
21389
20679
20729
20640
20878
21158
21487
20947
21058
21177
21339
21037
21068
20721
20756
21002
20943
21436
21096
21318
20771
21170
21459
20676
21174
20755
21469
21396
21208
21468
20728
20778
21110
21384
21183
21246
21264
21154
21129
20983
21272
20776
20872
21199
21297
21204
20673
21247
21022
20634
21261
21150
20907
20710
21344
21320
20964
21301
21181
21405
20950
20984
20805
21084
21338
20840
20671
21331
21421
20892
20827
21074
21034
20816
20734
21449
20936
20985
21187
21021
21113
20630
21112
21426
21113
20985
21113
20936
20778
21426
20936
20985
21112
20936
20734
21074
21187
20630
21264
21021
20728
21405
20816
20630
21426
20634
20630
21344
21199
20964
21112
21208
21181
20878
21129
21187
20936
20950
21421
21112
20985
20755
21468
21187
20936
20985
20985
21112
20964
21426
21028
21187
20827
20964
12088
11866
12407
11981
11657
12068
12463
12427
11950
11830
12361
12117
11809
12231
12385
12270
11672
12352
11949
11863
12172
12208
12292
11751
12146
12384
12064
12120
12055
11786
11819
12096
11683
11795
12403
12004
11967
11900
11721
12053
12303
11885
12236
11716
11974
12170
11964
12079
11927
12142
11777
11991
12076
11703
11937
12041
12474
12126
12523
12531
12317
11693
12346
11857
12094
12283
11669
12048
12358
11758
11975
12375
12462
12367
12007
11681
12327
11837
12050
11714
11891
11911
11678
12366
12286
12130
11879
11743
12514
11806
12437
12336
11704
12377
12377
12336
11879
12514
11743
12076
12004
11806
12094
11830
12130
11743
11879
12126
11743
12377
12366
11900
12336
11743
11879
11974
11857
12514
12079
11704
12403
12514
11716
11681
11806
12041
12303
12327
11704
11704
11704
12236
11950
12377
11681
12126
11964
11806
11669
12336
12514
12384
12437
12236
12407
11714
11937
12385
22826
23181
22491
22806
22683
23099
22785
22478
22727
22552
23116
23223
22841
23188
22743
22654
22554
23231
22544
22530
23267
23091
23209
22667
23192
22860
22440
23159
23092
22922
22497
22402
22509
22676
22940
23107
22510
22571
22996
23137
22853
22474
23030
22971
22948
22679
22444
23271
22968
23015
23074
22657
22652
22858
23186
23273
22709
22967
23082
23182
23063
23144
23150
22522
23228
22539
22811
22927
22512
22899
23172
23246
22655
22408
23145
22414
22933
22418
22731
23278
22954
23006
23022
22412
22737
23070
22920
22442
22940
22412
22954
22954
22743
22785
22412
22920
22414
23006
23006
22727
22920
22858
23022
22552
22737
22967
22676
23006
23070
23192
23022
22737
23246
22676
22474
23209
23022
22412
22737
23271
23070
22654
23074
23006
22737
23278
22954
22920
23006
23070
22920
23070
23022
23092
23022
23172
23015
23022
46814
47277
47479
47174
46964
47426
47451
47389
46963
47093
46849
46920
47149
46998
46713
47108
47355
46605
47296
46922
47467
46796
47182
46843
46911
46629
47122
46816
46969
46869
47240
47427
46877
47452
46736
47283
47246
47077
47119
47135
46953
47170
47150
47114
46719
47195
46768
46607
47035
47218
46984
46973
46982
47219
46792
46774
46971
47272
47204
47016
47421
46737
47061
47038
46759
46734
46837
47143
46833
46676
47417
46770
47073
46940
46828
46852
46717
47137
46802
47349
47213
47312
47362
47114
47421
46964
47137
47479
47362
47174
47349
46852
47312
46940
47362
47213
47283
47349
47349
46802
46802
47108
46774
46792
46940
46792
47362
46877
47362
47451
47149
46852
46802
47427
46770
46852
47362
47421
47349
47362
47349
47213
46802
47355
47137
47362
46843
46877
47213
46717
75455
75359
75366
75552
75802
75580
75706
75299
75496
75992
75651
75458
75807
75499
75860
76110
75669
76150
76048
75811
75764
75819
76116
75781
75568
75444
76094
76066
75280
76040
76030
76078
75947
75556
75737
75603
75968
75904
75972
75865
76054
75837
75516
75641
75943
75779
76074
75872
75582
75721
76034
75750
75321
75656
75854
75982
76003
75514
75962
75867
75445
76155
75612
75511
75397
75924
75918
75319
75417
75588
75581
75681
75347
75693
75993
75945
75984
76133
75749
75870
75560
75685
76028
75719
76082
75727
75801
75944
75333
75796
76043
75982
75796
75651
75693
75944
75837
75993
76082
75333
76116
75333
75706
75944
75511
75854
75801
75993
75333
76043
75347
76043
75560
75727
76082
75719
75944
75796
75984
75727
75333
75945
75944
75580
76034
75560
75727
75359
75359
75944
75779
76155
75737
75727
75801
75904
75333
76034
75727
75918
75719
75943
76082
67359
67960
67539
67265
67384
67868
67422
68085
67462
67410
67977
67440
67535
67437
67642
67674
67582
67891
67658
67896
67695
67709
67654
67417
67456
67939
68005
68040
67333
67597
68018
68052
67987
67542
67744
67693
67530
67249
67411
67881
67271
67209
67506
67925
67862
67804
67648
67813
67294
68087
67201
67681
67688
67276
67844
67902
67842
67386
67722
67230
68007
67622
67287
67876
67790
67810
67236
67692
67470
67603
67602
67924
68034
67818
67981
68074
67884
67479
67685
67355
68012
67967
67292
67670
67322
67968
67374
67496
67986
67435
67577
67599
67633
67712
68052
67422
67599
68087
67818
67986
67209
67712
67294
67271
68007
67440
67322
67236
67670
67230
67744
67276
67410
67633
67435
67968
67437
67201
67712
67577
67374
67462
67925
67633
67374
67633
67986
67674
67422
67496
67374
67230
67599
68085
67790
67435
67648
67939
67986
68012
68012
67633
67986
68012
67884
67633
68007
67506
41745
41822
41814
41947
42004
41253
41701
41307
41402
41926
41817
41835
41609
41839
41999
41831
41314
41549
41515
41936
41778
41403
42057
41705
41225
41266
41888
41346
41803
41469
41438
42010
41928
42061
41323
41433
41347
41616
41737
41801
41415
41698
42050
41484
41646
41236
41376
41281
41471
41660
41992
41774
41764
41510
41293
41584
41727
41709
41301
41925
41354
41975
41838
41285
41754
41488
41392
41933
41856
41877
41599
41280
41955
41820
41577
42031
41639
41986
41303
41700
41662
41898
41589
41560
41787
41830
42065
41374
41441
41376
41441
41280
41947
41584
41560
41599
42057
41803
41236
41877
41933
41839
41787
41374
41560
41830
41285
41830
41698
41560
42010
41898
41831
41236
41701
41701
41975
41830
41646
42065
41589
41415
41839
41374
41838
42061
41374
41787
41599
41471
41374
41616
42065
41787
41441
41820
41787
41441
41515
41374
19446
18892
19169
18816
19001
19039
19312
19113
19027
19378
19470
19326
19066
19111
19136
18867
19146
18984
18934
19430
19112
18824
19143
19464
18819
19074
19300
18949
19585
19242
18843
19455
19305
19701
19472
19393
19253
18983
19425
18893
19092
19179
19417
19314
19277
19057
19235
19202
18832
19401
19361
19575
19140
19410
18933
19437
19386
18911
19265
19121
19553
19053
19214
19262
19189
19025
19444
19267
19477
19357
19355
19174
19352
19641
19122
19334
19581
19515
19512
19170
19486
19709
19186
19455
19170
19701
19581
19027
19455
19092
19186
19186
18843
19515
19512
19025
19202
19581
19170
19186
19186
19477
19585
19515
19039
18816
19179
19092
19581
19709
19486
19486
19027
19393
19515
19515
19553
19515
19512
19334
19140
19512
19512
19202
19553
19334
19112
18867
19446
19174
56200
56033
56068
56219
56432
56117
55701
56348
56270
56357
56039
55746
56028
56424
55987
55805
55600
56154
56032
56018
55776
56146
56208
56384
56079
56294
56443
55999
56417
55946
55973
55579
56134
56063
56225
56135
56062
56067
56381
55885
55895
55563
56361
56324
55608
56254
56210
55851
55836
55924
56229
55599
56006
56273
55695
56167
55961
55712
56176
56298
56343
56310
56416
56402
55635
55569
56004
56178
55788
56279
55738
56258
55703
55966
55916
56375
56011
56081
55714
55905
55848
55947
55795
55568
55892
56188
55863
56238
55632
56307
56307
56307
56443
55961
56238
56375
55738
56432
56188
56200
55895
55632
56200
55632
56307
56188
55851
56307
56219
56188
56006
55712
55892
55895
56188
56219
56384
56004
56417
56258
55987
55892
56188
56310
55632
55703
56238
56432
55863
55635
55632
56004
55695
56294
55695
55632
55632
55851
55608
55712
55563
33982
33155
33478
33914
33927
33806
33837
33604
33644
33826
33285
33514
33164
33452
33192
33335
33488
33856
33996
33974
33918
33697
33818
33781
33907
33666
33713
33218
33178
33795
33705
33479
33977
33485
33693
33610
33306
33368
33502
33648
33667
33450
33926
33520
33955
33635
33796
33304
33199
33691
33173
33308
33447
33268
33168
33964
33445
33239
33530
33212
33960
33630
33904
33933
33462
33745
33402
33271
33567
33540
33166
33687
33839
33273
33590
33936
33848
33993
33269
33240
33503
33802
33527
33964
33240
33240
33635
33936
33648
33240
33993
33527
33936
33691
33240
33926
33503
33462
33178
33173
33269
33527
33993
33503
33164
33271
33705
33240
33781
33802
33269
33927
33927
33269
33166
33802
33697
33452
33802
33527
33527
33527
33936
33192
33447
33687
33936
33240
33848
33166
10807
10855
11142
11010
11085
11019
11170
11146
10909
11130
11201
10989
10866
10910
11109
10976
11183
10862
10882
11203
11164
11359
11264
11215
11156
10928
11540
10917
11557
11526
11350
11115
11262
11562
11515
11406
11617
11068
11252
11038
11124
10790
11320
10813
11398
11329
11415
11269
11383
11554
11214
10874
11229
11636
11419
10977
10843
11528
11096
11544
11259
10848
11186
10789
11036
11622
11143
10836
11023
11621
11644
11210
10841
11179
11092
11584
11579
11020
11536
10859
11638
10941
11192
11642
11042
11105
11450
11427
11625
11509
11400
11509
11617
11269
11042
11544
11262
11186
10862
11450
11156
11579
11625
11038
11259
10807
11186
11042
11427
11515
11105
11042
11450
11625
11509
11450
11509
10989
11427
11625
11042
11179
11515
11638
11105
10813
11509
11036
11622
11192
11264
10843
11042
11450
11642
11215
10917
10910
11115
11400
11450
11509
11400
48682
48828
49013
48727
48902
49196
48904
49264
48510
48978
49033
49248
48683
49164
48778
48934
48841
49039
49107
48852
49154
48685
48981
49086
48538
48972
48680
48658
49005
49009
48582
49190
48458
48590
48811
48884
48738
49036
48890
48544
49233
49129
49152
48796
48802
48900
48650
49110
49218
49002
48388
49087
48722
48619
48798
49048
48816
48833
49045
48897
48598
49165
48575
48416
48579
48461
48790
49271
49114
49112
49179
48595
48493
48879
48844
48995
48399
48733
48633
48693
48426
48596
48951
49080
48930
48610
48577
48588
48488
49053
48710
49064
49238
48482
49164
48710
48828
49238
48577
48399
49064
48978
48710
48610
48493
48683
49053
48588
48844
49013
48798
49238
48582
48900
49238
48488
48488
48544
48416
48733
49064
48488
48798
48683
49190
49238
48577
48902
48482
48844
49080
48488
49271
48482
49086
48798
48619
48904
48658
48588
48595
48577
48778
48482
48598
48904
49045
48710
22599
23033
22410
23017
22558
22426
22453
22749
23265
23209
23156
23080
22800
22581
22807
23215
22440
22893
22407
23047
23067
22691
22904
22692
22925
23245
22734
23068
22859
23038
22935
23133
22947
23263
22942
23030
22575
22464
22636
22572
22872
22633
22945
22520
22738
22578
22556
23010
23203
23246
22612
22577
22538
22988
22864
23086
23095
23189
22735
22662
22438
22514
22703
23006
23273
23092
22654
22963
23100
23266
22702
22901
22776
22698
22640
23056
22487
22918
22949
22811
22556
22735
22749
22698
22487
23068
23056
22738
22918
23030
22520
23266
22558
22811
22558
22453
22807
22407
22698
22556
23273
23056
22698
23010
22640
22776
22698
22776
23056
22734
22776
23086
22640
23246
23056
22949
22440
22577
23038
22949
22776
23047
22776
22698
23215
22640
33628
33908
33408
33199
33494
33932
33264
33770
33833
33804
33738
33522
33181
33719
33227
33764
33878
33163
33157
34013
34001
33927
33985
33492
33574
33941
33603
33969
33980
33390
34038
33518
33313
33973
33579
33383
33525
34032
33529
33241
33635
33970
33594
33396
34036
33338
33422
34041
33397
33819
33180
33305
33873
33342
33977
33691
33954
34026
33537
33642
33252
33207
33558
33576
33486
33912
33585
33174
33324
33453
33747
33323
33349
33527
33608
33602
33606
33446
33235
33832
33460
33745
33196
33528
33634
33239
33662
33497
33348
33306
33306
33832
33576
33662
34001
33528
33306
33585
33174
33227
33239
33528
33528
33662
33662
33662
33486
33497
33342
33528
33603
33252
33973
33196
33305
33241
33635
33453
33196
33196
33528
33522
33305
33522
33819
33196
33634
33324
33528
33585
33528
33634
33239
33252
33338
33977
33196
33528
33528
33635
33634
46422
46590
46144
46262
46535
45848
46568
45993
45772
45821
46127
46586
45982
45906
45973
46476
46401
45872
46006
46372
46420
46558
45767
46552
45955
46180
46020
45994
46370
46101
46142
45843
45977
46466
46236
45845
45825
45930
46559
45759
46355
46131
45996
46456
45771
46511
45777
46128
46219
45963
46105
45752
45925
46226
46522
46307
46524
46052
45796
46338
46414
46042
46324
45939
45981
46096
46022
45846
45762
46561
46467
46203
45989
46130
45959
46028
45888
46475
45935
46139
46582
45935
46130
45825
45888
45906
45930
46142
46590
46561
45848
45762
45935
46219
45888
45845
45935
45845
46324
46582
46475
46128
46475
46307
46042
46139
45777
45935
45821
46042
46355
46130
45994
46127
45973
46139
46582
46130
46511
46130
45935
45935
46130
45959
46052
45963
46130
45558
45420
45694
45450
44976
45094
44878
45236
45692
44897
44892
45411
45154
45682
45075
44836
45631
45506
45538
45541
45451
45649
45608
45190
44981
45557
45299
45325
45461
45426
44826
45322
45345
45553
45563
45471
44855
45203
45314
45618
45006
44891
45580
44925
44953
45483
45641
44920
45271
45396
45140
45417
44942
45367
44952
45597
44964
45014
45047
44883
44989
45137
45199
45297
45310
44940
45683
44802
45678
45525
45019
45331
45152
45574
45239
44926
45234
44979
45505
45647
45516
44918
45067
44894
44994
45085
45297
45297
44918
45085
45085
45190
45154
45618
45420
45190
44918
45553
45085
45067
45505
44994
45516
45580
45505
45574
45085
44979
45067
45190
45047
45047
45647
45647
45516
44894
45647
44918
45505
44981
45505
45067
45067
44855
45682
45516
45631
45516
45331
45322
44891
44989
45067
45647
45505
60607
60482
60563
60242
60523
60664
60205
60158
60262
60146
60466
60867
60790
60599
60222
60175
60416
60697
60087
60560
60038
60922
60861
60642
60246
60489
60101
60413
60141
60671
60269
60108
60491
60894
60588
60340
60308
60763
60644
60589
60604
60837
60823
60855
60284
60585
60035
60234
60486
60685
60316
60910
60480
60915
60884
60268
60893
60920
60130
60260
60844
60245
60488
60094
60719
60288
60620
60304
60437
60921
60345
60407
60352
60347
60063
60926
60531
60047
60850
60360
60270
60396
60361
60876
60551
60925
60165
60241
60302
60597
60772
60551
60242
60861
60671
60837
60925
60437
60772
60345
60855
60585
60551
60884
60790
60165
60876
60563
60597
60094
60597
60165
60551
60597
60551
60926
60165
60165
60222
60491
60671
60360
60772
60165
60270
60242
60925
60482
60302
60664
60790
60241
60302
60241
60241
60108
60302
60597
60697
60047
60165
60772
60175
15169
14797
14498
15101
15081
14371
14972
14689
14824
14897
15168
15013
14955
14359
15203
14575
14657
15048
15054
14664
14347
14886
14437
14918
14954
15107
15157
15144
15206
14760
14888
15216
15155
14605
14620
14665
14781
14670
15056
14793
15097
15049
15072
14887
15134
14417
15180
15082
14637
14525
14370
14658
14602
14392
14987
14706
14422
14714
15043
15017
14669
14765
14831
15152
14623
14345
14913
15141
14514
14385
14455
14739
14997
14846
15154
14659
14951
15089
14947
15031
14997
14951
15168
14997
14997
15031
14846
14620
14417
14951
14997
14951
14951
15155
15155
14525
15144
15031
15089
14951
14455
15054
14370
15089
14689
14659
14669
15168
14846
14846
14525
15089
14846
15089
14793
15089
14422
14897
15155
14947
14765
14765
14525
14955
14760
14347
79868
80341
80213
80155
80227
79803
79910
80114
80058
80128
79846
80167
80266
80004
80043
80028
80132
80351
80173
80033
80118
80523
80403
80261
80365
80521
79928
80001
80443
80059
79830
80424
80299
79977
79933
80264
80535
79812
79834
80562
80558
79991
80198
80391
79874
80022
80507
80611
80441
80029
80529
80248
80473
80353
80580
80471
79904
80543
80336
80212
80510
80478
80076
80332
79838
80578
80016
80050
80286
80333
80057
79764
79749
80576
80420
80060
80137
80091
80522
80301
80005
80158
79984
80337
79902
80617
80579
80579
79984
80424
80617
80478
80337
80510
80543
79991
80158
80005
80336
80158
80576
79904
80579
80617
80522
80005
80507
80337
79984
80617
80332
80341
80022
80579
80005
79902
80471
80001
80060
80353
79902
80337
80478
80043
79902
80212
80114
79902
80213
80507
80337
80337
79902
79991
80617
80001
79933
63085
63064
63470
63614
63446
63405
63390
63204
63119
63573
63490
63409
63139
62935
62967
63567
63066
63426
62998
62908
62723
63445
63061
62747
63298
63069
62940
63519
62730
63422
63180
62884
63201
63471
63583
62853
63260
63360
63443
63432
63513
62866
63206
63118
63305
63054
63408
63239
63289
63229
62781
63454
63288
63315
62999
62881
63473
63380
63156
63556
63132
62743
62960
63603
63153
63550
63344
63273
62751
63526
63371
62911
63516
63195
63165
63417
63033
62990
63548
62896
63376
63508
63334
63012
62921
63428
63089
62767
62767
62781
62881
62767
63556
63201
62767
62921
63119
63229
63089
63470
62767
63061
63334
63508
63508
62767
62743
62998
62767
63470
63069
62921
63165
63012
62743
63334
62881
63061
62853
63139
63409
63089
63054
63548
63334
63443
62921
63508
63526
62767
63139
63428
63139
63012
63012
63516
63204
62990
44600
44347
44565
44497
44163
44061
44126
44491
44201
44750
44097
44475
44595
44116
44642
44397
44269
44596
44667
44197
44066
44446
44416
44211
44298
44152
44389
44640
44394
44151
44217
44546
44467
44549
44700
44236
43958
44656
44153
43913
44739
44652
44087
44363
44390
44713
44043
44604
44715
43985
44368
44493
44113
44737
43980
44314
44779
44270
43951
44241
44264
44106
44065
44338
44358
44536
44524
44053
44188
44574
44552
44216
44787
44696
44623
44427
44155
44611
44381
44051
44308
44788
44639
44376
44684
44628
44403
44507
44150
44655
44426
44585
44443
44700
44097
44053
44779
44443
44338
43985
44097
44628
44426
44446
44051
44715
44655
44426
44750
44126
44655
44403
44347
44116
44596
44236
44150
44211
44443
44595
44585
44426
44403
44604
44403
44497
44443
44655
44443
44475
44106
44628
44585
44443
44150
44443
44628
44151
44403
44655
44779
44150
44443
44684
44628
44655
64935
64672
64590
65358
65330
65076
65143
65385
64673
65397
64675
65255
65205
64779
64527
64512
64937
64591
64725
65048
64902
64854
64788
65378
65221
65119
64948
64924
64566
64687
65177
64832
65387
64599
64789
64767
64861
65067
65251
64554
65366
64795
65360
64994
64597
64577
65361
65082
65240
64543
65317
64545
64822
64859
64565
64596
64835
65276
64760
64583
65236
64627
65097
64847
65137
65344
65154
64928
64571
65362
64666
65005
64927
65126
65311
64707
65231
65395
64792
65327
65286
65018
65008
65133
64959
65008
65008
65008
64672
64854
65133
65385
65018
65137
64792
65097
65018
65154
64959
64792
64792
65008
64590
64927
65360
64959
65327
65133
64795
64599
65018
65018
64767
65327
64599
64545
65286
65395
65076
64792
65133
64788
65018
64835
65327
65133
65137
65327
64935
65240
64675
65395
64792
30004
29936
30158
30051
29725
30255
29799
30178
30334
30234
30373
30046
29968
29988
30322
29675
30267
29616
29888
29825
29692
30038
30370
29653
29898
29606
29597
30383
30074
30010
29582
29650
30272
30419
30036
29924
30343
29681
30295
30328
30117
29574
29573
30027
30052
30134
29824
29751
30087
29858
29944
29939
30035
30015
29673
30110
30208
30006
30062
30061
30386
29614
30011
30406
30067
29702
30431
29662
30186
30311
29731
30385
29749
30418
30345
29806
29874
30168
29688
29833
29778
29578
30218
30174
29722
30426
30412
29578
29833
30074
30412
29924
29799
30412
30038
30255
30174
30061
29944
30186
30311
29578
30038
30426
30178
30015
29833
30311
29722
29722
29778
30174
29833
29944
30062
29722
29833
29778
30426
30426
30110
29825
29939
30052
29944
29898
29833
29722
30426
29898
30178
30370
30174
29833
30174
30412
30061
23395
24132
24156
23844
23500
23947
23590
23416
24068
23353
23348
23951
23300
23743
23694
23626
23848
23595
23823
24185
23542
24168
24024
24069
24124
24105
23873
23532
23323
24070
23301
23579
23736
23359
23526
24014
24127
23616
24152
23961
24027
23720
23297
24021
23842
23919
24009
23939
23804
23335
23689
23578
23874
23995
23546
23777
23677
23934
24111
24161
23587
23585
23774
23921
24181
23946
23618
24061
23863
23544
23355
23565
24136
23311
23425
23796
23966
23838
23886
23320
23459
23762
23731
24120
23673
23412
23488
24179
23998
24082
23344
23624
23941
23347
23417
23544
23720
23297
23344
23946
23544
23417
23347
24082
23395
23842
24082
24082
24009
23941
23694
24082
23998
23417
23587
23842
23941
23998
23762
24179
23998
23743
24179
23459
24014
23939
23347
23532
24082
24082
23804
23425
23344
23886
24082
24024
23838
24179
23344
24179
24082
23998
23344
24152
23595
23863
24068
23777
23624
21808
21716
21941
21862
22198
22213
21703
21590
22177
21817
22260
21826
22394
22114
22315
21790
21885
21934
22069
22282
21624
21880
21536
22276
22060
22101
21831
21615
21804
21894
22222
21742
22312
22172
21614
22050
21962
22136
22067
22096
21994
21924
22303
21737
21749
22193
22281
21551
21635
21707
21512
21791
21663
22333
21719
21750
22336
21731
22212
22034
22041
22150
22353
22355
21610
22181
22087
21899
21508
22290
21652
21836
21531
22129
22247
22234
22178
21661
22011
21520
21768
21509
21528
22300
21821
21755
22297
22063
21949
21892
21943
22031
21814
22355
21707
22063
22150
21661
22031
21755
21814
21755
21899
22069
21755
21862
22063
21814
21814
22031
21755
21821
22300
21663
21791
22063
22297
22290
21707
22031
21791
21610
21899
22063
21703
22063
21892
21755
22297
22178
21892
21814
22336
22297
21755
22172
21808
21749
22172
21814
22213
21614
21508
21892
21943
21949
52364
52029
52155
52070
52189
52039
52654
52484
52672
51998
52400
52688
52733
52712
52392
52272
52025
52295
52623
52588
52559
52455
52618
52668
52278
52195
51992
52511
52478
52710
52537
51976
52830
52687
52184
52423
52504
52145
52625
52762
52310
52690
52829
52214
52417
52077
52097
52396
52720
52863
52506
52508
52476
51991
52262
52050
52309
52773
52466
52521
52619
52068
52208
52614
52719
52418
52173
52699
52047
52258
52806
52139
52090
52828
52457
52652
52314
52365
52108
52244
52460
52576
52584
52250
52830
52365
52258
52244
52189
52250
52108
52460
52309
52508
52314
52829
52145
52584
52250
52310
52214
52310
52625
52576
52262
52108
52828
52521
52584
52184
52314
52460
52108
52244
52047
52537
52195
52365
52295
52460
52584
52584
52688
52576
52250
52314
52762
52365
52457
52108
52460
52584
4331
3663
3736
4425
4022
4006
4466
3876
4459
3983
4235
4431
3621
4183
4402
4028
3661
3875
4203
4385
4164
4461
3669
3590
3632
4195
3692
4024
3985
3948
4438
4265
4191
4477
3914
3900
3931
3902
4321
3838
3623
3639
3682
4069
4115
4474
3859
4458
3993
3717
4254
4336
4086
4328
3889
4361
4250
4291
3744
4407
3588
4246
3906
3769
4315
3932
4274
4147
4168
4102
4052
4286
4428
3786
3641
4095
4376
3787
3745
3695
4005
4458
4336
4183
4005
3695
4459
3769
3787
4095
3786
4095
4005
4191
3787
4086
3695
4474
3745
3931
3906
4477
3695
3745
4474
4005
4005
4428
3590
3641
3639
4095
4466
3621
3787
3736
4265
3875
3769
3900
3787
4095
3838
4005
3769
3931
4466
33617
33284
33420
33803
34044
33934
33554
33888
33432
33787
33644
33305
33957
33960
33908
33976
33674
33368
33829
33944
33454
33257
33728
33966
33162
33571
33613
33794
33963
33826
33228
33174
33184
33762
33738
33604
33724
33450
34010
33329
33780
33672
33321
33744
33735
33405
33219
33540
34043
33417
33286
33276
33283
33666
33281
33585
33516
33670
33509
33770
33633
33945
33203
33936
33336
33443
33680
33758
33225
33153
33502
33810
33524
33632
33729
34013
33733
33242
33522
33937
33693
33913
33419
33386
33422
33846
33511
33539
33510
33271
33818
33302
33941
33380
33445
33302
33445
33443
33666
33794
33818
33522
33228
33445
33386
33672
33633
33510
33271
33510
33966
33271
33510
33302
33502
33794
33913
33554
33540
33516
33941
33941
33380
33417
33966
33728
33302
33571
33941
33617
33936
33554
33445
33818
33680
33422
33818
33937
33818
33510
34010
33302
33818
33219
33302
33944
33276
33242
33380
40643
40937
41060
40911
40641
40489
40813
40610
40777
41192
41140
40876
41171
41078
40825
40421
40689
40978
40659
41072
40549
40517
40529
40392
40983
40776
40907
41112
40553
41132
41001
40538
40976
40625
41156
40826
40657
40712
40385
40951
40753
41087
40417
41199
40795
40708
40965
40371
40465
40435
41141
40340
41124
40364
40495
40830
40861
40754
40635
40998
40945
41109
40896
40685
41161
40854
41006
41093
41209
40377
41106
40325
40679
40443
40971
40448
40653
40552
40845
40987
40374
41215
40985
40983
40448
40845
40435
40907
40985
40517
40685
41215
40529
40985
40653
40374
40987
40907
40978
40911
40754
41171
40987
40987
40825
40679
40987
41215
40987
41106
40552
40754
41192
40754
41132
41124
40643
40610
40653
41072
40653
40983
41215
41060
40971
40987
40371
40653
40340
40465
1633
1236
951
1629
1172
1136
1174
897
1683
979
1085
1297
1565
1276
1246
1360
1283
1607
1207
1368
1275
1325
1760
1553
1762
1684
1753
1300
1267
1659
1364
1093
1638
1038
1498
1554
1384
1387
1204
981
1678
956
1241
898
1339
1428
1228
1525
917
1707
1666
1717
1639
1051
1143
1145
1522
1698
1200
1789
1332
1675
1615
1086
1016
1214
1392
1547
919
1780
1324
996
1280
1749
1238
1121
1766
1369
1752
1751
1705
908
1752
1238
1547
1705
1369
1705
1238
1174
1121
1238
908
1238
1121
1749
1332
1145
1276
1384
1238
1751
1238
1498
1683
1368
1214
908
981
1698
1780
1016
1369
1751
1705
1145
1698
1016
1369
1238
1522
1751
1751
1428
1369
1300
1766
1297
1751
43791
43757
43542
43075
43291
43026
43556
43171
43555
43194
43308
43778
43860
43423
43323
43631
43665
43857
43891
43822
43838
43840
43129
43664
43253
43468
43089
43438
43819
43341
43065
43589
43293
43694
43663
43179
43687
43837
43809
43229
43684
43116
43390
43591
43426
43662
43249
43488
43559
43095
43823
43236
43128
43677
43633
43072
43381
43862
43532
43752
43084
43734
43255
43398
43834
43602
43830
43031
43034
43290
43458
43616
43057
43319
43450
43759
43320
43296
43620
43276
43069
43796
43363
43706
43567
43074
43344
43108
43627
43786
43852
43639
43269
43167
43057
43852
43194
43108
43344
43269
43556
43830
43852
43108
43269
43095
43167
43108
43852
43344
43167
43344
43639
43179
43757
43167
43108
43786
43167
43344
43344
43639
43269
43639
43296
43627
43620
43167
43108
43759
43426
43438
43639
43344
43627
43236
43852
43857
43381
43255
43084
43639
43344
43627
43639
43694
43852
43627
10391
10504
9860
9976
9979
10176
10519
10734
10203
10344
10271
10472
10139
10653
9958
10544
10235
9961
10071
10493
10414
10637
10227
10233
10681
10110
10016
10065
10337
10226
9870
10372
10632
10076
10480
10362
10104
10748
10329
10183
10026
10691
10712
10009
10553
10590
10081
10006
10141
10096
10113
10571
10004
9954
10612
10724
10438
10213
10672
10615
10350
10666
10445
10298
10189
10303
10025
10420
9862
10358
10058
10084
10238
9875
9868
10286
10582
10121
10563
10687
10645
10693
10593
10751
9901
10168
10656
10563
10176
10656
10025
9901
10025
10233
10213
10168
10414
10081
10615
10141
10687
10693
9961
10593
10168
10168
10006
10203
10593
10693
9976
10065
10139
10104
10438
10009
10358
10656
10656
10656
10286
10504
10712
10693
9868
10344
10493
10337
10563
9901
10081
10593
10096
10751
10693
10096
10693
17578
17696
17234
17827
17311
17814
17441
17875
17286
17716
17299
17843
17158
17626
17603
17727
17775
17419
17148
17238
17554
17082
17482
17100
17596
17718
17409
17069
17770
17466
17607
17630
17840
17691
17231
17643
17637
17293
17372
17061
17417
17697
17893
17565
17228
17555
17761
17179
17655
17168
17096
17414
17173
17620
17552
17772
17410
17039
17337
17734
17213
17520
17543
17406
17741
17531
17838
17841
17132
17792
17275
17455
17690
17219
17673
17036
17392
17636
17365
17797
17673
17690
17168
17716
17636
17690
17275
17838
17827
17843
17578
17637
17482
17409
17827
17365
17741
17455
17637
17392
17797
17219
17482
17797
17620
17036
17716
17716
17741
17392
17392
17814
17213
17543
17365
17691
17219
17311
17797
17673
17466
17673
17555
17410
17690
17673
78061
78088
78025
78453
78492
78068
78410
78757
78721
77969
78267
78133
78672
78202
78095
78457
78828
78274
78490
78509
78516
78046
78033
78497
78277
78577
78783
78122
77976
78376
78175
78819
78219
78071
78342
78304
78085
78416
78123
78357
78043
78518
78532
78057
77961
78540
78812
78182
78051
77995
77971
78023
78422
78568
78626
78137
78727
78283
78017
78800
78358
78604
78125
78111
78151
78508
78619
77970
78028
78172
78630
78411
77984
78132
77982
78531
78620
78525
78045
78563
78271
77957
78779
78725
78235
78349
78267
78175
78492
78111
78349
78779
78045
77957
77961
77957
78563
78497
78725
78492
78779
78563
78492
78812
78057
77957
78453
78727
78271
78045
78133
78577
78235
77957
78045
78235
78725
78577
78563
78151
78045
78779
78271
78125
78563
78137
78779
78235
78045
78779
78182
78812
78416
78779
78757
11533
11413
11364
10773
10895
10970
10925
10754
10849
11136
11108
10859
11366
11286
11312
11370
10759
11167
11513
10768
11615
11360
10866
11624
11250
11536
11109
10785
11219
11103
10874
11512
11344
10917
11151
11586
11224
11236
11401
11114
11573
11039
11162
10848
11152
11415
10915
11429
10900
11441
11404
11279
11394
11042
10952
11502
11442
11193
11106
11187
11302
11643
11403
11323
11603
11528
11406
11263
11555
10920
10762
10897
10755
11015
11617
11321
11249
10834
10782
11600
10984
11144
11553
11103
11144
10859
10834
11302
11553
10848
11600
10984
11321
11321
11617
11553
10984
11600
11553
11321
11144
10895
10782
10834
11321
11312
11144
11442
10782
11553
11553
11144
10834
10984
10782
11108
11249
11624
10920
10984
11249
11151
11366
11553
11152
11151
10762
10782
10785
10782
45722
46475
46477
46252
45863
46516
46295
46129
46363
46372
46058
46140
45807
45835
46527
45758
46496
46556
46087
45987
46091
45980
46434
46114
46552
46187
46081
45961
46170
46264
46532
46060
45869
46034
45744
45963
46057
45755
46458
46392
45775
46360
46583
46009
45949
46509
46544
46283
46290
46274
45854
46175
45711
46288
45870
46222
46138
45818
45704
45843
46229
46048
46339
46038
46479
46548
45805
45952
45940
46237
46388
46574
45852
46026
46395
46037
45840
45707
45948
45886
46384
46585
46438
45711
45840
45758
45852
45952
46384
45948
46516
46009
46585
46475
46237
46037
45886
46585
45843
46037
45840
46438
46037
46438
46395
45707
46438
45886
45886
46585
46527
46060
46222
46388
46060
46384
46283
46585
45840
45886
46585
46585
46438
45886
46339
46552
46585
46026
46516
46585
37007
36800
37437
36975
37051
36931
36757
37195
37142
37266
37403
37612
36972
36889
37327
37534
37255
37190
37129
37566
37447
37296
36823
37392
37384
37502
37177
36770
37098
37565
37474
37378
36824
37333
36841
37218
37547
36743
36899
37433
37010
36926
37622
36979
37174
37503
36982
37188
36992
37482
37413
36956
37209
36991
37282
36782
36804
36959
36813
37274
37005
36933
37030
36812
36928
37088
37616
37426
37229
37468
36858
37560
37183
37311
36882
37159
36863
36802
36847
37494
37029
37208
37126
37296
36847
37126
37565
37433
37029
36991
36959
37384
36863
37088
37159
37208
37159
37494
36847
37494
36982
36889
37208
37159
37333
37088
37051
37255
37208
37392
37296
37126
37208
37126
37208
37403
36847
37616
37126
37566
37502
37007
37159
37007
37126
37565
36863
36956
37208
36802
55230
55363
55072
55224
55485
54754
54864
54895
55401
55142
55320
54790
55371
54821
55306
55155
55547
55368
55455
55227
54761
55532
54732
55028
55009
54868
55330
55249
54845
55029
55360
55171
55203
54911
54690
54835
54746
54860
55063
55154
54720
55073
54708
55323
54900
54906
55520
54974
54730
55399
55140
55433
55189
55121
55069
54669
54814
55179
55160
54973
55268
54670
55139
54819
55079
55550
55358
54912
55199
55177
54728
54659
55002
55367
54687
54910
55257
55515
55083
55148
55205
55529
54833
55483
55178
55341
55529
55177
55529
54895
55227
55028
54833
55371
55483
55483
55178
55227
55205
55205
55550
55148
55205
55083
55399
55224
54833
55083
54835
55142
54659
55230
55341
55205
55529
55547
55341
55483
55529
55177
54659
55148
54845
55547
55160
55224
55009
55483
55529
55529
55083
55341
55178
55203
55121
46387
45948
46183
46455
46550
46548
46076
46122
46495
45783
46577
46215
45974
46058
45922
46046
46189
46159
46575
46427
46203
46233
46066
46272
45837
46400
46320
45979
46043
46213
45935
46119
45771
46244
46393
46519
46221
46410
45892
46146
45994
46015
46250
46275
45866
45890
46472
46330
46082
45734
45984
45829
45971
45969
46028
45700
45882
46055
46095
46204
46351
45759
45855
45819
46186
46225
45873
46328
46036
46504
46297
46264
46255
45769
46103
46473
45807
46436
45699
46561
46144
46434
46116
45909
46478
45861
46299
46116
46225
46455
46299
46434
46561
46082
46144
45861
46058
46473
46387
46186
46116
45935
45909
46299
46473
46478
46495
45829
46478
46299
45861
46434
45948
45861
46387
45984
46478
45759
45909
45861
46561
46082
45971
46299
46478
46144
45829
46434
46478
46299
46215
46410
45861
46055
46478
46472
46561
44178
44697
44088
44331
43925
44285
44103
44145
44441
44463
44065
44736
44548
44221
44526
44625
44506
44349
44783
44313
44290
44647
43955
44790
44784
44704
44778
44788
44605
44022
44430
44381
44679
44231
44433
44473
43941
44199
44014
44200
44558
43924
44101
44333
44132
44217
44443
44359
44170
44245
44011
44045
44725
44664
44303
44027
44481
44150
44364
44531
43961
44072
44789
44574
44746
44525
44117
43926
44519
44566
44608
44202
44205
44124
43975
44606
44071
43990
44714
44106
44185
44634
44235
44242
44354
44734
44331
43961
44354
44734
44634
44634
44132
43926
44481
44235
44221
44103
44634
44734
44170
43990
44634
44506
44354
44531
44354
44101
43975
44506
44235
44714
44519
44473
44778
43926
44734
44235
44430
44245
44566
44746
43975
44714
44072
44022
44065
44014
44634
44714
44106
44714
44199
44235
44714
51442
51379
51351
51423
51815
51226
51563
51646
51493
51137
51134
51688
51414
51330
51543
51919
51736
51239
51634
51558
51355
51128
51539
51397
51164
51965
51700
51323
51697
51198
51462
51888
51079
51316
51531
51631
51244
51644
51103
51305
51393
51495
51607
51684
51695
51777
51189
51764
51091
51645
51739
51734
51453
51619
51578
51542
51072
51808
51552
51438
51102
51180
51267
51661
51741
51760
51711
51292
51930
51893
51687
51714
51249
51402
51475
51534
51929
51698
51561
51780
51862
51383
51863
51901
51780
51901
51493
51397
51901
51292
51863
51697
51739
51698
51780
51863
51863
51862
51383
51631
51808
51383
51862
51780
51249
51244
51698
51091
51929
51539
51561
51862
51355
51423
51534
51929
51863
51862
51734
51780
51929
51698
51323
51383
51862
51862
51919
51383
51760
51634
51711
51698
74859
74827
75201
75113
75230
74952
75128
75238
74570
75191
74615
74599
74612
75216
74704
74814
75229
74998
74686
74526
74388
74463
74932
74642
74630
75183
74696
74826
74771
74755
74453
74792
75257
75214
75102
75052
74547
74957
75219
75100
75157
74740
74422
75116
74656
74434
74382
74586
74447
74915
74682
74432
75019
75034
74866
74619
74552
75021
74785
74745
74511
74585
74629
75017
74806
74746
75085
74738
74807
75133
74433
74498
75205
75042
75187
74431
74593
75147
75145
74922
74655
75123
74789
74833
75059
75123
75147
74922
74746
74704
74696
74826
75123
75116
74619
74833
74789
75145
74792
74806
75059
75191
75123
74745
74922
74789
74922
75128
75157
75034
75191
74833
75059
74619
74789
74785
75059
74655
74755
75123
74655
74593
75102
75229
74740
75147
74922
74696
74789
75128
74498
74827
75116
78547
77979
78821
77990
78197
78729
78230
78601
78700
78733
78599
78166
78142
78715
78589
78114
78349
78097
77977
78290
78649
78325
78739
78678
78328
78675
78306
78694
78343
78790
78103
78469
78260
78573
78461
78332
78345
78767
78305
78702
78405
78511
78660
78176
78781
78186
78560
78200
78568
78546
78743
78248
78164
78025
77982
78544
78650
78311
78033
78504
78468
78472
78313
78732
78407
78512
78402
78495
78143
78756
78494
77967
78647
78531
78300
78445
78136
78695
78473
78800
78570
78408
78482
78155
77964
78791
77967
78544
78570
78402
78473
78767
77964
78155
78568
78547
78649
78143
78407
78402
78660
78473
78197
77964
78729
78473
78345
78473
78573
78260
78732
78570
78482
78260
78461
78791
78800
78599
78155
78547
78570
78408
78313
78473
78155
77964
78570
78570
78599
78743
77964
78800
78313
78343
78791
38903
38666
39245
39252
38553
39084
38781
38636
39229
39308
39297
38725
38539
39195
38533
38605
39282
38923
38609
39178
39065
38754
38710
38620
38866
38690
39110
38575
38588
39387
39032
38830
38599
39354
39284
38920
38914
39256
39240
38802
38743
38566
39091
39394
38552
39350
38831
38679
39097
39207
38768
38626
38935
39030
38671
38745
38661
38835
38919
39285
38786
38815
39013
38646
38567
38917
38577
39337
38930
38590
38968
38993
39187
38770
39031
38992
39069
39072
39161
38696
38602
38789
38653
39418
38648
38568
38589
38998
38692
39150
38554
39043
39204
38568
39418
38568
38768
39043
38590
38919
38835
38588
38588
39204
38743
38920
39072
39245
38696
39031
38575
38815
38590
38626
38692
38930
38554
38866
38692
38998
39204
38903
39043
39285
39150
38690
39161
39150
38725
39110
39394
39204
38609
38789
38692
38552
38725
38710
38588
39252
38781
39354
38789
38666
38692
38671
78957
79018
79638
79224
79362
78869
79157
79159
79566
79085
78909
79255
79174
79545
79696
79645
79323
79343
78977
78942
78950
78984
79303
79567
79262
79376
78956
78848
79426
79391
78945
79719
79523
79741
79312
79273
79287
79086
78979
78935
79189
79003
79276
79054
79695
79517
79310
78965
78922
78860
79631
78854
79252
79394
79268
79386
79508
79291
79128
79277
79603
79699
79162
78951
79145
79332
79088
79206
79743
79469
79708
79166
79285
79410
79430
79191
79044
79499
79325
79146
79038
79199
79199
78922
79285
79162
79426
79410
79038
78860
79044
79719
79224
79430
79517
79159
79085
79191
78922
79038
78977
79325
79162
79038
79191
79146
79038
79391
79145
79255
79430
79191
79038
79499
79430
79191
78848
79499
79499
79146
79430
79088
79325
79719
79044
79325
79038
78977
79199
33173
33784
33568
33444
33663
33460
33285
33769
33807
33357
33295
33552
33692
33393
33898
33461
33687
33646
33176
33770
33888
33805
33328
33749
34020
33495
33258
33582
33840
33324
33725
33878
33755
33193
33721
33471
33508
33423
33690
33960
33310
33538
34037
33600
33640
33362
33380
33256
33343
33497
33685
33250
34041
33838
33938
34017
33628
33554
33564
34001
33424
33159
33414
33968
34021
33789
33604
33912
33410
33419
33630
33587
33501
33884
33338
33939
33284
33462
33562
33777
33969
33680
33491
33932
33269
33574
33758
33758
33758
33269
33176
33690
33758
33269
33777
33758
33269
33460
33838
33758
33898
33491
33758
33758
33725
33932
33680
33687
33380
33969
33777
33380
33960
33574
33362
33969
33692
33969
33969
33758
33501
33295
33884
33932
33269
33508
33784
33646
33357
33758
33393
33497
33600
33777
33692
33508
33932
1568
1092
925
1708
1717
1670
1446
1505
1647
1059
1066
1475
1546
941
1778
1308
1163
1743
995
1515
1528
1678
1294
1229
1465
1662
1198
929
1054
1607
1474
1146
1371
1326
1153
1225
1025
1737
1321
1551
1222
1464
1359
1028
1433
910
1068
1139
1459
1290
1223
1325
1078
1319
940
909
1463
904
1269
1489
1452
922
1581
1785
1019
1779
1434
1682
1460
1419
903
1611
1149
896
1236
1095
1363
1053
1455
1302
922
1515
1095
896
896
940
1678
1198
1095
1223
1053
1053
1647
1611
1149
1163
1743
1678
1363
1236
1078
1095
1236
1290
1302
1153
1433
1446
1607
1068
1053
1515
1054
1095
1053
1455
1149
1302
1149
1515
1475
1149
1455
1455
1464
1528
74559
74843
74978
75167
74888
74997
75066
75116
75074
74466
74649
74704
75239
74637
74922
74450
75197
74440
74943
74998
74491
74852
75009
74533
74893
74654
74713
75169
74896
74676
74916
75124
74863
74644
74968
74631
74411
75229
74413
74958
75257
74546
74798
74556
74933
75166
74897
74775
74722
75120
74921
75228
74390
74873
75040
74557
74389
75216
74425
74938
75021
75045
74391
74732
74835
75189
74951
74877
74660
75252
74583
75148
75041
75048
74697
74825
75070
74518
74999
74499
74706
74999
74873
74583
75048
74999
75148
75070
74825
74825
74518
74888
74999
75048
74706
74958
75040
74999
75021
74491
74660
74411
75124
75066
74660
74706
75048
75239
75116
74499
74706
74697
74644
74440
74825
75048
74706
74425
74499
74533
75045
74706
74999
74999
75148
74499
74897
3468
3081
2961
3200
3176
3225
2859
3361
3098
3005
3210
3172
2802
2917
2734
2740
2743
2867
3039
3048
2955
3102
3344
2959
3036
3556
2943
2932
2980
3143
3324
3209
3045
2827
3287
3560
3338
3329
3208
2981
2982
3154
2694
3544
3525
2809
3393
3403
3006
3068
2724
3024
3370
3451
3082
2905
3471
2888
3181
2729
3125
3305
3030
3352
2796
2755
3223
2794
3292
3091
3351
2811
2890
3235
3348
3139
3060
3358
3319
3044
3021
3265
2974
2855
2870
3276
3578
2793
3369
2883
2940
3513
2843
2843
2729
3210
2917
3006
3181
3369
2883
3468
3223
2793
2883
3513
3287
3358
2883
3068
3223
2932
3451
3578
2794
3181
2940
3361
3036
3513
2955
3369
2890
3265
3154
3578
3513
2940
3030
2793
3292
3208
3044
2843
2940
3578
3451
3143
3369
2943
3369
2883
3369
2827
2793
2940
79615
79033
79143
79203
79174
79704
79359
78927
78952
79632
79240
79031
79678
79564
79324
79124
79637
79060
79188
78953
79650
79137
79459
78976
79374
79689
79269
79053
78985
79355
79565
78904
79005
79058
78950
79323
79110
79497
78882
78980
79385
79609
78924
78893
79237
78850
79647
79494
79721
79344
79245
79085
79698
79151
79128
79134
79544
79273
79513
79613
79232
79061
79099
79589
79223
79255
79132
78923
79575
79261
79501
79454
79672
79408
79527
78886
79679
79023
79186
79002
78944
79527
79679
79678
79689
79223
79023
78980
79137
78886
78904
78944
78886
79186
79647
79565
79002
79324
79186
79023
78886
79137
79408
79174
79151
78985
79186
79085
79186
78952
78953
79269
79544
79002
79704
79186
79099
79269
79689
79615
79637
79002
79023
79023
79494
78944
79033
38327
38490
38033
37987
38432
37962
38160
38241
38415
38258
38281
38397
37671
38293
38039
38522
38179
38038
38236
38140
38440
38398
38360
38361
37768
37799
37838
37805
37928
37818
37675
37890
37877
37650
37694
38040
37876
38338
37697
38219
37739
37670
38478
38071
38209
38112
37735
38388
37884
38022
38409
37879
37980
38237
37712
38412
38319
38448
38454
37725
37940
38367
37782
37682
37789
38192
38513
37743
38503
37779
37853
37793
38199
38053
38527
38410
37755
37908
37634
38364
38421
37766
38283
37926
37969
37937
37771
37781
37899
38387
38240
37791
37806
37937
37781
38241
37771
37806
37908
37781
37899
37806
37791
38478
37781
37884
37806
38361
38387
37980
37884
37806
37735
37771
38327
38327
37962
38409
37899
37781
37768
37806
37712
37806
37771
37799
37781
37806
38454
37781
37768
38140
37791
37781
37781
37928
37771
38240
37781
37937
37806
38527
38338
37962
37781
38387
34223
34366
34394
34212
34237
34652
34206
34305
34878
34426
34445
34501
34739
34074
34582
34729
34891
34708
34628
34273
34637
34771
34280
34943
34762
34707
34404
34083
34334
34472
34208
34758
34676
34756
34241
34249
34706
34518
34333
34163
34408
34927
34398
34614
34886
34879
34792
34932
34287
34260
34780
34505
34568
34644
34421
34854
34687
34129
34796
34873
34672
34070
34396
34296
34828
34081
34641
34702
34810
34322
34622
34541
34418
34632
34401
34108
34764
34876
34536
34180
34278
34234
34762
34234
34278
34878
34876
34828
34780
34706
34278
34771
34739
34876
34287
34652
34287
34708
34223
34398
34932
34234
34756
34074
34305
34932
34278
34536
34628
34278
34828
34536
34408
34333
34758
34536
34536
34927
34273
34180
34876
34278
34518
34333
34404
34886
34536
34108
34108
38178
37885
38298
37662
38265
38386
38005
37878
38376
37711
38397
37822
37799
38004
38515
38387
38421
38043
37914
38232
38086
37920
38080
38194
38106
37695
38077
38505
38525
38273
38316
38022
37929
38506
38513
38150
38055
38274
37870
37669
38109
38306
38522
38524
38103
38168
37713
38384
37672
38381
37702
38382
38488
37743
37770
37933
37928
38482
38511
37641
38012
38033
38252
38287
37936
37763
37739
37747
38388
38153
38125
37946
38365
38508
38300
37652
37658
37918
37894
38230
37703
37687
38305
38429
38372
38502
38081
37805
38347
37828
38336
37705
38478
38274
38080
38055
38077
37705
37828
38081
38502
38150
38077
38336
38502
38336
37763
38109
37705
37705
38168
38513
38347
38081
38502
38387
37805
38012
37805
38347
38515
38336
38081
37933
38478
37929
38336
38506
37705
37705
37885
37828
38194
38103
38502
38287
38194
38478
38502
37669
37805
38502
37933
38265
37770
38421
36672
36080
36257
35879
35941
36528
35855
36436
36593
36510
36467
36428
36083
36640
35916
36693
36444
35940
36631
36562
36697
36115
36717
35900
35866
36670
36449
36465
36539
36357
35957
36008
36694
36576
36479
36302
36564
35953
36650
36441
35978
36517
36557
36651
36498
36029
36368
36373
36298
36153
36590
35918
36183
36567
36445
36103
36477
35993
36659
36204
36111
36491
36036
36145
36699
36178
35885
35992
36254
36276
36106
36500
36017
36330
36088
36385
36566
36283
36480
36709
36243
36287
36125
36401
35904
35925
35878
36287
35940
36204
36401
35925
36145
36357
36659
36593
36709
35940
36709
36539
36467
36539
36243
36659
36436
35925
35925
35925
36257
36287
36517
35878
35925
35925
36445
36428
36257
36672
36709
36287
35925
36491
35878
35925
35925
36125
35904
35925
36125
36445
35904
36709
36651
35855
35855
36528
36287
41924
41942
41820
41995
41733
42065
41252
41575
41595
41657
41518
41535
42035
41295
41815
41803
41982
41510
42009
41285
42080
41345
41483
41432
41643
41283
41617
41265
41596
41229
41931
41400
41826
41866
41985
41814
41840
41259
41666
41624
41310
41811
41336
41996
41861
41732
41328
41975
41533
41841
41765
41431
41638
41721
41750
41485
41230
41458
41353
42073
41311
41676
41669
41501
41793
42069
41928
41337
42001
41705
41661
41665
41556
41239
41925
41899
42025
41257
41408
42061
41563
41283
41295
41563
41899
42061
42025
41765
42025
41575
41563
42061
41328
41311
41617
41811
41310
41563
41899
41928
41239
42065
41995
41925
41815
41899
41924
41931
41925
41431
41239
41861
41928
41732
42061
41239
41765
41257
41252
41257
41431
41485
42009
41899
41230
41925
41257
73645
74213
73862
73491
74235
74341
73656
74007
74137
73781
74343
74286
73894
73836
74210
73811
74070
73617
73565
74196
74015
74073
73796
73864
74025
73991
74299
73882
73728
74366
74111
74061
73694
74342
73668
74156
74071
73932
73753
73832
73666
74093
73536
74017
73515
73652
73710
74026
73773
74041
73923
73892
73558
74275
74126
73783
73782
73733
73701
74221
74205
74339
74157
74164
74258
73709
73858
74261
74131
74133
73509
74107
74337
73535
73996
73809
73920
73819
73700
74268
74227
73832
73882
73920
73864
73862
73819
74073
74131
74017
73920
73996
73809
74268
73645
73819
73996
74268
74258
73733
74015
74070
74275
73809
73882
73536
73535
73753
74227
73920
73509
73920
73773
74041
73862
73694
74268
73617
73892
73728
73920
73515
73991
73535
73920
73836
73932
81168
81075
80663
80717
81007
80703
81167
81367
81423
81292
81460
80871
80884
80923
81468
80966
80712
80823
81260
81180
80792
81257
81301
81401
80897
80995
80919
81411
80729
81160
80853
80844
81437
81148
81213
81173
80750
80951
81306
81143
81410
81365
80954
80788
80998
80664
81108
81462
80955
80867
81178
80776
80686
81480
81504
81249
81004
81329
80700
81305
81368
81461
80696
81093
81506
81078
81097
81469
80980
80982
80640
80675
81435
80968
80834
81407
81520
81135
81454
81526
81287
81032
81370
80701
81307
80865
81041
81103
81505
80862
81038
80709
80915
80825
80899
81460
80871
80899
80915
81505
81078
81505
80709
81480
80915
80862
81103
80899
81367
81423
80825
80899
80871
81143
81103
80862
81038
81041
80825
81329
81287
80675
81461
80709
81038
80899
80750
81038
81307
80712
80792
80915
81370
80788
81038
80955
80867
80915
80788
81148
80709
81078
80968
80899
80915
80825
81287
81401
80834
29602
29907
29831
29834
30074
30454
29975
29934
30084
30293
30283
29773
30192
30245
30353
30292
30442
29579
29637
30143
30314
30238
30047
29962
30359
30275
30189
29736
30422
30024
29631
29847
29813
30091
30121
30462
30308
29718
30099
30029
29632
29929
30355
30274
30098
29806
29845
30235
30232
30364
29840
29798
29593
29702
30164
30202
30273
30246
30045
30302
30431
30130
29893
29886
29844
29748
30390
29855
29630
29727
30198
30421
29833
30116
30351
29575
29876
30453
30002
30095
30105
30440
30287
30309
30210
30408
30296
30139
30219
30204
29615
30120
30297
30030
29615
30047
30029
30030
30120
30045
30139
30297
30297
30030
30030
29631
30297
30084
30204
29833
30292
30297
30120
30219
30297
29727
30116
30202
29840
30139
29962
30219
30030
30297
30030
30030
29615
30116
30219
30120
30359
30143
29934
29834
30359
30139
30030
30120
29615
30192
30098
30390
29962
30421
30120
30139
29602
29834
49763
49948
49717
49963
49900
49482
50126
49399
49494
49379
50092
50148
49680
49584
49600
49529
49846
49481
49477
49689
49583
49445
49637
49610
49288
49508
49649
49530
49528
49991
50035
50045
50021
49459
50114
50030
49370
49313
49382
49444
49625
49587
49994
49693
49741
49615
50067
49890
49350
49579
49873
49882
49964
49899
49646
49864
50061
50054
49739
49762
49323
49518
49377
49999
50104
49771
49281
50149
49718
49825
49953
50022
49408
49658
49845
49480
49471
49322
49348
49552
49501
49617
49593
49659
49677
50157
50084
49685
50116
49910
49802
49807
49982
49515
49982
49802
49444
49845
49600
49982
49288
49964
49288
49617
50084
49802
50116
50148
49637
49802
49593
49501
49982
49518
49445
49910
49481
49680
50084
50116
49348
49480
49471
49482
50084
50084
49552
49802
49646
50084
49579
50035
50084
49807
49910
49982
50092
49508
49802
49910
49807
49508
49685
49807
49807
49659
49846
49685
54370
54148
54622
54396
54578
54433
53808
54376
54645
53828
54000
54059
53827
54261
54418
54186
54084
54476
54342
53891
53778
54621
54606
54137
54347
54069
54315
54409
53968
54565
54167
53785
54343
53787
53836
54190
54604
54292
53773
53869
54534
53844
54108
54603
54437
53981
54519
54399
54154
54058
53975
54383
54066
54132
54406
54624
53960
54430
54033
54382
54264
53972
53889
53820
53763
54630
54357
54183
53794
53879
54140
53961
54102
53966
54583
54405
54570
53789
54127
53985
53943
54573
54549
54573
53869
53961
53961
53879
53985
53820
54573
53943
54570
54102
53778
54578
54573
54292
54127
54570
54167
54583
54573
54383
54396
54519
53943
54154
54433
54127
54342
54578
54630
54183
54342
53943
54069
53879
54549
54549
54000
53943
53961
53985
54315
54033
54549
53828
54343
54405
39704
39438
39751
39482
40185
39497
39990
39527
39672
40151
40288
40150
39819
39500
39930
39458
39426
39462
39706
39951
40263
39790
39735
40169
40096
39535
40165
40294
40213
40182
39562
40122
39620
40105
39680
39942
39530
39432
40319
40166
40020
39715
40118
39757
39593
39749
39758
39678
40140
40009
39818
39573
39754
40286
39793
39865
39504
39702
39699
39583
40103
40157
40205
40132
40222
40175
40001
39979
39880
39486
39488
40284
39483
40050
39619
40101
39556
39548
39765
40026
39685
39534
39932
39930
40026
40182
40101
39757
39462
39754
39426
39534
39483
39556
39534
39556
39765
40101
39932
40140
39685
40009
40122
39765
40026
39765
39534
39735
39751
40105
39932
39765
40050
39438
39685
40026
39556
39765
39685
40205
40101
40205
40026
39458
39678
39593
40050
40288
39685
40026
67935
68009
67576
67371
67837
67634
67462
67452
67841
67525
67343
67341
67298
67695
67403
67331
67764
67512
67344
67470
67995
67737
67691
67858
67886
67375
67780
67747
67261
67879
67365
67223
67358
67832
67277
68072
67669
67376
67593
67521
67993
67308
67869
67863
67449
67936
67469
67349
67233
67519
67840
67543
67702
67728
67971
67313
67450
67309
67497
67571
67980
67588
67340
67938
67581
67432
67262
67423
68067
68084
67487
67266
67424
67216
67215
67318
67315
67415
67267
67488
68090
67509
67514
67389
67285
68016
67454
67676
67857
67689
67714
67454
67857
68016
67588
67371
67764
67676
67543
67389
67215
67262
67689
67689
67313
67521
67454
67714
67376
67233
67689
67543
67689
67634
67695
67669
67462
67936
67764
67285
67714
68009
67344
67857
67261
68016
67285
67879
67689
67525
67689
67488
67980
67676
67702
67634
67403
67423
67215
67285
67331
67714
67389
22520
22729
23062
22777
22928
22810
22410
22586
22811
22708
22533
22615
22812
22582
23141
23260
22709
22747
23216
22921
22950
23138
22692
23128
22785
23158
22994
22611
22856
22470
23231
22687
22872
23293
22964
22908
22754
22426
22931
23086
22423
22765
23061
23110
22870
23042
22467
22469
23238
22909
22941
22664
23047
22714
22685
22450
22461
22559
23150
22899
22666
23192
23276
23016
22661
22574
22682
23242
22636
22852
23022
22609
22815
22799
22838
22453
22693
22716
22951
23173
22806
23204
23152
22869
22519
22522
23217
22936
22477
22816
23248
22938
22572
23157
22901
23152
22901
22453
22938
22816
23231
22687
23204
22477
22901
22938
23248
22908
23204
22901
23204
22572
22572
22901
23086
22469
23248
22936
23248
22938
22901
22572
22582
22799
23042
22816
22572
22816
22477
22754
23042
22816
22664
22816
22964
22938
22816
22777
22936
22936
23157
22816
22816
22936
22938
22714
23157
22470
22572
4171
3828
3748
3704
4336
4170
3934
3983
4321
4443
4221
3783
4392
3767
3644
3967
4334
3585
4016
4329
3939
3626
3990
4165
3981
4227
3700
4273
4322
4370
3927
4137
4116
3843
3863
4269
3943
3713
3806
3840
4178
3854
3657
3689
4344
3611
4403
3618
4397
4277
3758
3617
4134
4167
3968
4087
3997
4348
3888
3643
4005
3731
3834
3774
3682
4440
3955
3706
4297
4434
4061
3906
3711
4200
3969
4068
4188
4395
4174
4001
3612
4001
3969
4273
4068
3612
3943
4200
3888
4068
4116
4188
3682
3617
3713
4001
3612
4005
3706
4273
3955
3969
4188
4174
4068
3706
4068
3612
4170
4200
4188
3843
4001
4134
3969
3626
4001
4403
4395
4188
3612
3969
3806
4443
4174
4336
4001
8216
8689
8941
8501
8741
8840
8728
8439
8333
8364
8148
8665
8830
8109
8839
8879
8335
8267
8565
8540
8951
8097
8234
8696
8740
8488
8533
8402
8074
8274
8393
8487
8861
8910
8915
8236
8307
8525
8901
8255
8835
8344
8470
8747
8338
8854
8397
8891
8073
8365
8614
8842
8429
8957
8152
8151
8663
8671
8096
8478
8391
8834
8466
8813
8304
8244
8946
8254
8753
8477
8560
8683
8136
8182
8142
8897
8567
8584
8408
8180
8248
8897
8234
8142
8584
8565
8897
8487
8364
8470
8834
8365
8180
8248
8584
8397
8946
8393
8182
8683
8584
8567
8740
8402
8142
8897
8957
8073
8501
8941
8891
8567
8182
8897
8397
8567
8941
8182
8683
8567
8665
8142
8248
8897
8136
8897
8429
81535
81224
80975
80906
80801
81150
81482
81066
81399
80768
81265
80892
81386
81523
81419
81524
81044
81388
81227
81163
80859
80784
81410
80956
80670
81335
81122
80818
81457
81167
80727
81440
81271
81488
80993
81266
81154
80747
81285
81323
81528
80717
81320
81153
80666
81243
81458
81158
81478
81409
80671
81254
81187
81214
81381
80703
80909
80659
81279
80852
80876
81043
81380
80821
81088
80790
80915
81436
80949
80977
80770
80830
81135
81008
81256
80905
80779
81039
81140
80878
80777
81346
81360
81367
81363
81463
80823
80829
81523
80666
81463
81346
81367
80956
80909
81346
80823
81346
80823
81363
80717
81457
80823
80777
81153
80717
81360
80671
81043
81346
80818
81388
81279
81346
80892
81254
81463
81187
80703
81463
81153
81399
81279
81214
81458
81346
80779
80823
81254
81360
80823
81363
81008
80666
80747
80777
81335
81271
17645
17130
17896
17452
17183
17464
17226
17146
17533
17503
17504
17806
17302
17749
17303
17175
17209
17172
17125
17214
17720
17332
17158
17685
17134
17853
17757
17837
17628
17885
17515
17220
17549
17118
17708
17774
17845
17722
17614
17052
17262
17287
17478
17232
17918
17488
17358
17127
17056
17701
17204
17629
17398
17577
17266
17770
17596
17873
17039
17542
17777
17234
17264
17196
17509
17872
17048
17329
17345
17236
17859
17354
17113
17246
17349
17689
17460
17773
17230
17712
17906
17325
17254
17091
17737
17474
17103
17643
17713
17533
17056
17737
17118
17504
17118
17837
17091
17254
17398
17125
17125
17091
17254
17549
17325
17474
17254
17577
17643
17113
17872
17266
17127
17460
17749
17287
17643
17737
17643
17737
17474
17504
17643
17262
17737
17896
17474
17515
17254
17474
17577
17127
17503
17713
17460
17325
17701
17873
17643
17125
5467
5943
5816
5549
6003
5576
5442
6006
6150
5484
6036
5762
5830
5941
6023
5839
5697
6137
6082
5947
5770
6253
5640
5879
6249
5390
6173
5495
5998
6216
5523
6029
5748
5728
5628
5499
6256
5718
5710
6194
5377
5642
5776
5481
5820
5490
5678
6098
5615
5930
6126
5654
5426
5608
5993
5853
5504
5763
5864
5720
5664
5729
5826
5804
5979
6257
5434
5971
5677
6271
6247
5508
5740
6051
6146
5439
6007
5737
5777
5577
5794
6069
6124
5433
5599
5897
5714
6037
6124
5433
5714
5495
6194
5897
6037
5577
5737
5720
5897
6126
5599
6082
5599
5714
5714
6037
6037
5853
5433
5481
5776
5433
6098
5993
5434
5979
5697
5677
5794
5720
5434
5599
5433
5777
5433
6069
6069
5599
6003
5720
6082
6124
5678
6003
5897
6037
5720
5816
22657
22872
22841
22789
23233
23219
23291
22637
22451
22863
23208
23074
22852
22984
23231
23022
22900
22728
22478
23083
23060
22400
22996
22428
22804
23120
23071
22762
23184
23236
22500
23036
22689
22423
22899
22573
23246
23290
22633
22687
23224
22817
22505
22771
23143
22442
22678
22521
23129
23158
22464
22911
23287
22925
22556
22977
22555
22542
22453
23001
22546
22725
22490
23175
23116
22615
23033
22429
22404
22583
22999
23104
22764
22445
22465
23201
23153
22495
22711
22851
22662
23090
22856
22580
23031
22985
22456
23125
22755
22779
22729
22729
22755
22689
23175
23125
23125
22779
22456
23036
23090
22687
22925
22580
23125
23291
23290
22580
22580
23125
22423
23219
22456
23290
23022
23125
22662
23071
22456
22729
22729
22453
22985
22852
22404
22779
22977
22764
22456
22779
23090
23231
23031
22789
22637
22456
23104
22779
23125
22657
22728
22985
22542
69237
69793
69358
69425
69309
69268
69667
69057
69063
69612
69663
69689
69185
69349
69290
69791
69454
69702
69181
69527
69392
69246
69598
69571
69710
69393
69158
69305
69818
69009
69671
69152
69229
69506
69711
69260
69629
69139
69050
69222
69064
69478
69640
69345
69851
69069
69259
69320
69002
69613
69037
69607
69650
69016
69662
69187
69843
69683
69365
69777
69482
69133
69525
69377
69622
69239
69621
69340
69233
69582
69646
69792
69083
69017
69384
69727
69484
69223
69217
69210
69524
69180
69447
69385
69319
69213
69771
69294
69545
69677
69319
69017
69319
69294
69640
69425
69385
69677
69545
69294
69771
69771
69222
69181
69771
69385
69545
69777
69213
69246
69677
69217
69702
69771
69524
69340
69385
69213
69771
69447
69677
69385
69319
69484
69484
69677
69294
69290
69213
69447
69545
69385
69158
69571
69385
69662
69319
69319
69016
69213
69294
65983
65589
66062
66045
65784
65815
65766
66298
65571
65473
66001
65583
66020
66150
65741
66273
66291
65441
66005
66159
65988
65719
65712
65484
66176
65713
65918
65781
65621
66187
65857
65845
65608
66181
65870
66274
65976
66135
66250
65587
65765
65835
65707
66196
65928
65770
65964
65846
65727
65917
65855
66262
66285
65774
66087
65739
66101
65916
65905
66148
65412
65737
65528
65982
65824
65782
65461
65813
65883
66021
66155
66200
66003
65831
65694
65753
65476
65509
65791
66007
66064
65413
65728
66039
65548
65747
65830
65923
65875
65410
65725
66087
65725
65815
66021
65923
66285
65875
65917
65747
65784
66150
65725
65747
65747
65747
65830
65712
65830
66181
65727
65441
65727
65548
66135
66181
65412
65765
66291
65707
65830
66021
65830
65923
66064
65923
65571
65875
65875
65728
66196
65725
65835
66039
65815
65548
66250
65905
65548
65923
66087
65410
66003
62715
61879
62146
62509
61826
62112
62512
62593
62153
62443
62222
62474
62693
61928
62457
62494
62287
62488
62099
61887
61852
62691
62545
62194
62455
62326
62199
62619
62356
62036
62092
62121
62190
62438
62577
62103
61996
61915
61840
62557
62130
61990
61841
62516
62345
62125
62657
62350
62015
62382
62466
62240
62152
62101
62407
61860
62677
62300
62384
62277
62002
62156
62160
61859
62547
62206
62142
61946
62166
61947
62444
61873
62411
62033
62292
62202
62678
62282
62601
62301
62680
62699
62672
62015
62509
62240
62699
62457
62680
62691
62438
61873
62680
62657
62657
61852
62593
62292
62287
62101
62457
62382
62190
61860
61946
61859
62202
62601
62678
62509
62438
62699
61841
62002
62301
62455
62699
62326
62680
62206
62577
62222
62672
61946
62715
62678
62474
62601
62672
61852
23392
23568
23536
23466
23578
23379
23940
23748
23308
23981
23772
24072
24076
23396
23444
23797
23811
23792
24086
23912
23722
23541
23547
24059
23818
24174
24073
24128
23927
23957
23337
24157
23820
24038
23366
23492
23987
23472
24154
24050
23347
24146
23815
23441
23481
23351
23608
23584
23827
23596
23970
24129
24029
23540
23621
23410
23914
23798
23823
24090
24092
23871
24178
23721
23557
23896
23657
23783
24136
24118
24165
23331
24116
23593
23440
23980
23644
23933
23901
23313
23311
24016
24096
23943
23486
23819
23311
23313
23797
23943
23927
24076
23819
24073
24016
23748
23819
23541
23313
23927
23943
23957
23311
23940
23943
23901
24178
24165
24096
23313
23819
23901
23901
23396
23366
23486
23943
24128
23311
24016
23815
23313
24096
23486
23440
23311
23772
23783
24096
24096
23914
24096
24086
23748
24096
35639
35054
35402
35800
35313
35365
35180
35526
35207
35544
34945
35213
35776
35337
35277
35047
35837
35234
35252
35208
35256
35374
35654
35764
35315
35440
35260
35473
35013
35761
35243
35700
35269
35107
35268
35081
35664
35467
35718
35490
35626
35760
35347
35249
35332
35829
34961
35517
35569
35178
34969
35200
35187
35028
35431
35515
35244
35102
35022
35554
35044
35173
35739
35391
35663
35567
35576
35455
35292
35210
35483
35168
35574
35163
35443
35439
35079
35710
35395
35699
35068
35314
35201
35799
35068
35314
35639
35455
35081
35764
35395
35799
35365
35207
35332
35799
35079
35243
35799
35260
35314
35079
35455
35799
35395
35013
35710
35081
35517
35526
35332
35574
35443
35213
35776
35710
35764
35391
35168
35395
35639
35699
35314
35068
35068
35022
35079
35068
35079
35574
35473
35395
32207
32001
32150
32216
32229
31392
32246
31385
31987
32020
31442
32057
32118
32141
31830
31590
31474
31745
31557
31586
31496
31660
32023
31592
31363
32033
31888
32031
32175
32040
31869
32143
31534
31673
31620
31851
31874
31604
31946
32114
31389
31857
31481
31498
31445
31531
31734
31867
31994
32190
31912
31962
31802
31974
31439
31411
31510
31670
32239
31942
31875
32194
32034
31543
31842
32224
31526
31647
31657
32027
31998
31728
31540
31398
31811
31753
31944
31956
32003
31438
31724
31506
31913
31575
31447
31452
31540
31842
32141
31575
31385
31657
31575
32003
31942
32003
31724
31447
31452
32003
32150
31447
31445
32114
31452
31869
31670
32057
32027
31575
32190
32003
32141
31438
31363
31452
31481
32057
32003
31888
32057
31447
31452
32003
31452
31728
32023
31496
31586
31857
31447
31913
32175
31411
31946
42721
42974
42166
42323
42506
42458
42342
42475
42877
42985
42400
42274
42965
42320
42563
42275
42373
42559
42546
42574
42505
42875
42977
42240
42283
42531
42826
42605
42511
42187
42616
42423
42771
42562
42714
42124
42396
42936
42476
42881
42455
42282
42886
42258
42413
42853
42995
42286
42820
42156
42480
42723
42912
42549
42378
42262
42487
42407
42730
42572
42657
42165
42496
42390
42346
42980
42197
42744
42782
42519
42152
42823
42774
42305
42409
42880
42635
42749
42609
42339
42182
42223
42550
42159
42237
42468
42501
42463
42352
42691
42729
42237
42352
42468
42237
42463
42729
42475
42549
42323
42980
42352
42346
42511
42352
42729
42729
42165
42352
42505
42550
42476
42468
42282
42463
42390
42744
42729
42550
42165
42455
42237
42159
42723
42197
42635
42237
42501
42505
42912
42550
42774
42574
42875
42237
42159
42339
42286
42550
42352
42729
42159
42468
4865
4558
4706
5180
5126
4500
4546
4775
4799
5306
4897
4760
5289
4590
5116
4973
4641
5207
5057
5331
5152
5368
4552
5153
4538
4696
4917
4984
4815
5023
4494
4876
5061
5279
5217
4707
4637
5206
5227
5270
5271
5220
5016
5085
4752
4520
5353
4573
4947
4559
4674
4514
5248
4734
5203
4976
4508
5113
4950
4583
5021
4750
4901
4949
5332
5351
5045
4956
4967
5298
5194
4719
5307
4701
5132
4588
4906
5064
5293
4626
4938
4833
5104
4653
4982
4796
4903
4897
4796
4653
5021
4626
4583
5104
4796
4938
4947
4982
4950
4903
4626
4833
4641
5368
4719
5293
4938
5126
4938
5298
4947
5217
5116
4796
4976
4750
4500
5116
4653
4796
4833
5331
4796
4833
4588
5332
4973
4833
4903
4833
5061
4906
4982
4833
5152
4897
4982
16981
16946
16397
16779
16665
16179
16467
16840
16605
16481
16760
16985
16464
16130
16302
16429
16273
16385
16794
16913
16269
16556
16348
16378
16511
16311
16360
16246
16803
16602
16772
16456
16422
16643
16581
16637
16255
16830
16326
16285
17010
16286
16145
16538
16220
16834
16339
16758
16949
16780
16261
16142
16368
16236
16924
16664
16553
16588
16563
16877
16932
16601
16414
16442
16658
16299
16310
16650
16891
16628
16695
16139
16638
16327
16757
16191
16172
16434
16754
16570
16363
16160
16842
16720
16523
16555
16528
16587
16903
16575
16903
16523
16434
16720
16720
16160
16575
16903
16587
16286
16643
16368
16575
16429
16575
16555
16575
16757
16523
16877
16794
16348
16949
16587
16528
16528
16830
16903
16528
16511
16779
16913
16326
16903
16528
16555
16695
16555
16555
16587
16246
16903
16269
16650
16236
16601
16326
16160
16842
16803
16754
62835
62926
62958
63548
63370
63197
63374
63126
62794
63531
63346
62799
63094
63408
63187
63213
62728
62821
63038
62811
62837
62800
63084
63486
63510
63261
62830
63371
63109
63577
62877
62936
62790
63082
62969
63344
62999
62884
63281
62795
63086
63278
63193
63459
63134
63065
62759
63310
63514
62785
63105
63334
63179
63372
63093
62743
63097
63169
63559
63480
63340
63491
63524
63497
62860
62843
63612
63541
63099
63391
63338
63290
63569
62814
62783
62751
63379
63312
63595
62991
63569
62991
62821
63514
63379
63595
63338
62783
62751
63105
63372
63094
62751
63569
63577
62860
63340
63344
62783
63379
62751
63595
62790
63187
62751
63261
62860
62794
63379
62821
63379
62795
63065
63340
63379
63459
62991
62837
63193
63559
63290
63391
63379
63379
63379
63569
1203
1547
1501
1521
1305
1017
1008
1675
1745
1752
1380
1352
1435
1225
1715
1182
1276
1109
1475
1652
1560
928
1634
1250
1346
1616
1530
1455
1285
1289
1027
1657
1337
1504
1076
1765
1699
1116
1138
1476
1242
1716
1143
1644
1751
904
929
1659
1583
1539
1026
1566
1651
1255
1096
1505
1238
1777
1570
1083
1783
1550
1274
1605
1107
1361
1758
1738
1395
1580
1660
1119
1004
1075
1732
1263
1057
1214
1266
1439
1632
1756
1397
1182
1057
1715
1632
1266
929
1651
1439
1632
1632
1756
1476
1397
1783
1057
1266
1057
1751
1765
1634
1214
1550
1756
1616
1616
1505
1214
1214
1255
1783
1652
1783
1225
1756
1109
1397
904
1756
1057
1397
1632
1026
1004
1116
1439
1027
1057
10246
10630
10508
10580
10410
10181
10175
9885
10030
10252
10622
10719
9984
9957
10386
9898
10258
10589
10565
10528
10659
9866
10588
10107
10624
10274
10111
10029
10092
10557
10234
10613
9981
10419
10189
10031
10004
10464
10530
9947
10293
10694
10218
10264
9951
10060
10567
9919
10306
10608
10687
10102
10674
10491
10383
10304
9936
10519
10542
10153
10379
10152
10553
10185
10133
10171
10059
9886
9860
10331
10517
10155
10657
10201
10547
10637
10317
10611
10356
10336
10692
9980
10710
10156
10286
10741
10210
9958
10369
10071
10741
10286
10092
10613
10274
10071
10153
10306
10710
9885
9958
10369
10710
10201
10060
9958
10383
10710
10369
10741
10210
9957
10419
10210
10210
10369
10171
10293
10608
10710
10517
10528
10071
10741
10517
10741
10547
10565
10657
10741
9957
9860
10611
10369
10156
10252
10567
10630
10710
10304
9958
35969
36261
35974
36153
36451
36641
35928
36181
35971
36542
36370
36469
36070
36012
36362
35949
36655
36693
36253
36733
36286
36185
36652
36607
35922
36339
36340
36045
35919
36051
35925
36706
36626
36663
36311
36136
36423
36091
35958
36085
36173
35980
36570
36601
36532
36276
36659
36026
36642
36660
36192
36190
36471
36092
36343
36273
36515
36218
35904
35935
36722
36371
35970
36168
36287
36611
36274
36481
36632
35952
36232
36059
36450
36306
36013
36320
35937
36625
36177
36097
36387
36549
36038
36263
36625
35922
36097
36153
36387
36263
36038
36287
36218
36387
36549
36387
36362
35970
36177
36177
35980
35970
36136
36532
36625
36097
36038
36038
36038
36343
35919
36311
36263
36387
36549
36038
36549
36625
36549
36693
36097
36092
36659
36177
36641
36168
35925
36051
36038
35970
36085
36451
78159
78551
78432
78076
78719
78742
78732
78066
78484
78142
78673
78008
77964
78175
78639
78233
77988
78589
78705
78203
78295
78706
78725
78475
78139
78440
78829
78652
78068
78449
78154
78655
78699
78090
78787
78006
78168
78033
78632
77963
78399
78358
78356
78240
78398
78671
78320
78050
78465
78225
78438
78472
78761
78796
78462
78685
78609
78830
78430
78490
78514
78476
78263
78310
78464
78592
78837
78694
78455
78586
78702
78316
78428
78669
78546
78822
78039
78053
78251
78565
78040
78421
78568
78252
78378
78020
78614
78578
78614
78725
78421
78671
78252
78310
78438
78614
78378
78669
78705
78252
78614
78356
78252
78399
78090
78378
78742
78761
78421
78068
78568
78168
78514
78252
78040
78796
78142
78586
78568
78822
78632
78829
78462
78438
78578
78614
78252
78020
78421
78449
78233
78252
78592
78578
78316
78568
78822
78320
27958
28667
27827
27808
28308
28560
28115
28366
27819
28095
27824
28573
27806
28664
27955
28062
27882
28469
28237
27996
28190
28509
28033
27963
28025
28593
28278
28516
28030
27998
27855
27985
28082
28612
28424
27928
28094
27840
28075
28417
28226
27902
28597
28300
28362
28269
28668
28622
28178
27942
28641
27852
28553
28267
28578
28256
28396
28650
28451
28610
28527
28520
28077
28521
27920
28433
28400
27957
27876
27811
28611
28282
27915
28283
28049
28330
28561
27912
27858
28501
28124
27864
28300
28077
28267
27912
28049
27928
27824
28267
27864
28124
27864
28501
28578
28124
28256
27912
28622
28650
28610
28330
28283
27912
28521
27864
27864
27958
27864
28578
27928
28561
27840
27958
28667
27864
28560
27858
28501
28417
28573
27811
27858
28433
28424
28025
27958
28561
28124
57370
58007
58045
57555
57825
57719
57725
58099
58155
57846
57888
57720
58148
58223
57637
57679
57839
58066
58054
57739
57676
57563
57348
57937
57490
57610
58109
57772
57638
57554
57362
57861
57458
57571
57476
57497
57521
57698
57815
57723
57363
57608
57421
57485
57511
57775
57746
57657
58114
57588
58052
58160
57726
58092
58122
57347
57929
57631
57666
57722
58100
58006
58003
57798
57581
57444
58225
58132
57927
57498
58019
57778
57776
57525
57492
58017
57603
57847
57792
57782
57346
57550
57912
57499
58040
57858
57404
57836
57415
57406
57394
57491
57605
57667
57882
57491
58122
57882
57362
57588
57847
57394
57792
57861
57605
57882
58019
58019
58160
58132
57415
58109
57605
57415
58114
57406
57836
57550
57394
57362
58003
57605
57836
57491
57603
57394
57698
57605
57667
57605
57667
57415
57631
57882
57929
57927
57929
57554
58006
57415
57719
57882
57667
57525
57554
57605
57882
57667
57491
15352
15288
15958
15473
15479
15387
15518
15801
15941
15715
15742
15424
15630
15590
15343
15772
15781
15512
16030
15852
15345
15860
16111
16075
15650
16004
15634
15315
15448
15376
15826
15540
15253
15641
15475
15605
16118
15418
15502
15710
15644
15440
15845
15795
15588
15719
16015
15382
16059
15638
15908
15948
15767
15562
15267
15243
15708
15375
15798
15925
15955
15538
15464
15752
15895
15961
15943
15595
15769
16025
16043
15240
15259
15824
15868
15834
15755
15671
15676
15935
16076
15814
15396
16034
15946
15506
15892
15552
15938
15248
15566
15298
15676
15298
15588
15464
15552
15440
15566
15935
15630
15464
15824
15708
15852
15566
15566
15742
15440
15826
15288
15946
15248
15955
15676
15938
15552
15938
15248
15248
15566
15892
15566
15715
15946
15352
15566
15935
15588
15248
15448
15946
15892
15253
15566
15552
15506
15938
15506
15248
15375
15552
15946
15506
36437
36174
36441
35882
36333
35853
36197
36595
36515
36529
36622
36285
36452
36218
36565
35906
36730
36699
36281
36681
36676
36053
36261
35954
36506
36644
35905
36667
35983
36371
36336
36138
36732
36561
36666
36354
36503
35955
36709
36304
36687
36035
35865
36543
36224
36431
36653
36455
36074
36383
35988
35910
36122
36161
35975
36398
36291
36664
36706
36436
36456
36615
36434
36418
36246
35978
36357
36430
36080
35847
36639
36497
36031
36405
36133
35897
36209
35987
35916
36700
36207
35888
36168
36232
35893
36413
36034
36601
35949
36424
35938
35993
36508
36424
35847
35993
36034
36666
36413
36336
35975
36424
36700
36418
36197
36455
36508
36508
35993
35949
36413
35988
36133
36304
35993
36653
36034
35949
36197
35938
36398
36653
35938
35978
36168
36508
36508
36405
36508
36138
35987
36424
36601
35897
35949
36601
35993
36441
35882
35993
36666
36304
35949
36034
36413
35993
77296
77552
77516
77252
77703
77621
77167
77857
77280
77932
77863
77311
77063
77682
77606
77305
77156
77325
77434
77222
77558
77602
77842
77870
77069
77268
77372
77451
77278
77875
77256
77811
77241
77583
77509
77326
77704
77213
77878
77429
77482
77383
77469
77458
77479
77834
77600
77090
77821
77730
77397
77623
77097
77088
77106
77788
77424
77625
77645
77729
77414
77772
77827
77276
77613
77174
77391
77536
77908
77437
77941
77110
77150
77929
77377
77332
77282
77757
77612
77760
77820
77880
77520
77609
77282
77645
77326
77682
77536
77606
77757
77509
77757
77282
77757
77703
77520
77088
77397
77880
77880
77256
77880
77278
77276
77880
77834
77621
77760
77612
77757
77870
77520
77174
77612
77536
77063
77612
77875
77880
77857
77372
77880
77760
77760
77757
77424
77558
77213
77878
77760
77842
26478
26765
26373
26061
26608
26699
26872
26401
26554
26148
26158
26338
26518
26543
26333
26666
26519
26817
26263
26661
26185
26107
26204
26633
26706
26753
26305
26696
26681
26491
26295
25999
26524
26442
26298
26441
26264
26012
26870
26446
26183
26472
26139
26572
26627
26413
26090
26747
26482
26339
26433
26480
26587
26569
26813
26852
26040
26378
26111
26502
26232
26742
26280
26252
26136
26320
26072
26022
26595
26307
26250
26325
26304
26063
26583
26662
26113
26361
26116
26510
26426
26226
26302
26478
26226
26338
26872
26482
26113
26426
26116
26627
26373
26426
26113
26113
26510
26627
26491
26226
26072
26113
26113
26136
26662
26063
26113
26870
26543
26426
26426
26116
26696
26662
26502
26226
26113
26072
26510
26113
26510
26502
26753
26373
26361
26662
26339
26426
26662
26482
76427
76526
76890
76901
76287
76850
76784
76789
76208
76683
76245
77018
76685
76650
76396
76376
76214
76189
76341
76664
76813
77003
76546
76404
76891
76302
76987
76627
76347
76330
76371
76960
76668
76387
77012
76596
76787
77037
76491
76220
76428
77011
76372
76309
76824
76555
76205
76499
76759
76209
76426
76635
76399
76525
76375
76495
77023
76304
76328
76588
76935
77004
76832
76534
76763
76370
76213
76972
76995
76939
76512
77041
76374
76736
76639
76354
76947
76472
76538
76258
76472
76354
76639
76538
76901
76258
76813
76526
77018
76354
76538
76736
77018
76495
76947
76813
76787
76546
76374
76639
76947
76258
76538
76472
76491
76639
76736
76596
77011
76947
76328
76472
76639
76370
76258
76495
76354
76538
76258
76736
76245
76736
76258
76354
76387
76947
33100
33067
32599
32551
32948
33050
33032
32595
33028
33058
32720
33148
32833
32774
32795
32985
32899
32492
32889
32691
32788
32461
32831
32965
32386
32626
32410
32636
32549
32476
32292
32894
32452
32605
32961
32510
33029
32603
32433
32321
32616
32320
32757
32456
32952
33123
33064
32644
32686
32277
33061
32698
32801
32997
32843
32911
32834
33084
33136
33008
32411
33022
32517
32737
32360
32622
32743
33054
32584
32681
32363
32273
32814
32303
32936
32334
32295
32474
32276
32422
32439
32361
32988
32399
32470
32852
32399
32422
32997
32549
32439
32605
32439
32801
32439
32439
32988
32852
32276
32422
33061
32834
32360
32720
32361
32422
32470
32965
32439
33061
32399
32997
33050
32470
32814
33148
32399
32814
32831
32422
32399
32852
32273
32911
32788
33100
32636
32988
32361
32470
32720
32644
32470
32814
32814
66091
65945
65518
65991
66069
65534
66050
65989
65705
65983
66245
66106
65879
65687
65806
65528
65585
65648
66083
65493
66020
66120
66086
65416
65444
65553
65704
65501
65778
65752
65523
65914
65742
65940
66186
65813
65630
65871
65623
65749
65617
65615
65577
65892
65443
65541
65924
66201
66242
66015
66027
65819
65826
65852
65921
65851
66236
65953
65785
66240
65960
66171
65683
65625
65479
65499
65802
65573
65476
65468
66137
66095
66118
65822
65771
66180
65494
65720
66125
66038
65667
65880
65619
66213
66036
65820
65871
66245
66213
66038
65704
66036
66240
66036
66213
66125
65444
65802
65619
65444
65619
66120
66120
66036
65667
66091
65499
66125
66050
66038
65617
65619
65871
66125
65945
65523
66171
66020
65819
65852
65667
66036
65667
65619
65822
66086
65880
66027
65619
66125
66245
65667
66213
65822
65819
60801
60672
60222
60495
60844
60864
60474
60547
60908
60213
60051
60614
60132
60593
60695
60594
60136
60201
60188
60346
60834
60819
60425
60431
60157
60297
60195
60830
60817
60581
60072
60651
60855
60531
60033
60197
60040
60654
60812
60511
60633
60754
60047
60653
60477
60722
60284
60398
60135
60734
60357
60669
60111
60108
60512
60381
60696
60250
60273
60152
60482
60088
60170
60718
60390
60240
60276
60542
60644
60517
60893
60576
60430
60084
60347
60694
60869
60510
60813
60522
60385
60595
60503
60216
60906
60408
60235
60850
60120
60536
60216
60408
60503
60906
60120
60108
60235
60908
60408
60216
60120
60813
60235
60120
60297
60235
60222
60813
60408
60216
60120
60651
60120
60297
60135
60216
60235
60408
60235
60906
60595
60906
60850
60235
60754
60869
60813
60855
60111
60536
60893
60408
60216
60718
60120
60120
60906
60216
60503
60235
60390
23759
23638
23310
23405
23705
23497
23441
23805
23945
23317
23490
23962
23571
23880
23413
23554
23400
24182
23312
23987
23650
23424
23685
23915
23939
23702
23501
24136
23719
23600
23467
23771
23452
24043
23371
23487
24190
23711
23563
23996
23616
23587
23503
23692
23794
23724
23817
23959
24082
23788
23921
23739
23786
23970
23609
23695
23940
24172
23486
23691
23906
23822
23714
24022
23495
23300
24102
23387
24003
23534
23507
23521
23431
23795
23925
24089
23870
24050
24117
24032
24182
24172
24117
23822
24117
23870
23534
23870
23724
23795
23497
23534
24050
23987
24117
23915
23495
23616
23317
23795
23431
24082
24050
24032
23650
24172
23497
23495
23431
23431
24089
24032
23317
23431
24089
23925
23387
23817
23503
23571
24182
23987
23705
23312
24089
23925
25678
25641
25720
25779
25455
25157
25196
25803
25210
25334
25729
25870
25722
25684
25597
25869
25847
25568
25902
25337
25642
25931
25765
25556
25704
25249
25537
25652
25567
25487
25536
25634
25929
25248
25339
25488
25095
25738
25956
25819
25388
25274
25221
25695
25876
25480
25917
25864
25505
25424
25194
25399
25349
25790
25354
25903
25609
25473
25434
25558
25365
25290
25112
25500
25246
25111
25479
25628
25154
25404
25780
25913
25658
25739
25393
25667
25717
25973
25214
25689
25605
25807
25957
25232
25139
25265
25692
25210
25689
25536
25652
25738
25393
25597
25334
25807
25265
25957
25139
25434
25488
25695
25232
25807
25667
25689
25232
25232
25605
25349
25265
25349
25339
25479
25221
25597
25232
25487
25605
25689
25388
25265
25689
25265
25765
25139
25869
25847
25957
25729
25487
25605
25869
25232
25349
25488
25684
22205
22138
21564
22315
21606
22298
21686
22356
22122
22168
21607
21850
22037
22294
22383
22381
22194
22386
21853
21627
22363
21604
22068
21880
22042
21587
22350
21558
21600
21796
21897
21550
21638
21699
22288
22267
21883
21759
21849
22153
22308
22110
21910
22025
21670
22026
21519
21603
22307
21781
21553
22054
21620
22373
21647
22213
21752
21848
21943
21737
22335
21912
22011
22340
21895
21908
21554
21650
21967
21601
22078
22101
21688
21978
22045
22152
22072
22073
21785
22395
21983
22028
22293
22206
22313
21850
21785
21983
22313
21670
22138
21638
22205
22101
22395
21558
21785
21908
21785
21849
21564
22028
22313
22152
22293
21600
22073
21850
22373
22073
22028
22073
22293
21785
22073
22313
21781
22073
21785
22206
22288
22153
21967
22386
22315
21554
21650
21785
21967
22206
21600
21638
22356
37186
36881
37607
37052
37246
37510
37208
36911
36820
37545
36963
37535
37320
37155
37609
36936
37401
37149
36892
36762
37460
37332
36812
37153
36743
37412
37015
37334
37429
37037
36848
37224
37489
37453
36897
36934
36805
37375
36765
36800
37185
36793
37451
37557
37135
37169
37579
37275
37120
36984
37573
37184
36873
36838
37450
37294
37548
37107
37541
37304
37325
36956
37090
37261
36992
37480
37472
37504
37406
36788
37559
37048
37228
36776
37533
37110
37446
37203
36826
36898
37162
37061
37133
37569
37129
37445
37020
36839
37432
37174
37059
37174
37451
37609
36936
37059
37569
37162
37228
37432
37090
37153
36873
37432
37059
37432
37020
36839
37472
37174
37445
37472
36743
37489
37445
37059
37334
37129
37186
37020
37020
37569
37569
37174
36839
37129
37607
36839
37432
37569
37432
37090
37569
36826
37059
37228
37174
37129
36776
37472
37472
36839
36788
21640
21922
22104
21928
21585
21926
22221
21702
21902
21959
22191
21990
21572
21970
22230
21972
21829
21693
22116
21924
22237
22201
22088
22227
21810
22193
22311
21688
22209
21897
22141
21605
21870
21782
22228
22057
22151
22132
21977
22056
22061
22250
21594
22389
22155
21775
21602
22210
21645
21768
21839
21671
22318
22390
22274
21987
21540
21874
21543
22315
22050
22327
22344
21849
21850
21545
21833
21944
21670
22354
21806
22051
21586
22060
22264
22321
22267
22242
22053
22049
22179
21898
21956
22032
22109
22236
21880
21529
21607
21735
22091
21619
22193
21702
21607
22191
21880
21529
21607
21880
21959
22056
22091
21619
21529
21775
22227
21880
21897
22109
21735
22056
21607
21605
22088
21926
22267
22091
21970
21619
21702
22050
21640
21959
22060
21898
21850
22057
22091
22109
22210
22109
21735
21880
22091
22109
22179
22116
22155
22321
22389
22109
21870
22236
40295
40287
40277
40210
39815
40120
39667
39466
39807
40168
39883
39584
39932
39805
39868
39582
40245
39615
39446
39591
39540
39885
39750
39977
40005
39607
40266
39998
39641
40001
40141
40301
39752
39622
39894
39453
39544
40186
39656
40081
39913
40149
39825
40143
40182
40284
40105
39891
39613
39428
40111
39645
39580
40173
39709
39955
40046
39621
40218
39568
40281
40087
39900
39917
39798
39854
39927
39911
40050
39701
39808
39821
39982
39756
39633
39614
39707
39543
40204
39724
39941
39713
39583
39852
40089
39999
40042
39944
39987
40169
39460
39922
39875
40169
39460
40042
39808
40169
39944
39875
39622
39944
40204
40105
39460
39875
40266
40042
40087
40141
40042
39875
40046
39922
39633
39875
39999
39875
39750
39982
39466
39999
39927
40046
39544
39750
39825
40210
40149
40186
39944
39645
39922
39922
39868
40042
40169
40042
39922
39941
39583
39724
39922
39709
40042
39752
50107
49334
50082
50087
49384
49786
49294
50099
50064
50035
49638
49860
49522
49908
49704
49754
49317
49389
50114
49984
49622
49658
49988
49448
49468
49676
49595
49359
50166
49416
49549
49675
49663
50155
49437
50156
49953
50033
49895
49649
50015
49777
49854
49743
50092
49480
49604
49397
49668
49836
49524
49422
49285
50115
49464
49442
50097
50160
50013
49407
49364
49499
49948
49362
49792
49331
49341
49426
50122
50044
49564
50137
49811
49332
49312
50017
50063
49826
49540
49733
49982
49602
49620
49648
49737
49980
50134
49532
49577
49983
49940
49501
49433
49416
50064
50134
49602
49501
49433
49733
49480
49620
49983
49433
49433
49331
49940
49433
49577
49982
49983
49983
49980
49668
49980
49407
49294
50114
49464
49940
50122
50017
49988
49437
49836
49675
49983
49532
49312
50013
49577
49786
49860
50114
49532
50035
50134
49620
49480
49501
49384
50134
49980
49577
50107
50160
56828
56527
57077
56503
57216
56495
56658
56628
56610
57190
56889
56475
56935
56695
56741
57226
56923
56969
57212
57329
56693
56612
56884
56926
56710
56992
56765
56880
56726
57099
56672
57342
57243
56511
57284
57272
56661
56591
56671
56685
57005
57127
57275
56810
57278
56711
56696
56905
57180
56893
56940
56689
56504
57325
56812
57009
56799
56998
56626
57312
57083
57316
57209
56732
57228
56797
57064
57075
56877
57006
56600
56589
56725
57337
56543
56587
57144
57129
56529
57273
57289
56822
56961
57261
57076
56980
56648
57201
57079
56620
57153
57270
56469
56936
57004
57079
56469
57076
57201
57273
56936
57261
56926
56671
56469
57004
57004
57153
56905
57079
57075
56765
57201
56620
57270
56936
57337
56812
56905
57153
57201
56527
56469
57278
57083
57153
57079
57278
56620
57190
56893
57079
56884
57004
57064
56600
57153
56936
57270
56725
56495
56469
57273
57079
56689
57284
57153
56620
56469
2762
2767
3570
2811
3208
3170
2693
3390
2733
2692
2729
3238
3580
2831
2871
2818
2744
3055
2929
2822
3455
2858
2731
3242
3288
2928
3277
3423
3080
3472
2738
3229
3272
2719
2986
3122
2760
3557
3145
2807
3543
2703
3573
2782
2980
3169
3572
3237
2873
2957
3516
3164
3532
3048
3266
3316
3426
2790
3475
2812
3186
2884
3269
3497
3089
3116
3019
2747
3441
3100
3215
3231
3332
3433
3202
3061
3161
3422
3127
3485
2727
2875
2889
2708
2932
2980
2875
2782
2727
2932
3390
2980
2875
2932
3266
3272
2875
3316
2873
2873
2875
3272
3127
2875
3422
2767
2871
2932
2932
3269
3570
2738
2731
3485
2727
2708
2858
2929
3277
2986
3127
3127
3164
2708
3316
3422
2889
2818
2873
2875
2738
2727
3145
58532
58297
58371
58644
58842
58897
58931
58638
58470
58328
58567
58956
58595
58888
58599
58932
58778
58288
58904
58259
58755
58732
58619
58750
59030
58586
58711
58576
58340
58946
58457
58352
58761
59020
58468
58993
58981
58804
58379
58437
58742
58295
58921
58999
58790
58527
58521
58502
58637
58788
58893
58256
58347
58923
58442
58886
58794
58329
58490
58758
58615
58972
58545
59113
58351
58802
58556
58421
58870
58471
58404
58652
58997
58526
58570
58704
58287
58307
58721
59122
59069
58699
58699
58470
59122
58570
58699
58699
58567
58870
59069
58699
58923
58287
58721
58886
58379
59069
58788
59122
58704
58287
58778
58371
58742
58379
58307
58699
58307
58586
58721
58288
58704
58704
58256
58699
59069
58576
59122
58704
58993
58732
59069
58997
58526
58999
58421
58931
59122
61607
61647
61652
61493
61723
61399
61305
61343
61569
61179
61188
61690
61224
61559
61027
61664
61805
61810
60968
61447
61458
61284
61791
61166
61225
61498
61487
61173
61015
61550
61781
61700
61118
61379
61670
61095
61391
61793
61757
61381
61446
61730
61142
61223
60976
61436
61524
61783
61630
61120
61068
61441
61008
61019
61323
61606
61413
61016
61430
61390
61609
61024
61050
60934
61159
61219
60972
61106
60982
61431
61820
61152
61375
60995
61438
61246
61255
61393
61703
61195
61036
61703
61393
61607
60995
60995
61690
60995
61284
61095
61246
60995
61255
60995
61703
61152
61179
61390
60968
61255
61019
61730
61393
61438
61255
61195
61195
61381
61399
61036
61559
61036
61664
61393
61219
61015
61805
61630
61438
60982
61438
61438
61195
61438
61246
61430
61493
77768
77859
77441
77419
77522
77866
77359
77607
77806
77490
77436
77916
77667
77516
77508
77735
77383
77670
77531
77558
77500
77549
77275
77764
77737
77867
77881
77697
77575
77072
77096
77529
77381
77090
77805
77890
77477
77593
77192
77252
77727
77804
77310
77855
77542
77296
77285
77635
77300
77341
77534
77846
77345
77763
77151
77736
77792
77235
77931
77566
77631
77568
77470
77401
77515
77109
77513
77307
77716
77613
77432
77323
77468
77059
77817
77877
77829
77424
77215
77139
77526
77271
77194
77124
77909
77279
77878
77709
77396
77582
77505
77752
77629
77526
77859
77752
77500
77542
77629
77396
77396
77709
77878
77878
77629
77709
77878
77582
77582
77878
77470
77629
77582
77534
77508
77500
77505
77300
77396
77279
77381
77709
77396
77931
77279
77300
77629
77396
77878
77752
77279
77878
77735
77768
77505
77059
77500
77866
77436
77424
77279
77558
77396
77752
77279
77582
44792
44553
43996
44389
44147
44206
44398
44627
44166
43994
44189
44321
44759
44257
44276
44211
44239
43991
44729
44091
44157
44784
44115
44252
44505
43980
44328
44716
44677
44212
44667
44538
43993
44261
44575
44324
44319
44102
43928
44610
44105
44295
44108
44142
44428
44325
44636
44219
44425
44313
44244
43923
43959
44361
44205
44172
44117
44237
44087
44726
44228
44771
44571
43905
43969
44484
44327
44278
44140
44311
44169
44376
43924
44730
44306
44570
44349
44532
44341
44768
44731
44544
44702
44571
44759
44328
44768
44091
44768
44172
44349
44105
44570
44261
44731
43994
44324
44544
44349
44768
43923
44341
44702
44570
44349
44205
44324
44667
44261
44389
44376
44532
44636
44349
44716
44532
44244
44341
44544
44349
44532
44730
43991
44716
44570
44341
44276
44768
44731
44702
65913
65868
65817
65533
66106
66140
65994
65855
65416
65911
66043
66237
65495
65505
65891
65552
66035
66295
65560
65650
65641
66128
65742
65986
65662
66157
65622
65778
65619
65492
65790
65661
65768
65850
65579
66136
66180
65964
66286
65879
66144
65548
66143
65726
65770
66122
66256
66056
65430
66197
65687
66116
65436
65996
65667
65514
65680
66220
65865
66089
65916
65500
66182
66260
65847
65971
65577
65952
66090
66032
65959
65585
65487
65957
66074
65539
65705
65700
65803
65968
65572
66240
66116
65705
65913
65572
66180
66240
65492
65705
65705
65768
65572
65700
65539
65803
65968
65577
66032
65968
66136
65803
65680
65700
65539
66240
66106
65968
65968
65700
65579
65803
65492
65968
65968
66074
65700
66144
65850
66032
65548
65533
65667
66074
65572
65986
65700
66220
65552
30129
30055
29736
29856
30098
29824
30166
29700
30007
29687
29924
29744
30099
30342
30269
30262
29811
29573
29898
30337
30003
30130
29704
30313
29620
30141
29616
30088
29747
29589
30309
30053
30224
30082
29572
30176
30081
30094
29754
29743
29604
30162
30415
30456
29932
29749
30209
29685
30429
30230
30288
30388
30175
29848
30353
29715
29768
30218
29921
30263
29833
30070
30146
29651
29784
29618
30315
29728
30069
30365
30422
29701
30169
30393
29579
29739
29890
29656
29591
29583
30382
30256
30412
29741
30058
30180
30142
29707
29937
30393
30393
29728
30180
30130
30256
29741
30256
30263
30098
29937
30342
29932
29707
29898
30256
29701
29685
30003
30166
30269
29924
29573
29618
29707
29736
29579
29921
30094
30269
29937
30256
30180
29784
30053
29932
30058
30342
29707
30315
29572
29573
29707
30365
30353
29687
29741
30169
30456
29890
30162
56358
56147
55861
56001
56239
56442
56222
56060
55604
55597
56030
55642
56166
56383
55637
56311
56211
56273
56314
55600
55789
55927
55745
55776
55963
56386
55780
55909
56191
55704
55669
56192
56033
55735
55758
55824
55563
55898
56323
56198
55640
55933
55880
56097
56290
56108
56213
55996
55982
55805
56389
55664
56226
56216
55830
56234
55778
56106
56029
55609
55936
55617
55903
55863
55701
56430
55670
55667
56416
56265
56086
56330
56064
56187
56377
56178
55814
56163
56278
56190
55703
56294
55933
55880
56163
55703
56178
56178
56294
55861
56358
56064
55637
56358
56192
55776
56278
55703
56278
56064
55640
56178
55903
55880
55604
55814
56278
55664
56442
55909
56278
55814
56278
56222
56163
56239
56216
55664
55642
55909
56163
56294
55927
55703
56163
56106
56190
56187
56234
31888
31478
31421
31744
31818
31472
31418
31949
31467
31812
31998
31738
31460
31378
32183
31693
31979
31526
32209
32219
31386
31913
31751
31696
31580
32101
31870
31656
31953
31638
31722
32067
31725
32089
31905
31560
31968
31552
31447
31897
31733
32248
32222
32108
31805
31754
32110
32094
31700
31622
31938
31611
31621
31833
31882
31468
32172
31511
32147
31780
31889
31921
31886
32109
31487
31367
31840
32002
32176
32005
32119
31931
32254
32081
32047
31604
31540
31420
31442
31972
31656
32081
31882
32047
32081
32081
31972
31460
31460
31511
31905
31540
31442
31421
32047
31805
31621
32081
31540
31420
32172
31754
31442
32254
31467
32089
32254
31540
31442
31420
32081
31604
31442
31656
31418
31611
31442
32219
31447
31604
31420
31604
31611
31805
31467
32047
32135
31419
32174
31844
31808
31923
31599
31806
31589
31695
31403
32051
32176
31998
31791
32112
31883
31409
31465
31942
31502
31509
31830
31482
32142
32155
31788
31785
31535
31571
31981
32021
31594
31726
31544
31789
31361
31446
31832
32004
31818
31537
31786
31711
31703
31877
31428
31568
31490
32171
31805
31460
31554
32211
32031
32173
31626
31499
31823
31365
31444
32047
31924
31491
31578
31567
32224
32153
31495
32019
32002
31418
31412
31530
31692
32060
31588
31404
31642
32100
31768
31842
32111
31676
31377
32159
31824
31456
31917
32149
32095
31535
31377
31456
31535
32149
32095
31377
31726
31981
31456
31791
32149
32095
31490
31824
31788
31502
31676
32176
31403
31786
31456
31824
32159
31568
31377
32142
31917
31676
31695
31695
31832
31917
31444
32171
31490
31824
31377
31377
31923
31917
32047
32112
31626
31917
32100
31830
31676
32159
32159
32095
32149
35166
35621
35691
35141
35697
35762
35816
35654
35308
35030
35774
35557
35581
35579
35406
35585
35705
35107
35011
35821
35014
35268
35080
35572
35109
35396
35714
35808
34952
35802
35756
35574
35641
35536
35161
35686
35000
35375
35775
35426
35383
35589
35206
35072
34992
35593
35675
35659
35751
35063
35689
35735
35039
35454
35721
35832
35195
35020
34985
35023
35781
35571
35061
34975
35807
35728
35212
35345
34980
34993
35283
35134
35607
34991
35262
35543
35292
35340
35371
35491
35354
35671
35298
35035
34965
35149
35505
35593
35671
35298
35572
35621
35298
35035
34993
35691
35039
35832
35505
35383
34965
35268
35581
35298
35268
35375
35298
35035
35308
35735
35035
35023
35585
35011
35035
35671
35375
35035
35345
35149
35426
34965
35035
34965
35491
35557
35149
35571
35298
35774
35671
35000
35406
35705
34965
34965
35671
16869
16712
16924
16242
16984
16340
16580
16304
16986
16138
16971
16551
16941
16607
16579
16781
16811
16350
16189
16763
16820
16599
16703
16155
16374
16754
16998
16870
16346
16389
16537
16700
16532
16292
16180
16859
16618
16479
16345
16704
16246
16964
16741
16217
16907
16803
16929
16783
16724
16322
16690
16289
16657
16828
16705
16213
16650
16866
16343
16868
16456
16141
16581
16369
16765
16640
16438
16672
17008
16457
16475
16139
16499
16165
16528
16649
16249
16482
16224
16829
16216
16399
16552
16264
17002
16642
16469
16991
16916
16777
16264
16690
16469
16703
16264
16704
16991
16991
16469
16866
16552
16469
16642
16469
16469
16552
17002
16469
16998
16552
16482
16642
17002
16155
16552
16469
16369
16777
16916
16754
16820
16724
16866
16552
16249
17002
16346
16469
16657
16991
16579
16642
16642
17002
16469
16754
16469
16642
16705
16741
16345
33367
33796
33240
33426
33679
33331
33339
33274
33227
33786
33896
33418
33973
33490
33924
33866
33657
33336
33171
34033
33507
33535
33479
33384
33318
33255
33558
33981
33905
33906
33816
33949
33716
34011
33484
33998
33512
33476
33152
33309
33548
33995
33762
33443
33969
33528
33166
33513
33687
33987
33365
33553
33207
33625
33314
33304
33725
33666
33440
33952
33744
33742
33356
33745
33305
33964
33898
33696
33801
33724
33900
33880
33568
33549
33669
33693
33252
33183
33561
33799
33384
33512
33255
33669
33314
33252
33973
33693
33240
33507
34011
33426
33183
33252
33367
33725
33906
33725
33880
33896
33252
33669
33183
33426
34011
33252
33666
33331
33252
33490
33799
33549
33786
33561
33507
33549
33255
33669
33549
33252
33309
33553
33906
33252
33252
33549
36625
36353
36149
35981
36318
36229
36342
36681
36701
36307
36124
35944
36283
36184
36087
36637
36295
36126
36257
36592
36224
36621
36291
36409
36191
36687
36269
36050
36540
36293
35943
36226
36143
36082
36246
35909
36508
36562
35956
35936
36254
36664
36370
36217
36441
36670
36220
36158
35912
36346
35960
36280
36374
36345
36148
36400
36007
36162
36256
36493
36093
36119
36589
36597
36048
36017
36172
35929
35850
35965
36712
35923
35867
36009
36513
36663
36410
36375
36047
36550
36643
36114
36425
36522
36631
36047
36047
36229
36425
35936
35923
36425
35867
36114
36191
36681
36047
36425
35850
36631
36017
36597
36550
36425
36162
36643
36114
36114
36114
36681
36346
36184
36631
36522
36550
36625
36291
36592
36643
36172
35981
36374
35943
36114
35909
36631
36229
35867
36149
36017
36664
36375
35923
34049
34205
34509
34577
34252
34477
34756
34183
34722
34435
34613
34782
34330
34680
34351
34159
34749
34742
34348
34875
34516
34661
34104
34318
34341
34514
34382
34131
34402
34288
34550
34696
34668
34218
34458
34701
34066
34904
34825
34489
34069
34600
34836
34866
34180
34303
34747
34940
34198
34059
34897
34064
34062
34746
34699
34224
34656
34531
34597
34056
34479
34908
34541
34796
34859
34933
34190
34688
34322
34480
34369
34694
34873
34255
34052
34672
34895
34200
34233
34222
34171
34178
34574
34608
34153
34456
34686
34903
34456
34131
34104
34875
34903
34153
34153
34686
34190
34178
34153
34456
34574
34608
34153
34686
34903
34178
34064
34178
34608
34069
34903
34613
34180
34825
34574
34171
34218
34233
34178
34796
34668
34574
34233
34531
34608
34933
34747
34688
34903
34402
34171
34756
34171
34369
34903
34224
34198
34747
57939
57875
57796
57842
57439
58088
58095
58096
57668
57823
58204
57583
57575
57582
57684
57571
57857
57560
57854
58128
57947
57382
57532
57596
57890
58084
58110
57950
57642
58144
58035
57401
57678
57791
57952
58092
57640
58039
58195
57813
57732
58124
57451
57970
57516
57818
58100
57881
57466
57501
58104
58036
57388
57816
57964
57991
57754
57502
57630
57897
57380
57932
58160
57972
57705
57506
57507
57612
58016
57480
58116
57809
57679
57780
57462
57804
58077
57595
57801
57498
57399
57424
57831
58234
58053
57367
57409
57459
57800
57672
57997
57672
58039
57881
57672
58195
57791
57595
57679
57997
57571
58160
57507
57506
58234
57640
57780
57642
57939
57875
57642
57997
57571
57997
58234
58084
57890
57409
57875
57800
58053
57401
57642
57800
57842
57952
57506
57480
57997
57679
57679
57560
57831
57932
57498
57507
57672
58053
57816
57459
57630
58084
57642
62696
62220
62416
61893
62409
62596
62087
62382
62226
62315
61864
62302
62488
62212
62539
62451
62374
62591
62240
62691
62718
62662
62086
62103
62669
62104
62424
61889
61946
62183
61907
61867
61932
62175
62093
62508
61994
62274
62620
62003
62154
62166
62294
62058
61839
62578
61928
62340
62588
61871
62362
62330
61962
62169
62339
62132
62698
62053
61840
61958
61989
62480
62573
62310
62645
62008
62320
62531
62675
62205
61986
61941
62527
62176
62686
61996
62322
62621
62571
62506
61974
62071
61996
61946
61974
62621
62169
61928
62698
62071
62176
62508
62506
62571
62294
62698
62686
62675
61974
62322
62488
62571
62330
62571
61996
62480
61871
62166
62686
62205
61864
62416
62071
62539
62320
62718
62424
61932
62071
62087
62322
62686
62302
62183
62691
62571
62340
62506
61994
32420
32710
32787
32762
32982
32870
33112
32434
32553
32545
33072
32704
33092
32949
33002
32958
32726
33091
32333
32722
32575
32280
32673
32657
32827
32652
32716
32838
33045
32847
33019
32523
32384
32261
32953
33046
32640
32379
32479
32739
32695
32879
32800
32425
32451
32719
33115
32343
33097
32830
32390
32580
32993
32875
32465
32286
32813
32760
32786
33123
32761
32833
32285
33146
32327
32437
32768
32334
32436
32340
32421
32671
32478
32579
33073
32987
33062
32824
32370
32630
32700
32745
32332
32290
32433
32654
32431
32430
33147
32588
33030
33009
32360
32878
32460
32878
33009
32460
32340
33009
33147
32719
32726
33009
32430
32553
32327
32958
32460
32390
32286
32433
32716
33147
33062
33112
32838
32761
33030
32430
32261
32479
32949
32460
33147
32879
32588
33009
32465
32360
33009
32878
32430
33030
33112
33092
32460
32588
33030
32824
32280
32360
32878
32879
32588
33030
32958
32657
32280
42404
42805
42909
42695
42940
42486
42434
42752
42124
42365
42809
42125
42575
42702
42436
42670
42247
42450
42369
42912
42550
42592
42562
42264
42355
42745
42496
42564
42794
42608
42644
42307
42689
42123
42566
42439
42194
42528
42318
42668
42116
42522
42548
42297
42526
42884
42606
42748
42418
42996
42735
42823
42704
42151
42582
42325
42589
42849
42251
42285
42744
42853
42226
42623
42511
42392
42657
42127
42334
42521
42182
43007
42761
42795
42900
42476
42422
42368
42137
42807
42847
42298
42721
42193
42738
42482
42503
42452
42482
42439
42365
42566
42247
42522
42940
42450
42608
42124
42452
42392
42355
42193
42486
42738
42847
42738
42123
42298
42368
42452
42298
42940
42123
42193
42365
42689
42476
42702
42151
42452
42482
42116
42452
42482
42334
42809
42503
42486
42548
42452
42738
42355
42809
42849
42522
42452
42452
42285
1832
2325
2580
2445
2605
2142
2547
2139
2357
2530
2311
2477
1987
2111
2345
2602
2174
2216
2082
2562
2528
2029
1962
2269
2514
2165
2107
1876
1864
2535
2636
2121
2228
2164
1945
2276
2256
1844
1878
2449
2144
2628
2184
1957
2191
2202
2566
2430
2370
2342
1875
2344
1850
2633
2168
1920
2253
2619
2393
2653
1819
1838
2363
2125
2052
2199
2035
1896
2224
2667
2571
2685
2076
2522
2210
2687
2201
2494
2203
2441
2108
2369
2589
1997
1956
2036
2288
2134
2128
2503
2343
2007
2165
1864
2036
2134
2202
2199
2288
2108
1956
1875
2503
2007
2503
2605
2580
2036
1956
2288
2344
2036
2325
2199
2228
2036
2288
2128
1850
2288
2494
2528
2036
2036
2134
2007
2288
2530
2653
1875
2370
2288
2514
1956
1956
1819
2142
2007
1844
1956
1844
2370
2036
2628
1456
1673
1772
1103
993
1031
1105
1123
1014
1773
1222
1770
1594
1127
1175
1508
1406
1282
1073
1001
1753
1397
1189
969
1549
926
1755
1667
1548
1122
1359
1252
1003
1201
1005
1284
1182
1470
1646
1650
1314
1607
1289
1436
1597
1487
1469
1087
1090
1520
1631
1360
1586
1093
1559
1029
1351
1437
1298
928
1059
1727
1434
1192
1608
1535
1692
1319
1116
1264
1271
1260
1567
1578
913
965
1040
963
1569
1510
1582
1476
978
1164
1588
1502
1628
1499
1760
1028
1225
1091
1240
1486
1628
1240
1486
1225
1469
965
1201
1499
1628
1755
1502
1582
1252
1476
1225
1014
1499
1456
1240
963
1073
1628
1271
1225
1091
1225
1073
1628
978
1225
1499
1772
1240
1040
1510
1240
993
1673
1003
978
1091
1028
1582
1502
1289
1091
1105
1486
1225
1028
1486
1486
1397
1028
62295
62686
62571
62138
62045
62395
62063
61983
62537
62662
62228
62604
62640
61989
62710
61954
62169
61883
62259
62716
62627
62037
62135
62366
62039
62290
62065
62588
62520
62581
61964
62061
62701
61826
61897
62090
62244
62086
62258
62318
62196
62621
61854
62078
61881
62637
62440
62158
62126
61911
62378
62146
62535
61993
61887
62041
62422
62330
61931
62689
61868
62657
61947
62532
61844
62106
62597
62100
62047
61860
62605
62421
62376
61878
62661
62418
62425
62645
62071
62663
62084
61866
62503
62417
62682
62645
62682
62146
62100
62503
62258
62503
62682
62503
62440
62086
62663
62532
62571
62084
62503
62417
62318
61883
62135
62417
62503
62071
62645
62662
62366
62520
61931
62330
61954
62645
62084
62588
62084
61947
62503
62682
61866
62689
62588
62417
62503
61931
62041
62258
62084
62663
62537
39648
40074
39453
40079
39674
40153
39927
40195
39946
39752
39964
39529
39698
40109
40216
40116
40134
40081
39743
40076
39553
40004
39960
40151
39628
39842
39968
39902
39843
39541
40063
39445
39895
39744
39448
39748
39829
39504
39525
40157
39779
40214
39785
39796
40246
39523
39468
39929
39730
40249
40033
40064
39982
39549
39999
39957
39835
40238
40197
40044
39814
39530
39512
39805
39992
40309
40046
39452
39489
39923
39497
40175
39938
39872
40299
40030
39891
39432
39505
40170
39614
39848
39943
39642
40302
39543
39788
40200
39839
39596
40087
39691
40239
39485
39823
39839
40064
39530
40200
40087
39596
39497
39823
39946
39525
39964
39648
39543
39823
39674
39596
39445
39823
39596
39596
40200
39842
40309
39848
39485
39968
39964
39964
39943
40033
39839
39452
39485
39453
39938
39489
39968
40239
39691
40087
39839
39839
39691
39648
39872
39628
39839
40200
39748
40238
39982
39823
39485
39614
67396
67618
67761
67906
67313
67394
67290
67502
67541
67439
67971
67830
67488
67766
67865
67208
67997
67679
68050
67336
67999
67223
68038
68047
67651
67982
67744
67456
67946
67555
67882
67730
67483
67537
67748
67508
67255
67381
67335
67365
67654
67937
67695
67587
67902
67205
67332
67298
67767
68059
67633
67975
67644
67696
67329
67543
68058
67659
67804
68095
67969
67944
67947
67490
67460
67477
67559
67325
67929
68023
67802
67239
67615
67650
67700
67504
67856
67347
67266
67950
67207
67976
67770
68036
67215
67625
67413
67941
68036
67947
67215
67941
67902
68047
67804
67587
67215
67804
67215
67696
67477
68036
67651
67625
67946
67770
68047
67659
67413
67396
67215
67865
67941
67587
67490
67947
67679
67976
67207
67394
67215
67770
67215
67207
67941
67802
68036
67207
67997
67413
68036
67413
67976
67644
67460
67215
67347
68023
79720
79558
78964
79707
79073
79574
79506
79165
79148
79668
79170
79591
79176
79101
79560
79013
79458
79247
79357
79725
79042
79351
79721
79733
79443
79167
79007
79402
79062
78938
79363
79510
79404
79385
79521
79251
78959
79255
79276
79257
79083
79097
79681
79154
79037
79659
79372
79677
78883
79465
78931
78947
79195
79113
79597
78963
79236
79370
79024
79150
79468
79660
79323
79315
78853
79622
79212
79541
79690
79530
79435
79741
78920
79538
79539
79114
78880
79286
79228
79737
79124
79353
79254
79209
78945
79033
79282
79342
79548
79503
79251
78964
79062
79033
79385
79195
79033
79342
79342
78945
79033
78880
79276
79073
79548
79372
78963
79282
79435
78938
79276
79282
79548
79007
79725
78945
79176
79254
79468
79154
78945
79254
79062
79209
79548
79113
79385
79385
79370
78963
79370
79254
79690
79209
79282
79209
79357
79503
79033
79503
79560
39265
39113
39097
39217
39001
38802
39366
38549
38887
39297
38806
38607
39119
38594
39124
39353
39404
39308
39127
39125
38834
39263
39243
39144
39075
39176
38854
39200
39335
38652
38653
39020
38823
38700
38927
38609
38846
38662
38673
38982
38845
38557
38831
38894
38611
38699
38698
39064
39224
38864
39349
39041
39107
39186
39323
38751
39193
38999
38558
39101
38646
38578
39289
38769
38881
38991
39227
38810
38757
38617
39421
39108
38647
38565
39365
39387
39189
39409
38711
38789
38939
39350
39304
38651
38682
39083
39169
39169
39041
38652
38682
38939
39083
38789
39350
38699
38999
39200
38789
38864
39350
38682
38881
39169
38939
39186
38651
39350
39304
39083
39304
38802
39127
39335
39083
39304
38939
39169
38682
38751
38651
39064
38881
38802
39366
38823
38651
38651
38991
38939
38789
39083
39421
39107
39193
38831
39350
35728
35288
35762
35164
35571
35158
34986
35176
35600
35344
35021
35570
35528
35520
35157
35072
35331
35693
34966
35197
35747
35498
35648
35701
35350
35058
35591
35324
35682
35392
35601
35756
35236
35079
35803
35816
35137
35346
35491
35148
35404
35698
35481
34952
35634
35167
35406
35025
35422
35018
35507
35387
35273
35495
35501
34965
35411
35235
35356
35745
35063
35650
35094
34984
35201
35367
35289
35253
35278
35330
35269
35388
35343
35170
35778
35338
35711
35715
35834
35830
35143
35666
35509
35627
35717
35060
35825
35577
35090
35619
35087
35124
35159
35003
35701
35619
35170
35701
35491
35235
35124
34984
35570
35619
35003
35343
35324
35143
35634
35021
35090
35577
35830
35825
35619
35137
35003
35124
35124
35003
35715
35021
35715
35090
35159
35148
35330
34965
35570
35825
35124
35756
35601
35356
35058
35387
35825
35159
35087
35495
35124
35201
35577
35087
35197
35778
35619
35003
58074
58036
57879
57938
57559
58003
58009
57494
57386
57409
58157
57383
58040
57916
57957
58156
57874
58048
57420
57351
57836
57506
57579
57495
58088
58160
57489
58013
58032
58180
57853
57651
58102
57794
57875
57586
58164
57379
57436
57983
58123
57660
57617
57470
57350
57865
57892
57552
57658
58199
57619
57600
57499
57691
57598
57841
57642
57485
58197
57956
58120
58208
57438
58170
57851
57857
57683
57906
57613
57830
58110
57855
57388
57503
57564
57941
57477
57863
58030
57999
57538
57427
57400
57961
57411
57727
57793
57414
57955
57439
57727
57642
57579
57853
57383
57411
57436
57400
57955
57400
57836
57793
57961
57956
57956
57793
58030
57439
57427
57439
57955
57400
57439
57961
57961
57983
57400
57351
57411
57955
57961
57855
57414
58123
57851
58003
57955
57892
57400
57400
57400
57617
57383
58036
57874
58164
57879
57642
57642
57411
57411
19118
18934
19054
19052
19511
19012
19145
19381
19483
18871
19698
18995
19515
18891
18877
19036
19307
19582
19304
18831
18844
18961
19060
19661
19035
19141
19371
18958
19019
19154
19639
18840
19263
18994
19295
19133
19501
18900
19575
19646
19668
19618
19194
19300
18870
19336
19651
19359
19022
18987
19335
19218
18852
19086
18914
19205
18918
19135
19046
19165
19102
19041
19644
19546
19127
19414
18930
19548
19586
19479
19538
19331
19402
18970
19130
19170
19496
19138
19279
19562
19109
19482
19246
19457
19711
19556
19709
19016
19381
19109
19109
19300
19698
19651
18870
19109
19205
19246
19109
19496
19133
19402
19263
18918
19639
19246
19279
19548
19556
19556
19381
19582
19109
19711
19709
18831
19359
19246
19133
19482
19016
19482
19482
19012
19711
19016
19127
19133
19016
18871
19457
19109
19109
19019
18918
19646
19402
19246
11120
10978
11418
11531
10998
11622
11383
11557
11227
11636
11080
10958
10856
11258
11087
10886
11588
11596
11311
11136
10854
11566
10941
11428
10914
11013
10775
11408
11438
10800
10785
10889
11072
11339
10954
11257
11611
11477
11094
11304
10837
11297
10985
11103
10791
11406
10798
11625
10900
11326
11236
11516
11025
10765
11439
11295
11357
11254
11132
11412
11251
11472
11281
11491
11019
10891
10986
11106
10835
11395
11598
11441
10790
11476
10915
11196
11070
10937
10865
11403
11060
11351
10894
11606
11478
11274
11056
10826
11148
11584
10990
10990
10826
11606
11428
11403
11056
11136
11148
10798
11412
10826
10914
10800
11056
10826
10798
11441
11311
10986
11477
10990
10775
10826
10978
11606
11606
11478
11120
11478
10826
11148
10990
11295
11584
11072
11611
11606
10826
11351
11103
11418
11311
11598
11478
11080
10990
10915
10826
11531
11311
10886
11056
39725
39569
39970
39736
39869
40258
39956
40260
39848
39643
40203
40070
40155
40218
40271
39980
39878
39605
39477
39638
39594
39628
39961
39652
40206
39582
40194
39553
39917
39486
39743
40048
39691
39668
39567
39912
40135
39723
39453
39587
39812
39785
39775
39986
39755
40055
39608
39692
39799
39997
39475
39593
39665
40162
40168
39677
39547
40281
39943
39525
39940
39786
40087
39710
40266
39973
40171
39448
39757
40188
40122
40229
39519
39683
40267
40099
39952
39958
40151
39604
39909
39654
39923
40075
40216
39696
40016
39471
40024
40010
40016
40070
39923
39848
39477
39923
40075
39665
39696
40010
39696
39628
39785
40024
40075
40271
39923
40010
40229
40010
39519
39696
40168
40216
39608
39654
39923
39652
40281
40010
40024
40216
39970
40206
39940
39486
39696
39696
39652
40024
40010
39923
39775
39970
40024
39696
40216
39471
39710
40016
39958
22802
22902
22633
22733
22547
22501
22809
22416
22932
22653
22705
22447
22570
23253
22919
23006
22867
23224
22686
23199
22403
23032
22616
23183
23258
23102
22999
22608
22672
23027
23107
23104
22800
23277
22886
23278
23208
23013
22601
22772
22624
23035
23127
23228
22744
22798
22567
23219
22507
23159
22732
22698
22553
23121
23222
22826
22536
22823
22865
22483
22938
22951
23017
23058
22561
22819
23152
22889
22462
22491
22613
22841
22466
22997
22494
22822
22796
22849
23255
22590
23211
22545
22523
23118
23154
23232
22868
23064
23188
22858
22757
23003
23232
23003
22616
23188
23064
22536
23159
22865
22858
23003
23188
22757
22809
22672
23003
22616
23064
22841
22653
23017
23232
23121
22868
23003
23253
22686
23003
22858
22919
22798
22545
22608
22757
22802
23188
22868
22868
22523
23232
22757
22858
22501
22997
22867
22491
23159
22757
23017
23222
22757
22858
23064
45714
46505
46517
46159
46065
46072
45707
45958
45705
46362
46268
45978
45812
46422
45896
46218
45932
46495
46208
46283
45748
45796
45763
46166
46020
45848
46508
46253
46357
45830
45700
46526
46353
46176
46307
45708
46205
46190
46568
46352
46290
46368
46210
46439
46245
46392
46107
45822
46224
45874
46078
46120
46419
45766
46132
45963
45737
45871
46261
45699
46270
45722
45844
45870
45879
46391
46004
45997
46557
46093
46139
45781
46409
46119
46029
45790
46180
46411
46543
46064
46078
46029
46392
45707
45790
45997
46029
46180
46119
46543
46362
46353
46107
46190
45790
46409
46176
46261
46411
46029
46029
46543
46208
46419
46180
46270
46119
46419
45844
46119
46072
46119
46409
46120
46409
46029
45790
45963
46029
46029
46411
46029
46180
46180
46120
46119
16301
16497
16392
16960
16790
16968
16154
16718
16386
16236
16209
16321
16710
16933
16540
16469
16395
16484
16291
16465
16839
16448
16227
16583
16923
16526
16455
16553
16861
16756
16701
16353
16559
16438
16996
16744
16459
16976
16741
16798
16308
16545
16279
16651
16758
16956
16621
16507
16820
16630
16284
16188
16874
16807
16871
16324
16856
16229
16421
16837
16329
17003
16138
16543
16231
16434
16370
16959
16309
16650
16640
16502
16669
16719
16764
16424
16591
16168
16742
16802
16392
16719
16395
16802
16591
16669
16933
16742
16669
16630
16959
16308
16960
16719
16802
17003
16790
16802
16168
16591
16719
16154
16802
16543
16669
16559
16559
16923
16742
16742
16741
16669
16484
16291
16790
16640
16621
16227
16923
16438
16959
16424
16764
16386
16856
16284
53742
53362
53088
53037
53582
53188
52950
53589
53507
53120
52975
53205
53293
52935
53331
53058
52952
53045
53150
53095
53017
52982
53610
53459
53333
53450
53021
53122
53349
53693
53576
53581
53272
52980
53337
53144
52913
53097
53199
53515
53593
53073
53588
52902
52904
53651
53204
53256
53397
53141
52990
53323
53023
53365
53079
53710
52921
53264
53442
53366
53730
53201
53133
52983
53096
53656
53050
53257
53062
53599
53590
52869
53548
52969
53672
53191
52920
53428
53520
53635
53456
52998
53678
53492
53380
53070
52909
53468
53019
53012
53070
53012
53468
53188
53019
52983
52909
53019
53012
52909
53380
53331
52909
53150
53588
53019
53576
53678
53095
53079
52909
52921
53204
53293
53678
53023
52904
53017
52935
53468
53019
53588
53019
53590
53520
52935
53492
53380
53456
53050
52909
53070
53070
53380
53019
53468
53468
53468
53468
53456
53188
44217
44150
44497
44707
44465
44390
44431
44444
44456
44524
44496
44495
44199
44540
44559
44756
44461
44791
44215
44689
44190
44769
43905
44309
43943
44053
44711
44301
44678
43939
44488
44554
44278
44514
44218
43953
44257
44599
44563
44039
44011
44483
44443
44491
44536
43922
44095
43904
44718
44693
44412
44380
44414
44102
43956
44449
44419
43996
44241
44139
43924
44070
44129
44115
44111
44300
44720
44363
43966
44048
44481
44409
44043
44265
44143
44457
44007
44626
44700
44051
44762
44457
44678
44007
44791
44720
44300
44497
44143
44762
44457
44143
44700
44626
44700
44626
44524
44143
44143
44115
44762
44143
44129
44700
44563
44412
44007
43905
44265
44457
44563
44626
44540
44762
43956
44711
44039
44143
44700
44496
44265
44143
44363
43966
43956
44536
44051
70279
70135
70099
70669
70042
69923
70470
70177
70423
70649
69984
70304
70407
70747
70251
70083
69975
70484
70480
70563
70498
69889
70592
70425
70371
70720
69922
69956
70662
70199
70277
70003
70415
70368
69946
70690
70531
70610
70055
70375
70602
70729
70121
70524
70020
70160
70706
70287
70360
70439
70687
70124
69979
70200
70594
70689
70285
70174
70049
70229
70678
69917
70408
70717
70417
70639
70067
70131
70032
70680
70159
70535
70091
70527
70308
70472
70330
70529
70627
70730
70623
70575
70346
70582
70390
70106
70003
70415
70472
69889
70582
70575
70627
70649
70627
70124
70390
70563
70415
70669
69979
70106
70360
70390
70407
70575
70067
70649
70582
70470
70390
70106
70390
70346
70623
70346
70390
70623
70390
70390
70627
70669
70346
70687
70135
70160
69956
70575
69917
69922
69917
70575
69917
70425
70623
29166
29194
28991
29473
29380
28745
28852
29538
29223
29355
29175
29327
29094
29460
29475
28780
28808
29444
29425
29188
28820
29108
28835
28958
29526
29403
29269
29299
29559
29531
29238
29144
29131
29295
29252
29286
29536
28965
29346
29523
29533
29189
28747
29268
29381
29546
28710
29088
29395
29236
28796
28853
29539
29141
29027
29083
28764
29412
28682
28973
28709
29244
29107
29155
29525
28864
28818
29003
29482
29205
29074
29187
28944
28702
29059
29543
28954
29143
28748
29068
29073
29302
28870
29316
29547
29482
29533
29068
29302
29068
29244
29346
29244
29316
29395
28991
29188
29526
29547
28853
29073
29355
29547
28747
29444
29189
29073
28748
29143
29316
28870
28710
29143
29143
28870
28991
28870
29316
29143
28944
29302
28748
29073
28870
29538
28748
29316
29143
29068
29327
29316
29083
29543
76110
75994
75757
75829
75377
76047
75638
75528
75955
76032
75979
75456
75657
76086
75352
76022
76063
75334
75587
75511
75835
75489
75491
75650
75661
76044
75918
76132
76055
75576
75555
75868
75465
75553
75741
75981
75552
75498
75317
75502
75565
75922
75409
75704
75740
75824
76029
76059
75538
76095
75613
76084
75669
75708
76013
76151
75330
75375
76049
75600
75622
75672
75839
75924
75342
75682
75267
75874
75656
75578
75951
75322
75642
75713
75787
75769
76133
75702
75691
75292
75341
75746
75821
75746
75552
75622
75821
75769
75821
75334
75924
76133
75691
75292
75341
75511
75292
75613
75292
75746
75317
75322
75746
75981
75292
75341
76049
76133
75746
75713
75622
75874
75746
75769
75691
75672
76084
76133
75292
75924
75821
75821
76095
75746
75821
76133
75672
75691
75746
75821
71796
71769
72502
72177
72003
72109
71903
72521
72499
71969
72520
71966
71739
72102
71731
71836
71800
71715
72282
71783
72072
72512
72486
71866
72123
72309
72105
72315
72570
72171
71846
72470
72474
72145
72487
72196
72393
72534
72532
71924
71899
71859
72509
72510
71862
72068
71892
72183
71884
71746
72258
72562
72495
72209
71858
71991
71878
72110
72275
72192
71753
72452
71809
71727
71725
72120
72164
72249
72384
72550
72139
71841
72112
72149
71803
72059
72503
72278
71768
72333
71988
72421
72410
72159
71695
71754
72504
72313
72236
71896
72371
72474
72534
71896
72159
72102
72159
71896
71754
72309
72313
72371
72120
72384
72509
71783
71754
71903
71896
71862
72333
72410
72410
72313
72159
72159
72313
71796
72139
72486
72371
71896
72371
72177
71754
71809
72282
71896
72282
72313
72236
72258
72278
71796
72504
71739
71896
71695
71858
71896
71754
72003
72499
78094
78054
78195
78830
77973
78678
78666
78324
77977
78846
78536
78342
78802
78193
78568
78539
78218
78448
78515
78150
78253
78494
78512
78025
78663
78224
78358
77958
78727
78640
78723
78523
78100
78664
78406
78261
77967
78710
78431
78532
78659
78829
78164
78270
78271
78243
78769
78067
78638
78430
78794
78329
78337
78391
78820
78346
78043
78803
78566
78359
78142
78041
78179
78126
78549
78136
78587
78334
77962
78069
78643
78822
78553
78446
78781
78345
78036
77992
78734
78089
78794
78553
78566
78089
78164
78568
78334
78324
78406
78446
78089
78036
78036
78054
78553
77992
78271
78345
78089
78271
78179
78025
78781
78164
78523
78587
78553
77992
78781
78025
78036
78406
78036
78734
78446
78446
78218
78089
78261
78430
78345
78822
77992
78539
78781
78568
80814
80926
80998
81026
81393
80702
81438
80992
80718
81164
80819
80696
81179
81293
80679
81205
81063
80756
81467
81102
81165
80642
81178
81146
80753
80844
80988
80869
81170
81375
80954
81092
80840
80793
80911
80798
80700
81347
81006
81115
81499
81404
80868
81081
81012
81222
81424
81023
81234
80831
80963
81129
80666
81144
81385
81486
81448
81130
81309
81400
81229
80800
81255
80641
81356
80908
81365
81080
81403
81475
81402
81270
81190
81414
80713
80711
81481
81088
80786
80727
81305
80873
81131
80692
80825
81359
81492
81381
81461
81032
81140
80734
81035
81346
81126
81126
81032
80819
81032
81461
81140
81140
80998
80713
81140
81414
80734
80868
81092
81492
81032
81126
80819
81126
81126
81080
81400
81381
81140
81359
81381
80814
81126
81126
81385
81126
81126
81126
81023
81140
80711
80718
81035
80718
81126
80793
81035
81205
81222
81032
80988
81381
81035
80718
81032
81293
80814
81359
81403
36818
37083
37352
37591
37382
37540
37541
37623
37502
37345
37179
37030
37426
37579
37142
37450
36747
37308
37499
37195
37432
36873
37580
37575
37082
36992
37247
37243
37246
37074
36977
37259
37512
37296
36857
37498
37196
37548
37181
37285
36966
37113
36930
36868
37017
37218
37272
36817
37563
37469
36850
37615
37415
37597
37594
37173
36890
36852
37358
37268
37318
37544
37227
36997
37535
37027
37167
37330
37522
36942
36828
37165
37309
37445
36826
37448
37089
37430
37427
36811
37133
37620
37366
36853
37466
37365
36755
37133
36853
37365
37620
36811
37365
36811
36853
37548
37466
37365
37268
37366
36853
37227
36826
36755
37466
37309
37432
37247
37466
37142
37366
37365
36817
36992
37620
37366
37133
36755
37082
36997
37318
37432
37285
36755
37535
36755
36755
37563
37594
36853
37272
37089
37432
37352
36857
37089
37466
79711
79161
78848
79275
79250
79378
79456
79453
79593
79155
79001
79196
79069
79013
79375
79041
79254
79443
79085
78853
79488
79414
78878
78923
78948
79511
79532
79703
79401
79349
79027
78964
79514
79042
79429
79404
79592
79728
79594
78865
79016
78884
79559
78877
79677
79210
79286
79490
79510
79197
79306
79716
79529
79055
79397
79287
79531
78974
79265
79599
78896
78926
79406
79688
78919
79726
78958
79097
79634
79735
79621
79289
79541
79125
78908
79554
79271
79454
79188
79715
78880
79648
79217
79610
78925
79372
79165
78895
78895
79027
79610
79726
79594
79728
79610
79372
79610
79349
78880
78923
79217
79196
79125
79013
79217
79125
78880
78884
79217
79188
79648
79165
79559
79610
79703
78925
78974
79372
79511
79165
79404
79217
79042
79610
78926
79610
79378
78880
79648
79165
78853
79217
78880
79254
78880
79554
78880
79217
67337
67252
67699
67879
67939
67714
67304
67748
67706
67951
67872
67499
67300
67510
67595
67556
67626
68046
67627
67866
67442
67661
67245
67705
67238
67846
67466
67985
67906
67441
67855
67875
67686
67399
67983
67666
67920
67576
67283
67461
68066
67582
67445
67528
67559
67959
67469
67638
67958
67369
67329
67356
67897
68088
67926
67507
67669
67981
67614
67596
67236
67257
67825
67698
67514
68001
67994
67791
67201
67789
67293
67861
67357
67589
67310
67821
67431
68054
67768
68083
67577
67303
67504
67298
67757
68005
67579
67837
68013
67258
67259
67258
67298
67369
67983
67431
67958
67357
67596
67258
67706
67837
67757
67582
67298
67879
67959
67258
67837
67757
67757
67705
67837
68005
68005
67757
67293
67596
68001
67920
67579
67866
67259
67259
67579
67757
67596
67259
67821
68013
67442
68013
68066
68013
67837
67837
67298
67259
67837
67837
67356
67926
67298
13747
14195
13597
13811
14204
14267
14146
13491
14021
14133
13830
14032
13636
13694
14239
13948
13779
14156
13937
14027
14139
13489
13543
13774
13804
13457
13981
13998
13441
13878
13646
14026
13787
13973
13735
13780
13718
13795
13446
14082
13768
14163
14116
14100
13625
14057
13838
13792
13684
13934
13487
13700
13925
13860
14182
13954
13503
14062
14006
13802
13845
14001
13681
13760
13495
13803
13540
13978
13682
13723
13755
13470
13626
13908
14332
14261
13708
14089
13942
14132
13494
13567
13722
13621
14043
14303
13461
13686
14084
14043
14043
13621
13948
13461
13567
13494
13567
14043
13567
13597
13925
13457
13722
13567
13461
13804
13908
13461
14303
13621
13804
14043
13621
14267
13948
14267
14084
13755
13567
13760
13470
13540
13686
14062
14084
13934
13803
13446
13457
13954
14043
13722
13681
14303
14267
14303
14303
14043
14303
14026
58494
58846
58564
59075
58459
59117
58738
58422
58616
58978
58769
58252
58332
59078
58584
59029
58477
58922
58617
58773
58528
58824
58663
58396
58258
58276
58449
58426
59100
58470
59110
58406
58251
58354
58977
58862
58378
58628
58912
58788
58648
58301
58353
58742
58474
58759
58603
58571
58946
58612
59086
58602
58290
58593
58337
58880
58796
58334
58960
58717
58932
58625
58333
58548
58403
58635
59050
58669
58381
58542
58553
58472
58661
58746
58728
59020
58963
58243
58503
58884
59025
58955
58331
58328
58256
58753
58281
58294
58886
58331
58862
58276
58256
58354
58669
58602
58281
58281
58252
58728
58494
58256
58759
58294
58256
58251
58753
58243
58955
58955
58824
58955
58978
58334
59075
58294
58922
58281
58932
58628
58331
58753
58663
58328
58333
58328
58753
58753
58932
58661
58753
58294
58880
58294
58628
58753
59025
58661
58978
58612
27342
27488
27195
26968
27193
27238
27540
27688
27232
26883
27484
27356
27124
27774
27663
27096
27080
26927
27497
27413
27368
27107
27755
27406
27045
27601
27160
27741
27054
27486
27439
27248
27647
27039
27388
26940
27179
27509
27336
27522
27561
27116
27164
27726
27279
27094
27705
27554
27181
27272
27147
27372
27143
27462
27323
27751
27226
27461
27004
27135
26980
26965
26894
26952
27676
27261
27010
27737
27049
27616
26955
27764
27520
27423
26975
27239
27653
27478
27243
27433
27425
26953
27047
27315
27764
27272
27243
27433
27124
26953
27755
27425
27179
27653
27315
27478
27478
27315
27243
27653
27045
27478
27425
27433
27315
27726
27554
27096
27226
27486
27045
27047
27425
27004
27315
27554
26883
26953
27478
27497
27272
27478
27751
27478
27356
27315
27368
27755
27080
27179
27478
27561
9248
9771
9257
9806
9060
9520
9637
8975
9760
9301
9234
9836
8970
8988
9491
9292
9703
9190
9490
9713
9787
9783
8973
9640
9639
9579
9239
9747
9123
8979
9759
9437
9739
9590
9367
9669
9069
9672
9588
9565
8998
9604
9822
9434
9816
9514
9772
9811
9396
9297
9716
9549
9818
9041
9191
9063
9067
9529
9471
8982
9831
9495
9430
9841
9718
9038
9846
9418
9227
9670
9558
9657
9083
9392
9457
9028
9393
9288
9403
9443
9010
9651
9804
9498
9400
9854
9464
9519
9507
9852
9081
9709
9464
9852
9852
9588
9760
9434
9069
9234
9257
9852
9854
9709
9227
9367
8975
9604
9507
9549
9529
9854
9396
9672
9519
9519
9069
9519
9519
9854
9852
9123
9651
9514
9520
9507
9464
9507
8975
9709
9227
9639
9854
8982
9400
9081
9640
9191
9464
9852
9081
9400
9558
9579
20740
21057
21429
20747
21424
20649
21050
21014
21082
20985
20888
21203
21271
20623
20980
21199
21117
20827
20624
20854
21075
20939
21290
20855
21091
21401
20869
20991
21415
21453
21313
20670
21126
21394
21328
21136
20816
20612
21343
21018
21182
21448
20750
21185
20874
21468
20733
21060
20660
20892
21200
21473
21037
21107
20760
21205
20913
20746
21064
21345
21242
21391
20694
21206
20679
21047
20825
21070
21318
21238
21143
21407
20637
20644
20883
21381
21066
20757
20609
20778
21317
21354
21151
21158
21178
21335
20780
20826
21474
21061
21184
21450
20610
21393
20913
21082
21474
21343
21328
20826
21474
20991
21271
21061
21242
21394
21424
21393
21184
20780
21047
20826
21014
21184
21393
21061
20750
21018
21474
21354
20610
21143
21393
21184
21393
21474
21474
21473
21126
21450
20610
21393
21393
20610
21184
21037
20826
21328
20826
20780
21075
21328
20980
20623
20610
20610
20826
20610
70306
70639
70073
69982
70273
70462
70165
70368
70072
70636
69907
70048
69936
70276
70087
69959
70690
70207
69957
70712
69923
70493
70021
70175
70151
70107
70074
70487
70253
70652
70192
69892
70568
70240
70704
70334
70767
70431
70606
70287
70180
70039
70474
70715
70291
70650
70014
70612
70391
70065
70673
70171
70698
70665
70356
70688
70028
70711
70579
70101
70425
70770
70456
70471
70390
69925
70332
70204
70161
70286
70033
69905
70103
70341
70176
70182
70637
70250
70374
69963
70478
70527
69966
70571
70584
70767
70478
69963
69936
70584
70636
70688
70287
70182
70250
70478
70431
70374
70253
69957
70250
70527
70103
69963
70584
69936
70527
70250
69966
70240
70478
70014
70571
70487
69907
70462
70207
70462
70478
70584
70584
70637
70171
70665
70571
70673
70568
70048
70374
70527
70487
69963
70571
80504
80105
79948
80462
79883
80439
80034
80482
80037
80451
80393
79880
79866
80057
80152
79841
79757
79760
80633
80329
80270
79940
80066
80379
79787
80600
79798
80086
80607
80258
79846
80526
80376
80318
80618
80176
80118
79821
80525
80043
80153
80339
79802
80074
80353
80426
79831
80293
79976
80236
80166
80638
79953
80378
80212
80334
80513
79777
79781
80072
80213
80295
79965
80527
80005
79837
79761
80299
79794
80253
80110
79780
80348
80083
79804
80417
79960
80075
80022
80125
79858
79958
80184
80025
79782
79872
80486
80459
80525
80184
80439
79780
79872
80025
79866
79958
79872
80293
80066
80037
80513
80486
80025
79858
79958
80459
79798
79858
80329
80600
80166
79782
79958
80329
80025
79958
79958
79866
79821
79953
80066
79958
80295
79958
79782
80025
80486
80607
79958
80025
80451
80379
79782
79976
80486
79958
79976
80393
38238
37914
38512
37896
37646
38413
38025
37634
37710
38491
37930
38061
38377
37747
38344
37766
37641
37983
38367
38198
37913
38242
38203
37920
37895
38094
38013
37857
38265
37836
38067
37695
37660
38123
37935
38160
37743
37838
38333
37825
38010
37873
37848
38342
37882
38070
38268
38507
37696
38085
37990
37745
38145
37662
38321
37635
38091
38311
38477
38027
38008
38180
37777
37976
37967
37899
38154
38387
37876
38150
38068
38505
38395
38016
37722
37776
37835
38328
37980
38417
38165
38130
38256
38520
37978
37636
38122
38413
37835
38130
38122
38085
37695
37636
38377
37857
37745
38154
38256
38477
38122
38165
38520
37978
37895
37836
37913
38242
38198
37876
37766
37662
37636
38417
38122
38122
38512
38165
37978
37913
37776
37935
37743
37836
38413
38520
38256
38265
38417
37636
38321
38130
38165
37722
38122
38520
37662
82416
81732
82215
81660
82200
82186
82395
82091
81957
82052
82381
81930
81905
82132
81723
82022
82147
82382
81854
82064
81652
82375
82182
81716
82156
82192
81958
81837
81865
81827
82068
82390
81669
82007
82043
81663
82115
82286
82280
81891
82154
81618
82185
82174
82303
82137
81805
81649
82384
82276
81768
81944
81840
81853
82231
81992
82018
81700
82128
81634
81658
82050
81826
82419
81580
82287
82327
81655
82352
81797
81993
82334
82249
81537
82105
81717
81739
81626
82236
82141
81723
81854
82105
82327
81739
82375
82022
81580
82007
81537
81797
81626
81723
82141
81891
81649
81827
81537
81837
81658
82141
82105
82141
81652
82236
81716
82105
81717
81649
82068
82236
82018
82141
82381
81992
82007
81739
81626
81634
81626
82249
82141
82327
82137
82105
82236
50981
50210
50362
50549
50821
50775
50988
50740
50466
50539
50749
51004
50503
50497
51038
50467
50315
50337
51037
50214
50505
50477
50922
50690
50918
50639
50358
51036
50979
50991
50767
50289
50366
50790
50692
50848
50881
50875
50752
50587
50634
50420
50430
50843
50550
50868
50879
50417
50642
50205
50823
50614
50940
50396
50325
50387
50228
50179
50817
50252
50627
50263
50799
50928
50538
50540
50664
50989
50616
50369
50311
50785
50559
50840
50298
50578
50599
50305
50248
50532
50883
50609
50826
50660
50452
50746
50932
50561
50386
50684
50465
50679
51015
50418
50834
50418
50418
50988
50834
50561
50538
50561
50386
50311
51015
50834
50386
50252
50418
50465
51004
51015
50785
50834
50465
50834
50679
50386
50790
50561
50988
50679
50834
50539
50561
50679
50497
51015
50690
50790
50337
50785
50418
50386
50386
50561
50660
50599
50386
50418
50420
50467
50684
50465
50561
50311
50549
50263
50834
25070
24977
24584
25085
25019
24670
24204
24865
24766
24255
24585
24972
24202
24630
24246
24543
24926
24253
24920
24621
24488
24220
24555
24289
24282
24745
24426
24374
24756
24939
24474
24214
25039
24906
24955
24291
24867
24492
24934
24479
24233
24657
24827
24212
24471
24398
24720
24770
24964
25028
24388
24520
24422
24295
25046
24386
24948
24341
24489
24635
24303
24551
24877
24558
24352
24350
25029
24858
24918
24274
24260
24446
24458
24272
25050
24757
24298
24333
24616
24941
24754
24771
24328
25077
24570
24744
24904
24416
24527
24843
24370
24675
24437
24741
24401
24437
24616
24437
24741
24616
24741
24291
24370
24941
24741
24527
24370
25039
24328
24333
24370
24675
24675
24416
24220
24939
24401
24675
24827
25019
24904
24446
24527
24352
24741
24766
24527
24274
24274
24370
24865
24416
24416
24328
24675
24370
24904
24741
24972
24527
24437
24527
24675
24843
24843
24437
24675
24555
24977
545
524
555
766
533
668
482
657
431
305
762
806
109
315
245
468
455
169
163
183
519
377
333
439
807
593
742
701
194
80
860
773
285
577
237
363
294
549
571
73
739
45
738
504
205
146
474
426
882
728
871
605
691
622
41
242
458
462
252
90
99
9
812
174
837
853
326
706
830
197
801
465
675
878
594
224
213
338
556
321
338
549
668
174
556
99
321
326
762
594
675
675
338
830
90
668
338
321
691
691
773
338
224
675
812
333
99
321
742
474
183
556
556
728
439
577
675
577
338
549
675
605
706
837
338
860
16766
16206
16815
16975
16960
16886
16362
16321
16879
16160
16412
16432
16257
16225
16617
16747
16461
16343
16434
16835
16672
16925
16482
16554
16385
17018
16486
16894
16142
16418
16447
16552
16300
16392
16153
17005
16922
16444
16829
16912
16903
16792
16426
16226
16542
16348
16221
16562
16870
16803
16861
16865
16897
16523
16914
16899
16422
16991
16626
16184
16182
16191
16354
16352
16579
16728
16144
16391
16984
16400
16944
16256
16247
16263
16168
16563
16950
17022
16817
16532
16149
16511
16579
16532
16168
16256
16257
16362
16579
16422
17005
16168
16447
16511
16434
16149
16861
16142
16532
16144
16899
16432
16960
16532
16792
16263
16817
16542
16511
16168
16563
16563
16903
16563
16728
16168
16899
16182
16168
16899
16532
16184
17022
16532
16168
16486
16563
16168
17022
44284
44561
44304
44484
44021
44588
44245
44155
44669
44562
44648
44520
44787
44596
44149
43911
44255
44473
44710
43986
44455
44415
44613
44293
44073
44192
43907
44191
44342
44291
43998
43932
44763
43969
43939
44349
44606
44623
43970
44490
44259
44665
44423
44781
43973
44715
44288
43997
44445
44531
44111
44636
44056
44491
44616
44458
44345
44236
44101
44298
44696
44019
44210
44269
43921
44590
43982
44470
43977
44478
44395
44476
44275
44799
43962
44136
44738
44379
44212
44674
44634
44565
43980
44085
44634
43980
44470
44648
44379
44212
44379
44634
44191
43907
43980
44674
43921
44379
44715
44291
44298
44634
44304
44490
44738
44781
43939
44073
43969
44648
44674
44136
44763
44288
44212
44665
44634
44415
44562
44674
44192
44565
44458
43998
44674
44191
43980
44674
44379
43932
43907
44491
54283
53944
54520
53887
53976
54519
54649
54139
54503
54407
53940
54517
53915
53838
54593
53880
53866
54288
54359
53790
54346
54322
53981
54438
54508
53810
54279
54253
54358
54343
53978
53984
53971
53807
54375
54428
54602
53824
53952
54584
54424
54379
53844
54405
54420
54381
54335
54591
54192
54601
53781
53925
53778
54639
54536
54282
53916
54337
54176
54432
54439
54509
54278
54411
53881
54318
53882
54032
54001
53968
54542
54085
54419
54586
54291
54191
53943
54315
54014
54138
54277
53944
54277
54191
54586
54085
54649
54315
54315
53943
54586
54192
54315
54191
54439
54191
54278
53971
53790
53807
54542
54315
53968
54279
54508
54315
53844
53781
54138
54291
53943
54001
54405
54379
54277
54508
53981
54508
54014
54139
54407
54277
54138
54291
53824
54138
54315
66841
67014
66925
67124
67033
66662
66785
66429
66354
66798
66348
66697
66423
66402
66566
67193
66318
66484
66474
66978
66523
67150
66959
66651
67163
66907
66731
66315
66690
66663
66837
66646
67178
66664
66481
66486
67082
66905
67104
67125
66674
66327
66913
66991
66612
66599
66749
66323
67056
66581
66850
66830
67135
66598
66977
67023
67034
66999
66708
67041
67084
66371
66849
66415
66811
66595
66634
66754
67069
66627
66755
66716
66839
66437
66746
66971
66522
67118
66748
66916
67018
67033
66746
66663
66785
66748
67033
66486
67118
67118
66839
66708
66748
66437
66522
67118
66663
67084
66849
66916
66690
66748
67118
66971
66746
66785
66748
66978
66971
66746
66748
66595
67082
66437
67118
66746
66916
66971
66830
67118
66746
67018
67034
66402
66798
66318
66599
12416
11760
12252
11925
12186
11821
12405
12199
12221
12430
11791
12126
12072
12363
11872
11924
11862
12462
12258
11917
12090
11886
12028
12105
12399
11754
12192
12465
12357
12473
12189
12059
12300
12198
12425
11849
11972
11934
12131
11884
12125
11940
11988
12119
11761
11966
12356
12459
12520
11837
12107
11918
12338
12409
12114
12257
11854
11774
12352
12314
12262
12200
11674
12100
11723
11779
11901
11842
12082
12101
12173
11753
12348
11796
12389
11758
11987
12011
12528
12464
12429
11811
12529
12097
11899
12251
11774
12252
12464
12097
12101
12338
11899
12429
12528
12429
12352
12119
11723
12528
12464
11987
11758
11901
11899
12221
11918
11899
11854
12389
12105
12082
12399
12528
12100
11987
12251
12082
12429
12528
11796
12189
12059
11760
11811
12429
11811
12097
11917
12520
11899
12300
12338
12399
12028
16151
16502
16440
16792
16519
16605
16882
16662
17013
16661
16977
16804
16422
16640
16697
16990
16985
16972
16139
16898
17015
16511
16719
16467
16396
16618
16421
16313
16135
16157
16258
16673
16711
16881
16280
16357
16439
16945
16354
16805
16591
16224
16431
16307
16852
16419
16325
16820
16643
16803
16654
16189
16935
16253
16379
16865
16600
16310
16974
16407
16750
16288
16676
16693
16981
16160
16929
16883
16941
16713
16540
16749
16916
16557
16452
16631
16356
16669
16831
16472
16367
16770
16604
16450
16239
16308
16282
16140
16624
16268
16140
16282
16882
16604
16239
16268
16157
16450
16308
16440
16282
16624
16239
16157
16325
16604
16308
16604
16239
16354
16450
16624
16151
16591
16676
16450
16935
16624
16450
16450
16990
16467
16450
16239
16557
16450
16308
16239
16990
16239
16713
16450
16239
16591
16239
16282
16472
16450
16450
16452
16239
10192
10481
10346
10370
10512
10160
10534
10665
10039
10688
10739
10732
10533
10409
9946
10673
10156
10524
10741
10108
10507
10187
10716
9979
10584
10489
10519
10167
10560
10579
9981
10495
10734
10440
10335
10476
10663
10406
10745
9944
10353
10272
10103
9878
10536
9964
10464
10690
10527
10621
10728
10714
10625
9961
9966
10212
10138
10677
10070
10605
9972
10689
10301
10563
10312
9909
9936
10539
10155
9968
9857
10164
10546
10429
10390
9996
9884
10124
10245
10005
10370
10245
10716
10584
10124
9996
10156
10390
10124
10245
10605
10533
9966
10688
10741
10245
9884
10533
10124
10677
9996
10390
10005
10070
10346
10245
9909
9857
9946
10665
10524
10741
10536
9884
10245
9966
9936
10353
10533
10245
10156
9884
10005
10625
10124
10245
62547
62273
62386
61890
62113
62309
61860
62173
62503
62584
62268
62132
62451
62618
62296
62517
61922
62687
62319
61973
62419
61950
61998
62233
62400
62349
61921
62145
62667
62073
62052
62101
62191
62054
62020
62381
62128
62661
62037
61845
62450
62476
61965
62251
62439
62288
62341
62346
62491
62025
62038
61944
61875
62553
62004
62611
62339
62528
61980
61868
62482
62195
62088
62170
62453
62360
61833
62017
62085
61877
62172
62374
62651
62190
62271
62189
62575
62454
62657
62197
61904
62421
62658
62306
62588
61904
62439
62191
62661
62421
62651
62687
62386
62381
62421
62132
61904
62657
62190
62271
62421
62233
62052
62658
61980
62661
62306
62547
62657
62658
62421
62085
62491
62503
62349
61950
62503
62658
62651
62439
62657
62421
61904
62268
62306
62658
62306
62547
62421
62400
62454
62306
62273
52825
52742
52305
52703
52381
52548
52260
52837
52061
52238
52367
52713
52421
52183
52316
52601
52117
52674
52484
52167
52707
52663
52822
52598
52360
52799
52120
52345
52740
52453
52436
52236
52684
52071
52640
52370
52093
52794
52806
52401
52863
52340
52394
52671
52828
52737
52291
52442
52379
52285
51981
52374
52185
52217
52839
52334
52849
52488
52369
52085
52426
52086
52054
52025
52400
52552
52386
52438
52798
52853
52581
52198
52840
52156
52255
52566
52626
52384
52126
52200
52286
52258
52173
52824
52583
52144
52483
52817
52053
52320
52393
52483
52626
52849
52794
52483
52483
52824
52393
52839
52817
52483
52053
52053
52053
52421
52053
52126
52853
52258
52320
52817
52393
52053
51981
52824
52320
52799
52093
52320
52144
52200
52484
52483
52053
52217
52384
52824
52707
52025
52144
52053
52185
52817
52334
52393
52217
52144
52583
52583
52117
52684
52255
81474
80987
81384
81099
80818
80913
81345
80908
81248
80729
81106
81080
80917
81190
81375
80828
81072
80738
80948
81459
81177
81291
80714
80666
81232
81249
80988
81300
81129
81165
81466
80712
81215
80890
80848
81171
81293
81419
80657
81142
80652
80866
81287
80884
81406
80758
80999
81043
81422
81067
81134
80649
81509
80837
80894
81302
81325
80681
81185
81439
80976
80728
81253
81188
80844
81196
81333
81034
80698
81046
81222
81052
81346
80827
80954
81272
81200
81259
81012
81066
81399
81225
81535
80705
80683
80838
80653
81195
81272
80758
81300
80705
80890
80683
80917
80729
81225
81399
80838
80838
80653
81399
81399
81474
81195
81195
81253
80683
81345
80705
81248
80698
80948
81165
80683
80890
80884
81046
81066
81195
81249
80828
81200
80653
80683
80653
81333
80683
80653
80653
80838
81225
81195
81302
81225
80712
80705
81052
40884
40964
40575
40723
40904
41102
40969
40661
40778
40360
41069
41066
40967
40381
41132
40437
40657
41012
40354
41181
41042
40568
40596
40529
40442
41189
40758
40477
40944
40501
40525
41064
40649
40734
40508
40446
40564
40588
41154
40519
40565
40698
40777
40410
41112
41135
40497
40336
40650
40819
40637
40951
40451
41159
40390
40544
40975
40867
40755
40322
40709
40836
40511
40863
40946
40781
41104
40456
41126
41002
40999
40843
40779
41197
40465
40578
41174
40731
41165
41024
40655
41101
40558
41191
41011
40371
40801
40727
40974
40918
41038
40376
40964
40801
41102
40544
40734
40918
40578
40446
40376
40451
41132
40497
40558
40758
41011
40371
40371
40727
40371
41011
41038
40390
40975
41011
40451
41102
41011
40974
41102
40918
40964
40974
40999
40371
41011
40727
40360
40519
41101
40918
40501
40974
40376
41038
41165
41011
40758
40525
40867
40588
40508
40918
2172
2480
2253
1823
2081
2064
2544
2566
2137
2591
2148
2051
1959
2363
2043
2168
2440
2316
2344
2282
2435
2052
1968
1891
1840
2387
2031
2669
2348
1837
2586
2080
2494
2596
2258
2654
2612
2396
2456
2537
2062
2554
2315
2029
1798
1914
2325
2570
2641
2227
2634
1842
2340
1821
2582
2524
2271
2601
2523
2017
2379
2026
2467
2512
2536
2357
2683
2161
2576
2176
2254
2572
2225
2594
1801
2674
2567
2513
2050
1977
1832
2319
2037
2408
2213
2315
2319
2669
2357
2480
2325
2408
2213
1832
2408
2064
2213
2254
2319
1977
2570
2596
2612
2572
2554
1959
2594
2513
2213
2408
2494
2137
2654
2227
2213
2050
2254
2537
2168
2408
1977
1977
2582
2513
2037
2319
2176
2029
2315
2227
2213
2582
1823
25974
25186
25201
25741
25780
25822
25258
25371
25417
25663
25527
25172
25454
25369
25582
25713
25679
25607
25966
25393
25359
25793
25815
25191
25645
25782
25444
25155
25700
25696
25508
25613
25296
25795
25250
25580
25847
25517
25232
25896
25936
25981
25939
25633
25690
25734
25147
25611
25235
25312
25584
25200
25116
25470
25694
25516
25099
25256
25290
25319
25794
25709
25609
25108
25544
25813
25339
25243
25590
25893
25275
25219
25367
25282
25803
25861
25589
25411
25641
25849
25818
25823
25188
25193
25823
25641
25256
25544
25411
25193
25713
25411
25641
25243
25188
25193
25584
25582
25411
25219
25818
25250
25641
25589
25700
25193
25849
25818
25823
25275
25589
25823
25641
25193
25193
25516
25696
25116
25411
25823
25155
25679
25172
25782
25782
25645
25584
25258
25589
25896
25589
25966
2831
3503
3166
2927
3053
3312
3283
2799
3273
2818
2783
3011
3175
3372
3207
3126
3524
2951
3409
2970
3416
3231
3534
3457
2855
3265
3131
2769
3513
2859
2700
3496
3008
2839
3379
3210
3146
2716
2724
2811
3276
2736
3073
2849
2980
3124
3458
3069
2843
2755
3331
3368
3492
2817
3535
3049
3103
2845
2946
2985
2912
3160
3112
3507
2844
3578
2847
3428
2726
3122
3116
3046
2954
3063
3521
3346
3340
3118
3489
3195
2743
2882
3138
2737
3501
3542
2756
2740
3267
3069
3458
3124
2737
2845
3267
3138
2912
2818
3267
3046
2740
3267
3267
3122
3267
2844
3458
3126
3535
3501
3379
3267
2756
2980
3534
3503
3166
3267
3273
2716
2756
2847
2882
2855
2831
2817
3273
2724
3501
3283
3267
3534
3501
2737
3501
3542
3011
3331
3069
3416
71196
71181
71386
70950
71023
70921
70837
70880
71021
71080
70928
71673
70888
71041
71516
71305
71622
71295
71231
71018
70815
70934
71505
71390
71296
71187
70918
71298
70896
70867
71348
70802
70990
70906
71184
71488
71317
71340
71121
70980
71157
71388
70854
71541
71141
71300
70975
71473
71222
71039
71293
71535
71072
71241
71321
71319
71666
71500
71326
71088
71123
71485
71418
70911
71406
71294
71330
70899
71525
71005
71002
71365
70907
71591
71287
70936
70986
71564
70917
71350
71315
70945
71442
71014
71326
71564
70899
71473
71317
70950
70854
71418
71350
71564
71241
71350
71014
70917
71121
71305
71564
71014
71123
71326
71241
71300
71222
71196
70945
71121
71315
70945
71350
70934
71591
71187
70990
71014
71305
70917
70945
71340
70945
71241
70921
71564
71141
71294
71315
70837
71014
71294
65649
65927
66211
66131
66031
65891
65430
65853
66087
65674
65443
65486
65618
66290
65913
65683
65975
65996
65809
66261
65919
65978
66237
65541
65846
66264
65635
65910
65797
66299
65537
65677
65815
65478
65414
65746
66145
65993
66053
66022
66069
65657
65522
65966
65431
65709
66091
65715
66203
65904
66274
65699
65434
65743
65446
66224
66165
66113
66250
66301
65513
65749
66007
65687
66027
65421
65826
66187
65470
65656
66268
65837
66056
66210
65573
65880
65418
65802
65485
65426
66080
65778
65448
65467
66197
66021
65509
65905
65515
66042
66051
66051
66197
65478
65905
66165
65509
66197
65905
66197
65509
65515
66187
65509
66051
65891
65815
66268
66268
66268
66051
66007
66007
65880
65656
65541
65905
66051
65515
66268
66197
65905
65509
66031
65426
66021
66042
66021
66042
65485
65537
66197
66022
66131
66021
66264
65421
66237
66021
65837
66197
66021
66042
36556
36642
36292
36313
36018
36435
36500
36501
36028
36193
36319
36383
36041
36274
36079
36265
35949
35970
36067
35857
36173
36547
36065
35992
36702
36175
35981
36275
35889
35881
35910
36490
35930
36392
36494
36029
36090
35856
36331
36057
36377
36378
36684
36414
36513
35902
35918
36484
35985
36010
35929
35979
36110
36480
36043
36604
36633
36615
36538
36650
36673
36198
36683
35937
35901
35919
35872
36293
36661
36119
36180
36022
36724
35888
36582
36196
36560
35892
35875
36443
36430
35921
35921
36582
36484
36319
36028
36378
35875
36560
36414
36196
36560
36538
36684
36560
36582
36582
36490
36633
36041
35892
36274
36018
36196
35875
36196
36377
36028
36443
35856
35910
36196
36650
35892
35992
35921
36443
35902
35892
36057
36642
35888
36198
35902
36702
35985
36494
36430
72220
72018
72198
72245
71754
71782
72238
72060
72038
72141
72166
71766
72162
71703
72133
72543
72142
72049
72163
72116
72123
71814
72152
71753
71739
72511
72406
72079
71785
71714
71971
71856
72476
72459
71713
71935
71701
72164
71891
72400
72431
72037
71919
72255
72548
72221
71827
72192
71747
72009
72317
72158
72229
72539
71689
72418
72524
72347
72254
72073
71799
72119
72299
71680
71743
72213
72005
71931
71946
72411
72157
72015
72002
71742
72444
72129
71984
72217
71781
71944
71986
71993
71922
72461
72284
71948
71967
72100
72443
72296
71852
71948
71967
72548
72284
71714
71714
72100
72431
71753
71944
71852
71967
71739
72296
72296
72284
72284
71852
72038
72411
72217
71948
71922
71814
71971
72461
72347
72163
72157
72461
72220
71753
72245
71713
72296
72220
72461
72461
71753
72192
71743
71984
72254
72459
72461
72284
72152
72543
72284
72049
71852
72524
26565
26850
25999
26320
26213
26813
26844
26183
26762
26041
26102
26675
26589
26148
26321
26111
26852
26849
26523
26421
26272
26442
26004
26248
26524
26365
26742
26779
26309
26030
26158
26193
26068
26238
26782
26444
26756
26774
26731
26284
26710
26261
26842
26484
26107
26859
26336
26371
26350
26037
26207
26824
26468
26085
26315
26738
26708
26015
25994
26479
26246
26552
26511
26210
26506
26136
26430
26534
26132
26830
26040
26067
26130
26019
26131
26718
26791
26094
26310
26810
26398
26004
26810
26019
26398
26398
26810
26015
26019
26738
26479
26310
26136
26131
26718
26742
26310
26019
26067
26398
26102
26842
26041
26183
26365
26468
26131
26468
26131
26136
26158
26350
26085
26398
26310
26019
26107
26019
26131
26552
26272
26085
26019
26365
26094
26094
26310
79455
79456
78934
78905
79371
79315
79311
78958
79348
79169
79697
79295
79234
79593
79546
79100
79168
79349
79443
78849
79710
79047
79696
79606
79367
78918
79399
79282
79626
79380
79054
79013
78910
78857
79326
79596
79056
79414
79599
79549
79250
79184
79144
79086
79303
78851
78956
78973
78983
79251
79679
79457
79447
79031
79385
79471
79318
79511
78987
78984
79116
79433
79699
79265
78940
79473
79646
79543
79072
79165
79395
79354
79333
79507
79545
79238
78892
78946
79075
78952
78870
79578
79487
79394
79286
78982
79115
79220
79050
78929
79250
79593
79349
79144
78929
79487
79115
79050
79050
79115
79286
79545
79487
78929
78929
79115
78929
79710
78929
78929
79115
79220
78982
78982
79348
78952
79050
79054
78929
79047
78940
78929
79286
79487
79697
79487
79220
78982
79050
79238
79115
79265
79385
79596
78982
79115
79394
79507
78956
79050
79116
18623
18331
17963
18186
17990
18668
18098
18476
18014
18409
18431
18033
18417
18012
18314
18519
18524
18782
18773
18213
18198
18237
18109
18581
18494
18112
18516
18307
18138
18771
18097
18795
18424
17961
17931
18794
18091
18518
18617
18593
18300
18249
18660
18647
18197
18400
18038
18089
17970
17957
18371
18157
18010
18312
18488
18813
18469
17964
18309
18730
18791
18105
18196
18064
18171
18553
18569
18534
18405
18573
18368
18321
18630
18413
18247
18122
18050
18558
18501
18500
18759
18147
18511
18023
18484
18411
18638
18268
18541
18507
17972
18291
18434
18462
18268
18511
18593
18794
17972
18314
18638
18434
18462
18638
18434
18573
18196
18268
18434
18638
18469
18291
18541
18268
17972
17972
18291
18501
18268
18237
18476
18331
18291
17972
18097
18268
18541
18196
18291
18462
18782
18097
18237
18213
18171
18462
18023
18196
18638
18462
18541
17972
18507
17957
18507
18462
18122
18541
32432
33134
32397
32417
32689
32549
32746
32408
32769
33141
32509
32913
32506
32480
32568
33020
32497
32418
32903
32643
32301
33047
32958
32944
32478
32440
32395
32409
32930
32712
32594
32640
32358
32766
32922
32618
32796
32475
33137
32954
32534
32943
32329
33095
32723
33138
32281
32894
33088
33080
32775
33077
32968
32341
33004
33067
32783
33025
33098
32991
33017
32844
32982
32402
32551
33005
32931
32401
32542
32368
32430
32869
32703
32487
32620
32872
32760
32635
32420
32396
32781
33099
32776
32489
33144
32287
33035
32890
32481
32858
32757
33042
32524
32888
32816
32890
32635
32757
32816
32509
32524
33042
33042
32816
32982
32757
32757
33042
32440
33138
32816
32930
33095
32757
33141
32888
32481
32888
32888
32420
32524
32689
32481
32844
32481
32930
32930
32888
32524
32481
33042
32890
32640
32509
32757
33144
32858
32481
33098
32858
32781
32890
32775
32781
32869
32776
32757
32816
32888
33077
32489
32865
33023
32881
32777
33131
32719
32576
32695
32830
32356
32845
32429
32895
32838
33035
32595
32843
33056
32338
32344
32274
32387
32889
32794
32568
32851
32921
32468
33126
32450
32583
32270
33091
33136
32506
32405
32709
32633
33120
33128
32888
32992
32653
32877
32552
32768
33018
32661
32451
32959
32932
32384
32312
32969
32339
32504
32999
33030
32269
33102
32586
33055
32457
32462
32431
32498
32870
32963
32657
32879
32328
33140
32933
32827
32642
32645
32572
32954
33038
32369
32331
32603
32351
33022
32650
32556
32974
33049
32940
32514
32678
32645
32889
32768
32642
33056
33022
33022
32678
32556
33022
32498
32870
32974
32830
33049
32450
33022
32851
32498
32642
32556
32489
33049
32556
32514
33022
32865
32954
32843
32879
32568
32344
32650
32940
33077
33131
32642
32462
32678
32506
32369
33022
32650
32999
32959
32312
33126
33022
33049
32650
32940
32595
32974
44665
44731
44148
44072
44388
43985
44168
44787
44397
44698
44614
44086
44563
44598
44258
43917
44791
44291
44734
44060
44104
44137
44743
44034
44700
44373
44285
43944
44499
44582
44183
44220
44741
44169
44430
44131
43989
44411
44702
44716
44585
44197
44668
44771
44123
44329
43913
44721
43979
44311
43987
44350
44635
44428
44389
44667
44706
44632
44296
44132
44657
43935
44400
44108
44380
44070
44059
44577
44227
44396
44773
44462
44171
44447
44150
44316
44117
44518
44025
44358
43937
44008
44120
44710
44429
44533
44474
44728
44718
43910
44728
44462
44743
44285
44582
44771
44291
44429
44582
44791
44474
44710
44474
44734
44120
44718
44706
44731
44350
44429
44710
44183
44710
44474
44533
44171
44710
44718
44718
44731
44060
43987
44462
44462
44710
44389
43910
44429
44718
44773
43910
44474
44171
44718
44120
44429
44296
44635
44131
44396
44474
36228
36089
36141
36733
36670
36303
36524
36411
36015
35881
35888
35951
36036
36342
36518
36235
36363
36093
36210
36003
36587
36598
36530
36374
35919
36080
36336
35972
36531
36110
36017
36610
35887
36134
36269
36605
36215
36072
36160
36002
35908
36511
36344
36491
35903
36185
36669
36685
36326
35977
36227
36654
36346
36305
36426
36403
36037
35884
36666
36725
35988
36578
36604
35890
36723
35879
36114
36035
36045
35889
36649
36337
36314
36418
35858
36579
35868
36492
35934
35973
35931
36209
36039
36024
36092
36354
36396
36156
36691
36423
36466
36186
36219
36644
36219
36604
36156
36423
36186
36396
36644
36326
36219
36396
36186
36156
36156
36219
36466
36080
36269
36156
36235
36423
36037
36035
36411
36228
36491
36186
36423
35931
36017
35879
36518
36186
36039
36024
36396
36003
36644
36411
36396
36670
35988
36219
36396
36219
36039
36141
36492
36219
36141
36186
36017
35858
36418
36605
31132
31130
30862
30551
30836
31096
30508
30655
31273
31036
30913
31088
31179
31038
30619
30890
31135
30641
30606
30796
30808
30805
30920
30775
31261
30573
31098
30731
31200
30817
31112
31332
30997
31091
30503
30908
30857
30489
30701
30889
30702
30736
30477
31060
31124
30554
31190
31238
30853
30544
31043
30687
30590
30715
31350
30666
30718
30850
30669
30762
30794
31276
31279
30640
31010
30495
30739
31145
30688
30657
30646
31222
31241
30859
30727
30748
30737
31298
30847
31266
30986
30561
30847
30748
30808
30590
30736
30847
30986
30862
30748
30748
30727
30748
30561
31043
30737
31091
30727
30718
30561
30986
31298
31266
30727
30862
30748
30850
30715
30561
30847
30590
30913
30986
30847
30737
31266
31266
30737
30986
30986
30908
30737
30489
30544
30739
30748
30748
30657
2064
2543
2177
2029
2136
2494
2355
1831
2630
1835
2555
2445
2456
1929
2598
2252
2624
1932
2417
1887
2249
1896
2065
1919
1900
2674
1903
1976
2416
1833
2146
2326
2306
2538
2307
2090
1861
2389
1992
2192
2440
2439
2530
1964
2176
2437
2578
2505
2007
1884
2584
2018
2496
2100
2391
2053
2226
1820
2269
2316
1862
2528
2315
1955
2430
2137
1923
2661
2395
2470
2033
2349
2142
1959
2662
1962
2422
2015
1916
1859
2110
1981
2022
1873
2604
2163
2607
2286
2662
2110
2543
1873
2022
2110
1873
2192
2022
2090
1981
2422
2142
2286
2137
1981
2604
2555
2286
2604
1873
2110
2355
2456
2315
2607
2422
2470
2022
1831
2607
2110
2607
2136
2316
2022
1929
2316
2110
2136
1887
2110
2163
2604
2163
1833
2110
2022
2286
1981
52788
52436
52423
52293
52207
52659
52593
52843
52547
52306
52233
52183
52663
52063
52683
52610
52612
52635
52406
52064
52824
52043
52520
52384
52572
52497
52081
52253
52763
52699
52144
52857
52086
52487
52346
52558
52152
52548
52215
52020
51993
52270
52660
52249
52588
52116
52128
52563
52240
52390
52784
52532
52607
52447
52378
52072
52385
52809
52388
52762
52095
52087
52516
52349
52442
52005
52731
52018
52818
51988
52835
52555
52029
52831
52454
52204
52421
52415
52379
52297
52335
52652
52789
52452
52415
52652
52029
52335
52297
51993
52789
52789
52452
52452
52516
52421
52297
52297
52415
52306
52659
52415
52379
52346
52072
52415
52297
52731
52452
52233
52415
52335
52454
52452
52415
52240
52335
52652
52784
52683
52390
52297
52593
52452
52297
52588
52207
52660
52421
52388
51988
52789
60452
60097
60329
60741
60889
60763
60342
60438
60302
60825
60886
60395
60405
60490
60390
60259
60100
60095
60076
60171
60918
60470
60604
60655
60753
60486
60349
60900
60219
60517
60358
60487
60104
60311
60567
60641
60096
60212
60413
60166
60666
60132
60727
60447
60385
60239
60832
60871
60539
60613
60288
60314
60494
60289
60041
60099
60714
60769
60373
60596
60694
60454
60870
60459
60570
60914
60909
60321
60623
60867
60207
60853
60195
60401
60294
60370
60827
60205
60924
60574
60225
60891
60863
60773
60915
60641
60574
60924
60891
60915
60863
60490
60225
60390
60574
60370
60891
60915
60311
60405
60914
60891
60405
60773
60769
60574
60574
60773
60205
60891
60863
60769
60076
60694
60773
60349
60596
60915
60604
60574
60741
60438
60891
60288
60915
60413
60915
60753
60832
60373
60924
60225
60574
36321
36120
36167
36257
36652
36137
36159
36069
35962
36050
36007
36389
35953
36603
36222
36235
35919
36047
36270
36352
36030
36064
36081
36517
36582
35988
36477
36567
35875
36565
36138
36280
35843
36369
36139
36720
36539
36527
36292
36144
35874
36735
35976
36134
36672
36635
36381
36682
35886
36616
36572
35951
36366
36329
36479
36476
36459
36334
35944
36640
36339
36679
35862
36393
36657
36100
36410
35923
36166
36555
36003
36341
36302
36553
35948
35914
36207
36592
36006
36345
36169
36559
35854
36316
36489
36590
36049
36615
36275
35924
36084
36031
36489
36572
36030
36582
36590
36031
35948
35944
36007
36007
36031
36084
36084
36222
35914
36476
36207
36590
36084
36590
35962
36049
35924
36137
36615
36222
36047
36590
36047
35924
36031
36167
35951
35944
36084
35843
36345
36275
36031
36389
36657
36120
35924
36316
36489
36049
36100
36280
36603
36031
35924
35923
74249
73976
74040
74289
73572
74218
73620
74175
73838
74082
73990
73711
73692
74207
74048
74173
73550
74077
73975
74213
74153
74064
73691
73901
73985
73902
74310
73744
73634
73592
73795
73541
73554
73608
74196
74297
73872
73540
73479
74073
74221
73539
73610
74012
74200
73626
73962
73970
73794
73858
74146
73831
73667
74093
74052
74288
74045
74191
73689
73974
73910
74204
74113
74115
73950
73705
74292
73632
73903
74244
74338
74306
73786
73637
73918
74148
73897
74261
73932
73925
73688
73500
73561
73740
73902
73932
73932
73795
73740
73561
73740
73688
74073
74289
73858
74261
73897
73561
74218
73932
74115
73688
73925
73626
74249
73620
73688
73976
74261
73561
74148
73962
74310
73744
73975
73925
74040
73688
73932
73976
74204
73858
73901
73897
73925
73610
73608
73632
73620
73744
73910
73838
4865
4793
4522
5238
4502
4902
4940
4792
4588
4861
5017
4874
4987
5105
4805
5169
4614
4773
5222
4503
5128
5029
5363
5198
4759
5336
4581
4803
5253
5151
5350
5138
4858
4497
4944
4819
4983
4904
4744
5374
5071
5375
5121
4733
5274
5066
4667
4578
4791
5048
5296
4602
5063
4883
4798
4650
4762
5213
4543
4769
5264
4680
4890
4854
4777
5242
4811
4561
5084
4556
5209
4916
4531
5303
5135
4661
5205
4621
4635
4917
5177
4818
5208
4912
4984
5090
5113
4640
4910
4864
5090
4987
4556
4588
4811
4902
5048
4910
4910
4984
4805
5135
4910
4667
4874
4984
5264
5208
4944
4864
5084
5113
5151
4940
5208
5063
5090
4640
4987
4864
5090
5205
4984
4588
4640
4640
4984
4983
4910
4984
4902
4640
5208
4635
4984
5121
4588
4912
4818
4912
4984
43890
43881
43351
43386
43901
43821
43268
43745
43162
43482
43715
43464
43694
43101
43669
43287
43074
43061
43327
43374
43147
43902
43541
43556
43491
43424
43305
43756
43450
43527
43531
43029
43833
43641
43033
43732
43706
43266
43647
43718
43336
43167
43397
43036
43728
43119
43765
43766
43521
43385
43859
43308
43759
43401
43291
43104
43895
43214
43505
43156
43842
43792
43580
43117
43116
43138
43179
43221
43087
43318
43276
43579
43554
43423
43242
43433
43441
43524
43041
43187
43630
43333
43187
43554
43333
43214
43441
43728
43580
43242
43441
43266
43524
43327
43901
43318
43433
43630
43524
43167
43333
43524
43187
43881
43890
43041
43423
43287
43881
43041
43385
43333
43167
43464
43187
43524
43706
43718
43041
43041
43505
43766
43890
43287
43276
43386
43441
43745
43242
24591
25051
25078
24607
24974
25035
24329
24937
24903
24540
24942
24291
24248
24430
24564
25065
24446
24217
24713
24671
25023
24226
24436
24424
24192
25060
24358
24474
24612
24687
24683
24620
24872
24831
24955
24622
24758
24860
24760
25069
24648
24941
24197
24627
24492
24283
24249
24712
24246
24829
24868
24259
24199
24673
24863
24351
24768
24820
24943
24636
24699
24367
24372
24482
24980
24731
24538
24551
24310
24541
25056
24838
24650
24228
24399
24456
24481
25004
24779
24286
24641
25018
24270
24871
24286
24627
24641
24286
24270
24456
24620
24758
24937
24270
24627
24779
24358
24286
25004
24249
24270
25004
24283
24351
24860
24286
24607
24481
24259
24712
24779
24779
24627
24286
24620
24779
24671
25004
24871
25018
24863
24683
24871
25023
24430
25004
24399
25023
24481
24673
24871
24286
70260
69990
70126
69983
69912
70704
70134
70533
70757
70470
70439
70326
70676
70442
70420
70771
70327
70087
70228
70497
70190
70782
70032
70118
69897
70575
70703
70371
70252
70275
70664
70348
70196
70208
70143
70364
70627
70389
69924
70510
70292
70147
70047
70027
70263
70311
70101
70408
70682
70783
69957
70333
69917
70091
70000
70046
69953
70735
70521
69971
70195
70159
70023
70643
70084
70770
69968
70207
70227
70170
69946
70138
70029
70376
70619
70166
69993
70238
70148
70331
70145
70075
70728
70734
70266
70469
70030
70740
70399
69963
70526
70734
70364
70266
69963
70526
69897
70075
70627
70266
70376
70145
70734
69963
70734
70138
70252
70170
70704
70469
70399
70227
70728
69971
70627
70734
70399
70030
70469
70469
70091
70469
70526
70740
70075
69912
70252
70703
69963
70331
70118
69897
70399
70526
70389
70190
69953
70740
70664
70771
70740
70333
70734
36970
37251
37107
37099
37094
37290
37248
37082
37321
37339
36836
37487
37601
37387
37278
37315
37512
36799
36961
37010
37219
37206
37436
36994
37016
37498
37367
37327
37093
37540
37304
37078
36952
37457
37358
37513
37527
37571
36843
36862
37507
37551
36807
36964
36791
37560
37281
37575
36948
36884
37490
36819
36926
37593
37524
37173
36839
37515
37538
37399
37199
37165
36878
37101
36829
37596
37545
37324
37202
36947
37431
36838
37390
36766
36887
37548
37389
37414
37351
37265
37618
36990
36959
36832
36882
37183
37069
36880
37404
37625
36959
37527
37351
36882
37165
36959
37069
37183
36838
37082
36948
36880
36832
37183
36948
37183
37351
36884
37404
37358
36862
36880
37390
36961
37069
37324
37625
37010
36832
36959
37165
36882
37183
37290
36832
36882
36799
36959
37321
36959
37069
36880
37545
37512
36882
37596
37183
37101
36807
36829
37165
23350
23655
23534
23849
23701
23786
24006
23709
23745
23762
23308
23988
23488
23788
23940
24133
23490
23748
23875
24132
23710
23782
24138
23440
23864
24146
23336
23503
23714
23749
23421
24022
23884
23886
24158
23552
23996
24184
24055
23674
24141
23329
23386
23486
23493
23640
23790
23834
23445
23474
23497
23951
23926
23574
23922
24053
23768
23333
23851
23521
23609
23345
23741
23451
23681
24168
23935
23673
24180
23533
24187
23615
23612
23370
23573
23847
23781
24109
23797
23746
23944
23596
23642
23879
24045
24173
23578
23420
23749
23944
23673
23673
23709
23864
23420
23996
23596
23640
23640
23386
23749
23745
23493
24173
23944
23864
23420
23609
24006
23609
23609
23879
24022
23596
23486
23681
23944
23944
23642
23493
23922
24158
23578
23879
23642
23420
23768
24141
23944
24184
23521
23745
24168
23578
23578
23493
23879
23596
31938
31776
31818
31565
32157
31375
31817
31618
31760
32179
32187
31921
32104
31758
32117
31569
31911
31746
31663
32217
31438
31422
32123
31826
32066
32135
31461
31535
31822
31827
32230
31975
31623
31994
31485
31842
31794
31693
32231
32248
31687
31884
31985
31925
31881
31493
31585
31973
31426
31779
32094
31508
31854
31395
31660
31999
31463
31651
32016
31481
31894
32139
32182
31731
31786
32227
31490
31603
31602
31571
31904
32221
32050
31472
31771
31870
31543
31954
31408
31600
31823
31503
32199
32056
31674
31618
31771
31569
31493
32135
31503
31600
32157
32135
31600
31585
32199
32157
32135
31911
32217
31954
31461
31823
31760
31854
31663
31842
31508
32199
32182
31602
31569
31422
31408
31565
31817
31408
31973
31408
31693
31422
31881
31954
31776
31618
32056
31674
32104
31823
31823
32199
31600
24061
23784
23992
23807
23825
23408
23693
23477
24114
23410
24042
23576
23459
23782
23721
23667
23963
23738
23642
23744
24147
23318
23785
23730
23450
23365
24001
23556
23419
23714
23519
24181
23616
23352
23990
23438
23361
23586
23487
23380
23319
23682
23962
23420
24168
23565
23366
23343
23695
23585
23625
23641
23811
23486
23302
23321
23995
23882
24070
24005
23426
24101
23572
23555
23663
23423
23680
23395
23906
23610
24129
23713
23636
23549
24097
23771
23298
23935
23451
24059
23819
23980
23680
23730
23318
24181
23995
24097
23636
24001
23642
23771
23667
24059
23576
23667
24059
23352
24059
24097
23663
24001
23771
24097
23771
23298
24114
23585
24097
23771
23298
23585
23486
23298
23423
23451
23450
23935
23556
23487
23366
23451
23610
23451
23572
23980
24059
23819
23298
17821
17425
17625
17419
17262
17133
17853
17570
17673
17127
17357
17569
17633
17651
17454
17025
17624
17655
17225
17744
17684
17670
17187
17421
17231
17281
17224
17077
17637
17177
17465
17185
17043
17856
17313
17548
17162
17894
17044
17138
17849
17379
17172
17095
17485
17809
17236
17576
17136
17075
17093
17698
17558
17863
17653
17479
17268
17783
17234
17735
17664
17211
17315
17832
17512
17124
17374
17699
17190
17373
17594
17623
17654
17645
17741
17746
17432
17874
17510
17263
17865
17085
17218
17129
17797
17896
17606
17480
17374
17896
17190
17480
17797
17865
17480
17865
17077
17606
17095
17432
17569
17162
17896
17480
17896
17480
17684
17865
17177
17865
17479
17896
17185
17187
17480
17783
17684
17645
17797
17673
17865
17651
17480
17268
17606
17865
17558
17744
17856
17548
17425
17741
17653
17236
17085
17129
17809
17896
77396
77764
77703
77510
77402
77948
77473
77736
77582
77181
77169
77222
77914
77929
77912
77063
77093
77422
77485
77915
77384
77758
77380
77410
77305
77105
77823
77944
77314
77076
77549
77873
77792
77340
77259
77698
77665
77264
77599
77525
77217
77733
77516
77065
77542
77725
77426
77676
77790
77275
77288
77416
77690
77906
77888
77236
77348
77227
77255
77627
77362
77312
77623
77188
77308
77760
77210
77613
77659
77068
77155
77817
77538
77120
77935
77462
77262
77554
77593
77133
77761
77942
77614
77497
77590
77657
77304
77612
77272
77654
77757
77065
77305
77272
77188
77181
77612
77304
77340
77676
77613
77396
77590
77912
77627
77304
77733
77272
77654
77305
77525
77272
77538
77657
77304
77304
77757
77304
77497
77657
77935
77554
77538
77582
77497
77272
77272
77612
77657
77410
77473
77304
77757
77757
77657
77761
77612
77068
77593
77657
77761
77654
77757
56074
55571
55812
56350
56011
56355
55593
55668
55801
56412
55561
55755
56016
55992
56433
55563
55828
56158
55663
56152
55652
56307
56056
56161
56130
56031
55573
56356
55891
56018
56145
56242
56010
55773
55654
55572
56068
55605
56301
55729
56051
56313
55623
55785
55984
55722
56392
55738
55877
55928
56049
56084
55841
55625
56129
56437
55807
55704
55683
55689
55627
55671
55777
56266
56071
56072
55988
56183
56208
56315
55621
56120
55966
55995
55582
56035
55566
56182
56365
55867
55633
56259
56323
56147
55881
56059
55715
55755
56120
56147
56323
55966
55881
55867
55984
56147
56323
56147
56259
56356
55633
55627
55582
56018
56059
56323
56350
56059
55715
55881
56242
56365
55881
56035
55807
56350
56161
56051
56259
55671
55652
55841
56059
55715
55633
56323
55633
56071
55881
55881
55881
56323
56392
55633
56031
56147
55785
53853
54077
54028
54063
53783
53821
54096
54228
54358
54342
54259
54379
54321
54070
53985
53844
54109
53935
53926
54256
54487
54396
53846
53872
53773
54454
54237
54072
54205
54119
54639
53801
54175
54138
54541
54607
54002
53769
53943
54429
53766
53786
54193
54310
54526
54174
54569
54115
54427
54637
53953
53920
53811
54642
53899
53782
54417
54055
53923
53911
54045
54236
54618
54027
54604
54294
54652
54273
54083
53809
53837
53965
54173
54254
53901
54062
54104
53780
54334
54390
54619
53904
54499
53814
54600
54300
54084
54519
54465
54323
54456
54213
54300
54205
54465
54456
54300
54300
53935
54213
54323
54072
54027
54213
53899
54084
54254
53773
54519
54465
54027
54456
54077
54323
54213
54607
54526
54300
54619
54294
54213
54456
54600
53780
53965
54084
54519
54273
53844
53923
54300
54456
54323
54465
53965
54604
54600
54213
54519
54300
54028
53943
54062
54028
81965
81696
81593
82367
82336
82099
82047
81773
82408
82426
81848
81761
81678
81707
81638
81911
82318
81936
81772
82344
81839
81739
82155
82265
82033
81966
82051
81682
82179
81894
81667
82378
81785
82055
81633
81887
82320
81824
82020
81850
81750
82256
81711
82412
82196
82157
82149
81900
81869
82362
81994
81898
81856
81779
82343
82077
81770
81907
81567
81982
81888
82247
81794
81609
81729
82347
82124
81566
82018
82191
81816
81793
81790
81666
82120
82032
82118
81671
82242
82326
81538
81726
82307
81676
82350
81662
82352
81683
81776
81907
81696
82344
81676
81566
82018
81888
82352
81683
82352
81683
81638
81662
81726
82362
82350
81888
81982
81676
81683
81776
81898
81772
82352
82350
81739
81662
81633
82179
82307
81662
82265
81816
81676
81671
82120
82124
82307
82020
81676
81750
81609
82367
82307
82155
82179
81839
82320
82408
81676
81676
5941
5984
5614
6070
6114
5448
6062
5605
6089
6052
5813
6047
5640
5971
5397
6200
5625
5818
6105
5711
5837
5453
5809
5916
5907
5987
5877
5527
5980
6042
5602
5449
5991
5406
6250
5415
5461
5931
5733
5737
5654
5387
5759
6151
5872
6147
5641
5669
5904
5873
5399
5601
5944
5463
6087
5884
5475
5871
6211
5650
6214
5673
6239
5398
6191
6164
5861
6003
5562
6255
5521
5914
5754
5583
5616
6213
5630
5782
5525
5579
5401
6085
5714
6153
5831
5786
5530
6062
5650
5786
5782
5831
6151
5401
5884
5714
5873
6153
5562
5916
5714
5616
5714
6105
6085
6153
5714
5401
5669
6151
6003
5984
5714
6239
5453
5398
5786
5579
5907
5530
5614
6211
5944
5387
5809
5530
5714
5786
5711
5579
5399
5530
5399
5872
5877
6153
5650
50940
50348
50413
50582
50899
50890
50758
50570
50593
50865
50429
50633
50738
50613
50298
50362
50181
51035
50443
50537
50813
50681
50684
50968
50595
50669
51044
50914
50833
50980
50434
50234
51041
50810
50532
51001
50207
50581
50983
50834
50788
50346
50533
51025
50263
50943
50794
50858
50303
50264
50531
50852
50558
50615
50527
50990
50997
50357
50807
50320
50642
50860
50744
51023
50821
50370
50590
50323
50440
50873
51059
50187
50966
50900
50448
50619
50668
50656
50799
50400
50379
50745
50418
50773
50523
50982
50923
50231
50330
50816
50650
50749
50923
50264
50982
50982
50523
50749
50788
50982
50982
50523
50749
50650
50684
50807
50418
50320
50982
50330
50982
50595
50983
50982
50523
50923
50330
50749
50650
50303
50738
50264
50303
50231
50231
51044
50749
50983
50523
50633
50749
50418
50231
50810
50330
50749
50858
50966
50348
50923
50231
50816
50523
50323
52316
52287
52732
52377
52478
52703
52025
51978
52261
52454
52330
52667
52528
52438
52012
52807
52069
52103
52774
52729
52499
51987
52543
52437
52001
52164
52248
52070
52091
52369
52168
52519
52396
52043
52004
52061
51977
52510
52172
52022
52073
52348
52166
52319
52738
52658
52617
52109
52773
52427
52537
51990
52014
52793
52712
52302
52386
52006
52489
52513
52385
52165
52815
52539
52643
52787
52263
52055
52583
52361
52111
52525
52862
52076
52581
52235
52237
52417
52256
52366
52603
51997
52708
52336
52475
52561
52138
52222
52140
52646
52717
52138
52165
52140
52138
52646
52222
52140
52646
52561
52773
52525
52014
52862
52717
52513
52256
52336
52263
52646
52561
52646
52070
51997
52055
52773
52263
52336
52475
52643
52561
52773
52807
52499
52336
52138
52140
52111
52646
52738
52561
52006
52561
52732
52717
52561
52336
52330
52385
52256
52646
52528
52717
61551
61743
61261
61375
61647
60989
61734
61313
61591
61514
61552
61171
61670
61113
61178
61069
61681
61126
61369
61430
61637
61173
61337
61640
61276
61631
61189
61666
60976
61011
61697
61504
61677
61416
61147
61050
60999
61019
61716
61102
60951
61792
61073
61820
61403
61101
61110
61044
61331
61175
60996
61428
61230
61612
61621
61569
61025
61561
61536
61799
61156
61488
61510
61059
61604
61389
61176
61157
61213
61769
60944
61548
61656
61271
61479
61332
61255
61225
61527
61117
61183
61175
61621
61332
61332
61621
61331
61332
61183
61117
61255
61183
61337
61271
61255
61313
61230
61255
61479
61504
61504
61332
61255
61479
61677
61225
61479
61403
61820
61527
61025
61271
61331
61514
61332
60976
61261
61697
61225
61102
61255
61552
61255
61527
61276
61621
61271
13980
13512
13957
13755
14107
14245
13986
14067
13667
14091
13836
13746
13781
14055
14329
14267
13503
13692
14334
14312
14131
13493
14223
13498
13916
14240
14029
14046
13509
14108
13647
13730
13858
14012
14195
13480
13830
14082
14258
13468
13833
13795
13845
13506
13588
13554
14128
13944
14301
13758
13923
13582
13862
13936
13624
13656
13751
14309
13479
13884
13992
13999
14174
13890
13948
13592
13932
14233
13786
14095
13643
14001
13867
13838
14002
14049
14146
13937
14164
13496
13895
13653
14284
14186
14102
14055
13957
13592
14029
13496
14240
13838
14049
13730
14258
13937
14186
13479
14284
13493
14284
13554
13496
14095
13944
13937
13923
13937
13895
13937
13845
13937
14284
14102
13653
14334
13936
13588
13512
13895
13845
13836
14102
13647
14012
14102
14312
14095
13496
13833
14174
13624
13746
65841
66105
66251
65791
65795
65624
66169
65520
66213
65813
65438
66220
65616
65597
66066
65982
66085
65975
65931
66011
65672
66095
65955
65994
65903
65979
66256
66034
65718
65515
66118
65913
65537
65848
66191
65639
66116
66130
65772
65544
65939
65972
65548
65922
65418
66103
66109
65950
65572
65627
65507
65727
65605
66086
66140
65447
66250
65563
65765
65560
65448
65419
66076
66271
66202
65996
66180
66115
65937
66046
65439
65704
65573
66094
65832
65995
66119
65968
65454
65963
65897
65964
65585
65731
65650
65675
65794
65915
66080
66080
66202
65731
65915
65585
65731
65765
65937
65937
65794
66220
65731
65915
65448
65731
65650
65515
66115
66116
65675
65585
65939
65794
65765
65915
65438
66105
65675
65544
65813
65650
65585
65585
65585
66046
66034
65650
65585
65448
65772
65597
65507
66105
66076
65964
65572
66103
65675
65520
66140
65964
38829
38883
38633
39268
39349
38665
39042
38703
39021
39328
38671
39164
38795
39340
38691
39076
39163
39085
38605
38640
39392
38960
38970
39354
39308
38818
39358
39139
39015
38694
39214
38804
39065
39292
38780
39342
38686
38851
39343
39143
38857
39035
38835
39243
39092
38902
39412
38639
39299
38752
38739
39039
38888
39122
39120
39318
38731
38756
38789
38903
39334
39093
38719
39326
38740
39089
39073
38618
39417
39028
38642
38934
39133
38786
38920
39291
38977
39312
38880
39401
39103
39360
39155
39211
39298
38667
39296
39146
39171
39143
38789
39360
38835
38786
39103
39155
38667
39146
39120
39340
39146
39318
38667
39291
38667
39354
39085
39296
38752
38920
39326
39155
38618
38804
39015
39298
39318
39021
38667
39412
38786
38789
39328
39103
39296
38880
38667
39171
39143
38667
39211
39065
39035
38804
39085
39015
39085
39039
38719
39360
36920
36858
37258
37177
37021
37081
37570
37431
36962
36868
37409
37181
36830
37582
37147
37368
36814
37215
37566
36999
37322
37314
36963
37390
37461
37360
37020
37089
37394
36902
36906
37193
37462
37343
37550
36838
37265
37556
36747
37098
37057
37540
37006
37239
36788
36792
37460
37161
37509
37308
37277
37232
36978
37557
37471
36740
37376
36879
37613
37312
37163
37404
37622
36761
37604
37490
37154
37399
36988
36974
37136
37001
36785
37526
37328
37199
37153
36886
37506
37292
36900
37189
36823
37412
36899
37500
37307
37298
36916
37510
37532
37156
36986
36861
36986
37613
37161
36747
36861
37462
37399
36868
37557
36999
36838
37298
36861
37147
37312
36916
36988
36823
37461
37298
37322
36861
37298
36986
37307
36974
37156
36986
37376
37532
37001
37312
37532
37510
37532
37510
37298
37404
37307
37566
36974
37532
37510
36861
37189
37193
36861
36902
37532
37307
36978
37399
36916
36916
79736
79569
79593
78949
79474
79265
79676
79579
79359
79643
79576
79254
79535
79135
79310
79170
79530
79381
79606
79727
79103
79097
79212
79234
79236
79100
79378
79376
79631
79018
79370
79017
79033
79305
78857
79256
79542
79494
79442
79331
79314
79345
79089
78881
79393
79681
79167
79032
79440
79652
79365
79168
78909
79309
79698
79296
78887
79499
78991
79065
79290
79400
78939
79536
78902
79585
79528
79113
79738
79280
79651
79084
79244
79531
79098
78992
79609
78867
78937
79200
79154
79232
78920
79200
79254
79232
79232
79236
79200
79232
79033
79727
79314
79170
78902
78867
78937
78867
78992
78909
79200
79727
79609
79442
79345
79609
79631
78992
78920
78937
79135
79154
79167
78867
79393
78992
79631
79232
79609
79305
79609
79167
79535
79290
79232
78867
79018
79542
78909
79280
34474
34124
34721
34498
34242
34191
34511
34352
34297
34073
34722
34502
34451
34791
34735
34693
34724
34769
34441
34504
34916
34717
34306
34928
34053
34061
34149
34697
34579
34785
34779
34355
34523
34866
34732
34710
34484
34442
34647
34660
34890
34811
34422
34243
34400
34633
34432
34072
34932
34137
34197
34328
34102
34611
34305
34929
34534
34439
34415
34765
34206
34077
34833
34739
34403
34438
34226
34236
34750
34936
34827
34512
34175
34593
34108
34240
34700
34851
34576
34588
34120
34691
34345
34694
34293
34515
34153
34109
34890
34928
34153
34498
34890
34109
34345
34691
34124
34109
34647
34297
34061
34691
34153
34732
34153
34779
34929
34691
34890
34153
34345
34827
34827
34293
34647
34932
34694
34916
34109
34293
34153
34077
34153
34710
34691
34153
34691
34694
34694
34441
34293
34109
34438
34691
34293
34191
34929
34355
61324
61422
61281
60997
61566
61369
61311
61142
61382
61764
61325
61396
60953
61176
61567
61666
61105
61420
61236
61563
61537
61015
61232
61165
61485
61170
61559
61381
61618
61254
61766
60928
61279
61152
60942
61491
61568
61124
61145
61773
61312
61707
60965
61033
61228
61367
61429
61042
61286
61005
61012
61579
61480
61620
61502
61456
61497
61653
61116
61427
60981
61174
61091
61687
61101
61231
61667
61445
61554
60993
61798
61313
60967
61241
61127
61387
61202
61280
61306
61748
61588
61332
61374
61723
61670
61181
61511
61238
60946
61476
61802
61512
61061
61101
61491
61537
61042
61653
61015
61311
61238
61512
61306
61512
61061
61511
61312
61061
61061
61620
61511
61559
61497
60946
61476
61511
61476
61476
61476
61061
61476
61497
60946
61588
61588
60946
61670
61476
61667
61238
61061
61165
61512
61181
61512
61511
61325
61802
61579
61511
61181
61802
61511
60993
61511
61511
5785
6046
5406
5740
5809
6245
6076
6155
5871
5867
6050
6192
5566
6030
5483
5568
5822
5394
5417
5926
6189
5655
6126
6113
5594
5928
5411
5400
6249
5811
5627
6248
5999
5993
5615
5881
5918
5517
6173
5625
5808
5975
6094
5492
5389
6238
6071
6011
6118
5887
6054
5915
5839
5548
5442
5966
5477
6206
5768
5578
6061
5382
6080
6052
6154
6004
5488
5818
5714
5469
5805
5932
5418
5407
5652
5869
5564
5480
5710
5579
6203
5859
6057
5408
5396
6003
5588
6191
5896
5836
5458
5872
5436
6046
5458
5396
5588
6206
5652
6003
6113
5993
6191
5836
5928
5999
6191
6126
6050
5588
6003
5896
6003
5588
6191
5442
6046
5408
5382
5993
5896
5588
6003
5477
5436
5932
6118
5625
5896
5896
5389
5768
6249
5871
6154
6191
5896
5915
5411
5436
5975
6003
5896
5458
5588
5436
64504
63978
64312
64077
64256
63856
64038
64447
63788
63975
64480
63862
63629
63866
63889
64294
64281
63744
64442
64059
64419
63619
64503
64067
64471
63857
63807
63747
64027
64247
64239
63749
64508
63754
64267
64145
64091
63642
64501
63804
64234
63925
64378
63630
63632
64217
64349
64116
63954
63699
63687
64490
64413
63806
64198
63858
64235
64261
64335
63886
63627
64204
64459
64425
64205
64505
63976
64044
64095
64186
64197
63982
64262
64004
63897
64374
63979
64236
64306
64152
64291
63709
64392
64068
63681
63831
63654
63843
63780
64442
63642
64068
63831
63747
63681
64247
64447
63642
63619
63954
63709
63979
63709
64205
64067
63709
64217
63709
64503
63843
64480
63858
64068
64392
63780
63681
63749
63681
64306
63780
63709
63780
63681
63709
64068
63749
63699
63754
63862
64392
63709
63780
63843
63804
63831
63831
63681
63982
63982
63654
27617
27353
26985
27406
27480
27141
27650
27071
27428
27168
26892
27691
27429
27594
27522
27425
27661
27675
27398
27255
27301
27569
27107
27393
26888
27067
27554
27438
27676
27223
27032
26950
27035
27657
26932
26930
27724
27173
27537
26972
27293
27153
27447
27596
27248
27606
26975
27256
27240
27461
27295
27147
27433
27368
26912
27072
27018
27003
27410
27354
26895
27124
27508
27756
27625
26921
27623
27562
27441
27680
27443
27440
27409
27166
27048
27688
27117
27563
27251
27512
27151
27751
27719
27631
27744
27755
27141
27443
27631
27554
27461
27398
27719
27151
27447
27512
27755
27661
27223
27631
27124
27719
27443
27151
27606
27657
26930
27755
27751
27744
27724
27756
27617
27755
27512
27461
27755
27650
27755
27594
27719
27398
27398
26921
27251
27512
27719
27563
27631
27512
27151
27117
27251
27512
27151
14168
13602
14199
14231
14079
13760
14282
13587
14144
13519
14011
13861
13880
13894
13969
14310
13586
13656
14257
14115
14034
13856
13934
13770
14323
14176
13905
14324
14165
13819
14038
13737
14141
14009
13846
13669
13900
14010
13923
14283
14096
14116
13982
13797
13782
14043
14181
13895
13552
14273
13522
14228
13974
14075
13932
14151
13574
13729
14173
13971
13556
14293
14189
14322
13458
13883
13643
13662
13929
14084
13990
13906
13707
14288
13596
14307
14308
14225
14233
13893
14178
14318
13608
13834
14204
14276
14287
13679
13866
13507
13784
14113
14286
14070
13667
13679
13522
13507
13929
13679
14178
14116
13974
14113
13784
14257
13866
14038
13519
13866
13866
13643
14113
13797
13679
14141
13784
14257
13679
14070
13507
13782
13784
13866
14113
13893
14204
14113
14323
14113
13784
13507
14075
13667
13834
13667
13507
13866
13608
13507
13507
13866
13834
14113
14115
14011
13894
14079
14113
35853
36476
35864
35936
36003
36610
36323
36710
35963
36332
36014
36700
35878
36416
36528
36390
36135
35856
36000
36295
36633
35875
36498
36428
36117
36041
35933
36199
36725
35959
35934
36615
36652
36462
36675
36612
36472
36688
36341
35965
36729
36375
36674
36266
36578
36027
36193
36508
36251
36551
35932
36216
36257
36086
36272
36408
36395
36248
36119
36525
36235
36490
36520
36186
36502
35858
36131
36617
36171
36224
36712
36236
35845
36624
36605
36264
36731
36370
36198
36073
36701
36614
36486
36515
36579
36339
36156
36459
36707
36412
36484
35908
36235
36332
36041
36257
36707
36339
36339
36156
36520
36408
36472
35908
36617
35933
36624
35845
36612
36235
36700
36579
36725
36264
36216
36412
36633
36216
36484
36579
35936
36729
36272
36515
36579
36156
36579
36156
36199
35908
36412
36707
36707
36615
36617
36135
36156
36579
36156
35908
36579
36551
36186
36731
58529
59111
59018
58453
58787
58950
58328
58294
58250
58646
58460
58350
58242
58562
58850
58887
58995
59074
59025
58600
58268
58712
59040
58652
58367
58501
58244
58927
58509
58766
58679
58758
58718
58355
59122
58915
58684
58300
58732
59043
58487
59117
58470
58809
58389
59059
58349
58298
58854
58426
58287
58876
58359
58525
58857
58978
58778
58856
58381
58942
58631
58808
58597
58263
58827
58763
59100
58526
58713
58877
58437
58868
58773
59097
58896
58465
58634
58503
58640
58251
58883
58850
58251
58634
58600
59025
58244
58712
58640
58640
58883
58942
58470
58487
58896
58883
58778
58251
58349
58778
58597
58942
58827
58367
58763
58827
58883
59097
58251
58640
58251
58503
58465
58758
59097
58896
58263
59111
58896
58732
58718
59097
58634
59097
58640
58244
58634
34716
34616
34348
34852
34236
34386
34384
34455
34118
34330
34112
34800
34500
34581
34356
34271
34866
34510
34447
34076
34148
34840
34582
34810
34250
34239
34845
34415
34537
34743
34632
34571
34168
34765
34441
34658
34411
34760
34731
34820
34284
34708
34883
34422
34201
34315
34738
34791
34464
34826
34655
34242
34822
34751
34485
34100
34314
34894
34781
34939
34383
34634
34643
34069
34312
34806
34869
34745
34739
34775
34055
34935
34677
34295
34635
34862
34368
34792
34621
34636
34569
34129
34771
34811
34863
34793
34345
34289
34780
34238
34345
34738
34820
34820
34284
34569
34863
34635
34793
34569
34581
34100
34780
34201
34771
34238
34771
34863
34129
34238
34345
34811
34806
34345
34348
34289
34312
34738
34708
34845
34537
34441
34780
34289
34863
34655
34289
34862
34441
34632
34284
34289
34284
34811
34148
34383
34780
34636
34312
34845
34826
25186
25441
25755
25275
25571
25582
25293
25567
25377
25822
25643
25899
25183
25213
25632
25396
25369
25647
25594
25634
25681
25960
25105
25453
25241
25676
25191
25957
25378
25384
25139
25670
25111
25150
25958
25259
25438
25912
25417
25616
25555
25610
25244
25419
25975
25562
25291
25200
25304
25110
25271
25248
25973
25917
25119
25325
25551
25865
25936
25339
25732
25442
25131
25965
25888
25462
25743
25326
25790
25785
25346
25884
25900
25088
25909
25515
25372
25902
25945
25789
25559
25291
25917
25789
25384
25909
25304
25945
25515
25377
25438
25902
25213
25191
25515
25755
25271
25377
25945
25643
25643
25559
25755
25417
25571
25789
25945
25582
25559
25244
25339
25785
25571
25105
25372
25088
25259
25339
25559
25789
25945
25304
25369
25088
25884
25909
25681
36878
37571
36823
37263
37459
37348
37284
37195
37545
36744
36848
37178
36895
37435
37034
37436
36996
37011
37088
36808
37141
37358
37157
36820
36956
37236
36750
36985
37003
36766
37581
37290
37421
37024
37356
37222
37269
37066
36966
36860
37061
37466
36781
37555
37630
37376
37202
37387
36983
37312
37467
36854
37613
36839
37494
37125
37096
37020
37058
37341
37023
37288
36760
37156
36873
36792
37327
37423
37059
37553
36870
37491
37507
37242
37364
37078
37248
37385
37574
37140
36796
36896
37098
36798
37597
37248
36796
36823
36798
36820
37571
36896
37140
36750
37597
37020
36808
37003
36798
37385
37140
36798
37098
37348
37387
37061
37385
36796
37467
37385
36798
37597
36823
36985
36798
37098
37140
37421
37574
37574
37376
37376
36966
37385
36896
37284
36896
37156
37088
36966
36798
36854
37574
60925
60090
60896
60045
60480
60307
60659
60823
60811
60599
60653
60861
60044
60924
60457
60125
60595
60072
60188
60065
60226
60149
60414
60410
60474
60507
60504
60851
60356
60222
60906
60452
60232
60408
60666
60900
60193
60672
60294
60783
60318
60340
60831
60395
60061
60493
60476
60362
60345
60499
60572
60556
60623
60131
60848
60899
60844
60412
60670
60278
60669
60580
60630
60509
60534
60403
60729
60714
60152
60346
60168
60358
60766
60544
60053
60541
60793
60334
60180
60194
60148
60197
60033
60885
60228
60871
60512
60892
60250
60455
60915
60043
60140
60341
60455
60250
60924
60072
60480
60892
60851
60340
60915
60341
60915
60512
60452
60457
60793
60455
60455
60452
60345
60493
60188
60659
60507
60043
60043
60140
60906
60848
60250
60512
60915
60892
60474
60455
60053
60900
60455
60193
60043
60341
60892
60140
60356
60226
60892
60168
60226
60148
60892
60766
60278
60045
60250
60278
73939
74076
73816
73886
73980
74003
73809
74120
74046
73920
74308
73878
73919
73597
73630
73554
74200
73933
73973
74203
74225
74231
73761
74216
73736
73790
73582
73825
74330
73858
73840
73932
73764
73691
74336
74288
73964
73815
74364
74086
74012
73660
73772
74017
73548
73692
73620
74023
74279
73591
73989
73486
74274
73569
73657
74102
74174
73846
73832
73986
73751
74155
73753
73796
73930
73665
73804
73642
73871
73741
73507
74293
73929
74186
74209
73783
74343
74114
74056
73557
73674
73514
73743
73674
73557
73557
73557
74056
74114
73840
73761
74343
73557
74186
73486
73736
73980
73554
74343
74216
74203
74102
73557
73548
73878
73741
73751
74216
74343
73930
74343
73825
73743
73783
73783
73554
73871
73674
73514
73743
74336
73597
73736
73674
73743
74114
73665
73514
73554
73486
7874
7849
7954
7528
7870
7720
8001
8012
7576
8020
7782
7320
7629
7886
7896
7458
7332
7841
7794
7219
8017
7827
7222
7397
7802
7290
7569
7292
7210
7309
7692
7251
7278
7276
7271
7669
7202
7475
7188
7464
8049
7676
7725
7839
8046
7988
7648
7403
7655
7474
7690
7218
7550
7306
7288
7910
7871
7642
7913
7171
7299
7215
7679
7415
7746
7662
8061
7225
7811
7249
7594
7863
7400
7295
7601
7300
7760
7491
7694
7234
7221
7630
7658
7282
7763
7573
7840
7675
7612
8028
7933
7430
7235
8059
7580
7675
7235
7675
7225
7202
7464
8028
7675
8059
7746
7475
7210
7863
7475
8028
8028
7306
7580
7692
7839
7235
7320
7249
7397
8028
7612
8061
8059
7235
7225
7306
7300
7679
7430
8059
7594
7933
7430
7235
7225
7630
7954
7235
7933
7580
7222
8059
8028
7430
7430
8059
7276
7612
7430
53685
53038
52934
53650
53610
53248
52992
53347
53247
53329
53509
53060
53110
53590
53052
52897
52889
53294
52961
52979
53750
53524
53556
53491
53671
53092
53309
53430
53488
53217
53023
53492
53575
53547
53681
53344
53660
53154
53693
53661
53416
52874
53036
53749
53599
53062
53100
53514
53724
53231
53027
53109
53190
53748
53392
53123
53561
53246
53475
53307
53105
53435
53083
53545
53534
53179
53264
52927
53325
53159
53461
52936
53266
53629
53489
53398
53734
52990
53188
53198
53195
53310
52968
53310
52992
53661
52874
53052
53685
53198
52874
53547
53188
53195
53246
53461
53100
53198
53681
53198
53307
53105
53246
53398
53294
53475
53329
53398
53660
53575
52968
53110
53023
53195
53749
53195
53734
52990
53060
53398
52990
53195
53734
53052
53100
53661
53492
53734
53105
53325
29120
29102
29279
28718
28775
29150
28698
29056
29308
29330
28725
29379
29489
29009
28906
28873
28734
29373
28798
29285
29320
28913
29060
28904
29289
29457
29427
29296
29207
29497
29479
29088
29424
29019
28736
28937
29327
28893
29089
28928
29112
28860
29254
29062
29402
29387
29257
28728
29025
28991
29407
29020
28856
28748
29275
28713
29473
29268
28842
29077
29157
28799
28863
28998
29221
29474
29529
28953
28683
28974
29490
29178
29096
29501
28731
29191
29345
28925
29502
29426
28699
28924
28957
28721
28721
29424
28721
28713
29025
29502
28924
29497
28957
28928
29345
29502
29502
28937
29426
28721
28728
29502
28957
28721
29426
28925
29285
29479
29426
29157
28721
28957
28748
28799
28925
28925
28699
29426
28721
28925
29426
28937
28873
29285
29502
28799
28925
29427
28957
28924
29426
29009
72219
72018
72039
71958
71856
71715
72472
72080
71682
72305
72322
72300
72411
71935
72304
72498
72320
72563
72084
71734
71736
72402
72177
72240
72266
72442
71944
72270
72465
72458
71899
72026
72466
71686
72090
71780
72178
72144
71865
71889
72203
71817
71712
72146
71754
71795
71925
71987
72252
72473
72120
72027
72141
72285
72108
72403
72250
71692
71929
71870
71742
71820
71847
71945
71683
71781
71907
72375
71844
71764
72006
72307
72384
72575
72323
72009
72456
72393
71995
71894
72084
71995
72018
71894
72456
72575
71682
72393
72465
72384
72141
72458
72393
72322
71856
71894
72393
71894
72304
72458
72575
72575
72323
72323
72575
71712
72575
72323
72026
72323
72203
72323
72323
71894
71995
72375
71820
72320
72322
71795
72458
71944
72323
72456
71764
72039
64134
64265
63912
63718
64084
64140
64044
64098
64248
64281
64417
63845
64246
64400
63836
64061
64226
63841
64200
63924
64371
64383
64225
64216
64295
63953
64445
64119
63805
63646
63750
63668
63826
63940
63783
63740
63679
63925
64169
63714
63737
64466
64454
63881
64043
64157
64263
63707
63864
64162
64431
64217
64359
63848
63865
63691
63832
64152
64056
63819
64317
64291
63911
64204
63754
64497
64427
63947
64327
64305
64324
64401
63753
64378
63901
64237
63817
64115
64381
63730
63661
64437
63717
64091
64023
63806
64185
63956
64334
63723
63622
63871
64502
64421
63688
63956
63718
63688
64023
64334
63956
63956
64334
63723
64334
64421
63871
64248
63912
64421
64421
64334
63956
63707
63688
64454
64334
63622
64334
63723
64246
63622
63688
63924
64445
64421
63688
64383
63865
63871
64400
63646
63848
63723
63832
63953
63688
64185
63956
63871
64140
63723
64157
64023
64421
63661
63864
64056
64334
56047
56313
56063
56276
55872
56325
55776
55712
56143
55667
55686
55760
56203
55944
55884
56305
55892
55997
55851
55816
55663
55818
56152
55752
55556
55583
55626
56306
56392
55928
56183
55553
55775
56125
55738
55812
55564
55795
55600
56150
55720
55693
56241
56071
55781
56352
55868
55758
55947
55830
55859
55930
55986
55757
55575
56159
56364
56414
56438
56217
55597
55939
55988
56136
56114
55606
56319
55845
56343
56178
55829
55571
55952
55968
56410
55860
55870
55969
56423
55929
55620
55891
56026
55648
55968
55929
56313
55845
55812
55892
55738
56241
55870
56026
55929
55851
56063
55648
55812
55870
55870
56241
55648
55776
56026
55969
55620
56423
55884
56410
56423
56159
56410
56410
55620
55720
55556
55597
55929
55720
56026
55648
55829
55648
55969
55872
55891
55648
56423
55891
55939
56178
31184
30522
30614
31285
30468
31291
31163
30692
30636
31339
30994
30970
31336
31122
31243
30516
30916
30998
31256
31055
31342
30857
31195
30533
30954
31003
31205
31359
31242
30704
31280
30617
31142
31305
30600
30846
31145
30523
31076
31185
30570
31269
30841
31201
31306
30833
30927
30698
30626
30646
30612
30652
30712
31183
30602
30875
30501
30556
30928
30831
30757
30611
30866
31102
31208
31190
31007
30997
31262
30675
30635
30525
31092
31052
31309
31110
30545
30603
30743
30616
30677
30545
30468
30994
30600
30652
30611
30743
30614
30545
31110
30525
30677
30616
31205
31163
30516
30677
30545
30866
30545
30875
30611
31280
31309
30927
30556
30698
30698
31256
30616
31201
30998
30603
31309
30617
30970
30743
30743
31052
31242
30954
30743
30743
30743
30677
30743
46595
47243
47019
47317
47362
46892
47462
46735
46594
47212
46769
47464
46737
47460
46963
47173
47095
47420
46844
47224
47427
47016
47066
47413
46640
47048
47414
47470
46680
46635
46990
47315
47417
46614
46694
47353
47366
46679
47312
46830
47238
47421
46596
46821
46731
46758
46808
47274
46755
46847
46955
47318
46904
46795
47296
47097
47330
46857
46918
46804
47430
47032
47310
47458
46935
47000
46630
47401
46732
46991
47078
47313
46911
47466
46768
46674
46996
46817
47112
46761
47112
47016
46635
47310
46996
47112
47462
46674
46911
46768
47466
47466
46911
46594
46735
47401
46904
47274
46817
46732
47466
47048
47224
46768
47274
46768
46817
47466
46768
46732
47462
46795
47112
46817
46918
46768
46768
47112
46817
46630
47097
47112
47460
47112
46674
47362
36296
36252
36126
36649
36012
36597
36134
36472
36118
36154
35985
36599
36415
36022
36700
36393
35932
36366
36036
35998
36185
36212
35924
36681
36002
36224
36244
36732
36589
36448
35907
36335
36503
36389
36026
36289
36000
36460
36309
36029
35955
36084
36284
36470
36547
35862
36410
36243
36278
35859
36731
35972
36440
36251
36074
35915
36260
36204
35889
35959
36568
36024
36121
35901
36142
36520
35850
36607
36534
36053
36159
35939
36331
36267
35844
36670
36529
36471
36339
35956
36045
36351
36328
36663
36478
36061
36372
36227
36144
36144
36026
35998
36227
36309
36607
36372
36227
36351
36154
35932
36061
36478
36503
36393
36252
36328
36351
36185
36118
36366
35956
35924
36289
36061
36663
36267
36478
36328
36478
36036
36663
36289
36351
36328
36244
36144
36351
36670
36393
36440
36142
35859
36478
36520
36372
36366
36142
36478
35850
36084
59060
59109
58248
58868
58702
58640
58838
58269
59044
58914
58543
58624
58444
59096
58563
58263
58749
58725
58478
59007
58351
58800
59082
58789
58585
58876
58481
58719
58710
58610
58485
58463
58599
58849
58925
58950
58503
58892
58285
58823
59066
58562
58910
58909
58489
59077
58437
58413
58900
58512
58935
58882
58996
58493
58441
58976
58575
58259
58642
58829
59008
58778
59031
58537
58551
59091
59104
58988
58769
58874
58260
58404
58571
59086
58750
59005
58331
58919
58420
58724
58796
58244
59127
58643
58626
58497
59011
58626
58996
58260
58900
58800
58626
58563
58724
59096
58481
58497
58710
58537
58626
58626
58626
58643
58950
59127
58769
58643
58643
58244
58626
59044
58724
58724
58497
58724
58643
58800
59096
58626
58702
58988
58497
58910
59011
58882
58643
58497
58244
58497
59066
58599
59011
58724
58796
58512
58244
49074
48982
48830
48871
48853
48890
48827
49142
48508
49278
48565
48432
48519
48976
49220
48861
48795
48637
48834
48841
48733
48739
49236
48753
49063
49181
48837
49021
48688
49124
48621
48490
49080
49084
48994
48577
48776
48775
48839
48478
48477
48793
48552
49212
48750
48591
48727
48567
48522
49005
49224
48616
49165
48956
48791
48554
48972
49049
48467
48933
49276
49036
49270
48589
49058
49143
49040
49085
48862
48732
49004
49174
48639
49024
48848
49033
48518
48873
48746
48485
48605
48463
49182
49183
48718
48916
49272
48772
48530
49276
48718
49024
49276
48916
48839
48827
49084
48490
48577
49183
49165
48772
49182
48793
48772
48841
49074
48916
49074
48567
48688
48982
48772
49272
48890
48530
49049
48795
49183
48621
48772
49040
48916
48772
48463
48776
48589
49080
48519
48772
48530
48772
49272
48718
48982
48463
48718
48718
48976
48772
76194
76969
76899
76617
76802
76602
76185
76412
76895
76862
76431
76936
76535
76387
76179
76192
76830
76988
76875
76629
76811
76353
76447
76249
76528
76318
76651
76442
76935
76839
76317
76918
76247
76304
76710
76284
76411
76365
76220
76783
76463
76406
76968
76698
76216
76282
76932
76721
77011
76713
76663
76883
76520
76949
77034
76624
76464
76269
76338
76902
76587
76178
77049
76325
76593
76807
76911
76609
76432
76510
76860
76930
76685
76555
76235
76694
76743
76810
76835
76423
76293
76934
76190
76552
76314
76461
76708
76707
76627
76674
76292
76843
76191
76324
76928
76216
77034
76191
76707
76843
76412
76674
76387
76627
76627
76843
76928
76707
76411
76387
76707
76627
76862
76292
76461
76843
76191
76928
76843
76191
76406
76292
76520
76324
76839
76411
76713
76442
76708
76928
76627
76304
76324
76627
76708
76191
76191
76807
76627
76235
76969
76969
76412
76292
76235
76969
76387
76617
76839
65086
65286
65082
64765
64824
64512
65394
64729
65127
64549
64945
65205
65402
64975
65184
64998
65367
65379
64579
65057
65348
64984
64692
65342
65121
65009
64560
64706
64778
64833
64568
65204
64893
65070
65295
65156
65027
65267
64685
65193
64556
64687
64768
64770
64921
65198
65296
65115
64803
65155
65353
64724
65140
65158
65290
65289
64994
64809
64696
64664
64844
65014
65015
65119
65257
65034
64738
64521
64828
65171
64646
64618
64793
64840
64721
65032
64676
64713
64757
64684
64604
64733
65247
65398
64582
65344
64735
65074
64733
65348
65074
65204
64733
64582
64733
65344
65074
65057
65344
64560
64828
65247
64893
64582
65155
64685
65009
65398
65015
64735
64521
65074
64729
65289
65353
64604
64604
65398
64582
64685
64844
64893
64945
65082
65398
64733
64733
65070
65032
64721
65057
64729
65171
64994
65115
65257
64687
64604
68790
68727
68274
68622
68699
68787
68788
68248
68216
68895
68976
68569
68540
68951
68697
68959
68535
68913
68155
68328
68640
68986
68337
68363
68598
68947
68633
68536
68515
68377
68528
68900
68181
68834
68501
68217
68435
68763
68758
68149
68164
68517
68118
68441
68109
68338
68430
68131
68933
68844
68870
68734
68767
68606
68643
68890
68511
68166
68961
68194
68810
68971
68357
68797
68571
68537
68558
68116
68332
68404
68768
68117
68130
68614
68230
68500
68291
68590
68403
68784
68905
68385
68291
68109
68385
68905
68590
68404
68164
68727
68403
68248
68500
68430
68959
68500
68230
68435
68385
68905
68697
68788
68905
68291
68569
68606
68403
68784
68500
68590
68500
68590
68784
68590
68385
68291
68905
68500
68385
68130
68947
68385
68558
68441
68385
68404
68590
68933
68913
30072
30398
30340
30219
30434
29758
30195
29674
29790
29637
29662
30264
29903
30329
30095
30400
29740
29619
30119
29866
30386
29785
29853
30249
29756
29663
30450
30318
29688
29731
29665
30277
30127
30317
29755
30118
30105
30333
30370
30169
29664
29833
29926
29886
30416
30047
29612
30228
30244
29895
29857
29822
29782
29749
29725
29896
30171
30287
29935
30237
29868
29764
29712
30280
29850
29867
30293
29788
30325
30192
29746
29629
30045
30094
30234
30224
29680
30404
29593
29906
30309
29598
30234
29680
30195
29662
29598
30404
30404
30234
29867
29906
30318
30404
29598
30224
29906
30234
30370
29598
29906
29598
30434
29598
29833
30234
30404
30309
29903
29680
29680
29731
29895
30224
29598
30105
29663
29850
29598
30219
30169
30416
30234
30450
29664
30340
30404
30234
30329
13370
12816
13173
12785
12830
12652
13189
12907
13246
13062
12698
12686
12629
13430
12714
13428
13315
12923
12621
12649
12588
13108
13097
13381
12544
13261
13162
13099
13123
12895
12594
12941
12960
13365
12925
13159
13350
13265
13407
12775
12894
12949
13396
12640
13271
12820
13431
12603
12568
13105
13285
12644
12852
13235
12902
12676
13201
13375
12945
12555
12956
13092
13150
12703
12633
13039
13300
12858
12812
13047
13284
12560
13036
12801
13158
13228
13288
12884
12721
12847
13165
13177
12814
13220
13164
13158
12895
12568
13164
13177
13220
13164
12721
12814
13220
12814
13220
13165
12884
12814
12814
13039
13246
13165
12941
13177
13165
12894
12814
12721
13164
12721
13220
12847
13097
12785
13220
13165
12721
12925
13220
12847
12884
13164
12686
12847
13220
12686
12721
12884
12775
13165
13396
73515
74226
74155
73727
73537
74096
73493
74016
73795
73939
74041
74350
73634
73796
74008
73749
74358
73616
73660
73491
73996
74127
73858
73836
73601
74297
73526
73936
73982
73771
74327
74007
73870
73521
73656
73834
74240
73888
73709
73958
74321
73992
73567
73563
74323
74179
74148
74117
73869
74074
74172
74094
73920
73624
74347
73924
73720
73648
74143
73984
73851
73853
74334
74265
73976
74244
73944
74075
73959
73745
73732
74236
74348
73472
74006
73841
73640
74313
73898
73560
74075
74006
74348
73560
74006
73560
73924
73944
73640
73560
74094
74096
73560
73640
73898
73491
73749
74179
73472
73851
73898
73898
73858
74348
73560
74313
74313
73521
74313
73976
73640
74348
73640
73771
73841
74313
74007
73898
74117
73841
73976
74347
74313
73640
73472
74347
71547
71120
71466
71205
71171
71468
71269
70887
71636
71579
71246
71455
71157
71534
70912
71091
71660
71619
71473
70830
71412
71251
71500
71143
71313
71169
70894
71597
71036
71454
71583
71361
71019
71064
71265
71050
71465
71464
71378
71156
71623
70827
70833
71088
71097
70849
71336
71150
71431
70841
70793
71540
71558
71223
70821
70982
70792
71294
71581
71668
71512
71393
71315
71098
71028
71627
71654
71022
71067
71322
71193
70868
71114
71521
71222
71111
71342
71306
71268
71400
70981
71083
70815
71427
71046
71351
71186
71403
71539
71038
71339
71511
71054
70857
70857
70857
71038
71455
71403
70841
70982
70841
71511
71512
71223
71054
71088
71378
71547
71186
71120
71636
70830
71186
71143
71403
71186
71067
71547
71306
71186
71412
71054
71558
71339
71339
71339
71339
71403
71539
71342
71186
71038
70827
71205
71558
71403
71088
70830
71403
71627
71169
71512
71511
71393
71403
70821
71339
80488
80321
80270
80057
80439
80414
80273
80584
80459
80385
80019
80235
80405
79825
80180
80399
80515
80406
80330
80452
79972
80175
80490
79844
80249
80436
80073
80128
80310
79918
80432
80607
80395
80153
80291
80528
79809
80530
80008
80429
79863
80118
80080
80418
79774
79832
80394
80046
80087
80210
79758
79756
80032
80434
79760
79840
80240
79938
80400
79976
80212
80086
80343
79836
79849
80396
80610
80283
80384
80174
80460
79823
79978
79866
80524
80278
80272
79959
80369
80091
80081
80202
79780
80576
80570
79773
79843
80181
80594
80420
80046
80008
79774
80118
80394
79780
80452
80594
80181
80528
80488
80321
80524
80570
80610
80576
80429
80524
79780
79760
79780
79959
80086
80406
80418
79773
80181
80576
80490
80310
80434
79773
79843
79780
79938
80181
79773
80175
79843
80576
79849
79978
80420
80429
80283
80420
79823
80181
80610
80087
80414
52910
53721
53228
52988
53573
53100
52975
53178
53311
53460
53696
53025
53459
53714
53503
53088
53072
53506
53376
53249
53624
53554
53085
53135
53230
53380
53361
53037
53093
53257
53669
53118
53533
53248
53017
53401
53203
53631
53588
53378
53158
53525
53679
53465
53421
52939
52972
53704
53519
53128
53727
53245
53362
53233
53404
53600
53334
53092
53408
53282
53422
53402
52894
53239
52913
53333
53172
53184
52962
52990
53205
53046
53164
53337
53699
52940
53403
53622
53314
53629
52950
53693
53573
53622
53699
53403
53422
52940
53085
53093
53314
53205
52913
53669
53699
53100
53622
53704
52990
52940
52950
53282
53554
53422
52940
53693
53072
53403
53118
52950
53404
52913
53017
52990
53203
53025
53380
53072
53403
53699
53624
53203
53629
53622
53072
52894
53248
53118
53631
16063
15570
15249
15398
15525
15288
16067
15829
16083
15237
15593
15274
15804
15877
15447
15959
16105
15949
15523
15588
15290
15432
16108
16085
15694
16062
15470
15613
15244
15854
15415
15899
15625
16028
15813
15408
15583
15946
15935
15972
16104
15893
15397
15668
15301
15715
15612
15317
15607
16100
15493
15320
15767
15789
15898
15371
15414
15751
15264
15378
16115
15454
15671
16000
15322
15453
15849
15824
16035
15406
15445
15390
15832
15929
15748
15963
15686
16082
15965
15518
15925
15397
15963
15518
16063
15751
15789
15925
15320
15963
15264
15925
15965
15965
15686
15274
15965
15518
16063
15963
15748
15432
15963
15925
16082
15925
15965
15965
16083
15854
15965
15963
15570
15612
16083
16082
16028
15317
15570
15898
15317
15963
15963
15322
15854
15789
15925
74265
74046
73496
74305
73802
73939
74080
73906
74180
74315
74123
74039
73932
74157
74312
73674
73684
74248
73824
73638
73508
73574
74004
74035
74091
73937
73876
73564
73559
73525
74172
74085
73929
74328
73915
73677
73511
73639
74358
74002
73904
74360
74208
74317
74131
74137
74349
73721
73845
74191
74146
74041
73550
74344
74064
74034
73834
74310
73947
74105
73581
74145
73925
73634
73554
73743
74345
73881
74042
74020
73640
74357
73713
74316
74196
74282
73837
73825
73595
74354
74290
73576
73501
74267
74288
74070
73722
73730
73885
74288
73576
73576
74004
73684
73677
73576
73501
73730
74344
73501
74180
74070
74317
73825
74091
73730
73559
74345
74267
73501
73925
73730
74070
73722
74305
73722
73885
74157
73937
73677
73501
74180
73885
74265
74091
73576
74157
73559
73722
74354
73674
74145
74312
74070
73501
74004
73722
74070
73885
73581
15745
16089
15843
16006
15431
15738
15390
15560
15821
15588
16067
15671
15341
15633
15970
15779
15844
16079
15807
15437
16103
15740
15917
15555
15249
15340
15545
15798
15359
16003
15921
15279
15405
15741
15260
16000
15930
15476
15638
16126
15515
15964
15647
15592
15950
15719
15639
15301
15991
15876
16033
15276
15600
15375
16065
15742
15409
15426
15931
15585
15549
15433
15564
15715
15725
15800
15932
15289
15353
15558
15408
15673
16069
15904
15243
15733
15535
15778
15626
15811
15798
15733
15408
15426
15276
15964
16067
15535
15733
15733
15535
16069
15405
15564
15778
15633
15626
15778
15558
15811
15931
15843
15626
15733
15535
15904
15515
15476
15560
16069
16069
15715
15844
15243
15798
15390
15243
16003
15437
15535
15515
15807
15276
16103
15243
15904
41718
41453
41956
41341
41707
41552
41462
42028
41631
41448
41839
41671
41767
42004
41607
41887
41824
41259
41441
41618
41335
42048
41755
41503
41461
41844
42109
41634
41764
41385
41379
42039
41814
41743
41886
41408
41428
41637
41813
41291
41816
41560
41667
41326
41703
41777
42075
41226
41268
41924
41414
41244
41860
41592
41604
41532
41473
41299
41545
41782
42095
41629
42066
41809
41919
41712
41529
41749
41368
41888
41775
41680
41540
41875
41765
41970
41429
41916
41915
41412
41989
41315
42041
42077
41465
41903
41849
41234
41979
41983
41348
41304
41550
41939
41315
41718
42109
41767
41268
41441
41970
41983
41631
41970
41824
41348
41607
41234
41550
41680
41226
42041
41304
41916
41860
41540
41979
42077
41849
41550
41592
41552
41259
41473
42109
41939
41860
41979
41875
41939
41631
41888
41550
41234
41939
41550
41326
41979
41849
41408
41849
41764
41979
41849
41408
41749
41234
41634
73833
73901
73950
73622
73503
73957
74167
74356
74170
73536
74296
74132
74074
73490
73583
73749
74198
73967
73700
74222
73755
74231
73615
74365
73649
74343
73522
74000
74056
74302
73849
74022
74174
73482
74101
73498
74144
73579
73841
74286
73548
73946
73762
74150
74024
74287
74079
73988
73891
73607
73602
73491
73889
74021
74366
73964
73722
74319
73753
73716
74113
74019
74082
73744
73537
74259
73853
73639
73726
73838
74355
74005
74256
73659
74360
73535
73610
74057
74120
73514
73543
73875
74204
74254
73882
74337
74079
74204
73755
74204
73882
73882
74204
73762
73833
74254
73882
74167
73490
73543
73491
73882
74120
74079
73537
73875
73514
74302
74198
73615
73749
73875
74337
73849
74174
73875
73744
73875
74120
73875
73722
74337
74204
73602
74337
74167
74204
74337
74170
73882
74256
74101
74356
74254
73543
30029
30398
29848
29702
29603
30223
30233
30021
30405
30336
30092
29870
29750
30216
30041
29689
30348
30037
30253
29632
29764
30017
30432
29919
29977
29880
30138
29996
30412
30019
30332
29683
29837
30415
29794
29990
29851
30113
30156
29804
30431
29952
29653
30040
29890
30180
29579
30080
30093
30209
30056
30274
29581
29628
30454
29727
29945
29678
30108
30137
29743
30139
29681
29971
29614
29739
30337
29901
29823
29809
29836
29866
29638
30439
30458
30359
29685
29569
29746
29602
29643
29797
30144
29705
29685
30439
29632
29746
30108
29705
29628
29746
30412
30233
30398
29602
29797
29746
29685
29746
29569
30156
30274
30144
29746
30144
29797
30017
30432
30458
30458
29643
30223
29866
29746
29727
29602
29746
29602
29653
29602
29681
29602
30233
29746
29643
29603
29823
29643
29685
29797
30019
13709
13970
13684
14219
14226
13984
13621
13900
14063
13490
13839
14085
13763
14230
14300
14232
13751
13785
13902
13683
14127
14011
14199
13776
13719
13560
13662
14299
13578
13678
13886
13830
13513
13866
13627
14295
13816
13626
13668
13472
14117
14225
14313
14129
14005
13509
14051
14125
13912
14141
14205
13636
14161
14091
13708
14069
13746
13781
13588
13455
13697
13804
14236
13591
13726
13589
14111
13500
13802
13610
13863
14139
13943
13646
14103
13962
14065
13452
14100
13827
14181
13556
13694
13563
13863
14141
13556
14065
14100
13970
14069
14139
14091
14230
14065
14236
14100
13556
13827
13776
13900
14065
14065
14300
14065
14100
14011
14065
13563
14313
14181
14100
14181
13839
14205
14181
14065
13556
13827
13621
14103
14181
14100
13621
13827
14111
13452
13500
14313
13694
14181
13626
44859
45119
45296
44985
45413
45062
45322
45073
44957
44988
44824
45657
45429
44823
44814
44909
45563
45098
45029
45600
44900
44840
44869
45244
45456
44862
45417
45252
45544
44826
45555
45241
45270
45464
44846
45060
45536
45050
44811
44964
45079
44911
45430
45020
45156
44832
45315
45522
45631
44813
45179
45688
44979
45009
45025
45593
45158
45311
45090
44876
45164
44923
45363
45576
45629
44925
45568
45040
45056
44981
45501
45355
45454
45326
44915
45170
44885
45473
45086
45668
45551
45046
45380
45552
45389
44809
45133
45028
45275
45393
45468
45533
45454
45393
45430
45600
44923
45275
45429
44823
45133
45028
45029
45275
45326
45028
45326
45028
45393
44846
44985
45393
45468
45133
45133
45119
45179
45098
45468
45389
44811
45533
45389
45576
44915
45454
45133
45576
45252
45393
45600
45389
45468
44832
45393
44985
45468
45393
45393
44957
45456
45393
44957
45393
75610
75341
75724
75537
75504
76052
76094
75329
75885
76107
75453
75909
75684
75395
75344
75865
75722
76056
75968
75516
75371
75569
75636
75726
75449
75701
75929
75640
75572
75454
75595
75790
75937
75698
76019
75666
75267
76103
75384
75847
75966
76011
75533
75674
75974
75369
75387
75697
75264
75815
75381
76098
75282
75760
75568
75946
75608
75427
75627
75575
75918
75822
75677
76121
75924
76042
76125
76068
75601
75306
75807
75633
75598
75377
75358
75314
75912
76033
76063
75814
76150
75463
75279
76116
75967
75382
75619
75566
75753
75359
75326
75590
75738
76080
75740
75329
75740
75753
75590
75753
76052
76080
75946
75341
75359
75918
75633
75738
75590
75674
75566
75738
76116
75314
75395
75590
75738
76033
76080
75395
76080
75326
75264
75566
75790
75590
76116
75566
75371
75566
75814
75326
75590
75701
75282
75306
75590
75359
75753
76094
75359
76121
75358
76080
75701
75566
75640
75724
75753
37771
37992
38255
37950
38349
37788
38151
37885
38425
38231
38347
38203
37736
37744
37777
37749
37665
37975
38236
38136
37645
37719
37822
38332
37899
38322
37919
37787
38351
37834
38038
37639
38517
38513
37958
38057
38133
37872
37815
38346
37804
38242
37757
38094
37737
37800
37887
38378
37823
37685
38244
38368
37963
37970
37945
37633
38267
37831
37918
37866
38017
38365
38154
38287
38519
38185
38058
38218
37740
38469
38195
37688
37852
37660
38033
38445
38051
38013
38497
38335
38223
37835
37652
38376
37659
38373
38281
38254
37671
37671
38281
37671
37652
38376
37834
38373
37958
37835
38017
38376
37992
37659
37800
37652
37652
37749
38203
38373
38254
38051
38376
37975
37740
38281
37659
38236
38373
37800
37835
38133
37919
37659
38346
38373
37671
38376
37671
37652
37652
37866
38058
37771
38425
38236
38281
37835
37970
38373
37835
37835
22832
23153
22745
22898
23269
22504
23210
22548
22973
22910
22762
23135
22612
22623
23080
22695
22918
22420
23066
23192
23190
22419
22475
22601
22847
23219
22457
23238
22715
23237
22976
22701
22907
22664
23132
23203
23281
23228
23185
22532
22522
22683
22580
22744
22668
23156
23109
23155
22949
22585
22864
22501
23200
23001
22969
22431
22727
22869
23204
22803
22997
22583
22573
22978
22836
22560
22764
23280
22975
23116
23289
22704
23179
22886
23052
22892
23101
22559
22518
22881
23286
22518
23156
22559
23101
23135
22518
22548
22518
23210
22832
22881
23281
23101
23286
23052
23052
23101
23135
22560
23052
22683
22907
22881
22881
22881
23052
22886
23052
22832
23237
22612
23286
22559
22973
22457
22881
23052
22573
22518
22745
23109
22864
22969
23228
22978
22886
5464
6205
6021
5570
5949
6185
6087
5921
5747
5966
5831
6064
5929
5847
5449
5968
6252
5468
5631
6013
5567
5441
5496
5875
5432
6135
5709
5970
6239
5676
5774
5761
5979
5775
5485
6208
5640
6063
5861
6217
5843
6061
5955
5579
5898
5517
5776
5986
5649
5913
5470
5607
6058
5629
6125
5758
5507
6059
5739
6131
6255
6216
5661
6022
5435
6023
6053
5406
5733
6140
5673
5714
5613
5404
5692
5513
5487
5668
6113
6116
5622
5629
5898
5668
6116
5775
5692
5622
5714
5970
5513
5404
6113
5485
5613
6113
6113
5847
5432
5513
5404
6131
6116
5622
5513
5404
5692
5513
5921
6013
5487
5613
5668
5622
5692
6116
5404
5913
5487
5649
5921
5629
5404
5513
5496
5661
5668
67554
67965
67583
67417
67476
67320
67686
67598
67260
67691
67813
67905
67734
67703
67602
68089
67809
67823
67448
67628
67944
67765
67985
67824
67326
67814
67566
67391
67245
67800
67742
67515
67585
67915
67450
67491
68082
67655
67678
67463
67307
67555
67506
67973
68014
67639
67400
67840
68031
67423
67509
67896
67504
67935
67325
67827
67237
67289
67381
67766
67228
67382
67793
67267
67510
67405
67789
67464
67349
68073
67255
67654
68028
67713
67258
67269
67543
67568
67816
67668
67369
68021
68054
67594
67521
67339
67668
67935
67583
67476
67713
67381
68021
67789
67464
67339
67814
67510
67816
67668
67237
67594
67654
67703
67668
67369
67734
67417
68021
67258
67289
67450
68021
67594
68021
67510
67985
67816
67602
67339
67668
67816
67905
67816
68073
67594
67568
68089
67668
67339
68021
67655
67703
67905
68054
2889
3036
3315
3122
3547
3285
2744
2750
3158
2728
3024
3009
2896
2705
3323
3126
2825
3435
3191
3145
2772
3253
3117
3287
3217
3108
3236
2891
2748
2801
3143
3194
3120
2868
3103
2742
3314
3377
2947
3439
3325
2837
3421
3179
3382
3002
3067
2939
3169
3302
3068
3460
3349
3099
3320
3114
3251
2857
3093
3514
3392
2747
3413
3100
3306
2835
3262
3478
2707
3538
2809
3148
3319
3332
3070
3257
3237
3376
3433
2911
2730
2930
2917
3037
2740
2715
3251
3433
3037
2930
2742
3024
2740
2911
3217
3514
2715
3145
2911
2911
2911
3037
3332
2740
3433
3433
2748
2911
2917
3024
3037
2715
3421
3093
3117
3037
3439
3302
2730
3217
3148
2730
2917
3145
3433
2835
2740
3253
2891
2930
3349
3194
3179
3191
3037
36184
36240
36366
36296
36548
36658
36482
35892
36377
36388
35881
36241
36552
36688
36051
36198
36713
36698
36331
36643
35985
36655
36433
36355
36681
36452
36402
35990
35884
36653
36193
36152
35935
36085
36319
36719
36594
36705
36016
36399
36022
36469
35938
36021
36289
35925
36249
36130
36077
35953
36251
36475
36182
36666
36498
36401
35900
35901
36642
36260
36374
36111
35916
36618
36540
35918
36664
36728
36277
35874
36733
36008
36484
35895
36722
36717
36601
35904
36012
35988
36729
35948
36614
35980
36203
36399
35916
36193
36399
36594
36653
36182
36540
35988
35904
35990
36203
36008
35990
36319
36012
36012
36203
36614
36012
35948
35904
35988
36012
35948
35916
36182
36688
36594
36319
35904
36012
35980
36552
36399
36203
36614
36249
36614
36203
36614
36614
36331
36012
36203
36241
35904
36012
64688
65144
65213
65200
64711
64808
64931
64920
64683
65123
64973
64675
64887
65248
64813
65078
64741
64873
64793
65325
64891
65245
65131
65118
64836
64977
64703
64953
64724
64819
65043
65273
64895
65343
65359
64855
65188
64520
64561
64670
64767
65212
65316
64543
65135
65255
65179
64984
64674
65121
64899
64979
65305
65063
64673
65066
64918
64593
65098
65031
64652
65036
64847
65150
64537
64787
64554
64940
64642
64566
65094
65166
64825
65394
64736
65329
64801
64629
64522
64667
65358
64751
65247
65294
64529
65358
64522
65273
65358
65294
65329
65294
65036
64751
65078
65043
64675
64522
64895
65294
65247
64629
65358
64751
64895
65294
65343
64522
65144
64629
64751
65247
64629
65294
65358
65247
64529
64751
64751
65294
65294
64667
64751
64522
64895
64522
64847
65247
64543
65247
64629
64751
65358
12508
12102
12013
11687
12430
11649
12071
12322
12338
12227
11810
11753
11990
11842
12273
12318
11673
12346
11663
11981
11672
12372
12074
12374
12143
12378
11940
12433
12163
12290
11774
12441
12481
12104
12276
12507
12420
12198
12229
11704
11854
12340
12294
11887
11681
11894
12254
11888
12142
12014
12444
12304
12329
12496
12400
12171
11755
12442
11868
12367
12354
11750
11787
11739
12118
11671
12247
12369
11939
11938
12250
11978
12121
11719
12199
11714
11859
11908
11764
11710
11836
12528
12258
11675
12094
11675
11938
12294
11764
12094
11675
12142
12508
11764
12354
12354
11672
12258
12258
12227
12258
12118
12338
11675
12227
11894
12258
11675
11938
11908
12528
12318
12400
12142
11753
12258
11908
11854
12528
11675
12199
12121
12442
11675
11719
12071
11978
11764
11908
11836
12258
11908
12094
5044
4720
4792
4577
4482
4724
4551
4583
4554
4858
4844
4976
5250
5132
4972
4535
5369
5031
4707
4492
5183
5154
4963
4999
4793
5107
4500
4996
4665
5248
4736
4834
4866
4494
5180
5338
5202
5115
4776
4716
4635
4505
4602
4681
4525
4634
5288
5323
5293
4611
5332
5063
5267
5134
4735
5145
4835
4757
4532
4732
4862
4941
4563
4718
4683
5263
5053
4746
4737
4977
4644
5121
4958
5045
4555
4613
5295
4593
5090
4879
5320
5208
4800
5135
5199
4971
5135
4505
5202
5293
5199
4971
5145
4971
4800
5199
5121
5135
4971
5135
5295
4724
5208
4971
5063
5208
4583
5320
4976
5090
5320
4834
5248
5135
5293
5248
4635
5199
4858
4611
5135
4996
5154
5320
5107
5135
5248
5090
4611
4602
5090
4776
4707
4707
4971
78706
78149
78773
78469
78465
78335
78045
78315
78467
78362
78542
78243
77990
78579
78257
78805
78479
78840
78428
78031
78493
78495
78771
78092
78561
78577
78034
78602
78430
78498
77958
78737
78460
78353
78381
78053
78323
78212
78318
78672
78483
77960
78625
78597
78389
78059
78484
78403
78005
77979
78172
78375
78273
78022
78102
78141
78016
78383
78159
78321
78408
78355
78569
78197
78366
78269
78613
78138
78825
78652
78781
78291
78559
78512
78793
78316
78343
78508
78228
78133
78782
78055
78479
78508
78034
78460
78353
78316
78512
78782
78321
78375
78343
78316
78316
78228
78773
78212
78316
78793
78793
78133
78055
78316
78430
78133
78228
78793
78408
78228
78542
78316
78343
78343
78542
78652
78825
77958
78793
78133
78133
78383
78467
78133
78343
78343
78016
77990
78159
76194
76249
76992
76336
76706
76206
76724
76512
76957
76903
77000
77033
76510
76867
76229
76623
76346
76825
76764
76437
76719
76720
76888
76770
76723
76413
76386
76881
76872
76277
76254
76736
76682
76745
76603
76411
76531
76469
76537
76301
76853
76491
76817
76566
76964
76420
76181
76919
76555
76184
76807
76509
76565
76474
76373
76300
76781
76171
76210
76683
76722
76785
76504
76170
76982
76749
76230
76502
76671
76860
76342
76670
76493
76163
76943
76950
76601
76879
76842
76582
76943
76719
76879
76842
76950
76950
76601
76745
76493
77033
76469
76842
76719
76206
76943
76582
76943
76171
76163
76842
77033
76493
76719
76872
76860
76601
76879
76210
76879
76943
76300
76163
76853
76373
76210
76950
76163
76943
76683
76670
76504
76817
76879
76254
76842
76582
3601
3723
4293
3676
3681
4196
3724
3922
3594
4321
4381
3962
4107
4431
4261
4371
3807
3989
4313
4117
3756
3921
4372
3650
4053
4457
3633
4237
3735
3870
4249
4423
3945
4255
4325
3963
4248
4442
4399
4451
3968
4048
3845
4029
4165
4280
3825
3876
3895
3778
3766
4359
3718
3749
4148
3780
4040
3758
3660
3785
3592
3773
4272
4090
3799
3774
3712
4385
3615
3892
3894
4144
3879
3593
4241
3609
3596
3863
3947
3805
3891
4407
3864
3986
4418
3757
4095
4326
4202
3720
4096
3757
3963
4457
4096
3986
4326
4096
4313
4117
4202
4451
4248
4090
3720
4096
4326
4249
3601
4326
4040
3720
4202
3864
4095
3799
4326
3963
3778
4241
3720
3778
3845
3720
3986
3864
4202
4095
4241
3757
3735
4202
3596
4451
4399
4326
3921
4326
3968
3986
4202
4326
4096
35554
35069
35293
35626
34956
35121
35088
35104
35692
35839
35281
35012
35702
35501
35700
35325
35622
35519
35555
35393
35329
35471
35031
35020
35333
35663
35267
35304
34949
35793
35657
35478
35566
35059
35261
35553
35007
35480
35395
35376
35563
35521
35064
35774
35324
35420
35229
35511
35717
34974
35005
35253
35691
35460
35631
35380
35734
35534
34988
35481
35623
34957
35674
35102
35819
35453
35689
35470
35091
35108
35205
35530
34959
35695
35758
35560
35740
35187
35805
35078
35763
35455
35219
35764
35404
35786
35246
35412
35219
35692
35455
35219
35395
35793
35519
35563
35519
35764
35246
35219
35793
35102
35412
35020
35819
35786
35774
35626
35786
35740
35695
35663
35329
35246
35091
35763
35786
35404
35404
35566
35786
35758
35091
35333
35763
35764
35246
35519
35554
35566
35253
35404
35455
35764
35819
35246
35412
35246
64170
63988
63650
64069
63638
63684
63861
64333
63925
63758
64433
63794
63849
63948
64359
63940
64379
63640
63899
63929
64329
64375
63641
63996
64127
64354
64341
63729
63669
64460
64464
64292
64057
63748
63649
64137
64276
64477
63772
63619
63732
64281
63721
63668
63878
63706
63763
63986
64138
64134
64036
64320
63661
63914
64227
64286
64018
63616
63755
64274
63781
63936
64459
64252
63787
64318
63647
63743
63723
64246
64511
64130
64498
63960
63783
64020
63703
64117
63759
64144
64411
64327
64453
64434
63657
63746
64349
64001
63738
64434
63783
64320
64057
63738
63657
64359
63746
63878
63746
64327
63729
64453
64511
63759
64349
64276
64018
64020
64144
64453
64453
63746
64001
63729
64001
64453
63640
64018
64453
63755
64434
63746
63732
64001
64227
63738
64477
64477
63746
64349
64359
63657
63940
63641
63746
64434
64327
64329
64281
63746
1392
1198
991
1678
1073
1152
1125
1055
902
1733
1652
1235
1437
1502
1542
1059
926
1632
1660
1383
1520
1756
911
1556
1163
1560
1049
1290
1737
1768
1588
1342
994
1590
1654
1146
1284
1374
1321
1094
1210
1536
1430
1266
1031
1446
1229
1596
1045
1519
1218
1785
1421
903
1108
1609
1597
993
922
1008
1128
1655
1068
1656
1390
1649
1515
1303
1420
1242
1273
1685
1479
1727
1310
1225
1056
975
1653
985
1397
1790
1633
1460
1754
985
1055
1397
1342
1790
1059
975
1653
985
1397
1055
1649
1146
975
1632
975
975
1266
1055
1392
1654
985
1235
1397
1654
1235
1059
1655
1790
1397
1653
1609
1163
1397
1542
1460
1031
1321
1733
922
1242
1266
1588
1460
1397
1460
985
993
26039
26721
26257
26360
26714
26693
26457
26269
26083
26672
26112
26613
26806
26553
26422
26005
26734
26660
26706
26238
26470
26475
26563
26758
26012
26327
26249
26143
26310
26785
26208
26069
26471
26635
26008
26116
26489
26458
26480
26160
26084
26831
26628
26728
26772
26682
26452
26666
26510
26559
26654
26823
26487
26727
26141
26536
26781
26448
26504
26142
26769
26381
26332
25993
26032
26625
26193
26064
26744
26159
26197
26366
26274
26509
26749
26220
26429
26415
26144
26851
26216
26616
26369
26486
26099
26547
26706
26220
26144
26486
26486
26616
26220
26785
26728
26099
26714
26851
26628
26547
26274
26734
26851
26851
26032
26193
26628
26144
26851
26616
26144
26144
26360
26547
26099
26475
26144
26032
26547
26489
26141
26415
26851
26616
26616
26616
26032
26269
26099
26547
26112
26471
26143
26216
26547
24104
23612
24169
23887
24067
23876
23797
23838
24172
23330
23632
23626
24083
23343
23405
23600
23580
23520
23299
23396
23402
23364
23937
23735
23794
23324
24103
23649
23403
23436
23998
23371
23354
23781
23617
23547
23625
23498
23658
24074
23991
23596
23994
23467
24058
23548
23733
23675
23981
23511
24081
23786
23652
23677
23841
23567
23917
23394
23424
23946
23858
23479
23689
24107
24141
23613
23483
23608
23877
23379
23571
24095
23824
23638
23931
23704
23413
23815
23926
23597
24147
23926
24147
23597
23824
23638
23597
23704
23815
23704
23931
23926
24169
23677
23580
23299
23600
23405
23597
23991
23638
23926
23838
24147
23343
23638
24147
24081
23597
23638
23704
23815
23704
23403
23704
23876
23617
23815
24147
23652
23498
23413
24103
23324
23597
23632
24147
52948
53607
53568
53182
52877
53590
53204
53241
52967
53308
53548
53655
52995
53628
53483
53343
53342
53673
53019
53491
52934
53278
52990
53553
53644
53735
53294
53466
53089
53149
53453
53712
53291
52953
53335
53180
53269
53122
53424
53326
53504
53595
53379
53055
52921
53347
53539
53464
53202
53609
53588
53017
52924
53374
53210
53714
52883
53136
53667
53507
53659
53681
53257
53145
53409
53557
53070
53550
53337
52946
53189
53079
53640
52925
53061
53362
53727
53058
53559
52978
53684
53148
53381
52971
53598
53282
53333
53722
53381
53381
52921
53374
53122
53504
53381
53598
53548
53210
53291
53055
53568
53058
53379
53464
53148
53333
53598
53079
53149
53381
53722
53210
53491
53282
53180
53491
53381
53374
53145
53598
53466
53333
52971
53727
53282
52978
53058
53598
53684
52995
53333
53598
53722
53568
53257
53598
53061
53282
5631
6076
6235
5770
5505
5620
5817
6062
5390
5828
6211
5802
5944
5542
5819
5609
5831
5666
6095
5395
5766
5890
6236
6111
5709
5959
5823
5632
5799
5749
6194
5517
6207
5444
5712
5871
5525
5671
5926
6002
5715
6251
6110
5778
6247
5663
5808
5664
5595
5987
5898
5954
5975
5856
6078
5989
5598
5380
6128
5827
6214
5376
6226
5782
5795
5803
5436
6112
6164
6086
5746
6073
5543
5512
6092
5796
6213
5480
6182
5515
5683
5872
5490
5576
5398
5714
5540
5379
5780
5650
6102
5398
6211
5380
6076
5540
5398
6235
5802
5444
5796
5780
5542
5540
5749
6092
5631
5671
5436
5650
6194
6102
5650
5540
6102
5714
5650
6086
6247
6111
5540
6102
5796
5778
5379
6102
5398
5379
5650
5714
5595
5379
5671
5715
5620
5540
5808
5490
5490
5576
5780
5390
5819
902
1461
1526
1647
1443
1371
1729
1555
1067
1280
1480
1595
913
1255
1528
1700
1210
1356
995
1101
1401
1093
1502
1025
1786
1281
1740
1604
1287
1331
1498
1278
1681
1598
1774
1632
1521
1417
968
1561
1438
1680
1379
1630
900
1091
1489
1170
1403
1652
1122
1618
1007
1689
1085
1665
1704
1536
1233
1742
1182
1533
942
993
1197
1474
1538
1712
1402
1325
1213
957
954
1052
1441
1311
1393
1152
1644
1321
1708
926
1498
1441
1538
1644
1182
1356
1489
1708
1393
968
1393
1536
1210
1417
1443
926
1371
1536
1644
1007
1533
1526
1533
1489
993
1786
995
1091
1441
1393
1774
1652
1708
942
1321
1393
1152
1461
1644
1644
1441
1441
1287
1311
1210
1441
1708
9601
8996
9480
9496
9327
9794
9234
9516
9713
9688
9075
9533
9483
9101
9402
9233
9578
9779
9636
9709
9605
9788
8974
9654
9563
9216
9046
9679
9147
9339
9274
9455
9102
9265
9395
9168
9179
8994
9737
9161
9269
9307
9511
9669
9706
9252
8964
9561
9633
9715
9241
9156
9002
9478
9544
9263
9212
9615
9726
9406
9380
9390
9686
9800
9464
9648
8999
9300
9277
9662
9444
9059
9772
9553
9801
9368
9080
9190
9728
9667
9656
9649
9007
9407
9570
9329
9452
9812
9012
9442
9086
9188
8979
9723
9709
9648
9269
9012
9161
9478
9563
9086
9812
9233
9578
9442
9233
9339
9812
9452
9812
9190
9737
8999
9380
9188
9442
9723
9723
9216
9086
9086
9012
9188
9012
9667
9086
9241
9452
9012
9772
8994
9723
9101
9442
9007
9188
9442
9407
9723
9452
8979
9277
9012
9086
9578
9080
9779
38057
38501
38232
38201
38292
38502
37875
37814
37697
38461
37893
38351
38344
37914
38006
38308
38275
38061
38505
38488
38277
38203
38288
38415
38064
37852
37716
37948
38051
38200
38503
38131
38417
37638
38392
38525
37712
38459
37731
38004
37755
38354
38060
38229
37978
37953
37835
38256
37771
38419
37719
38180
37733
38499
38339
37742
38327
37770
37926
38483
38034
37888
38304
38167
38307
37680
38092
38183
38522
38182
38246
38271
37683
38143
37686
38445
38107
38136
37872
37654
38223
38503
38288
38445
38143
37872
37852
38136
37926
37914
38275
38277
37686
37686
38502
37686
37926
38051
38107
38223
38006
37686
38092
37716
38183
38525
37654
37742
38308
38308
38344
38288
37716
38107
38167
38522
38143
38143
38339
37872
38180
37872
38143
38292
38136
38107
37716
30202
29616
29851
29937
29578
30072
29784
29698
30324
29986
30216
29973
29771
29628
29935
29993
29723
30269
29933
30335
30175
30021
29719
29700
30443
29776
30056
29592
30162
30365
29664
29843
29886
29731
30247
30233
30117
30096
29824
29912
30413
30122
29663
30268
30349
30006
29575
29863
30181
29965
30346
30244
30340
29608
30207
29679
29760
29777
29576
30074
30041
29743
29968
30320
29708
30177
29718
30085
30035
29924
29623
29870
29934
29806
30383
30351
30289
30393
30270
30278
30110
29711
30415
29877
30123
30393
30415
30278
29623
30110
29743
30270
30035
29679
30123
30415
29973
29934
30415
29711
29711
30110
30085
30021
29877
29986
30216
30415
30123
30233
30110
29628
29711
30278
30035
29592
30270
30340
29711
29877
30162
29877
30123
29877
29731
29877
30268
30202
30289
30270
30393
30415
29877
43207
43503
43039
43188
43089
43429
43795
43586
43743
43538
43495
43036
43584
43074
43162
43730
43453
43435
43724
43481
43120
43493
43230
43574
43147
43228
43218
43490
43626
43510
43106
43226
43032
43809
43824
43171
43656
43501
43080
43689
43370
43098
43229
43231
43157
43450
43607
43048
43102
43564
43508
43650
43203
43808
43438
43259
43517
43392
43191
43866
43794
43313
43172
43056
43560
43766
43417
43057
43046
43190
43112
43645
43121
43163
43706
43315
43087
43421
43667
43299
43285
43669
43474
43641
43426
43541
43558
43168
43270
43566
43622
43254
43541
43285
43270
43794
43162
43426
43584
43866
43270
43417
43622
43254
43168
43508
43299
43541
43218
43171
43057
43270
43450
43622
43566
43426
43315
43147
43558
43622
43706
43168
43188
43168
43558
43057
43168
43541
43566
43056
43508
43450
43558
43622
43112
43574
43254
43089
43254
43560
43558
43495
43541
43046
79505
79657
79319
79468
79405
79582
79159
78910
79224
79510
79361
78991
79351
79087
79134
79627
79223
79464
79472
79383
79241
79211
79573
79484
79409
79445
79394
79612
79598
79709
79030
79536
78907
79408
79212
79384
79661
79033
79122
79173
79664
79188
79658
78862
79040
79489
78944
79289
79660
79090
79695
78893
79343
79585
79700
79060
79202
79456
79610
79449
79400
79179
79313
79488
79711
78922
78983
79738
79583
79600
79028
79205
79691
79055
79354
79277
79448
79376
79165
79382
78994
79579
79411
78996
79114
78910
79223
79114
79376
79411
78994
78983
78994
79040
79488
79411
78994
79472
79445
79114
79241
79383
79536
79376
79376
79579
78996
79449
78994
79165
79376
79382
78996
79382
78996
79351
79165
79664
79579
79536
79165
79165
78994
79165
79411
79277
79134
79579
79598
79382
79579
79411
79627
22387
21819
22348
21897
21889
21705
22080
21520
21955
21703
22337
22024
21975
21848
21949
21825
22196
21932
21627
22357
22346
22081
21578
22364
21599
22304
21680
22125
21805
22167
22150
22234
22094
21509
21807
22270
21547
21577
21651
21994
21644
21817
22205
21618
22132
22300
22009
21865
21534
21659
22025
22073
22193
21972
21706
21753
22070
21571
21959
21772
21861
21815
22135
22053
22221
21866
21927
21688
21983
21869
22391
21989
21965
22186
21979
22343
22282
22394
21676
22362
22157
22257
22043
22265
21899
21967
21712
21713
22227
21958
21655
21958
22304
22080
22227
21958
22300
21676
21899
21712
21627
21712
21618
21899
21899
22024
21927
21927
21655
21713
21967
21713
21967
21520
21825
21967
22150
22227
22265
21861
21805
21547
22257
21807
22270
22227
21655
22157
21571
22227
22265
21655
22205
22186
22094
21712
21967
22304
21932
22132
21967
22364
22125
28576
27825
27862
28293
28201
28505
27886
28548
28605
28160
27951
28181
28430
28069
28135
28171
27831
28376
28302
27819
28244
28309
28227
27905
28442
27866
27841
28004
28447
28588
28570
28343
28085
28273
28425
28636
27838
28090
27962
28617
28593
27947
28275
28044
28410
27977
27785
28476
28645
27830
28631
28542
28480
28010
28301
28456
27943
28589
28655
28407
28512
28153
28152
28007
28166
28006
27857
28131
28517
28580
28249
28433
28017
28242
27820
28003
28345
28507
28324
28122
28237
28228
27907
28202
28122
27907
28293
28228
28237
28293
27943
27825
28507
28275
28507
28122
28507
28324
27907
28324
28507
28131
28617
28512
28122
28507
28507
28645
28542
28645
28122
28160
27857
28237
28131
28645
28512
28160
28345
28343
28202
28244
28202
27905
28202
27907
28456
27819
28017
27951
28324
28324
2705
2699
2929
3508
3126
3130
3166
3501
3023
3237
2729
3337
3243
2873
3177
2923
2913
3189
3154
3297
3313
3482
3495
3149
3485
3389
3343
3319
3478
3449
2897
2760
3408
3042
3221
3580
3426
2882
3103
3020
3171
2979
3345
3217
3032
3212
3102
3035
3241
3170
3405
2921
3358
2877
3062
3175
2990
3005
2915
3238
3507
3167
3402
3577
2846
2945
3460
2793
3464
2947
2838
3295
2908
3278
3316
3373
2799
2769
3274
3419
3119
3435
2846
2877
3373
2769
2769
3435
3126
3435
3389
3297
2729
3405
3373
3426
2929
3316
3478
2699
3373
2908
3274
2882
2769
2799
3449
3316
2799
3020
2769
2799
3449
2769
3130
3274
3501
3337
2769
3102
2769
3449
3020
3189
3023
2769
3343
3020
3419
80310
80421
80508
79911
80587
80040
79973
79872
80122
80634
80137
80091
79759
80471
80332
80036
80463
80306
80045
80163
80460
80426
80044
80557
80529
80516
80112
80113
80175
80351
80349
80474
79751
79963
79943
80152
80615
80103
80030
80069
79995
79871
80396
80093
80233
80058
80051
80223
80235
80123
80173
80395
79902
80230
79952
79945
79901
80577
80341
80375
80356
80132
79800
80028
80622
79990
79920
79805
80407
80177
79864
79836
79867
80545
80209
80480
79753
80021
80524
79962
80229
80331
80525
79962
80525
79751
80577
80480
79901
80132
79753
80332
80615
80525
80524
79995
80341
80356
80069
80463
80480
80091
80525
80634
80331
80132
80525
80341
80524
80123
80525
80040
80331
80524
80223
80229
79872
80021
80163
80163
80229
80331
80395
80421
79962
79962
79995
79753
79800
79995
66831
66525
66890
66985
66844
66459
66399
66661
66754
66320
66910
66673
66957
66735
66617
66695
66445
67026
66925
66667
66716
66753
66492
66523
66307
66822
66639
66633
66586
66965
66605
66529
67055
66725
67096
67077
66610
66591
66901
66535
66792
67185
67084
67111
66799
66896
66316
67013
66874
66821
66789
67065
67033
66743
66857
66865
67103
66512
66829
67079
66991
67043
66580
66899
66404
67146
66898
66801
66427
67064
66678
66752
67023
66710
67066
67021
66451
66878
66908
66613
67151
66334
66711
67140
66559
67038
67198
66648
67048
67006
66394
66801
67006
67079
66752
66399
66639
66865
66874
66394
66661
66985
66559
66878
67140
66559
67077
66559
66865
66648
66535
67140
66965
66445
67038
66648
67048
67006
66559
66792
66661
66822
66985
67038
66610
67048
67111
67038
67140
67038
66512
66451
66831
66559
66710
67140
67077
66451
66901
66711
66559
66898
67038
42301
42897
42876
42170
42885
42778
42787
42782
42303
42590
42279
42446
42938
42880
42631
42237
42771
42186
42395
42220
42552
42638
42691
42460
42150
42524
42470
42565
42306
43003
42222
42347
42289
42662
42459
42202
42448
42495
42253
42689
42588
42383
42752
42246
42644
42512
42533
42598
42591
42231
42729
43004
42157
42310
42304
42979
42834
42499
42685
42264
42677
42912
42828
42569
42655
42861
42175
42672
42835
42915
42959
42693
42582
42137
42621
42764
42708
42428
42615
42273
42167
42463
42186
42569
42885
43003
42395
42729
42463
42150
42708
42621
42915
42231
42301
42347
42273
42448
42273
42167
42428
42167
42289
42764
42979
42615
42764
42915
42588
42175
42463
42310
42915
42638
42273
42621
42231
42459
42677
42446
42167
42167
42428
42383
42273
42885
42463
42273
42428
34720
34135
34130
34364
34427
34065
34458
34365
34370
34286
34266
34354
34769
34930
34911
34656
34784
34383
34465
34650
34203
34330
34061
34153
34278
34577
34755
34395
34662
34900
34620
34491
34866
34317
34478
34588
34341
34581
34851
34921
34766
34567
34801
34773
34415
34728
34188
34896
34205
34604
34217
34356
34574
34540
34348
34699
34860
34242
34193
34277
34470
34893
34715
34686
34902
34707
34882
34368
34658
34880
34386
34708
34384
34134
34146
34827
34922
34772
34080
34433
34582
34790
34327
34818
34101
34062
34720
34327
34769
34286
34650
34433
34433
34465
34153
34458
34896
34588
34080
34900
34818
34193
34062
34427
34080
34433
34818
34582
34062
34330
34327
34365
34880
34327
34582
34769
34656
34130
34574
34188
34567
34080
34930
34395
34327
34356
34327
34818
34790
34769
34650
34921
34577
34080
34582
54229
53765
54372
53865
54262
54196
53806
53928
54460
54608
54016
53769
53894
54465
54172
54001
54593
54469
54090
54547
54192
54322
54316
54230
54365
54568
54143
54109
53922
54347
54360
53856
53793
53818
54598
54171
53899
54572
54371
53828
54193
54374
54200
54252
53802
54304
53958
53905
53995
54315
54228
54326
53895
54622
54122
53766
54320
53957
54455
54063
54552
54578
53808
53846
54628
54240
53807
54077
54219
54170
54053
53803
53772
54015
54641
54426
54333
53855
54144
53809
53786
53904
54179
53853
54640
53904
54640
53772
53802
53853
54322
53922
53793
54320
53904
54179
54641
53807
54077
54593
54252
54200
54640
53809
53855
54252
54365
54426
53853
54640
53865
54640
53809
54230
54144
54016
54641
53772
53894
53855
54179
54365
54144
54371
54572
54170
53853
53855
54144
53786
54144
53853
54640
19605
18820
19139
19066
19406
19073
19284
19277
18965
19468
19014
19675
18880
19047
19048
19548
19607
19022
19200
18917
19106
19037
19112
19474
19141
19255
19124
19361
19570
19208
19322
18894
19478
18911
19164
19008
19421
19197
19549
19307
19046
19533
18830
19025
19029
19078
18882
19205
18827
19126
19711
19211
18987
19412
18867
19461
19309
18850
19434
19165
18854
19680
19597
19100
18958
19304
19709
19188
19473
19563
18990
19230
19056
19191
19083
18871
19611
19156
19325
19632
18845
18900
19559
19576
19594
19614
19070
19236
19594
19563
19164
18830
19205
18987
19156
19594
19607
19594
19070
18900
19236
19008
19597
19614
18845
18845
19070
19141
18900
19083
19709
19478
19070
19322
19070
19576
19070
19468
19711
19576
18845
19576
19559
19576
19605
19594
19594
19014
19083
19070
19675
19070
18990
18900
18845
18990
19607
18845
22967
23121
22578
23101
22870
22622
23145
22839
23236
22605
23071
22790
22746
22823
22882
23051
22782
22812
23001
22792
22761
23190
22663
22584
22432
23006
22734
23248
22557
22566
22860
23067
22725
22407
23059
22710
22694
22831
22728
23215
23162
22434
22514
23114
22827
23192
22547
23086
23018
23265
23256
23039
22964
22915
23126
23219
23129
22765
22957
22711
23030
23083
22473
22815
23214
22766
22935
23270
22704
23005
22464
22687
22697
22515
22939
23262
22788
22418
22754
22585
22585
22788
22766
23114
22697
23214
22407
22697
22515
22725
22515
22728
22939
22697
23214
22827
22697
22585
22697
23145
22418
22432
23086
22761
22839
22754
22788
22788
23067
22515
22585
22585
23101
22766
22761
22418
23214
22514
22697
23145
23219
22418
22418
22870
22754
23126
79059
78873
79107
79706
78902
79523
78855
78901
79487
79227
79064
79232
79204
79690
79509
79294
79329
79052
79358
79039
79466
79660
79034
79271
79364
79639
79716
79351
79242
78921
79583
78988
79635
79375
79644
79402
79123
79126
78960
79166
78978
79224
79084
79513
79701
79278
78866
79021
79413
79291
79464
78871
79713
79417
79371
79357
79339
79171
79354
79392
79347
79051
79230
79455
79124
79651
79674
79146
79268
79095
79679
79026
79361
79532
79734
79083
79207
79330
79164
79648
79632
79284
79007
78897
79662
79265
79197
79005
79349
79079
79185
79579
79459
79512
79579
79197
79064
79185
79459
79464
79632
79294
79079
79284
78866
79513
79648
79007
79413
78855
79107
79079
79204
79349
79084
79052
78978
79347
79052
79329
79197
79005
79197
79079
79371
79339
79532
79512
79392
79349
79523
78902
79349
79583
79349
79005
79459
79579
79392
79197
79464
79402
78988
79185
79329
79083
79512
79095
12184
12243
12466
12011
12336
11827
12131
12421
12174
12091
12237
11648
12301
11848
11679
12297
11673
11966
12001
11746
11823
12248
12517
12100
12473
12278
12339
12256
11752
12402
12072
12404
12117
11743
12045
11724
11900
12140
11687
12515
12163
12342
11772
11747
11671
12370
12102
11854
12007
12004
11821
12153
12535
11910
12024
12375
11770
11794
12101
12397
12369
11712
11650
12027
12322
12367
11871
12334
12160
12362
12196
11856
11963
12424
12277
12341
12204
12104
12539
12123
12206
12314
12270
12400
11926
11759
12003
12420
12044
12135
12254
12497
12346
12384
12349
12322
12497
11673
12384
12404
12384
12091
12367
11650
12421
12270
12254
12375
12044
12420
12497
12101
12278
12153
12160
12160
12254
12045
12349
12384
11671
12254
12349
12369
12346
11673
12160
12420
12254
12314
12135
11848
12044
12384
12497
12135
11747
11963
12473
12322
12204
12237
12123
12301
12135
12349
12497
12349
12254
5857
6259
5679
5442
5780
5876
5494
5505
5617
5983
5912
5937
6002
5480
5595
6100
5993
6017
5981
5886
6270
5775
5919
5920
5869
5900
6007
5996
5883
6177
5557
6182
5657
5577
6222
5880
5504
5693
6086
6030
6084
6198
5592
5820
6135
5853
5720
6264
5583
6125
6119
5751
6190
6195
5801
5623
5854
5478
5392
6055
6025
6080
5899
6073
5953
5829
5571
6223
5726
6132
5803
5452
6176
5574
6026
6057
5385
5921
5717
5520
5674
5885
5454
5965
5759
5610
5734
5591
5421
6139
6162
5842
5836
6100
5480
5421
5836
5829
5421
6162
5693
6162
5591
6139
5591
5836
5829
5883
5494
5993
5836
5505
5937
5421
5454
5883
5591
5478
6055
5657
5836
5885
5610
5583
5965
5886
5900
5751
5421
5610
5801
5734
5421
5726
6139
5883
5421
5801
5577
5853
6139
5886
5674
5577
5610
6195
45084
45376
45331
45287
45654
45512
44899
44827
45327
45557
45577
45598
44966
45545
45433
45243
45317
45454
44951
45434
44930
45118
45464
45156
45411
44861
45401
45074
45280
44952
44910
45150
45672
45534
45152
45185
45042
44944
45626
45513
45145
45182
45687
45321
45530
45500
45312
45326
45174
45463
45322
44933
44865
44945
45473
45095
44860
44946
45017
45313
44917
45056
44822
45604
45480
45620
45658
45677
45563
44848
45410
45348
45276
45040
44888
45032
45006
45479
45600
44957
45486
45143
45224
45410
45143
44957
44910
45486
44944
45486
45084
45224
45486
45224
45486
45604
45143
44957
45563
45032
45006
45479
44899
45006
45143
45150
45322
45454
45006
45600
45479
45486
45486
45032
45317
45480
45600
45479
45150
45479
45321
45224
44945
45463
44899
45600
45500
45658
45322
45032
286
680
403
528
207
367
147
727
311
888
806
97
659
347
56
467
429
162
714
757
819
745
876
217
758
206
324
494
47
736
114
593
104
327
48
576
140
613
533
702
55
413
853
712
356
100
358
136
458
33
96
671
155
713
495
282
1
117
148
608
788
434
655
478
427
272
137
612
731
755
307
503
422
504
86
598
154
829
856
845
86
598
356
528
671
86
429
286
829
47
96
504
86
845
154
504
422
598
712
608
154
467
613
598
217
612
272
829
888
86
680
829
829
876
154
598
494
504
154
311
888
714
114
458
504
598
75065
75052
74476
75079
75241
75021
74411
74837
75015
74812
74524
74608
74871
74885
74751
74722
74804
74840
74480
74543
74590
75035
75258
75017
74415
74445
74814
74877
74682
75178
74598
74402
74474
75140
74498
74397
75220
74781
74542
75126
74815
74830
74607
74969
74748
74901
75005
74662
74893
74618
74525
74900
75080
74752
74672
75075
74789
74645
74495
74496
74766
74799
74622
74396
74713
74972
75027
74593
75163
75224
74536
74905
74523
74433
74859
74851
74875
75253
74604
74810
74851
74598
74875
74433
74969
74969
74810
74810
74411
74604
74523
74618
74536
75079
74618
74752
74604
74682
74875
74523
74812
74433
75163
74397
74662
74604
75253
74859
74536
75253
74662
74536
74875
74415
75253
74875
74495
74523
74814
74900
74885
75021
75017
74604
74875
74608
48662
48974
48857
48666
48927
49198
49003
49019
48750
49184
49187
48946
48619
48962
48778
48428
49190
48655
48903
48590
49206
49159
49141
48498
48909
48524
49162
49225
48451
49244
48493
48943
49232
48508
48689
48914
48765
48416
48817
48491
48959
48832
48976
48983
48820
48638
48643
49058
48671
48407
48801
49106
48422
49136
49224
48921
48958
48566
48701
48865
49066
48988
49197
49207
48519
49052
48528
48552
49012
48891
48929
49202
48594
49175
48405
49025
49186
49114
49237
49016
48469
48840
48969
48563
49080
48569
49117
49011
49260
49128
49258
49154
49076
49236
48937
49154
49019
49052
49076
49206
49011
48927
49011
49162
48946
49184
48469
48671
48937
49076
48662
49258
48937
48937
49076
49260
48638
49232
49076
49236
49128
48701
48914
49117
48974
49236
49076
49184
48937
49128
49066
49207
49019
48655
48638
49011
48937
49260
49154
49258
49232
48937
48937
49011
48801
49128
48422
48765
49236
39518
39900
40187
39645
39907
39561
39679
39715
40314
40114
39662
39943
39574
39631
39982
40050
39582
39765
39842
39773
39990
39682
39866
39813
40264
40158
40237
39626
39917
40147
39840
40141
39936
40231
39581
39964
40315
39704
40085
40285
40079
39746
40304
39710
39627
39915
39675
40317
39802
40005
40076
39543
39968
39489
39782
39942
39425
39937
40211
39684
40027
40126
40117
40248
40072
40028
39705
39926
39860
40067
39816
40066
39589
39918
39654
39980
40318
39557
39692
39987
39979
40289
39619
39751
40107
40259
39575
39609
39538
40301
40014
40147
39538
40289
40264
40107
40259
40318
40317
40301
39609
39751
39609
39609
39982
39990
40315
40187
39575
39943
39813
39609
39557
39682
39918
40072
40107
40315
39915
40028
40076
39918
40107
40107
40314
39813
39645
39751
40259
39860
39751
40085
40014
40014
39609
40107
39575
40014
40107
40014
40301
39710
40014
49594
49695
50063
49990
49392
49380
49745
50076
49753
49669
50025
49864
49667
49877
49495
49917
49362
49395
49310
49905
49848
50071
49932
49999
49890
49988
49837
49480
49987
49922
49903
50155
49744
50170
50027
49475
49861
49625
49437
49748
49502
50038
49699
49772
49587
49378
49474
49326
50011
49556
50066
49646
49280
49547
49539
49561
49420
50124
50172
50125
49551
49817
49513
49732
50091
50119
49524
49878
49282
50102
50012
49294
49781
49405
49955
49494
49707
49604
50072
50095
49975
49874
49955
49877
49699
50170
49561
50170
49494
49707
49378
50038
49874
50072
49326
49594
49707
49494
49494
49975
49707
49932
49988
49380
50119
49975
49420
49707
50095
49480
49975
50124
50119
49524
49294
49395
49524
50066
49707
49495
50038
50091
49748
50095
50102
49955
49874
49561
49707
74098
74009
73566
73547
74012
73869
73647
73746
74198
73685
74016
73494
74186
74258
73569
73567
74203
73989
73523
74200
74173
74210
73671
74150
73874
73815
73518
73680
74356
73508
74122
74262
73860
73886
74138
73816
74140
73821
74290
73980
73819
73572
74039
73737
74194
74300
73607
73677
74010
74257
74124
74326
73559
73786
74103
73495
73486
73884
73895
73719
74243
73613
73605
73847
74028
73584
73918
73476
74251
73603
73625
73684
74354
73960
74199
73976
74068
74113
74067
73742
73833
73531
73843
74298
73733
73976
73742
74298
73742
74173
73843
74194
74210
74243
74194
73567
73833
73508
73733
74210
73494
74290
73742
73495
74012
74140
74262
73572
74113
74298
74103
73531
74113
73613
74122
73719
73547
74067
73833
73486
74210
73819
73559
73843
73680
74067
74010
74140
74298
73742
74067
73742
73733
23404
24011
24137
23886
24144
23582
23337
23473
24062
23328
23799
23410
23478
23788
24150
23778
23804
23414
23932
23386
23355
23396
23734
23555
23962
23695
23339
23837
23441
24142
24056
23969
23846
23438
24143
24180
23987
24099
23922
23468
23751
24158
23696
23657
23972
24136
23767
23639
24102
24068
23668
24184
23920
23551
23951
24063
23479
23797
23737
23801
23539
23507
23941
23336
23463
23475
23877
23490
23296
23860
23592
23849
24118
23643
24162
23388
23995
23387
23378
23708
23325
23824
24053
23827
23681
23957
23428
24085
24174
23740
23593
24139
23579
24081
24174
23877
23740
24174
24139
23788
23734
24174
23799
24139
24085
23414
23328
23593
24150
23827
23593
23962
24102
23428
23860
24139
23593
23695
23827
23941
23920
23639
24085
23555
24011
24139
24081
24139
23438
23325
23824
23740
23920
24118
24085
24081
23428
23582
23414
23740
23296
23428
24081
24174
23428
24139
23579
24137
38735
38829
38726
38849
38777
38899
38936
38875
38589
38670
39303
38962
39023
38611
38853
38776
39293
38809
39270
39420
38871
39020
39332
39275
38805
38535
39422
38788
39119
39161
38691
39402
38613
38596
38573
39203
39052
39334
38728
39021
39107
38591
39070
38991
39116
39227
39100
38566
38797
38595
39206
39306
39059
38947
38901
38966
38997
38733
39089
38900
38968
39288
38835
39209
39060
39088
38585
39273
38552
38648
39211
38671
38860
39274
38775
39154
38563
38878
38751
38719
38640
38892
39257
39413
39139
38920
39385
38953
38557
38827
38528
39293
39116
39303
39288
39154
38860
38557
39385
38670
39385
39059
39413
38920
38557
38557
38920
38947
39021
39139
39385
39385
38920
38528
38920
39334
38733
38776
39139
39119
39293
38566
39303
38528
38953
38557
39089
39021
38557
38878
39021
38920
38528
39023
38853
38953
39413
38671
39385
39257
38797
39385
39306
22863
22927
23028
22402
22585
22653
22813
23262
22902
22648
23047
23005
23248
22834
23221
22627
22845
22993
22837
23022
22525
23140
22851
22964
22860
23160
22437
22417
22504
22868
23148
22672
22740
22607
22950
23132
22943
22649
22535
22555
22495
23036
22885
23278
22716
22400
22557
22921
22549
22478
22812
22674
22428
22625
22760
23111
22986
22460
22479
22963
22473
22925
22475
22416
22562
22527
23045
22451
22757
22461
22586
22728
22654
22968
22471
22569
23099
22409
23264
22714
22692
22826
23040
22409
22692
22812
22812
22692
22409
22451
22927
22495
23278
22714
23148
23040
23264
22692
22585
22569
22834
22813
22471
23036
23040
22569
22409
22950
23099
22607
22714
22692
22607
22649
22868
22812
23160
22692
23132
23148
23264
22475
23040
23028
22692
22826
22569
22478
22714
22692
63590
63339
63200
63169
62886
63105
62903
63071
63377
63504
63221
63145
62879
62855
63301
63231
63233
63611
63005
63245
63340
63553
62813
63283
62860
63027
63050
63091
62952
63452
63568
63506
63174
62895
63007
63511
62877
62759
62776
63343
62888
63420
63449
63332
63333
63143
63367
63379
63394
63341
63073
63603
63271
62726
63600
62758
63214
63464
63399
63189
62790
63253
63256
62814
63068
63262
63042
63276
63445
63425
63447
63575
62871
63190
63321
63435
62930
63090
63127
62866
63063
63086
63324
62815
63151
63059
63036
62916
62988
63347
63468
63136
63193
62779
63526
63256
63468
62879
63245
63145
62988
62886
63452
63036
63324
63347
63468
63347
63007
63136
62916
62988
63214
63526
63136
62815
63611
62815
62988
63347
63468
63464
63347
62815
63262
63339
63174
62930
63468
62814
63253
62779
62779
63253
63504
63276
63347
63333
62988
63136
62814
63526
63190
62866
63127
62988
63221
63590
63526
50058
49295
49884
50107
49331
49394
50060
50078
50148
49924
50075
49647
49779
49511
50027
49290
49581
50164
49431
49472
49364
49883
49382
49485
49542
49958
49495
50025
49778
49601
50116
49775
49576
49699
49781
50129
49664
49668
49606
50106
49587
49429
49342
49898
49827
49688
49666
49681
50104
49571
49632
50121
49341
49729
49317
49786
49481
49396
49805
49344
49593
49554
50018
49446
49353
49306
49442
49968
49280
49882
50032
49318
49925
49372
49685
49764
49574
50115
49494
49669
49995
49371
49913
49510
49612
49483
49814
49371
49483
49318
49685
49442
49958
49371
49576
49510
49669
49814
49396
49612
49958
50116
49685
49396
49884
49485
49581
49295
49632
49353
49364
49666
49510
49781
49371
49510
49612
49612
49612
49483
49814
49587
49371
49995
49612
49775
49280
49483
49958
49995
49612
50115
49372
50078
49995
49554
49913
68956
68767
68378
68102
68538
68348
68426
68195
68480
68125
68733
68616
68414
68860
68189
68747
68934
68353
68469
68803
68355
68667
68289
68149
68853
68297
68648
68542
68159
68848
68529
68428
68815
68479
68185
68241
68644
68216
68230
68166
68636
68374
68155
68594
68493
68511
68602
68351
68959
68679
68128
68395
68681
68109
68554
68656
68277
68408
68320
68294
68507
68223
68508
68097
68849
68531
68857
68300
68963
68274
68466
68661
68339
68947
68861
68831
68487
68905
68658
68249
68784
68387
68153
68491
68879
68310
68852
68626
68741
68333
68388
68554
68388
68741
68388
68388
68230
68852
68310
68388
68959
68491
68852
68128
68626
68879
68860
68469
68388
68374
68852
68387
68491
68149
68656
68626
68852
68934
68300
68333
68508
68879
68852
68166
68274
68507
68153
68626
68388
68297
68803
68959
68388
68879
68310
68879
68166
68491
68333
68616
68626
68733
68466
67807
67916
67242
67318
67927
67424
67224
67899
67388
67772
67695
67906
67721
67431
67401
67364
67861
67262
68018
67636
68042
68056
67864
67874
67649
67920
67288
67514
68092
67982
67691
67841
68066
67263
67396
67295
67335
67723
67620
67985
67811
68021
67286
67903
67454
67964
67345
67325
67486
67706
67951
67550
68073
67369
67554
67385
67910
67724
67509
68089
67933
67750
67637
67399
68065
68058
67389
68079
67346
67371
67272
67693
67259
67885
67557
67249
67652
67541
67671
67948
67766
67766
67249
67249
67396
67766
67224
67652
67948
67885
67948
67371
67541
67486
67262
67541
67509
67431
67885
67948
67454
67885
67766
68092
68021
68066
67286
67948
67262
67263
67766
67364
67693
67811
67766
67424
67541
67964
67885
67948
67948
67671
67885
67766
67249
67249
67652
61045
61613
61470
61054
61383
61715
61180
61052
61185
61160
60980
61562
61768
61721
60963
61673
61105
60979
61338
61450
61006
61494
61149
61366
61545
61050
61060
61184
61459
61566
61619
61399
61740
61029
61822
61178
61709
61432
61147
61502
61484
61691
61429
61635
61085
61796
61569
60974
61702
61638
61732
60960
61735
61069
61233
61175
61086
61191
60934
61279
60965
61633
61726
61200
61517
61016
61790
61183
61737
61473
60976
61695
61483
61001
61585
61497
61009
61165
61412
61513
61405
61626
61749
61081
61215
61570
60998
61387
61188
61115
61797
61608
61484
61115
61215
60998
61570
61570
61215
61185
60998
61797
61608
61387
61029
61691
61387
61215
61608
61191
61585
61399
61387
61175
61188
61608
61029
61450
61570
61086
61060
61009
61233
61279
61797
60979
61045
61608
61115
61185
61215
61608
61735
61405
61115
61215
61366
61029
61029
61484
60980
60976
60979
61188
76046
75885
75841
75493
75389
75810
75539
75605
75945
75975
75715
75596
75553
75456
75353
75722
75321
75703
75771
76074
75833
75465
75659
75760
76134
75699
75281
75961
75665
75849
76142
75796
76017
76028
75730
75852
75895
76001
76032
76077
75392
76062
75793
75655
75511
75993
75316
75811
75439
75593
76118
75490
75926
75899
76075
75300
75283
75623
75536
76108
75328
75650
75929
75719
75971
75271
76153
75315
75534
75840
75410
75434
75432
75522
75312
75937
76078
75710
75709
75994
75694
75284
76061
75678
76086
75309
75649
76091
75656
75428
75741
75803
75831
76036
75926
75649
75428
76036
76036
76108
75283
75993
75353
76091
76036
75793
75831
75315
75678
75831
75741
75428
76062
75741
75741
75649
75656
75803
75605
75271
75975
75719
75971
76036
75649
76036
75300
76091
76046
75993
75993
76142
75709
76062
75649
75831
75649
75389
75831
75796
76091
75593
75511
75623
75803
75649
76153
75831
11264
11531
11449
11237
10956
10759
10879
11368
10936
11597
11058
11427
11036
10877
11588
11323
11384
10912
10996
11037
11297
10928
10907
10929
11055
11224
10837
11108
11422
11085
11469
10874
11078
10847
11097
11400
10914
11277
11121
11042
11632
11532
11345
11115
11383
11287
11202
11496
11614
10843
11389
11171
11612
11375
11580
11571
10783
10881
10872
10976
11286
11185
11307
11157
11576
10823
11401
11413
10857
11494
11464
11308
10991
11330
11065
11492
11390
11263
11550
11080
10900
11510
11254
11444
10854
10899
11346
11443
10760
11039
11254
10907
11614
11444
11346
10899
11224
11254
11254
11444
11422
10847
11346
10879
10899
11039
11157
11254
10877
10760
11444
11443
11254
11375
10976
10899
11346
10854
10760
10760
11444
11055
11597
11345
11346
10854
10854
11254
10899
11375
11097
10760
11571
11443
11443
10854
10899
10872
10847
10956
11389
47379
47171
47362
47009
46918
46905
46955
47318
47341
47353
47235
47178
46761
47244
47232
46917
46865
46882
47181
46937
47347
46662
47055
47033
46896
46762
47361
47194
46838
46779
47083
46837
47158
46855
47136
47150
47417
47077
47021
46668
46598
47476
46649
47265
46915
47229
46848
47448
47142
47445
46737
47076
46634
47374
47020
47203
46631
47061
47260
46706
46809
46683
47352
47221
47064
46751
47114
46945
47116
46647
46747
47433
47413
46592
47124
46754
46640
47381
47301
47267
47275
47267
46865
47114
46762
47301
46634
47124
46592
46640
47116
47235
46751
47267
47379
47267
47275
46955
47033
46706
46955
47033
47347
46838
46905
47301
47116
46751
46592
47275
47061
47445
47009
47301
46918
47116
47194
46668
46751
46592
47021
47124
47203
47301
47301
47275
46647
30162
30153
30411
29946
30238
30348
30244
29590
30321
30339
30188
29671
30113
29649
29864
30195
30317
30299
30358
30109
30242
29787
29905
29613
30426
30356
29741
30002
30355
29929
29726
30110
30058
30462
29604
29896
30448
30027
29795
29572
30329
30253
30281
30026
30335
30020
30067
30140
29680
29617
30112
30328
30131
29677
29818
29609
29948
30017
29916
29844
29670
29588
29577
29774
29668
29990
30167
30453
29967
29727
29646
30314
30389
30311
29777
30155
29748
29769
30413
29690
29979
29938
29654
29833
29703
30214
29825
29833
30242
30109
29572
29818
29654
29833
30242
30017
29769
29938
29649
30356
29825
29938
30140
29938
29979
30335
29979
30281
29825
29769
30453
29617
30462
29690
29649
30002
30214
30110
29946
29726
29979
29703
29938
30027
29990
29979
29795
29654
29703
30453
29979
29825
29654
29825
29654
30214
30339
44214
44765
44177
44415
44374
44480
44471
44361
44144
44108
43988
44691
44679
44789
44491
44354
44257
44363
44281
44159
43967
44569
44634
44204
44754
44237
44790
44381
44775
43957
44760
44414
44181
44591
44413
44004
44121
43981
44163
44758
44126
44496
44325
44485
44058
44324
43990
44756
44580
44034
44442
44692
44077
44600
44751
44380
44553
44521
44662
44141
43942
44356
44587
44283
43950
44171
44355
44245
44772
44645
43965
44703
44482
44558
44353
44216
44604
44029
44172
44031
44411
44219
44236
43935
44003
44593
44565
44679
44325
44172
44108
44756
44108
44553
44411
43935
44521
43965
44181
44172
44580
44411
44177
44587
43965
44324
44758
44569
43935
44703
43957
44558
43935
44325
44031
44565
44593
43957
44003
44411
44593
44219
44003
43935
43988
44029
44141
44593
44219
43935
44003
44411
44692
44565
43942
44565
44580
36301
36428
36053
36412
36500
36202
36734
36634
36553
35982
36211
35987
36536
36311
36675
36140
36542
36303
35850
36127
36618
36228
36176
36302
35932
36491
36308
36070
36725
36710
36716
36492
36291
36489
36533
35908
36208
36661
36304
36619
36387
36497
36293
36022
36423
36531
36077
35842
36240
35844
36677
36669
36391
36655
36424
36569
36408
36639
35923
36468
36021
35857
36451
36034
36357
36013
36432
36272
36052
36676
36223
36160
36614
36559
36014
36641
36706
36181
36354
36336
36400
36374
36348
36181
36181
36489
36391
36619
36374
36240
36336
36336
36412
35987
36706
36531
36181
36348
36336
36127
36536
36348
36354
36202
35932
36641
36374
36181
36542
35908
36374
36348
36374
36428
36706
36374
36348
36293
36374
35850
36354
36492
36336
35857
36034
35932
36559
36223
36053
36357
34573
34333
34622
34430
34168
34425
34753
34671
34434
34656
34887
34857
34612
34153
34263
34917
34182
34218
34732
34113
34220
34339
34630
34417
34328
34247
34736
34217
34645
34629
34073
34240
34204
34390
34266
34478
34158
34367
34942
34275
34583
34733
34056
34400
34120
34377
34564
34654
34386
34836
34925
34801
34234
34507
34541
34576
34849
34854
34273
34826
34347
34111
34342
34764
34467
34476
34408
34105
34341
34492
34719
34803
34299
34574
34226
34767
34590
34230
34283
34923
34470
34473
34597
34087
34609
34435
34923
34435
34435
34273
34609
34283
34400
34609
34597
34609
34492
34120
34597
34347
34113
34087
34283
34917
34597
34299
34923
34732
34573
34153
34925
34113
34120
34087
34386
34220
34609
34435
34478
34887
34925
34435
34417
34836
34473
34435
34803
34923
34273
34435
34597
34609
34564
34573
34087
54136
54085
53943
54148
54472
54207
54206
54165
54020
54651
53829
54095
54127
54228
53775
54565
54531
54368
54396
53831
54392
53812
54614
54229
54604
54381
54334
54639
54046
54115
54411
53839
54233
54032
54444
53974
54295
54325
54481
53837
54535
54298
54470
53791
54018
54484
53805
54564
53772
54366
54098
54169
54559
53970
54448
54577
54402
54336
54064
54585
54028
54488
54099
53987
53913
54428
53921
53848
54265
54437
54619
54024
53851
54108
54588
54426
54172
54181
53856
54532
54260
54131
54343
54200
53952
53847
54436
54602
54179
54515
54179
54228
53987
54343
53847
53952
54131
54200
53952
54436
54515
54448
54426
54602
53952
54179
54515
54436
54200
54085
54127
53848
53974
54018
54024
54200
54200
54200
54559
54179
54343
54559
54179
54448
54436
54136
54181
54426
53987
54515
54165
54602
54179
54436
54515
54095
54535
54325
54343
54619
54179
37488
37106
37192
37103
37409
37473
37169
37347
36772
37190
37299
37425
36910
36939
37319
37500
37007
37043
37471
37606
37581
37278
37439
36784
37385
37470
36998
37279
37226
36952
37015
36747
37058
37597
37629
37202
36804
37212
37366
37461
37272
37578
37085
37201
37086
37485
36944
37610
37339
37002
37148
36940
37029
36936
36801
37113
36919
36746
37579
37297
37395
36926
37108
37621
37257
36787
37393
36870
37340
37303
36879
37075
36825
37529
37165
37626
36907
37283
36820
37619
37139
37484
37402
37594
37594
37339
37202
36907
37169
37619
37629
37278
37594
36772
36787
37594
37340
37488
37619
37619
37340
37283
37148
37606
37461
36907
37594
37113
37395
37529
37279
37619
36870
37283
37106
37283
37402
37002
36998
37629
37619
36907
37075
36907
37484
37272
37402
37402
37470
36746
37190
37579
79356
79561
78895
79047
79714
79389
79336
78991
79248
78985
79610
78974
79325
79364
79380
79019
79467
79059
79537
79608
78924
79668
79123
79163
79420
79308
79584
79559
79609
79468
79167
79327
79247
79462
79522
79093
78992
79185
79604
79329
79034
79235
78898
79137
79139
79644
79472
78879
79487
78986
79208
79538
79001
79647
79512
78977
79388
78889
79082
79447
79607
79660
78883
79429
79422
79415
79690
78849
79007
79198
79508
79088
79224
78995
79103
79720
79414
79699
79301
79617
79534
78948
78998
79114
79157
79443
79342
79429
79123
79157
79157
79561
79059
79167
79604
79327
79604
79443
79157
79617
79114
79644
79327
79327
79157
78998
79007
78948
78948
79114
79007
79443
79157
78974
79157
79342
78898
79208
79047
78992
79534
79114
79617
79114
79356
79660
79534
79088
79388
79604
79157
79336
78948
79208
79336
79607
79157
21079
21395
20983
20949
20900
20752
20770
21314
21162
20854
21478
21188
20782
20924
21107
21374
20797
21458
21261
21255
21311
20629
21313
21153
20701
21086
21497
21115
21501
21291
20965
21390
20746
20991
21126
21184
20836
21213
20925
20784
20959
21192
21003
20795
21502
20842
21065
20908
20713
21312
20694
21298
20715
20793
20719
20861
21492
20933
20727
21449
21018
21093
20814
21060
20875
21290
21226
21476
21049
20788
21252
21272
20783
20653
20787
20705
20948
20883
21405
20920
20740
20856
21152
21234
21230
20847
21265
20881
21307
21062
20947
21160
20881
21079
21160
20788
20983
21265
20983
21261
21062
21062
21152
21255
21115
21062
20924
21311
20947
20847
20947
20847
21062
20847
21162
21265
20705
21126
20719
21107
21188
21458
21307
20694
21230
21374
20847
21226
21188
21291
20881
21501
20933
20924
20653
21265
21265
20740
20847
21312
21160
20847
20881
20847
3383
2922
3481
3536
3378
3059
3053
3214
2888
3464
2766
3520
2712
3134
2841
2775
2852
3213
3524
3201
3297
3369
2803
3110
3461
3293
2994
2725
2945
3272
3072
2934
3449
3111
3028
3499
3427
2711
3241
3407
3200
3530
2849
3323
2694
2899
2788
2806
3252
3119
2697
3510
3306
2751
3282
3355
3561
3101
3087
3083
3131
3037
3430
3344
2744
3259
3062
3102
2833
2946
3023
3032
3512
2889
3217
2777
3386
2740
3318
3556
2961
2845
3270
3207
3578
3094
3011
3250
3056
2784
2938
3172
3505
3184
3567
3449
3102
3427
2784
3172
2784
3510
3567
3056
3567
2899
3567
3383
3567
3318
3184
3250
3184
2784
3172
2806
2833
3207
3172
2849
3217
3056
3102
2841
3131
3102
3270
3505
3184
3481
2806
3214
3250
3505
3241
3217
3134
3505
3567
3250
2841
2788
3259
3250
3102
2712
3449
3056
3059
68719
68780
68906
68778
68270
68697
68298
68790
68498
68258
68423
68669
68402
68926
68128
68828
68395
68113
68863
68886
68690
68303
68947
68350
68546
68306
68943
68274
68488
68130
68665
68937
68837
68106
68616
68276
68644
68548
68281
68884
68302
68955
68961
68473
68508
68887
68793
68801
68433
68509
68525
68472
68399
68787
68639
68530
68973
68237
68156
68228
68806
68768
68484
68318
68892
68878
68929
68866
68716
68440
68626
68136
68108
68919
68753
68354
68659
68773
68709
68189
68512
68667
68460
68660
68782
68813
68412
68160
68521
68451
68763
68214
68180
68539
68782
68451
68539
68451
68180
68665
68318
68298
68521
68160
68473
68412
68180
68793
68763
68659
68460
68884
68160
68274
68160
68878
68763
68548
68521
68160
68521
68763
68451
68665
68412
68539
68955
68763
68539
68539
68228
68793
68473
68660
68214
68616
68160
68787
68180
68790
68180
68484
68451
68919
68108
68270
68228
68763
26979
27254
27641
27461
27752
27467
27518
27443
27546
27392
27686
27366
26886
27152
27295
27010
27426
26948
27217
27497
27135
27098
27665
27266
27396
27395
27643
27638
27595
27104
26926
26997
27566
26990
27620
27629
27300
27640
26887
27303
27166
26965
27273
27276
27402
27691
26963
27559
27617
27132
27231
27624
27621
27380
27570
27318
27124
27705
26953
26996
27772
27673
27330
27685
27483
27054
27616
27002
27750
27133
26968
27593
27296
26918
27400
27429
27357
27187
27248
27127
27233
27734
27415
27623
27341
27446
27316
27341
27300
26996
27316
27341
27638
27341
27593
27467
27638
27341
27341
27673
27133
27133
27231
27467
27734
27135
27341
27248
27415
27330
27426
27620
27623
27295
27673
27673
27429
27497
27002
27132
27318
27295
27233
27400
27127
27341
27233
27750
27620
27497
27734
27127
27233
27273
26948
27233
26963
66455
66414
66592
66705
66458
67139
66356
66926
66813
67160
66655
66950
67083
66922
66408
67111
66759
67161
66791
66722
67159
66734
66622
67009
66342
66357
66758
66437
66335
66518
66475
67025
67081
66460
66654
67107
67100
67144
66855
67031
66683
67125
67153
66761
66461
67034
66848
66464
66830
66631
66973
66934
66801
66409
66448
66421
66649
66784
66847
66665
66684
67193
66957
66616
66844
66707
66866
67174
66601
67187
66935
66862
66769
67072
67168
66652
66328
67192
67113
67131
66438
67017
67198
66698
67012
66896
66481
66377
66770
66787
67116
67192
66655
67153
66475
66698
67116
67198
67107
66770
66950
67198
66458
66481
67116
66481
67160
66377
66698
67012
67116
67009
66616
66481
66377
67144
66377
66698
66698
66654
66926
66896
66448
66787
66896
66705
66438
66855
67012
66896
67168
66769
66438
66655
66698
66654
66801
66787
66698
66844
66649
66770
66787
38640
38786
38550
39380
39303
38721
39318
38862
38806
39193
38797
38553
39358
39363
38942
38556
38549
38872
38745
38716
38893
39098
39309
39133
39009
39385
38831
39077
39342
38937
39166
39033
38598
38693
38602
38535
38955
39393
39277
39069
39381
38743
38905
39004
38991
38778
39130
38976
39096
39382
39171
38793
38614
38718
39174
38983
38581
39060
39172
38776
38827
38890
39016
39405
39388
38986
38633
38634
38587
38688
38863
39279
39244
38676
39216
39140
38927
38879
38988
39214
38752
39102
39411
38766
39218
38728
38832
39389
38987
39291
39319
39228
39218
38987
39096
38987
39319
39228
38728
38987
39389
39133
39389
39342
39060
39318
39228
39133
39291
38987
39218
39319
38743
39389
38987
39319
38728
39342
39319
38831
38743
39291
38602
39077
39318
39291
39389
39389
38598
39319
39096
38728
38987
39228
39381
38832
39172
38728
38988
38879
39218
38728
38676
39218
41770
41559
41788
41817
41450
41955
42087
41260
41763
41375
41319
41227
41664
41805
41287
41916
41257
41734
41705
41721
42069
41782
41259
41789
41727
41520
41560
41633
41465
41497
41696
41862
41868
42082
41460
41671
41387
41972
41780
41461
41278
41253
41802
41431
41988
41254
41645
41436
41451
41787
41600
41859
41322
41655
41268
41374
41373
41366
41677
42015
41494
41898
41932
42037
41306
41700
41897
41403
41928
41695
41668
41290
42077
41274
41994
41580
41927
41242
42075
41889
41297
41937
41896
41785
42010
41896
41227
41297
41695
41242
41465
41727
41937
41889
41937
41242
41805
41671
41645
41387
41898
41297
41633
41242
42069
41897
41896
41788
41937
41461
41937
41373
41805
41889
42037
41928
41695
42037
41916
41242
41937
41695
41785
41802
41785
41494
41859
42010
42010
41896
41937
41889
41889
11724
12456
11877
11903
12219
12036
12421
11709
12107
12230
11809
12483
12147
11938
12061
12401
11789
11810
11816
11786
11983
11924
11956
12032
12470
12313
12488
11900
12281
12060
12320
11848
12422
12334
12279
12360
11787
12538
12069
12226
11753
12263
12141
12044
12534
12050
11849
12512
11651
11834
12472
11942
11742
11969
12427
12361
12283
12222
11912
12532
12522
12251
12090
12117
12354
12249
11911
12195
12325
12455
11966
12111
11757
12390
12059
12157
12028
12413
12500
12234
12328
11941
12430
12170
12019
12301
11941
11877
12354
12421
12263
12019
11709
11900
12050
11983
12430
12421
11757
12170
12170
11941
12111
12500
12263
11969
12328
12234
12157
11966
12230
11834
12281
12234
12301
12157
12019
12500
12036
12170
12301
11903
12234
12234
12534
12328
12019
12170
12028
11941
12170
12019
12234
12421
12234
55460
55140
55200
54784
55345
54763
54765
55144
55086
54935
54902
55334
55423
55504
55367
55258
55263
55100
54689
55061
55135
55021
54798
54926
55131
55364
55368
55026
54677
55148
55464
55322
54727
54834
55287
55112
55329
55507
54827
55018
55212
55411
55215
55143
54904
54795
55478
55462
55182
55141
54912
54810
55323
55184
55250
54683
54679
55035
55060
54966
54726
55523
55187
54802
55318
55232
54962
55336
54867
54696
54991
54694
54941
54933
55209
54864
55235
54722
55138
54850
55546
54763
54850
55523
54933
54765
55138
55263
54834
54689
54850
54864
55523
55546
55235
55345
55368
55138
55184
54867
54933
54864
54864
54679
54864
55144
55462
55209
55138
55235
55287
54810
55209
54679
55334
55235
54722
55061
54933
55334
54864
55546
55138
55021
54864
54722
55258
36572
35983
36422
36060
35878
36733
35952
35938
36340
36454
36232
36388
36628
36210
36715
36146
36197
36688
35901
36593
36726
36400
36205
36110
36478
36506
35919
36675
36136
36599
36280
36283
36413
35894
36544
35899
35951
36187
36249
36082
35958
36113
36056
36312
35858
36525
35945
36154
36061
36365
36446
36002
36581
35854
36576
36150
36671
36142
36253
36047
36166
36181
35970
35933
36643
36727
35931
35893
35965
36346
36710
36455
36564
36440
36718
36012
35896
36310
36330
35879
36199
36703
36329
36584
35991
36166
36199
36329
35991
35879
36365
35879
36727
35965
35894
36584
36703
36703
36110
36012
36181
35879
36253
36346
35919
36478
36232
36310
36525
36199
35893
36329
36455
36715
36113
36584
35901
35991
36136
36330
36002
36576
36310
36312
35879
36671
36440
36671
35951
36584
36703
35879
36047
38544
39417
38864
38905
38895
38568
39350
39085
39176
38726
39299
38796
39090
38810
38530
38740
38933
39347
38658
39094
39140
39162
38860
38859
38817
38846
38794
39022
39107
39379
38656
39072
39269
39403
39021
38534
39119
38699
39286
38941
39062
39108
39069
38655
38674
39205
38620
38630
39258
39080
38852
39101
39075
38869
38752
39365
38738
39144
39177
39236
39328
38695
39136
38906
38976
39231
39082
39288
38923
39253
38883
38546
39142
38881
39204
39189
38662
38854
38930
38745
38589
39381
38533
38578
38564
38565
38771
39235
38530
39235
39381
38589
39381
39381
38589
38589
38564
39119
39269
38533
39101
38745
38589
39072
39080
39381
39379
38565
38564
39417
38589
38976
38564
39381
39189
38745
39136
38810
38771
38565
39231
39299
38589
39379
38810
38578
39162
39108
38533
39381
39235
38941
38656
38662
38589
39090
38933
39350
10895
11629
10979
11018
11472
11644
11154
11493
11262
11250
11398
11468
11395
11546
11339
11416
11126
10919
11534
11159
11314
11603
11527
11354
10796
11296
11607
10912
11165
11599
11275
10839
11580
11574
11077
11021
10907
10995
11307
10936
11348
10833
11357
11178
11375
11272
11313
10795
11467
11038
11343
11460
10824
11362
11601
11417
10820
11247
10755
11592
10769
10871
11135
11371
10868
11340
11491
11228
11210
10760
11550
11213
11057
11518
11029
10981
11396
11435
11017
11236
11394
11504
11271
10897
10840
11229
11443
11499
10973
11321
11331
10870
11042
11123
11631
11123
10936
11499
11314
10870
10870
11159
11178
10795
11042
11321
10907
10973
11499
11042
10870
11599
10973
11631
11472
10919
10870
10870
11165
11631
11331
10907
11331
11499
11631
11042
11042
11603
11321
11057
10769
11499
11644
11343
11580
11499
11123
11321
11042
11398
11271
11042
11313
11499
11339
11135
10769
11340
11398
74611
75208
74749
75219
75027
75068
74880
75231
74831
74755
74759
74530
74771
74995
74419
74966
74455
74453
74996
74809
74614
75152
74536
74606
74765
75158
75156
74750
74560
74817
74904
74812
74585
74405
74430
74490
75012
75008
74583
75167
75053
75106
74494
75058
75140
75162
74769
75134
74938
74934
74989
74824
74907
74618
74622
75046
75103
75142
74505
74604
74469
74802
74681
74953
74712
74914
74779
74629
75166
74955
74447
75207
75226
74873
74697
74930
75177
74383
74588
74424
74862
75179
74464
75108
74464
75177
75140
75152
74383
74862
74424
74802
75208
74750
74755
75134
74873
74383
74622
74419
74464
74588
74424
74588
74588
74585
74606
74494
75179
74862
74588
75108
74464
74464
75179
74750
74383
75177
74904
75008
74383
74405
74588
74455
74862
74817
75179
74588
75179
74862
74955
75108
55866
56311
55905
56026
56271
56426
55757
56303
56201
55842
55986
56240
55875
55701
56294
55995
56044
56446
56220
56239
55871
56185
56164
56117
56081
55800
56411
55898
56293
56304
55644
56188
56167
55679
56012
56004
55804
56029
56404
55993
55967
55566
55990
55721
55929
56163
55761
56351
56021
56055
55715
55845
55878
56413
56386
55840
55822
55672
56371
55910
55767
56180
55936
55957
55585
56091
56400
55971
55597
56355
55865
56074
56402
56141
55812
55557
56204
55630
56124
55927
55642
55852
56350
56144
55987
56111
55715
55630
55987
55927
55644
55852
56021
56351
56124
55987
55866
55971
56091
56144
56111
55767
55987
55936
56111
56074
55875
55878
56164
56350
55927
55642
55644
56311
56350
56350
56111
56240
55995
55967
55715
55672
56163
55927
55852
55644
55852
55898
56144
55761
55585
56180
55957
56055
56111
47603
48278
47750
48197
48097
47651
47806
48234
48320
48321
47598
47495
47549
48309
48077
47907
48106
47524
47507
48337
47766
47574
48012
47557
48305
48135
47734
47910
47904
47635
48366
48368
47883
48336
47924
47577
48372
47661
48263
47528
47570
47582
48205
47949
47767
47862
47604
48177
48296
48253
48005
48149
48031
48375
48257
48087
47739
47758
47945
47957
47714
47560
47547
47596
47568
48376
47519
47903
47540
47490
47724
47494
48255
48331
47829
48086
47972
47717
47982
47532
47886
47605
47667
47773
47823
47864
47849
47606
48081
47863
47553
47864
47864
48081
47773
47773
48081
47606
48097
47553
47724
47823
47849
47864
47606
47767
47907
47864
47528
47863
48081
48253
47886
47849
47553
47549
47606
47863
48081
47773
47773
47849
47767
47957
47864
47949
47849
47553
48321
47863
47553
48321
48372
47849
48177
47739
48336
47767
47606
47596
47606
47910
47863
54860
55093
54838
55354
55162
55422
55316
55231
54934
55400
54807
55304
54863
55496
55143
55333
54959
54696
54976
55301
54748
55142
55378
54729
55461
55105
55026
55148
55324
55528
54894
54816
54805
55223
54853
55099
54768
54858
55189
54971
54842
54672
55351
55454
54710
54790
55215
55150
55328
54904
55359
54947
55395
54661
55074
54840
55151
55298
54999
55055
54814
55248
55009
54810
54787
55403
55511
55418
54957
54785
55267
54883
54804
55095
55126
54920
55377
54994
55474
54812
55525
55360
54708
55187
55377
55377
55403
55298
55148
54994
54994
54959
55377
55074
54708
55474
55143
55187
55418
55187
55360
55525
54994
55126
54812
54947
55360
54994
55360
54661
55360
55360
55093
54853
54883
55377
54994
54812
55377
55525
55142
54812
54904
55422
55461
55360
54708
55525
55422
54994
55377
54812
75071
74496
74476
74875
75214
75238
74484
75041
74489
74696
74497
74522
74569
74494
74555
74918
75034
75259
75149
74668
74460
75186
74742
75017
75204
75230
75249
74838
74858
74752
74733
75109
75061
74735
75197
74951
75200
74553
74736
74622
75142
74526
75207
74640
74536
74692
75205
74641
75079
75177
74823
75233
74952
74699
74851
74766
74545
74675
74960
74549
74976
75154
74924
75005
74799
75042
75261
74902
74836
74703
74538
74899
74942
75056
75175
74552
74897
75250
75213
74408
74534
74805
74503
74643
74690
75201
74734
74499
74521
75201
74499
75034
74690
75261
74736
74851
74805
75186
74952
74526
74897
74499
74408
75259
74805
75207
74643
74640
74690
74538
74499
74734
74534
74734
75204
75042
74499
74675
74690
74549
75177
74942
75005
74766
74918
75230
74521
74503
74534
74699
74805
74799
75041
74899
74460
74805
74503
74499
74823
74734
75298
75630
75699
75309
75432
76143
75323
75997
75948
75328
75800
75716
75475
75420
75815
76103
75605
76027
75671
75598
75834
75904
75327
75919
76129
76004
75887
75320
75622
76057
76100
75907
75506
75789
75279
75620
75952
75491
75539
75693
75603
75293
76050
75471
75419
75563
75991
75288
76147
75290
75750
75274
75983
75495
75308
75831
75776
76086
75964
75610
75922
75544
76028
76136
75453
75502
75914
75581
76043
75794
75878
75802
75484
76041
75746
75920
76056
75686
76042
76127
75777
75866
75600
75911
75691
75315
75792
75890
76028
76129
75750
75890
75983
75800
75600
75691
76127
75746
75866
75911
75890
75691
75777
75603
75777
75991
75866
75952
75691
75866
75991
75506
75890
76042
75911
75279
75600
75911
75603
75716
75315
75600
75495
75620
75911
76086
75792
75997
75792
75691
75792
75914
76143
75890
76129
75834
75475
75502
8533
8941
8327
8404
8389
8915
8604
8361
8636
8818
8872
8666
8185
8148
8493
8451
8171
8559
8310
8729
8346
8781
8832
8568
8362
8246
8254
8889
8139
8657
8680
8135
8359
8265
8164
8431
8065
8754
8648
8514
8111
8557
8174
8715
8826
8109
8221
8717
8104
8846
8223
8723
8862
8286
8355
8685
8934
8436
8105
8690
8774
8476
8946
8626
8297
8082
8300
8586
8488
8241
8625
8659
8637
8947
8638
8693
8804
8688
8682
8835
8893
8227
8621
8326
8107
8120
8538
8588
8206
8891
8744
8716
8904
8277
8538
8744
8693
8361
8588
8171
8693
8286
8744
8744
8588
8716
8804
8818
8657
8891
8716
8277
8744
8588
8431
8538
8254
8533
8109
8744
8389
8716
8111
8648
8206
8904
8277
8891
8891
8148
8326
8744
8891
8277
8139
8648
8533
8604
8723
8891
8904
8693
8327
8538
8941
8744
8688
8716
60055
60787
60589
60796
60731
60133
60790
60518
60302
60344
60104
60782
60124
60509
60074
60817
60192
60769
60278
60056
60766
60586
60860
60642
60334
60444
60447
60479
60667
60557
60106
60633
60885
60640
60504
60555
60563
60225
60386
60554
60687
60819
60313
60228
60314
60681
60127
60512
60475
60811
60383
60095
60283
60472
60048
60201
60646
60114
60649
60252
60053
60388
60722
60155
60190
60508
60098
60648
60574
60111
60093
60631
60822
60559
60836
60300
60848
60448
60356
60847
60170
60300
60300
60848
60559
60848
60300
60811
60104
60356
60836
60448
60559
60836
60687
60055
60559
60508
60586
60836
60848
60559
60095
60127
60848
60508
60848
60479
60053
60782
60479
60448
60124
60559
60225
60848
60356
60356
60356
60283
60559
60811
60448
60790
60836
60472
60479
31485
31801
31768
31614
31581
31458
31595
31973
31573
31585
32149
31846
31558
31771
31437
31867
31949
31919
31659
31628
32015
31905
31954
31978
31875
32191
31567
31740
31915
31861
31675
32025
31635
31899
31708
31565
31483
32238
31502
31634
32142
31424
31869
32243
32108
31743
31994
32131
32178
31469
32179
32058
31787
31658
32139
32159
31934
32237
32055
31984
32220
32133
31834
32014
31384
31650
31802
32075
32153
31671
32106
31378
32192
31415
31477
32146
32115
31642
31963
31440
31564
31415
31708
31905
31919
31440
31573
31564
31846
31642
31915
31477
32178
32115
31558
31469
31483
31919
31564
32146
32115
31564
31581
32146
31558
32015
31963
32014
31659
31768
31415
32115
32159
31415
31564
31642
31564
32055
31558
32142
31458
31415
31477
31415
31642
31477
31801
70633
70545
70261
70602
70109
70106
70207
70113
70297
70234
70778
70773
70515
70640
70181
70346
69900
70070
70463
70014
70546
70304
70076
70568
70127
70280
70227
70742
70469
70631
70229
70323
70361
70527
70475
70756
70377
69952
70173
70613
70574
70689
70589
70668
70333
70412
70658
70635
70268
70348
70162
70700
70478
70195
70233
70055
70418
70445
70679
70542
70050
70215
70657
69936
70446
70686
70114
70771
70096
70529
70627
70294
70364
69930
70564
70468
70046
70057
70766
70084
70259
70240
70439
70353
70483
70463
70686
70446
70668
70259
70215
70353
70240
70658
70483
70439
70364
70766
70613
70323
70162
70259
70542
70057
70259
70207
70475
70207
70568
70771
69936
70259
70207
70240
70173
70773
70181
70353
70259
70127
70439
70445
69952
70084
70483
70304
70483
70240
70364
70439
70259
70635
70240
44440
44378
44608
44019
44150
44535
44262
43933
44153
44598
44790
44438
44278
44178
44120
44104
44338
44306
44266
44771
44433
44558
44646
43977
44528
44634
44156
44079
44665
43905
44522
44303
44346
44368
44566
44088
44005
44339
44078
44224
44599
44344
44469
44252
44361
44454
44451
44167
44119
44209
44372
44240
44477
44265
43911
44465
43954
44425
44575
44343
43969
43943
44760
44591
44381
44059
44329
44573
44617
44238
44053
44419
44602
44655
44166
44308
44629
43985
44236
44500
44309
44232
44211
44137
44492
44026
44661
43925
44746
43988
43906
44740
44277
44330
44567
44119
43954
43988
44277
43906
44746
44236
44303
44277
43925
44252
43911
44232
43906
43905
44740
44567
44746
44740
44078
44372
44566
44665
44104
43906
43925
44746
44740
44277
44655
44469
44178
43925
43985
43906
44277
43925
44308
44567
43925
44178
44277
44167
44665
44661
44567
44330
44567
44019
44528
44740
44277
43925
44771
20055
19861
19782
20033
20168
19887
20438
19950
19813
19976
20283
20275
20306
20165
20357
20057
20085
20590
20086
20295
20137
20230
19978
19832
19905
20279
20293
20446
19844
20251
20272
20281
20188
20607
20106
20318
20434
20338
20336
19727
20582
20467
20494
20604
20503
20525
20437
20113
20328
19842
19763
19869
20257
20365
20565
19910
20063
19848
20495
20231
20173
20098
20394
20204
20506
20048
20102
20154
20195
19933
20375
19815
20090
20358
20268
20455
19987
19839
20189
19814
19992
20187
20340
20541
20282
20040
19794
20324
20461
20440
20322
20440
20057
20040
19794
19794
20154
20440
20154
20440
20282
20437
20154
20455
20322
19782
19987
20295
20040
20295
20434
20322
20324
20106
20282
20455
20604
20322
20281
20040
20322
20230
19794
20102
20230
20440
20282
20040
20440
19727
20322
20188
20461
19861
19813
20324
20440
20437
20275
20040
20506
19794
20375
58985
58477
58950
58282
58907
58971
59113
59067
58497
58532
58818
59001
58799
58309
59081
58980
58774
58954
58867
59064
58566
59095
58769
58355
59104
59099
58385
58458
59006
58892
58762
58934
58880
59076
58931
58641
58705
58464
58847
58713
58853
58634
58267
59093
58779
58667
58979
58240
58911
58738
58776
58273
58537
58826
58835
58276
58463
58453
58406
58994
58990
58938
59071
58630
58440
58345
58422
59055
58924
59018
58580
58901
59070
59037
58923
59019
58719
58688
58675
58851
58783
58452
58926
58656
58725
58920
58452
58580
58920
58656
58926
58783
58769
59001
58783
58783
58920
58656
59113
58926
58656
58851
58851
58240
58675
58477
58656
58725
58477
58452
58926
58920
59006
59064
58783
58920
58656
58641
59055
58452
59076
58776
58566
58675
58355
58920
58954
58835
58675
59055
59081
58675
58630
58783
58851
33441
33248
33226
33272
33559
33921
33875
33420
33730
33938
33575
33408
33792
34017
33758
33439
33821
33710
33744
33839
34027
33632
33838
33194
33765
33578
33887
33462
33741
33540
33482
33417
33534
33785
33207
33208
33173
33818
33836
33670
33176
33652
33400
33528
33198
33246
33490
33822
33375
33435
33692
33442
33295
33748
33952
33850
33828
33723
33219
33464
33727
33994
33660
33689
33383
33753
33178
33780
33155
33747
33180
33625
33268
33613
33186
33281
33767
33177
33333
33897
33898
33679
33190
33846
33269
33381
33401
33288
33640
33177
33190
33753
33464
33887
33198
33952
33689
33381
33846
33401
33846
33679
33679
33836
33272
33640
33887
33613
33846
33401
33435
33333
33269
33887
33767
33401
33559
33723
33219
33679
33625
33822
33281
33753
33846
33534
33730
33846
33401
33441
33381
33490
33758
33401
33660
33710
33994
33938
33490
33288
24932
24301
24588
24363
24410
24791
24331
24622
24554
24851
25072
24694
24989
24381
24971
24450
25075
24454
24455
24888
24386
24712
24246
24644
24647
25037
24480
24459
24377
24277
24493
24803
24532
25027
25061
25081
24237
24506
24881
24653
24811
24457
25032
24918
25008
24934
24967
24669
24878
24610
24507
24857
24292
24545
25040
24247
24906
25045
24688
24824
24882
24529
24724
24523
24392
24339
24638
24587
24324
24549
24990
24368
25005
25062
24761
24673
24926
24286
24631
24809
24897
24488
24456
24361
24840
24840
24545
25032
24237
24631
25037
24811
24647
24932
24454
24631
24363
24897
24529
24456
24809
24286
24523
24488
24488
25027
24554
24361
24840
24840
24410
24824
24286
24488
24809
24809
25008
24587
24809
24368
24361
25005
25062
24653
24532
24286
24638
24277
24631
24932
24361
25027
24897
74218
74088
73643
73666
73880
73592
73596
74294
74139
73907
73942
73969
74275
73738
73930
74301
73950
73685
73544
73699
74126
73691
73746
74206
73568
73577
73965
74284
73518
73621
74306
74351
73609
74050
74211
74229
73727
73812
74221
73830
74056
73956
73720
73630
74267
74175
73990
74244
73878
74034
73967
73538
73955
74141
73982
73792
74251
73530
73660
74300
74345
73989
73670
74086
74075
73590
73616
73510
73881
74158
73550
74165
73817
73819
74092
74001
74070
74233
73663
74009
73687
73936
74222
74280
73949
73835
73657
74212
74280
74267
73835
73835
74301
74086
74229
73687
73835
73616
73510
74229
73835
73596
73936
73657
74165
73936
73835
73835
74280
74222
74222
74212
73949
73817
73590
73949
74001
73949
74280
73657
73687
74222
73621
74222
74222
73880
74244
73835
73881
73949
74280
73720
73949
74001
73982
73936
74034
73657
31804
31680
31942
32150
31564
31732
31524
31614
31894
31733
31853
32091
31462
31526
31485
32022
31519
32249
32042
31856
31365
31480
32243
31944
31501
32021
32013
31590
32130
31707
31815
31603
32236
32032
32092
32111
32182
31575
31971
31597
31551
31739
32141
32056
31399
31435
32209
31983
31537
31521
31846
32035
31457
31948
31799
32125
31842
32230
32100
31373
32228
31482
31372
31694
32166
31566
32098
31866
32234
32147
31901
31395
31966
32185
31510
31381
31681
31613
32222
31558
31828
32052
31865
31703
31584
31438
32239
31900
31642
31817
32113
31968
31618
32239
31900
31968
31817
32056
32052
32236
32239
31694
31707
32113
31435
32113
31900
31537
31613
32249
31613
32035
31395
31968
31680
31618
31900
31462
31480
31642
32113
31707
31485
31526
31968
32182
31558
31438
32243
31817
31510
32113
31817
31618
32098
31372
31642
31618
31942
31614
31558
32209
31900
31799
31613
31618
72612
73077
73033
72709
73383
72823
73252
72611
73260
73212
73313
73449
73396
73015
73016
73170
72876
72685
73011
72766
72613
72831
72690
72938
73456
72702
72913
73442
73053
72776
72683
72895
73412
72768
72607
72940
73197
72981
72693
72971
72595
72947
72603
72946
73274
73429
72828
72916
72670
73357
73105
73417
72784
73098
73299
72986
72618
72872
73261
73356
72594
73431
73149
72686
73159
73348
73145
72715
72744
73247
72721
73135
73406
72824
72724
73144
73224
73222
73259
72591
72587
72990
72898
72935
72970
72883
72747
72856
72902
73363
73118
72646
73187
73039
72739
73406
73363
73363
72690
73039
73118
73039
73118
72724
73187
72646
73033
72981
73260
73118
73429
72739
72776
72693
72946
72828
72876
73015
73363
73015
72971
72683
73187
73118
73039
72856
72646
73363
73429
72683
73396
72913
72685
73187
72856
73015
72646
72971
72683
72646
73356
73363
72685
73039
73396
73159
73260
73039
73105
23185
23014
23198
22475
22545
23226
22669
22848
22405
22684
23148
22596
22499
23055
22548
22663
23224
22432
22533
23053
22474
22692
22456
23035
22996
23283
23135
22688
23213
23001
23122
23207
22556
22494
22670
23262
23288
22505
22423
23125
22481
23016
22493
23208
23203
22726
22691
22455
22568
23263
23191
22678
23252
22957
23147
22462
22824
22657
22577
22411
22717
23104
22969
22965
23137
22836
22599
22613
23083
22574
22420
23093
22463
23269
22591
22844
22925
22623
23000
22873
22457
22430
22871
22594
22675
22979
22740
23284
22949
23072
22516
22740
23147
22675
23284
22594
22678
22949
23072
23072
22594
23191
22457
22494
22505
22740
23284
22675
22949
22670
22594
22836
22675
22678
23185
22979
22475
22657
22456
22675
23284
22740
23284
22678
23262
23001
22574
22505
22957
23135
22684
22420
22949
23284
22949
22979
23213
22949
22675
22594
22455
23284
22430
22410
23171
23285
22784
22856
22589
22924
23088
22561
22732
22573
23260
22694
23200
23262
22663
22586
22611
22645
23082
23183
22493
23065
22488
22612
22591
22863
22894
22615
22683
22542
22523
22849
22845
23141
22992
22866
23288
22978
22888
22452
23287
23177
23282
23017
23031
23086
22969
23059
22673
22773
22569
23247
22543
22430
22736
22986
23128
22891
23186
23013
22940
23101
22944
22684
23154
23263
22775
22720
22711
22565
23119
22887
23140
22624
22403
22755
22929
22512
22820
23171
22732
22683
23140
22929
22736
22430
23263
22887
23186
22887
23140
23128
22944
22684
22849
22430
22929
22929
23140
22929
22673
22820
22887
22624
22755
22493
22929
22929
22403
22820
23119
23140
23082
22612
22887
22929
22755
22694
22887
22624
22887
23282
22924
23017
22866
7460
7591
7774
7846
7961
7519
7864
7820
7214
7655
7925
7234
7895
7475
7240
7975
7550
7942
7682
7223
8010
7901
7429
7595
7527
7634
7302
7247
7267
7733
7625
7991
7319
7683
7891
7936
7715
7434
7377
8011
7507
7805
7646
7802
7955
8023
7849
8055
7216
7366
7551
7559
7521
7280
7239
7597
8036
7780
7784
7681
7600
7171
7672
7997
7674
7828
7701
7889
7474
7937
7197
7400
7859
7199
7899
7786
7510
7923
7417
7350
7538
7884
7180
7849
7683
7216
7682
7884
7923
7786
7784
7923
7180
7923
7538
7936
7538
7923
7923
7786
8011
7180
7786
7234
7507
7510
7350
7786
7180
7510
7884
7510
8011
7925
7417
7510
7180
7417
7417
7884
7171
7510
7884
7538
8036
7214
7923
7429
7417
7350
78497
78140
78655
78650
78689
78770
78012
78226
78831
77971
78035
78794
78510
77964
78626
78455
78579
78238
78562
78473
77961
78645
78793
77966
78604
78375
78310
78586
78335
78181
78210
78736
78432
78534
78309
78659
78446
78347
78286
78025
78172
78575
78399
78004
78050
78807
78048
78182
78083
78044
77981
78449
78596
78834
78708
78800
78126
78241
78423
78088
78417
78660
78071
78764
78102
78606
78799
78259
78363
78760
78186
78747
78556
78735
78269
78492
78220
78039
78525
78252
78530
78468
78398
78589
78183
78274
77957
78101
78498
78826
78327
77956
78056
78056
78498
77956
78826
78708
78800
78056
78831
78770
78056
78088
78050
77971
78655
78645
78432
78586
77956
78497
78498
78088
77956
77956
77956
78826
78498
78398
78004
78101
78056
78826
78747
78088
78274
78327
78012
78101
78101
78048
77956
78274
77957
78530
78423
78826
78126
78056
78101
78327
78826
78327
78274
78498
54248
53978
54204
53789
54137
53847
54215
53829
53999
54633
54157
54050
54043
54105
54383
54524
53942
54009
54194
54023
54589
54339
54377
54259
54503
54363
54312
54128
53842
53888
54064
54172
53830
54490
53928
54640
54110
54114
54376
54084
54478
54185
54370
53950
54577
54012
54648
54293
54581
53992
53875
54491
54526
54516
54034
54586
53939
54142
54152
53798
53956
54628
53859
54509
54335
53981
54243
54566
53968
54008
54394
53866
54273
54636
54426
54448
54299
54184
53782
54201
54609
54455
54096
54418
53777
54042
54296
54129
54074
54285
54250
54079
53973
53789
54589
53829
54074
54490
54079
54079
54285
54633
53956
54285
54128
53798
54383
54296
54509
54648
54448
54491
54152
54074
54586
54157
54152
54285
54339
53782
54490
53829
54079
54296
53928
54129
54394
53782
54079
54285
54157
54096
54042
54050
54215
54250
54285
54524
54377
54074
54129
54312
54285
54050
54285
54079
7027
6696
7086
6755
7138
6340
6589
6307
6682
6425
6297
7011
7142
6905
6666
6915
6479
6336
6724
6962
6839
6661
6531
6837
6887
7155
6733
6370
7140
7077
6530
6527
6886
6717
6694
7059
6916
6928
6924
6311
7031
7069
6274
6862
7132
6798
6671
6821
6272
6961
6292
6302
6339
7073
6520
6478
6312
6467
6569
7065
6900
6286
6454
6638
6764
6616
6361
6332
7000
6844
6935
7009
6354
6871
7103
6942
6488
6894
6324
6398
6958
6625
6585
7056
6585
6625
7142
7069
6625
6467
6488
7011
6585
6905
6871
6625
7103
6324
6694
6425
6324
6717
6361
6454
6894
6915
7138
6488
6638
6887
6488
6625
7056
6569
6398
6666
6425
6398
6894
6585
6764
6958
6894
6894
6961
6894
6324
6958
7069
6478
6585
6398
70515
70165
70250
70501
69999
70244
70004
70572
69963
70277
69976
70138
69992
70750
70185
70623
70414
70679
70522
70338
70599
70775
70649
70473
70225
70229
70002
70158
70278
70072
70140
69906
70637
70006
70680
70633
70713
70532
70110
70392
70709
70777
70455
70497
70743
70084
70039
70366
70294
70323
70266
70024
70624
70309
70403
70256
70141
69902
70343
70664
70190
70630
70642
70203
69935
69985
70595
70168
70614
70082
70298
70321
70569
70147
70149
70636
70327
70471
69900
70053
70716
70533
70326
70297
70317
70658
70640
70173
70530
70251
70719
70016
70476
70277
70147
70640
70141
70414
70719
70251
70016
70640
70658
70072
70173
70168
70016
70338
70173
70658
70185
70476
70338
70530
69900
70251
70147
70082
70084
70414
69985
70775
70024
70640
70250
70141
70679
70777
70530
69900
70476
70476
70158
70633
70709
70225
70637
70251
70317
70476
70664
70158
70658
70321
70016
70476
43352
43426
43555
43890
43498
43778
43780
43643
43889
43320
43415
43570
43391
43460
43406
43484
43846
43724
43530
43742
43412
43768
43750
43259
43280
43043
43369
43552
43155
43897
43713
43634
43044
43632
43676
43826
43487
43058
43764
43316
43661
43440
43822
43540
43221
43193
43163
43481
43224
43705
43782
43376
43605
43898
43299
43515
43094
43322
43686
43374
43770
43353
43253
43659
43321
43845
43040
43120
43056
43596
43597
43578
43710
43411
43739
43433
43869
43745
43772
43273
43462
43593
43629
43694
43838
43020
43473
43736
43462
43094
43676
43676
43221
43778
43629
43845
43473
43020
43487
43593
43845
43473
43736
43352
43374
43460
43321
43605
43838
43473
43155
43596
43846
43593
43020
43040
43412
43736
43056
43498
43643
43462
43163
43736
43487
43736
43462
43515
43838
43694
43846
43686
43040
43736
43629
43530
43686
43369
1998
2230
1838
2037
1897
2225
2160
1830
2318
2584
2252
2172
2145
1870
2300
2016
2634
2382
2411
2518
1928
2449
1828
2563
2113
2652
2676
1865
2480
2288
2462
2270
1879
2314
2356
2355
2259
2049
2400
2053
2057
2525
1973
2013
1915
2320
1916
1860
2078
1849
2459
2489
2287
2040
1891
2629
2429
1894
2512
2497
2395
2538
2244
2150
2217
2552
2330
2017
1971
2203
2630
2621
2283
1808
2066
2144
2554
2237
2396
2365
2251
2684
2222
2009
2330
2459
2009
2634
2554
2684
2480
2630
2320
2244
2554
2554
2009
1828
2270
2396
2554
2252
2009
1830
2251
2554
2497
2113
2480
1915
2684
2057
2630
2459
2113
1808
2554
2222
2287
2009
2222
2222
2365
2009
2554
2037
2629
2480
2356
2630
1830
2237
26517
26177
26469
26661
26806
26870
26462
26262
26154
26548
26258
26159
26791
26524
26828
26316
26073
26433
26626
26490
26355
26422
26320
26391
26827
26323
26534
26513
26701
26242
26403
26585
26692
26111
26542
26068
26381
26321
26250
26823
26805
26833
26428
26224
26370
26509
26729
26045
26349
26152
26246
26319
26445
26765
26607
26330
26077
26862
26030
26368
26641
26278
26574
26859
26138
26769
26650
26492
26371
26071
26378
26342
26808
26235
26126
26738
26169
26632
26658
26397
26431
26243
26163
26419
26690
26792
26854
26854
26431
26073
26765
26805
26854
26431
26641
26574
26163
26163
26163
26854
26403
26243
26513
26159
26769
26517
26319
26690
26397
26431
26320
26419
26262
26431
26243
26690
26854
26827
26769
26163
26224
26823
26319
26854
26397
26690
26422
26030
26169
26397
26854
26163
26163
26854
26397
26828
26585
10985
11142
11111
11480
11319
11371
11035
11542
11535
10909
11631
11212
11273
10992
11323
10832
11183
11061
11116
10984
11232
11160
11197
10864
11014
10863
11633
11644
10808
10842
10996
11253
11630
10941
11121
11300
11263
10833
10853
11174
11260
10849
11064
11479
10885
10925
11493
11210
11127
11058
10850
10803
11351
11077
11589
11383
11214
11072
11171
11268
11094
11483
11056
10901
10777
11593
11137
11204
10862
10937
11026
11381
11029
11025
10991
11063
11272
11566
11082
11022
10902
10780
11484
11541
11512
11330
11315
11589
11025
11630
11593
11484
10853
10902
11484
11232
11644
10984
11171
10937
10901
11484
11022
11315
11484
11479
11480
11541
11014
11214
11593
10808
11541
11268
11330
10902
11204
11315
11484
11022
11541
11022
11512
11381
11330
10941
10863
10833
11014
11142
11022
11260
10925
10902
10780
11022
10902
16233
16701
16756
16665
16147
16346
16805
16275
16574
16350
16193
16142
16214
16997
16941
16383
16951
16649
16699
16178
16826
16546
16292
16744
16784
16892
16837
16514
16778
16303
16749
16280
16327
16248
16712
16235
16782
16296
16310
16539
16558
16580
16489
16510
16480
16355
16682
16611
16798
16340
16888
16457
16616
16739
16904
16875
16851
16760
16647
16633
16816
17023
16867
16370
16434
16954
16535
16674
16853
16765
16994
16929
16971
16372
16757
16228
16693
16921
16996
16477
16924
16269
16244
16922
16838
16838
16558
16892
16228
16924
16147
16929
16269
16178
16611
16327
16383
16269
16954
16996
16954
16269
16929
16434
16701
16921
16996
16327
16477
16994
16837
16996
16838
16682
16867
16838
16924
16922
16760
16921
16888
16269
16477
16921
16244
16782
16996
16477
16816
16924
16996
16574
16280
46965
46698
47393
47299
47347
46834
46615
47035
47076
47205
47375
46674
47423
46805
46824
47162
46855
46825
47317
46882
47336
46996
46823
47269
46664
47126
47353
46884
47045
46990
46705
46761
46909
46625
46991
47292
46742
47478
47279
46800
47049
47109
47192
46929
47294
46893
46645
46868
47089
47266
47095
47084
47445
46845
46766
47477
46649
47446
46727
47148
47484
46903
47486
47124
47240
47163
47177
46875
47015
47185
46923
47152
47273
46866
47097
46717
46802
47005
47261
47121
47023
47471
47245
46787
47014
47165
46708
47451
47120
46660
47350
46675
47165
47014
47165
46708
47152
47205
46990
47317
47471
47266
46675
47350
47014
46698
46660
46675
46660
46675
46824
47350
47423
47076
47165
47035
47350
47120
46675
47451
47005
47279
47350
46990
47350
46802
46660
47049
46675
46800
46845
47165
47451
47165
47014
47477
47350
46660
47120
47299
47350
46965
46717
47336
40511
40571
40976
40389
40449
40430
40357
40781
40508
41092
40707
41107
41146
41166
40633
40474
40821
40510
40650
40385
40728
40359
41109
41016
40929
41153
40750
40587
40792
40820
40406
40733
40655
40534
40677
40603
40565
41138
40577
40767
41191
40939
41009
40634
41052
40855
40335
40653
40817
40384
40846
40408
40891
40830
40854
40403
40815
40789
40355
41174
40814
40722
40517
41198
40946
41059
40472
40533
40775
40516
40456
41178
40530
41181
40438
40614
41117
40479
41075
40554
41085
41044
41055
40648
41129
41116
40626
40621
41028
40570
40507
41140
40331
41161
40733
40570
41028
40817
41109
40511
41059
41140
41161
40570
40626
40430
40792
40707
40814
41028
40534
40621
40570
40946
41138
40331
41140
41138
41140
40335
41161
40626
40728
40472
40331
40479
41140
41140
40384
41153
41191
41028
41140
41016
40621
41191
40854
40626
40626
40331
40359
40621
40817
40570
41129
40750
41016
40781
2499
2052
2296
2221
2561
2201
2421
2461
2053
2115
2408
2605
1952
2235
2307
1818
2348
2565
2623
2267
2652
2617
2026
1834
2528
2376
1839
2379
2434
2126
1960
2012
2680
2016
2183
1985
2603
1910
2135
2069
2439
2214
1879
2163
1976
1978
2516
2146
2174
2663
2122
1896
2658
2387
2460
2193
2301
2114
2293
2297
2231
1875
2239
2065
2533
2573
2563
2304
1852
2585
2073
1958
2578
2445
2651
2590
1802
1811
2433
2577
2433
1818
2073
1811
1839
2577
1839
1802
1802
1802
2163
2658
2433
2516
2267
2658
1811
1802
2573
2680
1802
2577
1802
2421
2516
2528
1802
2387
2433
2651
2577
2578
2126
2577
2174
1802
2433
1978
1952
2651
1811
2126
2433
2293
2231
2293
7355
7892
7679
7369
7395
7225
7835
7926
7220
7990
7606
7309
8021
7657
7618
7313
7817
7639
7257
7233
7813
7419
7501
7819
7577
7775
7979
7451
8019
7665
7884
7914
7236
7340
7611
7664
7397
7599
7510
7224
7649
7927
7380
7416
7289
7861
7426
7196
7654
7431
7787
7953
7176
7174
7604
7685
7423
7854
7334
7614
7316
7212
7349
7846
7278
7908
7339
7394
7191
7764
7180
7709
8009
7281
7330
7184
7683
7726
7519
7742
7384
7231
7560
7942
7505
7571
8006
7410
7403
7880
7542
7880
7426
7225
7639
7990
7191
7403
8019
7942
7880
7926
7683
8009
7380
7649
7410
7742
7892
7880
7685
7942
7403
7571
7501
7403
7664
7410
7942
7423
7787
8006
7942
7942
7403
7542
7410
7571
8006
7571
7519
7403
7196
8006
7813
7861
7819
7451
7395
7819
8021
7953
7395
23611
23481
23625
23950
23940
24135
24010
23868
23663
24172
23997
23935
23617
23819
24108
23335
24140
23368
23489
23424
23695
23575
23601
23792
23516
24127
23895
23858
23558
23788
23327
24180
23777
23966
23588
23837
24075
24013
23716
24187
24014
23664
23512
23394
23474
24007
23971
23861
23959
23673
23678
23471
23756
23910
23912
24077
23499
23687
23699
24190
23649
23605
23811
24143
23976
23956
23301
23414
23941
24000
23352
23528
24057
23382
23763
24181
23553
24158
23810
23797
23325
23587
23391
24102
23835
23987
23771
24046
23746
23854
24180
23699
23414
24046
24181
23858
23935
23987
23854
23987
24102
24046
23777
23854
23575
24000
24014
23391
23489
23746
23835
23325
23835
23976
23771
23987
24046
24102
23868
23987
23528
23391
23835
24046
23858
24102
23746
24046
24102
23935
24135
23528
23959
23471
24102
23910
23837
23811
23746
24102
24102
67661
67848
67448
67845
67821
67694
67325
68019
67348
68026
67843
67589
67416
67691
67891
67649
67388
68082
67406
67211
68031
67861
67305
67499
67231
67733
67572
67229
67863
67708
67241
67725
67551
68010
67284
67666
67613
67654
67548
67916
67281
67872
67883
67609
67279
68071
67330
67696
67853
67651
67792
67773
67720
68015
68057
67447
67425
67840
67804
67643
67292
67825
67405
67901
68017
67726
67287
67995
67244
67692
67762
67948
67346
67997
67724
68093
67622
67665
67819
67627
67917
67919
67314
67342
68024
67209
67880
67703
67787
67570
67782
68008
67216
67231
67570
67880
67654
67216
67325
67570
67448
67216
67499
67703
67589
67281
67209
67216
67703
67782
67425
67995
67613
67782
67570
67499
67209
67880
67330
67821
68008
67703
67787
67622
67787
68008
67216
67880
67782
67209
67917
68071
67314
67622
67703
67848
67209
67425
68008
68071
67880
67840
68010
67216
67819
68026
14290
13807
13642
14077
13469
13567
13803
14030
14079
14320
14324
13889
13636
13849
14326
13737
13673
14249
13774
14207
13468
14101
13920
13487
14193
13556
14083
14267
14075
13601
14212
14035
13823
13442
14095
13802
13481
14275
13971
13871
14248
13839
13520
13447
14062
13549
14190
14146
13882
13809
13478
13730
14086
14093
14264
14307
13640
14027
14134
14156
13978
13492
14245
13795
13446
13749
14251
13754
13610
13529
13976
13767
13559
13568
13495
13695
14096
13835
13589
13875
13783
14209
13664
13651
13825
13780
13873
13738
13688
13881
14020
13780
14020
13738
13688
13873
13873
13673
13802
13881
13567
13825
13774
14307
14020
13688
13825
14290
13520
13651
14146
13825
14083
13738
13738
13688
13673
13780
13688
14027
14101
14209
14020
14326
14209
13651
13780
14190
14020
13882
13688
14320
14035
13882
13825
13767
14020
13688
13835
13688
13780
14249
13688
42810
42308
42221
42799
42396
42786
42379
42793
42140
42386
42443
43007
42558
42626
42935
42380
42974
42608
42578
42445
42964
42559
42277
42501
42748
42231
42406
42291
42853
42985
42772
42707
42260
42579
42220
42116
42505
42932
42719
42605
42527
42933
42569
42435
42861
42950
42456
42754
42642
42365
42944
42210
42193
42169
42657
42219
42281
43006
42998
42661
42728
42958
42302
42331
42511
42410
42765
42454
42205
42800
42982
42670
42554
42988
42739
42647
42761
42200
42590
42870
42888
42553
42117
42678
42857
42792
42160
42597
42727
42402
42525
42532
42532
42857
42597
42365
42160
42402
42525
42160
42857
42647
42532
42792
42964
43007
42597
42402
43007
42456
42402
42231
42608
42597
42205
42597
43006
42525
42402
42402
42380
42532
42727
42402
42857
42559
42160
42525
42597
42231
42786
42525
42792
42974
42445
42792
42597
42277
42853
42792
42748
42661
42160
42532
68541
68814
68868
68391
68529
68766
68683
68746
68399
68597
68813
68171
68348
68810
68139
68920
68563
68912
68896
68242
68115
68527
68204
68102
68281
68612
68909
68343
68378
68682
68535
68749
68097
68908
68509
68736
68768
68206
68493
68863
68379
68812
68662
68314
68213
68286
68302
68128
68502
68616
68172
68273
68422
68845
68615
68581
68635
68211
68755
68741
68182
68785
68158
68911
68229
68447
68277
68596
68138
68532
68960
68196
68239
68919
68495
68132
68791
68524
68805
68193
68390
68938
68940
68352
68416
68659
68539
68374
68179
68983
68440
68447
68416
68374
68440
68612
68352
68909
68128
68440
68374
68493
68539
68286
68286
68179
68416
68659
68343
68374
68416
68983
68416
68683
68983
68132
68912
68440
68391
68539
68983
68128
68805
68659
68352
68596
68179
68539
68399
68179
68302
68440
68635
68374
68920
68502
68659
68440
68416
68983
68983
68179
68539
6327
6958
6711
7030
7101
6564
6844
7079
6730
6350
6283
6418
6755
7029
6272
6547
6899
6484
6953
7038
6857
6663
7119
7095
6961
6551
6376
6374
6754
6759
6938
6536
6569
7151
6559
6308
6397
7107
6518
6661
6359
6692
6313
6743
6596
6849
6905
6391
7140
7089
6301
7115
6329
7004
6993
6295
6339
7087
6419
7033
6823
6491
6936
6722
6311
6425
6629
7016
6689
6451
6304
7156
6987
6820
6509
6644
6686
6403
6920
7167
6577
6496
6998
6789
6867
6927
6626
6326
6330
6998
6998
6330
7038
6496
6789
6484
6759
6496
6661
7089
6547
6326
6350
6905
6330
6330
7004
6330
6899
6283
6326
6397
6692
6326
6626
7029
7140
6867
6330
6326
6867
6330
6304
7004
7033
6569
6509
6686
6339
6867
6626
6547
6491
7089
6998
6789
6374
6311
6308
6789
75780
75659
75431
75682
75480
75808
75293
75792
76091
75653
75887
75432
75731
75506
75394
75380
75278
75957
76034
75802
75730
75507
75749
75725
76070
75569
75441
75921
75564
75580
76064
75514
76094
75590
75700
75570
75791
75266
75757
75778
75849
75524
75322
75667
75399
75712
75852
75488
75309
75608
75740
75875
76151
76037
75663
76130
75502
75826
75828
75723
76048
75460
75476
75555
75990
75648
75428
76157
76096
75989
75675
75550
75541
75392
75813
75729
76051
76058
76148
75438
75491
75366
76011
75907
75456
75271
75546
75265
75270
75917
75606
75730
75590
76037
76070
75907
75270
75265
75270
75907
75271
75917
75653
75271
75546
75990
75271
75456
75907
75399
75456
75271
75271
75606
75431
75808
75480
75456
75476
75606
75380
75270
75456
75887
75394
75907
75606
76034
75546
75322
75606
75265
75309
75480
75608
75570
75907
75791
75606
75606
75265
75456
75917
13487
13965
14240
14089
13759
14209
13510
14161
13581
13585
13591
13477
14168
13682
14190
13993
13945
14141
13883
13902
13652
14137
13987
14186
13749
13580
14038
14187
13507
13961
13754
14328
13829
14221
13537
13688
14032
13551
13955
13578
13746
14200
13813
14126
14184
13539
14199
13732
14194
13474
14198
14278
13861
14282
14226
13817
13680
13742
13482
13609
14074
14311
13625
13842
13835
13948
14310
14134
13662
13548
13873
13903
13985
14092
13794
13468
13633
13946
14219
13710
13684
14203
14052
13896
14148
13710
14148
13948
14219
13903
14126
13948
13684
14190
14148
14219
14221
13682
13749
13946
13652
13585
13948
14203
14219
13684
13813
14219
13688
13985
14203
14187
14148
14052
14074
13961
14203
14203
13710
14199
13682
13688
14278
13829
13710
14203
13754
13710
13883
14203
14137
13578
13896
70082
70594
70246
70459
70287
70756
70026
70008
70132
70533
70012
70434
70543
70164
69969
70623
70461
70763
69928
70630
70377
70007
70538
70343
70463
69939
70465
70456
70435
70290
70742
70271
70478
70419
70248
70196
69960
70392
70682
70099
70070
70086
70190
70550
70049
70229
70015
70090
70404
70704
70335
70776
70337
70214
70546
70212
70316
70222
69954
70359
70097
70549
70583
70526
70152
70060
70298
70043
70643
69920
70548
70774
70534
70321
69992
70472
70188
70645
70113
70157
70418
70752
70056
69915
70677
70253
70424
70665
70158
70158
70082
69960
70533
70461
70253
70774
70456
70424
70359
70463
70424
70253
70253
69992
70550
70188
70704
69969
70665
70677
69915
70007
69915
70776
70526
70533
70665
70677
70526
69969
70546
70253
70196
70665
70321
70158
70752
70082
70008
70463
70534
70665
70704
69915
70752
70113
70158
70677
70097
70756
23940
23632
23869
23574
23662
23509
23807
23804
24191
23878
23787
23537
23588
23417
23772
23613
23306
23554
24184
23381
23655
23905
23437
24182
23411
23438
24008
23419
23549
24146
24132
24015
23650
24119
23811
23843
23800
23324
24113
23555
23506
23441
23332
23850
23315
24021
23567
24133
24106
23726
23825
24036
24168
23926
23359
23348
24125
23889
23809
23842
23938
23738
23629
23737
23786
24078
24111
23497
23496
24059
23573
23961
23675
23896
24144
23992
23552
23339
24122
24013
23790
23406
24089
24014
23769
23631
24112
23471
23598
23753
23359
23573
23869
24089
23441
23471
24112
23769
23471
23772
23753
23471
24089
23769
24078
24112
24014
23437
23631
24111
23753
23381
23631
24089
23471
23555
23905
24089
23437
23506
23631
24089
24122
23662
23769
23769
23842
23419
23598
23769
23787
23869
23537
23843
24112
23555
24191
23554
23769
23940
23438
8820
8327
8956
8275
8605
8546
8869
8120
8145
8520
8470
8685
8274
8176
8356
8095
8216
8539
8613
8320
8687
8873
8801
8933
8146
8214
8670
8258
8282
8558
8236
8856
8871
8660
8521
8371
8427
8758
8673
8298
8421
8418
8080
8787
8921
8730
8874
8504
8834
8899
8669
8368
8199
8919
8822
8100
8337
8706
8883
8566
8485
8276
8303
8072
8896
8155
8870
8139
8089
8388
8190
8349
8335
8786
8751
8718
8779
8655
8596
8198
8540
8570
8627
8639
8655
8596
8258
8089
8660
8655
8570
8504
8356
8596
8869
8655
8779
8605
8687
8706
8639
8596
8139
8596
8540
8558
8198
8639
8120
8933
8596
8236
8596
8706
8198
8919
8613
8539
8596
8956
8596
8146
8276
8660
8639
8758
8687
8546
8320
8639
8639
8198
79193
79103
79538
79441
79051
79116
79322
79464
79328
78902
79053
78976
79382
79400
79149
79598
78897
79122
79629
79144
79288
79216
79291
79197
79431
79564
79167
79402
79498
79095
79247
79608
79338
79447
78982
78911
79405
79485
79588
79729
79215
79260
78957
79554
79003
79571
78971
78870
79333
79190
79711
79675
79432
78913
79495
79417
79401
79006
79282
79284
79545
79697
79334
79708
78939
79500
79077
79647
79278
79088
79203
79677
78878
78849
79112
79506
79290
79212
79550
79008
79009
79639
79469
79304
79377
79024
79419
78871
79320
79170
79084
79211
79024
79500
79211
79084
78897
78871
79382
79417
79024
78849
79405
79320
79211
79322
79400
79545
78871
78871
79545
79008
79304
78911
79215
78871
79170
79211
78871
79464
79432
79211
78871
79144
78939
79211
79588
79170
79320
79400
79203
79469
79441
78939
79333
79084
79377
79291
79084
78871
78897
79419
79377
79084
62668
61869
62626
62342
62531
62414
62125
62636
61826
62457
62088
62026
62095
62329
62656
62097
62703
62696
62324
62461
62612
62578
62320
62403
62697
62352
61978
62254
62346
62259
61983
62126
62155
62355
62022
61897
62524
62127
61859
62415
61943
62526
62478
62276
61936
62100
62318
62003
62274
62681
62065
62613
62459
62708
62427
62192
62096
62466
62665
62571
62393
62491
62072
62152
62030
62059
62242
61967
61976
62460
62264
62325
62301
62156
61879
62271
62666
62574
62575
62314
62495
62715
62449
62045
62594
62002
62550
62486
62175
62715
62449
62460
62486
62449
62486
62415
62449
62045
62175
62715
62486
62045
62491
62045
62574
61826
62002
62259
62271
62486
62002
62715
62715
62175
62708
62003
62715
62002
62355
61826
61943
62045
62002
62002
62486
62461
62594
62002
62175
62096
62449
62096
62550
62301
62045
62192
62175
62449
62495
62045
73993
73477
74255
74185
73753
73584
73888
74090
74111
73680
73939
73895
74238
74101
73924
73476
73989
73913
73709
73640
74062
73836
73874
74230
73980
73809
74040
73744
74067
73696
73598
74317
74070
73975
74193
73761
73725
73864
73629
73982
74287
73572
73735
74295
73595
74116
74113
73974
73650
73621
73625
74033
73719
73491
73780
73998
73901
73942
74262
74014
73620
74008
73986
73815
73685
73967
74114
74039
74331
74013
74121
74241
73580
74266
74282
73777
74339
74182
73882
73652
73716
74112
73774
74124
73481
74142
74237
73680
74142
73774
73882
74112
74331
74124
73989
74230
74124
74112
74014
73680
74112
73481
74114
73716
74090
73652
74124
73735
73815
73882
73652
73716
73719
74090
73774
73864
74124
74112
73640
74124
73652
74112
73774
73481
73477
73882
73652
74033
74113
73774
74033
73629
73986
73924
73774
73993
73998
18504
18027
18045
17976
18259
18804
17924
18346
18579
18670
18469
18139
18294
18432
18627
18408
18426
18313
18325
18118
18028
18366
17995
18592
18543
18485
18624
18367
18177
18582
17972
18301
18174
18421
18351
18372
17954
18628
18180
18004
18247
18037
17930
18328
18011
18101
18711
18756
18588
18623
18263
18066
17983
18333
18763
18240
18379
18530
18534
18148
18197
18643
18047
18630
18770
17985
18636
18220
18434
18674
18473
18246
18009
18196
18267
18420
18635
18502
18252
18331
17966
18273
18350
18704
17953
18411
18167
18397
18369
18005
18700
18042
18592
18028
18247
18408
18397
17953
18411
18174
18432
18582
18042
18369
18369
18411
17953
18167
17953
18350
18770
18369
18333
18005
18042
18350
18247
18042
17995
18700
18369
18167
18037
18294
18408
18369
18267
18042
18263
18369
17953
18369
18700
18592
18369
18700
17976
17953
18804
18711
18372
18139
18005
18005
47011
46997
47486
46837
46795
46638
47298
47157
46601
46759
46931
46853
46811
47071
46804
46696
46992
47051
47021
47216
47105
47064
46913
46719
47349
47285
47320
47388
47374
46909
47336
46999
46860
47485
46615
47307
46996
46781
46914
47322
47279
46664
46624
46867
47151
46771
47369
47108
46646
46667
47277
47059
47358
46885
46948
46903
47035
47208
47002
47004
46774
47026
46892
47141
47177
47243
47083
46796
47252
46597
46699
47450
47473
47370
46657
47318
47223
47284
47401
47172
46964
47232
47451
46989
46757
47456
47423
47078
47201
46942
47320
47486
47201
46696
47026
47201
46699
46757
46989
46931
46909
47318
46913
47298
47485
47423
47201
47369
47349
47336
46989
47284
46638
47456
46997
47078
47201
46997
47374
46989
47336
47004
46757
46757
47451
46942
47064
46837
47349
46811
47451
46942
46885
46757
46942
46989
47456
46964
47004
47105
47208
3284
3157
3425
2801
3423
3340
3028
3565
2889
3471
3442
3562
2996
3201
3150
2785
2894
3003
3534
3334
2724
3393
3233
3482
2887
3269
3166
3051
3359
3155
3564
2775
2903
3422
2982
3327
3461
3071
3042
2832
2844
3458
3068
3507
3197
3132
3403
3434
3022
2693
3574
2729
3443
3163
2972
3529
3311
2788
2980
2848
2877
2920
3330
2974
3160
2774
3583
3402
2744
3037
3161
2947
2811
3481
3144
3322
2900
3364
2869
3552
3351
3545
2981
3571
2730
3293
3256
3150
3443
3552
3507
3293
2947
3461
2980
3552
3322
3293
3351
2730
3144
3574
3552
3564
3256
2785
3155
3293
3351
2981
2724
3351
3529
3552
3256
3042
3144
2981
2730
2996
3545
3144
3293
3571
3256
2981
3311
2775
3256
3311
2889
2981
3256
2730
3545
3293
3351
14486
14625
14356
14848
15023
14975
15194
14509
15033
14724
15178
14366
14487
15181
15140
15186
15026
14747
15024
15101
14502
14637
14965
14994
14893
15150
15217
14845
15175
14479
14649
14939
14660
15179
14851
14392
14776
14958
15116
14706
14553
14347
14480
14384
14991
14557
14549
14402
15028
14682
14645
14456
14573
14915
15162
14541
14861
14699
14367
14555
14806
14917
14842
15111
14346
14531
14665
15218
14934
14444
15115
15192
15069
14844
15165
14451
14603
15066
14349
14615
14596
14646
15126
14677
14988
14547
14839
14740
14398
15205
15014
15143
14806
14649
15014
15205
14839
15014
15143
14398
14839
14851
14596
15150
14988
14988
15033
15014
15178
14392
15143
15162
14366
15014
15115
14740
15014
15186
15143
15205
14398
14625
15178
14806
15181
15205
15218
14839
14367
14444
15143
14384
14402
14487
14502
14776
14665
14842
14740
15143
14398
14776
14541
14603
23080
22649
22796
22811
22576
22463
22772
22861
23153
23108
22417
23234
22673
22570
22862
22959
23281
22854
23179
22520
23141
22465
22591
22873
22922
22471
22789
22519
22602
22505
22794
22914
22950
23055
22971
22506
23240
22619
23010
22977
22447
23219
22517
23102
22853
22923
22782
22732
22833
22792
22738
22866
22560
22437
22421
23288
23123
22489
23046
23207
23204
22562
23174
23255
22915
23270
22634
22652
23103
22578
22690
22516
22554
22727
22691
22979
22835
22404
22497
23140
22611
22645
22715
22948
23173
22774
23190
23091
22594
22800
22937
22502
22861
23174
22421
22554
22774
22502
23255
23179
23173
22914
22861
22404
22774
22800
22502
22517
23190
22463
22937
22873
22915
22789
22560
22732
23255
22800
22796
22862
22774
23190
23190
23190
22794
22520
22774
22774
23080
22937
22570
22437
23190
22937
22502
22800
22800
23173
22937
22782
22576
22937
22502
22937
73065
72889
73144
72824
72577
73203
72705
73153
72587
73068
73417
73008
73462
72658
73292
72882
73289
73305
73023
72737
72780
72907
72684
72693
73232
73375
73299
73359
73100
73452
73247
73455
72747
72750
72852
73135
73139
72893
73385
72926
73123
72697
73184
73362
72902
73265
72760
73030
73047
72690
72653
72816
73421
72931
72700
73315
73035
73020
73069
73088
73136
72728
72819
73369
72941
72944
72655
72801
72940
72779
72757
73045
72936
73180
72718
72803
72935
72657
73257
73208
73182
72867
72621
72804
73091
72639
73201
73363
73309
73045
73088
72587
73091
73201
73091
73047
73309
73363
73309
73359
73201
73362
73135
73091
72639
73203
72587
73305
72760
73232
72819
72621
72693
73363
73180
72621
72728
72750
73417
73363
73305
73363
73359
72867
73363
73309
72639
72902
72804
73091
73369
73045
73201
73455
72621
73201
73182
72737
73309
72926
38576
39232
38887
38627
39224
38667
38713
38557
38938
38721
39074
38976
38588
38991
39204
39077
38617
38883
39142
38719
38607
39066
38649
38913
39139
39394
39379
39008
39346
39021
38869
38665
39308
39198
39339
38911
39174
38984
38816
38935
39347
38799
38615
38895
39006
38786
39080
38541
39040
38920
39374
38726
38613
38969
39262
38821
39069
39168
39299
39144
39210
38901
39153
38760
38876
38764
38945
38652
39352
38587
38780
39072
38980
38837
39091
38989
38629
38927
38791
38833
39406
38937
39221
39156
39416
38672
38557
39156
38833
39174
38791
39144
38920
38833
38672
39080
38980
38833
38837
39346
39139
39168
39210
38876
38791
38980
38557
39406
38672
39416
39091
38799
39221
39077
39221
38791
39406
38780
39221
38833
39204
38726
38816
38937
38989
38627
38937
38672
38980
39406
38672
39174
39066
38791
38672
12969
13338
12790
13348
12832
12705
13327
12972
13013
12695
12817
12762
13032
12638
13222
12842
12575
13066
12735
13410
13113
13268
12960
12953
12792
13241
13109
13414
13150
12709
13141
12548
12651
12875
13340
12800
12847
13385
13361
12574
12615
13298
12850
12557
12649
12883
12687
13249
13289
12879
13253
12604
12587
13401
13233
12595
13287
12951
13188
12815
13430
12942
13391
12802
13258
12646
13053
13413
12798
13356
12641
13231
12749
12894
13097
12576
13156
13169
12837
13267
13250
12895
13333
13259
13430
13289
13013
13348
13250
13169
12574
12587
13333
13169
13156
13156
13361
12883
13267
12895
13259
13259
13361
12895
12837
13259
12792
12842
12953
13156
12575
13410
12895
12837
12847
12638
13169
12837
13156
13250
13333
12595
13361
12817
12575
12972
12942
13250
13333
12837
12847
13053
81504
81001
81260
80702
81489
81086
81376
80704
81232
80773
81237
81379
80798
81412
80816
80715
80904
80808
81046
80954
81171
80922
81348
81112
81344
81421
81068
80907
80708
81116
81520
80881
80721
80917
80739
81491
80701
81159
81280
81179
81303
81136
81191
80867
80953
81054
80740
81206
81160
80958
80999
80827
80897
80888
80935
81339
81332
80962
81454
80787
80944
80873
81490
81050
81162
80645
80722
81140
80696
81204
80850
81192
81113
81233
81121
81411
80648
80679
81456
80919
80649
81196
80981
80648
81054
81232
81196
81491
80981
80679
80919
80962
80648
80679
80919
80919
81379
80679
80981
80873
80919
81520
80649
80739
81490
81136
80962
80816
81456
81159
81196
80649
80679
80944
81456
80981
81196
80649
80981
80881
81204
80649
80649
81206
80798
80740
80648
81171
81086
80679
55586
56024
56438
55707
55702
56285
55590
56019
55571
55917
55756
55810
56364
55730
55557
56355
56263
55710
55991
56367
55785
55840
56199
56182
55939
56388
55594
56052
55575
56403
56253
56082
56365
56213
55888
55653
56154
55856
56206
55634
55723
55640
56332
55591
56346
56375
55782
55677
55874
55881
55765
56118
55746
55665
55938
55672
55914
55798
56338
56133
55593
56083
55758
55600
55718
56379
55716
55764
56002
56418
56256
56042
56170
55971
55864
55824
56358
55759
56189
56248
56197
56362
55646
56434
55558
56291
56152
56263
56152
55557
55590
56434
56083
55646
56291
56019
55707
56248
56434
56434
55764
56362
55864
56197
55710
56083
55646
56358
55646
55646
56197
55646
55593
55810
56182
55782
55558
56388
56152
55646
56182
55939
55718
56182
56434
55672
55716
56154
55917
55646
55759
56291
55840
56338
55765
55707
56434
28611
28006
28566
27991
28282
28326
28509
27791
28050
28323
28372
27777
28234
28478
28588
27923
28385
28562
28612
28515
27990
27886
28523
27926
27932
28289
28559
28168
28347
27993
28098
27868
28590
27920
28609
27781
28436
28036
28533
28584
28470
27938
28154
28207
28025
28085
28626
27972
28574
27841
27964
27898
28496
28209
28497
28375
27803
28376
27837
28248
28374
27977
28370
28459
28586
28175
28352
28439
27806
28180
28485
28424
28333
28454
27933
28337
28246
27796
27793
28486
28268
28178
27953
28116
28366
28401
28564
28193
28178
27953
28178
28436
28178
28116
28459
28564
28564
27964
28116
28178
28193
28116
28523
28401
28574
28116
27868
28562
28485
27791
28588
28401
28375
28116
28566
28439
28116
28588
28564
28366
28439
27964
27964
27953
27791
28178
27777
28366
28626
28564
28401
27837
28268
28566
28566
28175
28401
28085
31873
31703
31546
31578
31454
31693
31911
31965
31982
31893
31558
32049
31495
31507
31667
32246
31527
31923
31624
31967
31811
31575
31909
31759
31789
31766
31425
31784
32146
31391
31437
32237
31392
31839
31995
31678
32053
32102
31712
31369
31990
32022
31918
32215
31721
31625
31998
31960
31451
31728
31842
31989
32110
31726
31775
32176
32255
31942
32240
31691
31841
31549
31469
32141
32072
32149
31853
32226
31891
32137
31980
31633
31365
32153
31519
32082
31744
32068
31769
32038
32156
31861
32060
31774
32038
32022
31744
32038
31769
31769
32072
31721
31861
31744
31744
31942
31769
31911
31624
31960
32255
31744
32215
32226
32068
32038
32068
31841
31769
32141
31693
31774
31775
32240
32146
32156
32049
31774
32156
31507
31923
31769
31918
31454
31909
31678
31744
31911
31744
32038
31693
32038
69723
69561
69496
69733
69417
69461
69092
69170
69141
69190
69460
69223
69578
69134
69153
69029
69206
69644
69048
69469
69373
69015
69735
69649
69363
69812
69731
69479
69049
69129
69425
69854
69428
69033
69475
69570
69872
69168
69622
69527
69856
69463
69559
69079
69156
69745
69674
69073
69400
69017
69306
69801
69887
69589
69031
69119
69803
69567
69656
69774
69592
69159
69776
69420
69336
69045
69851
69227
69631
69568
69059
69362
69380
69551
69195
69308
69202
69277
69453
69094
69671
69113
69204
69314
69660
69103
69878
69596
69353
69712
69613
69142
69033
69103
69660
69596
69223
69103
69475
69878
69622
69029
69596
69142
69712
69469
69353
69363
69656
69596
69812
69712
69119
69103
69156
69353
69142
69878
69613
69613
69660
69031
69613
69428
69475
69353
69400
69170
69613
69353
69463
69712
69613
69142
69073
69878
69380
69353
69613
69190
69613
69049
69227
69119
67882
67435
67865
67740
67397
67698
67457
67242
67930
67360
67573
67904
67535
67376
68039
67978
68006
67745
68067
67477
67921
67232
67879
67259
68033
67426
67846
67568
67422
67345
67472
67491
67527
67649
67619
67712
68078
67962
68045
67453
67414
67528
67295
67600
67606
67239
67711
67690
67392
67734
67638
67602
67665
67396
68015
67675
67724
67746
68061
67933
68075
67757
68035
67595
67662
67308
67817
68036
67667
67307
67939
68091
67389
67212
67821
67868
67348
67437
67990
68017
68004
68023
67935
67621
67700
67684
67377
67365
67602
68067
67621
67212
67882
67377
68036
68023
67528
67746
67700
67437
68004
67935
67740
67667
68004
68067
67684
68004
67377
67935
67817
67675
67638
68006
67365
67457
67935
67377
67684
67700
67684
67377
67638
68023
67239
67377
67935
67389
67935
67621
67621
67396
67904
67690
67365
67734
67365
67667
39800
39490
39881
39515
39715
39790
39598
39595
39741
39495
40259
39699
40189
40106
40027
39542
40084
40162
39481
40008
40228
39446
40067
39755
39641
40011
40272
40298
39714
39467
40301
39698
40171
39721
39690
39531
39991
39540
40226
39896
39857
40001
39659
39775
39482
40283
40211
39647
40145
39905
40073
39456
39473
40299
39824
39745
39949
40279
40130
39944
40120
40303
40024
39608
39639
40175
40266
39654
39921
40041
39569
39441
39839
39629
39974
39450
39912
39827
40023
39843
40063
39933
39583
40035
40268
40275
39808
39700
39669
40114
40078
40218
39997
40105
39896
39669
39997
39700
40114
40041
39639
39949
39669
39639
40114
39721
39583
39456
39629
39669
40218
40218
40001
39669
40266
39775
40301
40105
40105
39669
40114
40218
39775
39974
39997
40218
39641
40175
39700
39839
40105
39824
40218
40078
39808
40218
40035
39721
40218
39991
40130
39997
39700
39641
40041
39808
39808
40078
28097
27793
28095
27946
28132
28312
28559
28476
28582
28141
28490
28548
27988
28420
28453
28342
28522
28181
28292
27972
28124
27900
27845
28409
27835
28523
27984
28642
28447
28138
28603
28353
27976
28232
28595
28623
28496
28146
28187
28018
28301
28656
28131
28174
28328
28134
28022
28471
27865
28609
28534
28394
28482
28632
28601
28629
28139
28442
28212
28446
28085
28532
28607
27949
28410
27913
28260
28578
28449
28240
28322
27959
27979
28186
28343
27847
28020
27856
28054
28024
28669
27910
27778
28032
27950
28591
28407
28447
27856
28629
28591
28260
28024
28024
28024
27835
27910
27865
28054
28669
28018
28591
27910
27845
28134
28591
28591
28131
28024
27778
28187
27946
28018
28442
28134
27910
28482
27950
28134
28312
28669
27778
28097
28407
28407
28032
28024
27778
28578
28032
28024
27778
28054
27910
28131
28024
28582
60908
60174
60161
60251
60686
60679
60395
60701
60271
60790
60081
60261
60258
60452
60524
60625
60592
60282
60207
60553
60720
60613
60133
60429
60459
60804
60115
60165
60425
60868
60695
60567
60861
60142
60144
60674
60797
60577
60219
60920
60346
60620
60745
60773
60229
60884
60187
60595
60794
60726
60248
60195
60369
60361
60498
60699
60330
60333
60887
60375
60676
60460
60626
60275
60411
60580
60263
60414
60288
60111
60093
60759
60234
60201
60783
60478
60505
60598
60594
60497
60646
60465
60752
60462
60152
60159
60274
60034
60132
60289
60322
60338
60328
60149
60917
60149
60161
60917
60248
60338
60034
60322
60497
60034
60132
60917
60338
60132
60149
60149
60676
60338
60745
60149
60132
60745
60034
60346
60322
60289
60328
60917
60695
60328
60676
60034
60328
60322
60132
60132
60322
60917
60034
60861
60676
60219
60699
60695
60598
60034
60322
60686
60322
60917
60375
60034
60289
60093
60338
15199
14457
14726
14767
15209
15219
15145
14380
15105
15161
14834
14511
14946
15188
15071
14971
15190
14863
15136
14939
14697
14683
14533
15116
14628
14672
14836
14691
14743
14878
15180
15149
14567
14638
15179
14876
14520
14999
14482
14793
14824
14875
14949
14541
14600
14873
14593
14989
14570
14540
14558
14535
14748
14484
14609
15125
14856
14922
14388
15200
14340
14356
14437
14945
14365
14926
14546
14906
14821
15001
14752
15027
15011
15162
14421
14979
15013
15108
14653
14811
14531
14549
14522
15053
14464
14398
15021
14745
14672
15162
14464
14549
14464
14873
14600
14464
14836
14745
15053
15145
14522
14979
14745
14356
15125
14398
14464
14558
14533
14457
14628
14398
14600
14531
14533
14979
14522
15190
15145
15053
15021
14531
14549
15021
14522
14522
14380
15001
14398
14873
15021
15053
14906
14398
14531
14745
14522
14421
71258
70945
71554
71254
71342
70785
71423
71534
70797
71620
71444
71304
71609
71155
71679
70929
71133
71674
71577
71362
71079
71204
70986
70821
71531
71326
71371
71222
71096
71230
71370
71170
70972
71656
71652
70976
71567
71067
70897
71027
71054
71419
71360
71404
71549
70932
71127
71150
71083
71384
71147
71368
71163
71670
70964
71359
71636
71415
71599
70943
70877
71224
71526
71285
70922
70917
71503
71544
71035
71095
70815
70966
71598
71611
71344
71253
71387
71458
71153
70978
71219
71599
71153
71458
71083
70978
71620
71163
71387
70978
71611
71326
71219
71674
71620
71387
71387
71387
71344
71620
70932
71611
71219
71611
71674
70978
71458
71219
71656
71458
70815
70815
71083
71611
71153
71219
71387
71652
71458
71127
71224
71503
71370
71458
70797
71458
71219
54610
53760
54319
54449
53811
54228
54423
54365
54587
54064
54576
53961
54087
54138
53957
53840
53775
54164
54201
54165
53848
53941
54327
54569
53867
54644
54148
54042
53885
53987
53948
54651
54471
53787
54341
54473
54457
54590
54166
53969
54646
54408
54557
54316
54596
54464
54541
54227
54545
54348
53916
54612
53835
53906
54392
54096
54389
53849
54195
53774
54616
53999
54615
54369
54321
54593
54368
54441
54632
54131
54418
53929
53863
54106
53896
54140
54500
54246
54637
54063
53874
54386
53947
53914
53896
54063
53874
54246
54632
54441
54557
53849
53947
54637
54500
53914
54644
53874
53848
54246
54246
53961
54500
54541
53914
53947
53840
53775
54327
54131
54164
54063
54590
54637
53914
54063
53914
54386
53916
54063
53947
54545
53914
53914
54063
54557
53774
53874
54246
54246
54386
53947
13399
12923
12922
13359
12741
12867
12621
13310
12786
12875
13236
13291
13128
12711
12605
13015
12949
12968
13042
13152
13076
13254
13078
13183
13149
12961
13064
12806
12680
13373
13050
12880
13432
13115
13350
12843
13235
13190
12941
13338
12946
13193
12674
12745
12855
12816
13156
12948
13367
12730
13411
13424
13101
13026
12940
12628
13335
13077
13259
13036
12551
12903
13032
12574
13081
12666
12606
13137
12620
12756
12854
13352
12747
13369
12690
13142
12972
12973
12860
12760
12640
12701
12663
13059
13199
13100
13430
12659
13083
12699
13083
13199
12663
12663
12620
13430
12972
12620
12860
12948
13137
12922
12663
12659
12663
13430
13142
13149
13015
13424
12663
13235
13199
12659
13059
13100
13310
13100
12747
13083
12806
12867
12663
13411
12659
13059
12756
13083
12659
12711
12860
13100
12961
13081
12745
12663
13083
12605
12663
13199
12605
11113
11390
10877
11396
11159
10859
10950
11166
11602
11540
11106
11253
10767
11082
11532
11349
11048
11464
11313
10926
11456
11552
11365
10922
11378
11287
11014
11216
11315
11641
11102
10761
11642
11169
11352
10983
11369
11442
10999
10959
11574
11415
11193
10855
11081
11330
10799
11222
10936
11199
11185
11413
11606
11479
11435
11510
11488
11242
10823
11173
10891
11438
11074
11147
10908
11138
11195
11517
11116
11243
11299
10857
11584
11129
11223
11554
11040
11568
11135
11276
10774
10901
11266
11408
10885
11035
11601
10901
10774
10901
11601
11035
11129
11040
11532
10901
10901
10901
10767
11510
10901
11014
10999
10885
11408
11159
10885
10936
11408
10855
11408
10959
11276
10908
10901
11266
11074
11276
11035
10901
11106
11082
11276
10999
10901
11253
11035
11159
11349
11082
11408
11408
10901
10855
11266
11195
11106
73855
73502
74145
73663
74291
73618
73966
74029
73701
74152
73578
73596
73870
74060
73821
73621
73726
73845
74222
74196
74089
74349
74199
73670
74048
73646
74143
74342
73528
74066
73529
73702
73637
73755
73535
74227
73500
73935
73640
74173
74249
74153
73582
73608
73576
74002
73934
74034
74238
74200
74309
73801
73770
74133
73650
73961
73473
73651
73494
74075
73778
73804
73822
73936
73731
74186
73906
73673
74105
74052
73493
74253
74315
74296
73719
74209
73703
73587
74160
73907
74042
73620
74331
73940
73923
74006
73849
74329
73933
73812
74351
73609
74232
73510
73873
74048
73933
73587
73873
74351
73923
74232
73933
73934
73933
73873
73873
73961
73620
73609
73933
73510
74232
73812
74329
74066
74232
73933
74153
73620
73587
73510
73812
74199
74232
73510
74232
74351
74006
73582
73855
74006
73755
74153
73673
74351
73755
73609
74331
73596
74173
74351
73529
73510
73804
74227
73609
73873
73609
69621
69679
69324
69868
69315
69154
69619
69781
69548
68998
69452
69085
69492
69627
69424
69713
69362
69201
69177
69057
69440
69647
68995
69595
69109
69102
69497
69794
69476
69655
69551
69408
69757
69862
69678
69287
69609
69845
69700
69727
69395
69309
69740
69380
69748
69325
69526
69670
69517
69620
69792
69731
69301
69610
69137
69068
69681
69311
69498
69373
69543
69320
69446
69052
69816
69736
69249
69021
69581
69779
69601
69674
69750
69397
69274
69646
69206
69865
69399
69623
69362
69249
69865
69595
69399
69865
69868
69865
69646
69646
69647
69397
69274
69551
69399
69102
69646
69681
69713
69320
68998
69623
69868
69679
69750
69397
69249
69619
69646
69750
69287
69646
69408
69792
69206
69679
69646
69647
69646
69497
69424
69646
69399
69674
69492
69713
59861
59924
59982
59420
59738
59828
59974
59577
59356
59620
59628
59178
59818
59308
59645
59184
59165
59783
59314
59256
59929
59977
59141
59164
59812
59904
59484
59698
59166
59733
59758
59968
59679
59880
59310
59534
59896
59303
59574
59552
59906
59456
59561
59999
59704
59172
60020
59427
59284
59693
59502
59148
59342
59681
59691
59887
59513
59942
59366
59581
59619
59950
59208
59602
59462
59351
59414
59622
59369
59665
59385
59509
59317
59807
59244
59909
60000
59438
59787
59204
59622
59880
59581
59909
59909
59308
59807
59977
59602
59438
59438
59502
59284
59628
60000
60000
59950
59581
59148
59438
59303
59787
59244
59244
59462
59438
59807
59758
59141
59909
59807
59317
59438
59929
59310
59178
59204
59148
59909
59880
59929
59783
59438
59909
59887
59420
13859
14008
13590
13517
13993
13904
13700
13477
14334
13838
14194
13703
14022
13598
14182
13612
13480
13902
13694
14246
13822
14114
14087
13818
13842
13570
13478
13574
14142
14107
13569
14039
13697
14030
13729
14296
13819
13538
13638
13512
14053
13995
14269
14033
13721
14120
14092
14117
13978
14208
13756
14213
13932
14082
14155
14133
14122
13483
14163
13921
13507
14162
13947
13686
14258
13458
13627
13527
13804
13853
14178
13470
13546
13649
14200
14041
14044
13701
14279
14202
13923
13854
14279
13923
14200
13822
14133
14008
14082
14082
13854
13819
13854
13703
13590
14107
13854
14296
13902
13700
13842
13853
14022
13546
13574
13546
13853
13854
14044
14022
13527
13703
14296
13904
13574
13932
13546
13729
14162
14194
14279
14279
13854
13703
14044
13923
14039
13854
13701
7927
7974
7518
7611
7750
8051
7965
7567
7562
7265
7896
7460
7568
7788
7532
7281
7431
7336
7863
7569
7996
7592
7828
7916
7816
7826
7231
7489
7402
7360
7929
7749
7342
7907
7176
7380
7393
7905
7172
7184
7780
7713
7776
7972
7966
7717
7797
7378
7771
7582
7982
7284
7506
7665
7486
7464
7396
7926
7437
7297
7732
7708
7264
8055
8016
7963
7294
7690
7483
7576
8009
7876
7867
7352
7767
7684
7886
7914
7837
7347
7182
7219
7670
7296
7296
7914
7393
7294
7264
7914
7360
7296
7837
7837
7219
7670
7182
7296
7506
7776
7665
7182
7914
7360
7506
7380
7219
7347
7360
7296
7219
7886
7767
7914
7876
7518
7265
7347
7182
7690
7708
7360
7172
7914
7347
7506
7360
7182
7184
7219
7670
7281
72792
73357
73143
73261
73425
73069
73344
73215
72989
72583
72723
72587
72891
72694
72906
72920
73233
73112
72830
73351
72629
72690
73262
73191
72674
73289
73379
73422
72998
72879
73398
73345
73023
72806
72703
72764
72641
73335
72729
73122
73453
73246
72804
73319
72658
72577
73298
73203
72626
73238
72980
73393
73178
72727
73176
72897
72695
72719
73229
72852
73273
73240
73200
72589
73183
72758
73224
73270
72645
73111
73195
73368
73382
72619
72639
73258
72605
73172
72644
72826
73366
72708
72957
72771
72651
72681
72644
72852
72690
72852
73357
72826
73183
72708
73298
73261
73398
72998
72771
73298
72644
73262
72879
73425
72826
73345
72681
72651
73344
73344
72771
72651
73176
72681
72703
72708
73238
73425
73351
72957
73366
72695
72708
72703
72583
73379
72826
72826
73112
73262
72957
72906
72681
72644
72771
8848
8949
8721
8170
8614
8124
8339
8936
8308
8658
8871
8669
8510
8660
8224
8710
8565
8893
8185
8520
8656
8265
8327
8286
8178
8553
8441
8209
8294
8096
8269
8808
8443
8749
8221
8490
8776
8072
8254
8866
8344
8579
8505
8684
8454
8480
8740
8419
8572
8264
8837
8382
8857
8814
8492
8210
8303
8252
8864
8753
8831
8152
8469
8605
8237
8359
8853
8164
8661
8515
8401
8319
8281
8204
8635
8865
8904
8349
8097
8663
8290
8680
8807
8870
8313
8349
8290
8870
8097
8663
8663
8605
8680
8870
8097
8349
8753
8663
8663
8635
8572
8870
8294
8327
8294
8286
8710
8870
8209
8097
8776
8097
8281
8308
8857
8313
8254
8349
8349
8871
8776
8327
8170
8807
8224
8565
8857
8663
8097
8865
8870
8359
8349
4015
4047
4158
3600
4422
4034
3793
4206
3930
3994
4232
4358
3733
3813
4446
4374
4138
3682
4382
3754
4064
4357
4282
4396
4091
4139
3856
4392
3635
3698
3991
4369
4343
4156
4098
4296
4214
4452
4079
3731
4286
4383
4041
3901
4134
3948
3973
3666
3809
3981
3977
3748
4005
3764
4159
4036
3778
3886
3872
4136
4061
3985
4386
3718
3673
4162
4276
4119
3719
4375
3660
3669
3738
3686
4089
4445
4101
3928
4187
4317
3594
4266
3682
4047
3928
4187
4452
4445
4089
3754
3666
4187
3754
3718
3733
3635
4101
4445
3669
4187
4445
4005
3981
4187
3928
3600
4101
3994
4089
4079
4089
4187
4101
3886
3594
4369
4214
3928
4047
3718
4445
4214
3813
4187
3928
4317
4079
3594
4206
63441
63040
62732
63001
62962
63219
63550
62922
63214
62790
63393
62849
63055
63126
63597
63309
63461
63278
62806
62820
62731
63444
62977
63200
63375
63016
63609
63271
63554
63066
63611
63506
62829
63242
62851
63028
63432
63145
63532
63435
63566
63203
62781
62824
63188
63235
63294
62821
62957
63543
63086
63362
62990
62942
62859
62801
63266
63508
62795
62855
63150
63017
62834
63075
62764
63186
63347
63056
63138
63221
63502
63089
63369
63370
63194
63157
63302
63513
62791
63425
62903
62767
62827
62950
63057
63240
62940
63590
62827
63590
63055
63203
62903
63057
63590
62767
62827
63266
62855
63508
63219
62824
62790
63375
63057
62820
62950
62903
62903
63590
63057
62767
63057
62940
63240
63057
63362
62950
62827
62940
62903
63441
63086
63203
62950
63590
63242
62767
62767
63056
62767
63138
63590
62767
62950
63075
63240
63040
1032
1055
1335
1127
1134
1708
1580
945
922
1667
974
1512
1688
1638
1064
1500
1654
1629
1468
1436
939
1534
1775
1042
1460
1421
1603
1776
1747
1028
933
936
1262
1232
920
1452
1257
1300
1524
989
1408
1344
1732
1615
1589
1272
1675
1522
1547
1758
1167
1283
1086
1322
970
1116
1066
1048
1003
1341
1709
1081
1440
910
1587
1471
979
1284
1078
993
1379
1141
1633
913
899
1059
1360
967
1731
1137
1189
1666
1778
1654
936
1257
1666
967
1262
967
1059
1059
1003
1731
1059
1341
1731
1189
1059
1232
1603
967
1436
1360
1654
1257
1589
970
1137
1284
1778
1688
1189
1059
1500
1028
1778
1436
967
1731
933
1629
1408
1360
1421
1003
1731
1440
1778
920
9289
9371
9118
9743
9230
9835
9781
9482
9745
9421
9762
9493
9032
9568
9580
9852
9167
9324
9758
9445
9128
9782
9322
9382
9636
9209
9462
9787
8969
9004
9479
9114
9286
9081
9122
9159
9504
9773
9024
9726
9566
9361
9151
9772
9395
9704
9629
9192
9397
9319
9697
9751
9177
9653
9492
9242
9456
9432
9416
9200
9207
9630
9354
9125
9172
9250
9142
9600
9318
9632
9749
9113
9510
9571
9398
9394
9716
8960
9372
9224
9420
9707
9305
9183
9119
9305
9416
9224
9119
9636
9151
9305
9707
9305
9128
9835
9420
8960
9119
9580
9224
9361
9354
9113
9445
9751
9224
8960
9004
9119
9224
9224
9183
9183
9707
9749
9151
9224
8969
9707
9580
9707
9119
9305
9286
8969
9420
9305
9479
9566
9242
9305
9758
49260
49257
48746
49164
48806
48558
48790
49188
48751
48934
48724
48969
49255
48781
49211
48535
49060
49215
48721
48786
49058
48429
48905
48476
48388
48959
48713
48836
49221
49198
48951
49220
48899
48434
48393
48696
48744
48986
48898
49140
48907
48982
48587
48665
48466
48996
48788
49246
48449
48841
49068
48804
48679
48657
48626
48516
49004
48389
48865
48801
48715
48957
48519
48640
49111
48677
49137
48928
48990
48881
48863
49191
49135
48659
48965
49184
48733
48646
49150
48442
48792
48859
49069
48909
49197
48859
48393
48965
48986
49184
48434
48466
48535
48516
49069
48696
48909
49150
48863
48928
48724
48790
49004
48934
48859
48677
48898
48859
49069
48442
48909
49069
48792
48788
49260
48792
48646
48476
48859
49068
48792
48909
48587
49135
48646
48388
49069
48801
48792
48788
48965
48792
49150
52440
52453
52334
52631
52447
52713
52255
52006
52600
52192
52365
52695
51971
52153
52279
52112
52001
52044
52057
52575
52416
52659
52000
52105
52294
52738
52367
52113
52190
52356
52281
52014
52387
52723
52810
52179
52493
52389
52402
51978
52349
52462
52274
52831
52009
52753
52801
52418
52391
52452
52019
52221
52055
52008
52012
52687
52304
52090
52083
52053
52650
52143
52469
52704
52435
52413
52752
52077
52175
52489
52383
52761
52433
52114
52564
52196
52619
52539
52637
52726
52799
52753
52687
52564
52001
52810
52462
52447
52687
52619
52055
52304
52539
52114
52304
52539
52539
52391
52192
52469
52279
52433
52726
52114
52435
52801
52009
52726
52752
52196
52012
52175
52619
52196
52279
52179
52440
52143
52274
52564
52799
52801
52539
52114
52799
52279
52196
15822
15666
15651
15791
15725
15918
15365
15827
15446
16125
15485
16003
15359
15979
16100
15723
15757
15679
16124
15290
15794
15904
15751
15950
15767
15805
15362
15897
15450
16091
15859
15288
15974
15281
15594
15381
15392
15472
15756
15818
15395
15533
15306
15991
15396
15885
15613
16059
16009
15661
15431
15702
15491
15726
15647
15376
15675
15660
15300
15754
15538
15972
15277
15997
15887
15742
15947
15280
15783
15978
15736
15916
15430
15703
15301
15330
15623
16085
15733
15494
15353
15481
15605
15940
15895
15390
15651
15538
15897
15733
15301
15979
15481
15390
15733
15353
15594
15997
15733
15726
15895
15353
15390
15940
15733
15733
15742
16100
15818
15365
15918
16003
15736
16003
15494
15895
15675
15494
15904
15767
15666
15359
15623
15353
15666
15859
15390
15353
15940
15895
15822
16091
16125
15481
15736
56180
55624
55805
55664
56298
55593
55776
55647
55944
55750
55576
56199
56165
56108
55842
56309
55607
56065
55985
55762
56304
56269
56253
56161
56194
55803
55963
56340
55840
56232
55874
56127
56375
56324
56117
55900
55990
56157
55833
55819
56390
55590
56001
56067
56103
55885
56100
55981
56236
55662
56264
56278
56098
56166
55807
56365
55674
56130
55711
56151
55757
55632
56145
56427
56263
56073
55687
55989
56218
55767
55745
55899
56134
55817
56251
55557
56445
56255
55710
55785
55996
55651
56379
55986
55785
55986
55624
56390
56263
55651
55651
56255
55996
55986
56067
56180
56375
56379
56309
56134
56134
55986
55576
55710
55986
56445
56065
56117
56263
55963
55632
55710
56379
56255
55590
56445
55590
55986
56255
56255
55674
55607
55664
56180
56117
55632
56236
56255
56255
56379
55651
55710
23914
23484
23514
23301
23699
23779
23910
23592
23722
23759
24189
23500
23361
23695
23789
23372
23949
23887
23847
24074
23855
23609
24187
23723
23413
24132
23532
23543
24051
23884
23434
24097
23724
23449
23831
23908
23420
24028
23989
23827
23496
24047
23785
23848
24041
23931
24026
23640
23487
23685
23582
23924
23432
23956
24027
24042
24072
23672
23980
23554
23673
24053
23481
24015
23660
24139
23556
23370
23686
23374
23692
24095
24121
24073
23544
23810
23794
24190
24099
23536
23879
23663
24103
23383
23791
24001
23571
23622
23686
23663
23571
24132
23791
23956
24072
23663
23847
23791
24026
23855
23544
23622
24132
23383
24051
23789
23383
23884
23500
23543
23622
23571
23789
23543
23383
24001
23663
24001
24074
23481
23571
24103
23879
23554
24027
23383
23571
23831
23663
23908
23484
23779
23622
23536
23383
23879
23383
23663
11991
11765
12306
12529
12295
12024
11743
12393
11851
11915
12279
11711
12117
12382
11796
12190
11821
12008
11988
12341
11730
11966
12043
12302
12230
12511
11693
12394
12489
12064
11990
12331
12436
11891
11845
12388
12287
12465
12281
12050
11764
11882
11748
12114
11832
11854
11856
12274
12157
12303
12224
12491
11802
12362
11790
12464
12315
11869
11842
12524
11932
12206
11917
12307
12095
11667
12081
11688
12521
11863
11649
12452
11657
12195
12044
11877
12173
12075
11914
12249
11914
11966
11988
12195
12303
12075
12382
11863
11845
11657
12044
11856
12044
12044
12075
12206
12382
12249
11914
11863
12393
12044
11657
12224
12436
12117
12306
12195
12382
12024
12075
12382
11891
11856
12075
12489
12195
12529
12249
11693
12382
12075
12279
11693
12511
12206
80828
80956
81415
81265
81464
80773
80672
81368
81516
81167
80973
80966
80988
80953
81000
81271
81010
80652
80941
80726
81214
80730
80685
81312
81326
81143
81477
81023
80923
81449
80894
81190
81302
81116
81346
81232
81493
81157
80841
81147
81201
80862
80799
81230
81193
80659
80661
81261
80871
81091
80869
81160
81321
81528
81284
81455
80696
80884
80890
81426
81211
81317
80878
81126
80766
81534
80844
80827
81140
81219
80680
80853
81353
81341
80877
80811
80814
80987
81337
80857
81285
80686
80811
80811
80857
81214
81265
80680
80877
80814
80941
81337
81167
80811
80686
80814
81285
80857
81426
80652
80871
80877
80686
80869
81000
81321
80844
81337
80844
81211
81534
81337
81261
80811
80987
81143
80814
81285
80686
80686
80857
81261
80811
81190
80973
81346
81346
80987
80841
15591
15750
15781
15926
15766
15379
15363
16104
15683
15994
15927
15289
15985
15912
15736
15456
15496
15434
16071
15463
15412
15734
16124
16093
16103
16003
15391
15365
15361
15267
16068
15487
15860
15284
15910
15775
16043
16115
15705
15622
15904
15690
15397
15567
15521
15923
16118
15548
15831
15339
16076
15682
16074
15838
15401
15371
15779
15293
15449
15614
15995
15341
15518
15596
15794
15636
15360
15520
15701
15564
15996
15702
15497
15258
15863
15677
16040
15347
15659
15744
15623
15423
15954
15680
15890
16059
15613
15873
15680
15954
15954
15623
15890
15954
15890
15613
15623
15434
15744
16074
15680
15926
15926
15623
16059
15682
15267
16003
15890
16093
15613
15423
15954
15613
15397
16124
15904
15518
15293
15702
15994
16043
15890
15423
16059
15341
15659
15954
16059
15860
15954
16118
15659
15636
15873
15954
15996
16104
8700
8620
8867
8839
8198
8069
8214
8249
8413
8706
8067
8516
8604
8769
8774
8673
8400
8481
8429
8170
8877
8879
8608
8889
8445
8143
8490
8452
8903
8758
8264
8866
8322
8741
8221
8433
8399
8329
8263
8660
8759
8353
8137
8563
8836
8070
8893
8411
8248
8605
8570
8277
8853
8081
8147
8936
8340
8802
8457
8629
8230
8132
8210
8918
8716
8732
8274
8742
8826
8216
8082
8666
8316
8133
8783
8736
8541
8285
8616
8796
8627
8088
8202
8740
8194
8209
8872
8572
8585
8740
8740
8088
8866
8604
8620
8877
8872
8202
8585
8147
8209
8796
8194
8666
8322
8209
8585
8616
8209
8088
8608
8248
8866
8143
8209
8194
8867
8202
8088
8285
8088
8081
8740
8700
8209
8700
8194
8872
8585
8433
8572
8194
8202
8903
8585
8194
8758
8194
8673
8088
61647
61193
60976
61316
61460
61243
61240
61140
61286
61018
60966
61498
61354
61631
61495
61177
61611
61479
61815
61490
61735
61304
61030
61089
61584
61546
61555
60950
61352
61289
60975
60972
61019
61270
61772
61580
61548
61269
61497
61547
61097
61571
61493
61464
61372
61373
61636
60988
61540
61279
61312
61104
61288
61510
61456
61146
61598
61223
61685
61512
61715
61560
61620
61301
61336
61356
61351
61148
61420
61105
61216
61165
61481
61821
61668
61256
61601
61609
61440
60963
61587
61124
61385
61757
61778
61802
61581
60955
61422
61581
61778
61778
61555
61580
61148
61778
61304
61802
61269
61018
60950
61580
61140
61757
61587
61460
61216
61547
61778
61385
61584
61778
61821
61286
61124
61512
61422
61312
61148
61560
61177
61464
61256
61165
61802
61385
61587
61124
61354
61581
61304
61481
61735
61289
61124
61336
60955
61124
61385
61498
61149
61100
61435
61142
61488
61499
61061
61598
61410
61651
61504
61681
61752
61777
61208
61013
61179
61506
61595
61607
61377
61163
61773
61006
61573
61789
61438
61434
60935
61313
61383
61261
61367
61038
61240
61514
61621
60965
61218
61619
61450
61249
61486
61226
61303
61606
61064
61044
60999
61089
61561
61775
61247
61211
61138
61282
61201
60954
60988
61375
61091
61650
61017
61580
61639
61437
61213
61705
61474
61465
61020
61536
60949
61756
61553
61323
60956
61430
61334
61718
61686
60986
61674
61224
61594
61674
61224
61674
61261
61224
61474
60988
61020
61674
61718
61434
61465
61639
61718
60999
61064
61377
61674
60949
61013
61686
61488
61651
61651
60986
61465
61100
61686
61334
60986
61138
61224
61686
61226
61334
61261
61430
60986
61089
61334
61434
61686
61681
61224
61514
61474
61718
61674
30072
30385
29882
30355
30154
30172
30139
30207
29841
30039
30331
29814
30130
30378
30083
29629
30246
30460
29755
29933
29879
29835
29845
29587
30121
29995
30204
30178
29660
30185
30063
30372
30397
30017
30303
30423
29925
29943
30462
30250
29892
29955
30340
30060
30345
30054
30188
29827
29709
29599
29842
30150
29592
30166
29578
30201
29947
30156
29865
30228
30405
29825
29880
30370
29631
29936
30010
29949
29941
30264
29924
30352
29639
30198
30073
29682
30071
29664
30119
30351
29708
29801
30323
29694
29766
30253
29588
29608
30387
30113
29695
30188
29880
30264
29880
29835
30387
30253
30246
29608
30119
30113
30253
29766
30352
30462
29694
30264
30387
29924
30323
30113
30387
30303
29578
30150
29694
29608
29933
29766
30246
30331
29629
29892
29694
29694
30054
30072
30387
29592
29755
29608
29695
29588
30345
30119
30462
29879
29608
30139
29865
30204
30387
34091
34351
34109
34583
34103
34465
34291
34648
34887
34189
34727
34568
34219
34295
34592
34238
34874
34460
34491
34838
34914
34332
34926
34209
34128
34927
34236
34682
34852
34646
34693
34624
34362
34886
34317
34381
34939
34534
34814
34618
34316
34725
34883
34867
34817
34656
34900
34050
34185
34802
34683
34462
34419
34669
34131
34540
34478
34130
34826
34178
34147
34354
34265
34110
34053
34915
34210
34563
34801
34881
34798
34094
34441
34691
34443
34697
34579
34470
34759
34217
34755
34288
34567
34158
34183
34504
34521
34400
34597
34364
34269
34074
34689
34581
34317
34400
34581
34183
34269
34364
34624
34597
34568
34269
34618
34689
34074
34400
34689
34838
34534
34683
34521
34540
34592
34400
34074
34914
34802
34838
34759
34269
34581
34521
34269
34478
34597
34400
34317
34852
34074
34568
34504
34441
34581
34460
34798
34581
34563
34886
34581
34185
34178
34915
34521
34443
34597
34269
71216
71613
71301
70892
71590
71007
70931
70945
71046
71600
70875
70895
71357
71483
71459
71305
71485
71652
71008
70929
71082
71132
70928
71435
71182
71129
71175
71610
70951
71324
71097
70816
71326
71353
71250
71222
71471
71074
71283
71089
71404
71086
71217
71135
71394
71585
71147
71368
71548
70999
70846
70833
71230
71596
71402
71320
71640
71534
71627
71128
71542
71525
71589
71232
70907
71660
71002
71318
70901
70886
71083
71069
71399
71492
71428
70959
70985
71016
71117
71110
70820
71307
70896
71163
71016
71016
71117
71163
70951
71129
71110
71016
71394
71008
71163
71163
71216
70896
71082
71250
71492
71534
70886
71548
70985
71307
71307
70820
71117
71110
71117
70959
71307
71353
70985
71163
70820
70985
71250
71117
71404
70928
71305
71428
71216
70985
71353
71016
70896
70886
71117
70896
76476
76755
76922
76541
76281
77003
76351
76767
76431
77044
76971
76889
76908
76815
76341
76319
76576
76586
76953
76748
76861
76824
76273
76753
77008
76674
76572
76332
77048
76583
76423
76170
76499
76829
76850
76783
76299
76686
76333
76579
76497
76480
76920
76205
77034
76833
76738
76402
76975
76443
76689
77025
76697
76307
76650
76276
76678
76479
76575
76803
76666
76216
76835
76308
76616
76314
77006
76778
76958
76901
76657
76828
76457
76217
77031
76236
76339
76847
76230
76604
76224
76169
77039
76169
76604
76443
76783
76847
76339
76339
76480
76835
76339
76169
76604
77039
76276
76169
76541
77006
77006
76236
76572
76604
76604
76686
76753
76217
76674
76224
76604
76169
76236
76861
76753
76604
76572
76604
76339
76299
76339
76604
76341
76224
76803
77039
76920
76953
76833
76169
42178
42649
42266
42270
42283
42800
42665
42215
42120
42608
42336
42307
42550
42621
42304
42852
42345
42305
42725
42189
42251
42293
42879
42934
42288
42421
42503
42894
42272
42598
42233
42883
42669
42232
42952
42218
42112
42170
42927
42767
42594
42212
42816
42618
42714
42202
42582
42136
42605
42741
42492
42985
42766
42868
42826
42347
42839
42551
42685
42565
42893
42134
42247
42854
42650
42855
42656
42712
42609
42587
42607
42730
42959
42765
42524
42593
42483
42903
42162
42841
42451
42549
42964
42441
42953
42350
42984
42733
42491
42245
42613
42408
42459
42408
42613
42733
42245
42984
42408
42893
42215
42883
42714
42491
42549
42733
42408
42649
42251
42733
42593
42245
42245
42733
42800
42350
42421
42266
42985
42233
42120
42587
42350
42733
42307
42613
42608
42524
42826
42134
42162
42984
42598
42613
42985
42733
42593
42233
42120
42800
42491
42491
42170
42594
42765
42350
55688
55600
56167
56169
56127
55582
56214
56224
56026
55634
55808
56095
56097
56225
55866
56316
56254
55975
55984
55574
55988
55641
56378
56379
55717
55829
56274
56442
55896
55967
56066
56030
55938
55578
56180
55812
56033
55867
55715
55763
56233
55557
55941
55908
55815
56253
56232
56430
55776
56317
56132
55936
55565
56402
56186
56038
56143
55902
55711
56349
56215
55922
55916
55738
55628
55871
55720
56314
56019
56072
55927
55677
55710
55874
56175
55555
55595
56301
56042
55671
55598
56162
56200
56062
55716
56074
55814
56200
55671
56162
55671
56074
55922
55814
56074
56402
56074
56127
56200
56097
56442
55867
56186
55936
55628
55814
56033
55671
55716
55720
56042
55941
55598
55598
55812
55677
56180
56314
55814
56200
55634
55598
56097
55598
55812
56200
55671
56215
56402
56143
56038
55671
55716
55814
55716
55967
56200
1323
1362
1791
921
1352
1449
1772
1665
1138
1339
1458
1666
1077
1526
1725
1209
922
1092
1308
1596
1616
1720
1758
1460
1563
1577
1551
1119
1202
1311
1766
1529
1001
1314
1038
1353
1127
1588
930
1462
1102
1595
986
1059
1557
912
1692
1681
1738
1531
1762
1394
961
1165
1257
1030
1350
1129
1029
1578
1789
1715
1003
1522
1179
976
1726
1601
1042
1147
1782
1100
1154
1423
1615
1111
1189
1228
1701
1051
1391
948
1661
1617
1327
1054
1529
1529
1617
948
1189
1391
1394
1666
1391
1202
1531
1725
1154
1617
1327
1701
1202
1127
961
1391
1701
1059
1119
1003
1054
922
1578
1138
1720
1772
1423
1391
1601
1054
1661
948
1692
1352
1725
961
1522
948
986
1701
912
1189
1557
948
1526
12106
12121
12069
12302
12087
12176
12499
11946
11998
12498
11913
12477
12334
12303
11827
12153
12127
11786
12374
11839
11732
11911
11924
11967
12461
12347
11857
12200
12131
11960
12150
11993
12330
12297
11738
12047
11829
12011
12514
12542
12301
11753
12488
11797
12242
12426
12285
11860
11782
12197
12280
12225
12255
12205
12309
11749
11966
12249
12000
12354
12507
12267
11792
11930
12140
11751
12254
12052
11652
12388
11941
11775
12111
12078
12181
12410
11945
11757
11989
11715
12107
11689
11678
11667
12075
12279
12420
12046
12309
12242
12075
12107
12420
11732
12127
12420
12075
11751
12075
11797
12388
12279
12197
12075
12000
12279
11678
12075
12249
12046
11667
11678
12354
12121
11678
12279
11667
12075
12420
11667
12046
11678
11792
11911
11689
12046
11678
12354
11924
12488
12388
11998
12075
12046
12075
12046
11667
12107
11621
11513
10866
10808
10766
11236
11561
10868
11179
10976
10833
10985
10826
10870
10953
11108
11534
11569
11178
11220
11221
11234
10816
11486
10986
10982
11428
10887
10811
11017
10907
11326
11204
10761
10987
11337
11147
11423
11603
11136
11005
10991
11160
11172
10897
10770
11131
10900
11127
11140
10908
10882
11505
11343
11624
11159
11093
10834
11098
10994
11631
11419
11382
11249
10896
11276
10813
11182
11421
10845
11112
11336
11518
11543
10860
11146
11325
11184
11176
11455
11534
10900
10868
11325
10860
10896
11182
11325
10766
10987
11543
11455
11146
11543
11017
11455
11184
11534
11184
11325
11621
10985
11176
11146
11176
11543
11184
11423
11112
11543
11184
10813
11146
11543
11428
11455
10808
11172
11603
11184
11505
11543
11325
11428
10816
11455
11373
11504
11508
11107
11114
11014
11246
10867
11248
11103
11300
11061
11425
11202
10802
10828
11344
11532
11253
11291
11576
11314
10859
10846
10784
11631
10778
11479
11367
10764
11534
11433
11065
10957
11006
11262
10813
11143
10826
11598
11378
11211
11307
11208
10940
11320
11460
10929
11411
10851
11219
11046
11639
11244
11387
11590
10994
11474
10979
11155
11205
11580
11192
10842
10864
11446
11263
11352
11464
11180
10870
11169
11592
11494
11204
11585
11137
11238
11458
11625
11117
11562
11234
10860
11283
11222
10874
11327
10897
10798
10876
11446
11192
10876
10897
11411
10860
10876
11433
10798
10826
11352
10897
10798
11222
10876
11458
11283
10876
11378
10940
10764
10874
11580
11494
11006
10874
10798
11014
11283
10842
10860
11211
10874
10860
10859
11155
10860
10874
11446
10870
10876
11283
10860
10798
10798
10874
10870
10897
11585
10870
10798
10851
46003
46280
46347
46037
45809
45916
45973
46463
46317
46269
46046
46511
46334
46243
46568
45836
46165
46515
46572
46344
45922
45833
45908
46575
46152
46127
46391
46413
46258
46532
45920
45864
46400
46111
46246
46260
46467
46107
45872
45820
46424
46285
46444
46548
45983
46090
45816
46456
45761
45717
46094
46438
46500
46045
45705
46359
46418
46557
45879
46053
46422
46577
45868
46389
46101
46321
46128
46168
46179
45989
46035
46125
46024
46385
46212
46539
46296
46273
46118
46465
45698
45950
46498
46451
46364
45906
46051
46141
45902
46512
45954
46556
45918
46150
46478
46465
45833
46150
46273
46478
46556
45954
46548
46046
45879
46150
46118
46556
46575
46141
46150
46568
46141
46258
46572
46478
46556
45954
46269
46512
46556
45902
46364
46512
45983
46572
45902
46568
45906
46141
46141
46515
46572
46556
46467
45902
46150
46400
45918
45954
46212
46053
45920
46347
46090
45918
46118
46500
46150
36396
36478
35859
35968
36636
36528
36550
36136
36292
36013
36064
36718
36009
36370
36385
36688
36300
36298
36272
36428
36079
36443
36476
36368
35898
36242
36371
35977
35907
36059
35991
36212
36176
35916
36727
36693
36306
35845
36423
35964
36210
36430
36526
36062
36237
36137
36457
36494
36038
36581
36314
36392
35901
36383
36206
35864
36320
36455
35893
36672
36652
36508
35871
36382
36487
36439
36564
36103
36605
35910
36174
36346
36028
35987
35936
36474
36271
36470
36039
36410
35941
36527
35850
36688
35941
35941
36059
36009
36457
35864
36727
35850
36064
36527
36487
36062
36672
36039
36271
36039
36371
36271
36242
36137
35850
36039
36383
36494
36474
36212
36494
35941
36306
35987
36039
35850
35941
36292
36470
36392
35936
36428
36528
36457
36474
36271
35850
36636
35941
36527
28882
28752
29346
29229
28953
29187
29356
28709
28877
28804
29191
28822
28799
29424
28963
29489
28801
29169
29168
29230
28753
28707
29184
28961
29107
29224
28930
29352
28820
29013
28782
29064
29226
28891
29429
28775
28691
29553
29232
28975
29078
29024
29063
29367
28943
29315
29400
28858
28869
28852
28989
29422
29562
29050
28929
29003
29546
28933
28760
29394
29498
29293
28755
28884
29490
29018
29473
28974
29409
28985
28860
28863
29125
28816
29082
28787
29233
29547
28920
28817
29210
28987
29414
29224
29315
29490
28787
28760
29489
29414
28987
29498
28884
29233
29293
28755
28943
28752
29233
28987
28987
28953
29414
28787
28869
29547
28987
29414
29063
28817
29233
28884
28933
28860
29050
28882
28920
29210
29414
28929
28987
28787
28817
29547
29224
28877
29169
29356
29233
28787
60135
60502
60350
60558
60876
60244
60569
60865
60254
60467
60123
60190
60743
60560
60155
60256
60175
60503
60690
60325
60673
60721
60565
60092
60539
60255
60793
60731
60034
60322
60916
60456
60758
60522
60346
60501
60387
60231
60302
60719
60239
60361
60542
60452
60039
60412
60299
60088
60831
60120
60413
60053
60241
60406
60284
60643
60288
60910
60738
60796
60226
60825
60230
60564
60819
60718
60812
60317
60153
60800
60628
60340
60627
60360
60454
60252
60803
60533
60593
60090
60299
60593
60288
60360
60252
60299
60231
60454
60454
60120
60533
60643
60593
60252
60593
60627
60803
60254
60503
60360
60721
60230
60090
60831
60252
60350
60190
60673
60533
60593
60454
60690
60533
60252
60454
60593
60360
60360
60627
60522
60643
60558
60560
60034
60244
60803
22114
21702
22336
21637
21953
21823
21717
21873
21529
22061
21712
21803
21524
21512
22396
22282
21736
22279
22059
21758
21514
21566
22289
21801
22253
21554
22121
22058
22331
22270
21854
22342
21939
21641
21845
22352
22042
22141
21762
21775
22287
21811
22217
21848
22349
21836
21711
21598
22139
21550
21882
21860
22131
22205
22372
22138
22053
21588
22016
22021
21868
21756
22376
22236
21820
21764
22340
22245
21802
22079
22277
21885
22299
22392
22123
21530
21979
21633
21991
22155
21785
22349
22061
22155
21633
22123
21762
22392
21775
21530
21836
21736
22123
21854
21702
21979
22021
21633
21811
21530
22270
22155
22331
22016
21529
21991
21979
21991
22042
22372
22287
21756
21598
21860
22123
22392
21530
21633
21885
21991
21785
21979
22016
22277
21953
21633
21803
51398
51483
51404
51620
51503
51923
51106
51602
51934
51810
51637
51259
51220
51290
51415
51188
51488
51576
51123
51676
51238
51438
51733
51520
51526
51880
51307
51384
51582
51967
51613
51686
51875
51164
51479
51199
51822
51688
51950
51947
51274
51729
51939
51153
51592
51299
51942
51283
51394
51262
51610
51093
51655
51618
51552
51496
51675
51932
51521
51339
51687
51531
51876
51080
51467
51449
51251
51905
51522
51936
51517
51179
51229
51329
51720
51841
51746
51244
51222
51804
51081
51927
51801
51930
51214
51166
51129
51166
51081
51188
51229
51214
51080
51801
51166
51804
51503
51166
51081
51081
51932
51251
51488
51188
51166
51927
51307
51479
51164
51613
51404
51251
51675
51081
51214
51129
51939
51166
51290
51927
51214
51220
51129
51801
51927
51576
51214
51592
51804
51720
51307
51526
51804
51081
51166
51930
51123
37411
37295
36930
36850
37485
37303
37190
37590
37564
37515
37446
36768
37609
37466
37029
37116
36794
37463
36936
37543
37571
37245
37455
37542
37567
37035
37528
36791
36969
37532
36995
37225
37123
36960
36934
37499
37044
37201
37580
37095
37456
37347
37041
36948
36962
36804
37181
37353
37155
37111
36761
37534
36970
37308
37593
36914
37412
36754
37060
36894
37244
37584
36795
36745
37420
36780
37290
37143
37210
37149
37448
37052
36978
37159
37372
37459
37480
37018
37481
37489
37422
37500
37265
37517
37527
37456
36962
37481
37295
37481
37265
37225
37527
37532
37466
37265
37584
37422
37527
37265
37095
36948
37542
37116
37527
37489
37481
37347
37485
37412
36794
36791
37481
37018
37422
37265
37489
37095
37481
37527
36850
37422
37372
37190
37500
37527
37489
36804
37500
37018
36894
37455
37517
24543
24820
24788
24742
24505
24442
24376
24894
24850
24255
24617
24759
24783
24486
24652
24801
24233
24735
24892
24490
25065
24203
24515
24740
24857
24684
24665
24404
24659
24510
24875
24840
24532
24993
24829
24310
24371
24225
24866
25006
24342
24283
24195
24789
24314
24476
24809
24265
24607
24923
24853
24984
24744
24981
24703
24521
24833
24956
24645
24462
24942
24927
24791
24362
24344
24326
24234
24199
24848
24750
24461
24456
24291
24583
24766
24903
24628
24468
24574
24666
24458
24863
24582
24623
24676
24357
24774
24258
24961
25032
24563
24478
24714
24680
24961
24357
25032
24476
24744
24456
24680
24195
24961
24607
24652
24680
25032
25032
24961
24258
24195
24258
24961
24563
24521
24583
24866
24927
24927
24628
25032
24956
24774
24735
24903
24853
24462
24875
24442
24265
24961
24258
24750
24740
24848
24607
24703
24199
24478
24203
24742
24563
24961
24456
24258
24652
24703
24742
70550
70725
70205
70733
70581
70421
70302
69898
70648
70135
70656
70519
70576
70110
70042
70769
70086
70197
70473
70686
70350
70609
70059
70349
70472
69901
70410
70682
70622
70143
70146
70582
70695
70386
69930
70428
69896
70176
70700
70075
70513
70441
70279
69935
70074
69923
70141
70153
70661
70502
70754
70185
70744
70140
70638
70627
70104
69932
70217
70653
70281
70400
70636
70032
70014
70538
70617
70719
69947
70739
70099
69955
69926
70703
70128
70585
70446
69895
70722
70551
70284
70505
69956
70511
70089
70320
70178
70486
70012
70121
70660
70085
70654
70121
70486
70486
70178
70486
70012
70519
70754
70121
70505
70185
70654
69930
70754
70486
70176
70519
70754
70627
70660
70386
70178
70012
69895
70121
70178
70178
70538
70178
70682
70609
70143
70012
70178
70121
69901
70350
70178
70320
70178
70654
70074
70085
70654
70428
70769
70110
70769
70012
70486
70074
70141
70205
63966
64059
63837
63660
64377
63739
63906
64261
64271
63973
63720
64029
63884
64242
64167
64299
64114
64041
64081
63888
64057
64139
63898
64493
64284
64229
64247
63667
64030
64405
64469
63750
63998
64350
64414
63689
63914
63986
64231
63838
64373
64450
63644
64255
63693
64137
63905
64310
64163
64143
63779
63879
63769
63683
63690
64372
63639
64120
63651
63752
64170
64151
63856
64042
63741
64361
64211
63941
64013
63819
63846
64328
64000
64492
63950
64262
64499
64251
64417
63939
63634
64193
63753
63912
63825
63719
63931
64013
63719
63634
64493
63939
64193
63931
63912
63966
64139
63634
64361
63634
64167
63939
63634
64372
63719
64450
63719
64229
63931
64499
64299
63931
63753
64193
64377
64120
63741
63931
63753
63973
63912
63888
63931
64262
63931
64373
64081
64262
63825
63898
63719
64373
64120
63879
63879
64242
63939
61973
62135
61923
61850
62412
61842
61964
61909
61903
62062
62268
62714
62562
62670
62601
62517
61862
61883
62169
62544
62287
62343
62353
62064
62558
62645
62514
62393
62682
62204
61980
62275
62133
62500
62657
61829
62409
62521
62130
61836
62378
62323
61982
62140
62326
62592
62684
62221
62474
62193
62643
62711
62411
62395
62399
62588
62695
62391
62007
62183
61880
62267
62239
61870
62612
62438
62262
62113
62236
62692
62335
62379
62717
62531
61978
62232
61886
62032
62539
62705
62330
62598
62574
62428
62108
62562
62695
62500
62684
62330
62684
62714
62330
61829
62574
62544
62353
62598
62695
62108
62705
62539
62705
61829
62130
62539
62705
62531
62539
62601
62598
62574
62064
62574
62705
62598
62598
62330
62108
62645
61903
62539
62539
62411
62539
62007
62239
62062
62574
62598
62108
62598
62007
70459
70093
70520
70293
70143
70677
70556
70720
70644
70146
70746
69954
70763
70296
70041
70751
70344
70599
70276
70076
70047
70284
70397
70641
70481
70516
69960
70777
69998
70541
70294
70737
70314
69976
70404
70570
70474
70441
70128
70588
69982
70338
70168
69997
69912
70560
70542
70202
70090
70089
70684
70475
70021
70306
69915
70304
70071
70044
70394
70443
70426
70723
70377
69896
70467
70012
70616
70596
69926
70453
69971
70757
70285
70680
70553
70141
70713
70686
70327
69922
70753
69910
70327
70680
70757
70553
69960
69954
70596
70284
70296
70141
70541
69922
70686
69910
70677
70426
69910
69922
70596
70397
69910
70553
70720
70453
69910
70296
70093
69922
70338
70553
70338
70720
70777
70751
70404
70713
70560
70474
70093
70327
70553
70294
70044
70168
69922
70713
70044
12943
13170
13200
13230
13034
12611
13129
13389
13379
13061
12822
13165
12870
12618
12760
13429
12639
12771
12576
12990
12764
12765
12957
13332
13407
13373
13098
13059
12748
13197
13180
12745
13150
13248
12935
13226
12782
13328
12552
13402
12805
12815
13255
12928
13434
12923
12925
13185
12930
13419
13053
13288
12603
12715
13014
13055
12585
12707
12876
12799
13056
12640
12901
13382
13088
13343
13126
13012
12979
12651
13072
12827
13031
13315
12843
13391
12626
13291
12723
12992
12884
12551
12890
12572
13350
13190
13350
13291
12992
12723
12901
12723
12884
13129
12876
12876
12884
12884
13226
12992
12884
12551
13150
13059
13429
12890
13190
13350
13014
12715
12572
13350
12572
12884
12572
13429
12992
12765
12990
12925
13190
12992
13291
12979
13190
12822
13373
12551
13190
13053
12884
12572
13373
13288
13056
55862
55683
56028
56166
56424
56050
55778
55600
56041
55618
55878
56038
55829
55681
55982
56164
56247
55950
56169
55755
55818
55859
55909
56224
55758
55948
56300
55638
56441
55580
55874
55635
55750
56110
55636
55581
55656
55894
56288
55905
55666
55944
56435
55793
55870
55628
56197
55904
55890
55674
55756
56342
55847
55721
56376
55738
56375
56140
56362
56416
56267
55983
55832
55719
56105
55723
55672
55892
55621
56422
56393
55990
55574
56429
55902
55557
56013
56390
55642
56287
55922
55556
55909
56287
55859
55944
55950
55635
55656
55755
56424
55878
55557
55755
55902
56390
56424
55557
56287
55778
55621
56287
56424
55666
56390
55618
56287
55642
55628
55878
55922
55556
55642
55950
55894
55635
55672
56013
56287
55902
55683
56390
55556
55642
55556
55902
56013
56376
55829
41496
42012
41294
41643
41945
41355
41621
41836
41346
41386
41381
41947
41542
41549
41408
42035
41840
41743
41444
42107
41282
41906
42036
41575
41224
41258
41696
41993
41860
41698
41937
41924
41963
41608
41434
41319
41382
41242
41476
41403
41605
41385
42077
41757
41573
42063
41682
41458
41674
41541
41617
41740
41928
41492
41635
41838
41628
41582
41301
41406
41280
41749
41875
41275
41365
41515
41217
41537
41887
41919
41648
41379
41912
41507
41462
42058
41367
41688
41991
41318
41688
41507
41434
41912
42107
41365
41280
41294
41507
41688
41318
41541
41280
41643
41507
42058
41318
41698
41462
41757
42063
41912
41346
41318
41757
41688
41294
41688
41749
41937
41462
41242
41838
41840
41365
41698
41318
41688
41318
41688
41382
41258
41688
41365
41294
41462
4339
4310
4398
3682
4415
4179
4389
4049
4178
4365
4094
3908
4062
4012
3597
3697
3660
4253
3593
4098
3958
3737
4140
3654
4169
4336
4394
3877
3978
4235
3907
4199
3899
3589
3729
4335
3651
4391
4325
3972
3657
3866
4224
3825
4425
4314
4066
4408
3607
4174
3685
3770
3963
3979
4191
4249
3960
3734
3905
4223
4020
3802
4275
3664
4089
4006
3702
4442
3990
4088
3900
3675
4351
3855
4115
3822
4429
3926
4055
4100
3670
4317
3950
4444
3724
4010
3644
3989
3670
4317
3724
3989
4066
4249
4094
3989
4223
3908
4249
3855
4098
3670
4425
3989
4066
4394
4098
3989
3802
3651
3724
3950
3670
4174
3675
4317
3724
4394
3960
4169
4088
3685
3855
3724
3597
3963
4098
3593
4317
3737
4010
3670
4314
4066
4275
3685
4006
3770
8299
8273
8935
8650
8159
8183
8899
8648
8591
8747
8820
8264
8294
8245
8374
8807
8722
8596
8794
8728
8212
8292
8509
8835
8629
8598
8870
8275
8134
8214
8584
8581
8247
8950
8808
8756
8661
8900
8602
8314
8765
8208
8076
8339
8331
8096
8592
8903
8932
8370
8377
8562
8358
8326
8608
8510
8615
8688
8731
8496
8630
8947
8891
8683
8239
8956
8865
8211
8463
8779
8567
8187
8790
8261
8825
8915
8582
8631
8168
8933
8925
8381
8862
8934
8887
8857
8367
8344
8243
8282
8334
8766
8234
8215
8275
8598
8215
8367
8367
8243
8766
8215
8344
8239
8215
8747
8247
8187
8331
8344
8766
8243
8282
8096
8367
8381
8756
8899
8331
8925
8275
8596
8582
8243
8731
8243
8243
8243
8581
8243
8591
8159
8282
8367
8234
8367
8766
8915
8261
8747
8766
8510
8731
8899
8766
8790
8215
8870
30408
29712
30389
29619
29789
30059
30073
30354
29605
29822
29718
30155
29934
29658
30055
30444
29578
30298
30053
30251
29988
30020
30294
30038
29927
30154
29944
30079
30043
29569
29887
30106
30250
29814
29740
29664
29940
30215
30002
29763
29710
29823
30023
29817
30255
30196
29635
29747
30311
30449
29983
30014
29721
29965
30218
30430
30177
29608
30062
29952
30364
29762
30440
29686
29628
30221
30001
30081
29695
30240
29899
30331
29886
30418
29824
29860
30241
30361
29854
30321
29840
30247
29926
30242
29714
29840
30242
30177
30218
29983
29658
29686
29926
29983
29747
30218
30247
30250
30361
29944
29854
30020
30440
29628
30247
30361
29940
30247
29714
29983
29714
30247
30242
30321
30247
30073
30361
29944
30321
29840
29714
30247
29664
30106
29886
29714
29714
29714
30321
29714
29840
30361
30240
30427
30439
29936
30056
29645
30311
30094
30386
29794
29882
29740
29880
29659
29638
29614
30371
30363
29950
30130
30111
30123
30116
29749
30450
30089
30428
30132
30052
29712
29833
30143
29586
30412
29984
30251
29922
30397
29969
30245
29985
30067
30419
29866
30268
29594
30150
29792
30122
29583
29642
30262
30316
29753
30011
30334
29681
30318
30085
29784
29836
29878
29628
30197
30416
29774
29733
29931
29639
29858
29940
30234
30294
29597
29705
29626
30182
29599
30256
29943
29856
29827
29811
29684
30182
29984
30363
29774
29684
29599
30182
30450
30256
30094
30143
29856
30256
30311
29626
29599
29599
29684
30412
29684
30182
29638
29858
29943
30067
29599
30397
29599
30182
30182
29712
29811
29597
29943
29684
29943
29753
29880
30256
29827
29681
30262
29943
29943
29827
30251
29811
61059
61753
61654
61795
61703
61729
60974
61448
61804
61264
61595
61108
61308
61230
61250
61799
61361
61785
61468
61228
61398
61536
61542
61819
61024
61688
61421
61094
61403
61656
61456
61650
60955
61110
61725
61625
61732
61393
61752
61096
61186
61004
61727
61524
61465
61803
61638
61394
61304
61314
61075
61723
61084
61275
61374
61413
61777
61177
61241
61069
61010
61205
61087
61809
61322
61416
61436
61219
61466
61605
61377
61033
61821
61707
61002
61606
60954
61248
61419
61379
61248
61725
61729
61707
61024
61394
61419
61821
61250
61248
61419
61361
60954
61002
61707
61821
61379
61398
61361
61002
61688
61606
61398
61821
61419
60954
61379
61002
61707
61084
61723
61536
61465
61322
61419
61379
61638
61002
61177
61419
61799
61654
61248
61605
61799
61002
10852
11242
11333
11109
11262
11131
11288
10843
11407
10857
11315
11158
10979
11191
11369
11427
10773
11221
11159
11171
11409
11332
11378
10955
11434
11197
10865
11543
11222
11500
10957
10902
11511
11402
11233
10855
11061
11117
11306
11557
11479
10968
11334
11584
10837
11305
11431
11588
11224
10989
10907
11577
11084
10825
11027
11080
11043
11179
10770
11634
11435
10800
11229
11552
11193
11023
11627
11376
10777
10978
11471
11235
11626
11594
11281
11374
11071
11062
11366
11383
11259
10790
11630
10778
11068
11539
11097
11476
11034
11378
11097
11061
11281
11435
11305
11281
11588
11539
10825
11378
11584
10778
11539
10778
10777
10978
11427
11027
11068
11594
11097
11068
11068
11500
11374
11476
11068
11191
11539
11539
10778
11476
11630
11233
11068
11577
10778
11476
11034
10968
11630
11097
11097
10790
11500
11539
11034
11229
11630
10968
50119
49969
50007
49342
49775
50101
49343
49880
49366
50009
49938
49706
49357
49773
49322
50082
49825
50109
50152
50041
49563
50125
49725
49310
49902
49583
50075
49635
49684
49777
49653
49849
49300
50100
49941
49875
50046
49599
49839
49503
49980
49303
49347
49486
49485
49892
49627
49866
50161
49756
49973
49624
50150
49994
50024
49367
49354
49852
50072
49475
49437
49570
49397
50143
50005
49414
50057
49559
49712
49580
49290
49667
49509
49578
49907
49816
49931
50099
49899
49332
49944
49536
49345
50151
49321
50018
49423
49650
49374
49382
49861
49292
49424
49582
49938
49424
49994
49367
49570
49310
49321
49292
49849
49599
49635
49650
49424
49944
49382
49582
49706
50057
49653
49475
49902
49582
50150
49852
49880
49382
49650
49509
49424
49861
49653
49397
49485
49374
49816
49582
49816
49382
49347
49509
49437
49582
49931
49931
49944
49382
49300
49861
49875
49582
49374
49374
49816
49861
24371
24217
24736
24822
24979
24615
24685
25003
24308
25030
24824
24290
24982
24941
24797
24972
24300
24609
24242
24796
24310
24996
24330
24589
24762
24780
24640
25016
24539
24438
24787
24942
25042
24883
24524
24414
24326
25061
24365
24687
24937
24755
24635
25037
24544
24710
24366
24670
24275
24932
24406
24923
24434
24633
25024
24791
24565
24319
24500
24317
24779
25031
24769
24831
24622
24903
24494
24845
24726
24991
24819
24312
24841
25001
24516
24809
24696
24701
24718
24274
25042
24274
24500
24841
24371
24494
25001
24831
24516
24217
24701
24726
25016
24290
24696
24822
24779
24979
24845
24308
25061
24622
24809
24941
24406
25031
24312
24791
24494
24312
24718
24290
24371
24979
24565
24365
24941
24979
24701
24718
24932
24819
24516
24275
24371
25001
8157
8351
8155
8393
8237
8071
8944
8295
8587
8580
8216
8647
8227
8484
8401
8517
8928
8187
8475
8212
8143
8283
8075
8331
8840
8833
8356
8122
8354
8591
8630
8719
8514
8361
8465
8673
8506
8164
8863
8728
8668
8699
8131
8241
8313
8566
8485
8544
8550
8202
8574
8799
8097
8397
8528
8869
8595
8815
8511
8418
8414
8910
8772
8887
8221
8068
8398
8339
8634
8286
8534
8889
8861
8951
8380
8473
8684
8798
8758
8108
8499
8887
8514
8951
8506
8684
8108
8475
8473
8108
8728
8528
8951
8108
8506
8758
8499
8202
8237
8951
8684
8798
8798
8928
8380
8699
8380
8414
8951
8283
8122
8380
8758
8286
8227
8684
8295
8951
8157
8283
8566
8283
8863
8361
8798
8799
8869
74671
74554
74707
74911
74864
74995
74615
74678
74838
74422
74958
74823
74725
74462
74513
74629
74443
75028
75229
74820
75178
75141
74989
74684
74549
75208
74662
74708
74409
74970
74510
74415
74613
74430
74456
75233
75007
74726
74541
75177
74509
74920
74717
74368
75116
75077
74518
75171
74675
74837
74471
74739
74539
74874
75185
74754
74618
75093
74763
74756
75252
74905
75205
74862
74393
74967
74933
74966
74379
74660
74731
74410
74921
74568
75199
75003
74625
75214
74851
74552
74423
74842
74552
75208
74739
74851
74625
74393
74549
74837
74905
74423
74393
74708
74989
75116
74905
74552
75199
74552
74851
74905
74842
74409
74671
74851
75003
75007
74379
74989
74911
75141
74864
74410
74423
74708
74423
75003
75003
74842
74423
75178
74423
75116
74842
74625
75199
74995
74842
41731
41500
41301
41327
41816
41801
41508
42049
41996
41717
41557
42026
41663
41451
41943
41459
41743
41670
41818
41448
42056
41437
41403
41446
41571
41630
41846
41811
41312
41965
41989
41269
41681
41323
41253
41724
41370
41859
41635
41474
41599
41603
41405
41825
41387
41990
41314
41356
42064
41299
41275
41618
41848
41519
41426
41689
41843
42003
42000
41605
41359
41664
42080
41472
42073
41492
41748
41716
41744
42051
41686
41886
41740
41672
41452
41546
41771
41912
41646
41580
41931
41782
41400
41430
41924
41601
41411
41250
41641
41641
41931
41771
41924
41663
41411
41924
41400
41250
41356
41430
42080
41931
41740
42003
41299
41323
41618
41744
41663
41411
41641
41250
41641
41411
41689
41924
41411
41448
41924
41430
41452
41400
41430
41275
41400
41312
41681
41250
41430
41931
41912
41250
41269
41356
41314
41430
41816
41250
41990
41782
44874
45243
45043
45375
45386
45093
45642
45499
45075
45392
45615
45627
45571
45115
44918
45051
45465
44801
45675
44981
45094
45668
45416
45008
45272
45509
44939
45589
45234
44900
44990
45459
45370
45535
45481
45339
44942
44966
45294
45601
45131
45017
44968
45524
45674
45223
45523
44965
45203
45688
44865
44991
44832
45607
45133
45245
45393
44848
45550
45549
45255
45207
45106
45274
45197
45478
45261
44936
45694
45447
44961
45112
45154
45105
45333
45119
45206
45235
44996
44822
45353
45312
45029
45206
45206
44996
45353
45459
45523
45206
44874
44822
45571
44990
45235
45353
45112
45029
45207
45312
45235
45447
45674
44942
44865
45416
45206
45235
45206
45370
45353
45206
45245
45133
45207
45353
45206
45206
44996
45549
45370
45339
45206
45642
45235
45535
45312
45119
44996
44996
46554
45940
46085
46256
46573
45744
46510
46162
46184
46555
46465
46466
46089
45937
45723
46478
46410
45927
45877
46201
45816
46233
46417
45954
45913
46252
46437
45944
45849
46050
46405
45704
46396
46149
46361
45738
46258
46524
46117
45712
45992
45988
45864
46333
46168
46108
45701
45914
45956
46128
45799
46373
45770
46207
46503
46106
45905
46430
46054
46040
46362
46124
45903
45793
46058
46020
46569
46343
46323
45891
46002
45775
46494
46229
45788
46491
45724
46529
46189
46367
46354
45956
46020
46189
46529
45775
46430
46491
45956
46529
46494
45724
45877
46354
46168
45944
46417
46258
46491
46050
46189
46367
46367
45770
46362
46229
46491
46529
45724
46229
46189
45927
45712
46367
45788
45724
46229
46478
46085
45799
46201
46201
45724
46229
46491
45788
45788
51579
51667
51262
51718
51279
51318
51738
51681
51803
51303
51701
51672
51206
51809
51883
51451
51277
51449
51846
51634
51179
51474
51171
51906
51674
51858
51243
51934
51088
51269
51501
51441
51643
51352
51189
51830
51129
51541
51437
51205
51606
51711
51157
51823
51750
51921
51139
51729
51512
51868
51854
51222
51485
51188
51905
51185
51565
51160
51759
51297
51215
51962
51240
51794
51270
51278
51806
51153
51508
51586
51628
51447
51194
51764
51195
51483
51548
51173
51382
51760
51707
51210
51920
51707
51210
51934
51483
51222
51205
51173
51707
51483
51760
51934
51823
51920
51382
51548
51586
51667
51920
51173
51920
51548
51586
51382
51188
51352
51483
51764
51483
51707
51437
51501
51681
51210
51548
51278
51759
51548
51920
51179
51707
51701
51548
51210
51382
51215
51382
51160
54115
54227
53955
53819
54131
54353
54156
54549
53904
53837
54466
54531
54638
53770
54019
54253
54250
53867
54199
54451
54624
54627
54258
53931
54178
54500
53995
54007
53900
54553
54614
54067
54315
53925
54256
53893
53882
53795
54101
54295
54163
54313
53958
53810
54272
53891
54164
54484
53796
53861
54112
54118
54129
53794
53850
54651
54474
54588
54090
54541
53976
54282
54080
53972
53873
54402
54390
53956
54070
54594
54146
54432
54074
54494
54263
54443
54147
54502
54392
54175
54460
54009
54041
54481
53885
54213
53949
53869
54376
53835
54102
54547
54306
54212
54477
54115
54212
54624
54376
53925
54477
54007
53835
54466
53837
54477
54306
54531
54500
54477
54163
53837
54376
54376
54213
54376
54306
54376
54474
53850
54376
54392
54376
54466
53837
53869
54212
54531
54547
54041
54376
54102
53850
53835
53835
54212
53869
53925
53770
54258
54102
54376
53904
54147
53893
54212
54164
54392
54118
56724
57214
57061
57202
56849
56641
57068
56899
56893
56973
56762
56787
56944
56739
57251
57029
56715
56573
56583
57164
56803
56562
57132
56918
56672
56457
56942
56530
56953
57021
57156
57189
57301
56814
56678
56807
57098
56848
56698
56657
56459
57065
56965
57171
57291
57108
56488
56462
56638
57232
57221
56842
57215
57223
56817
56483
56543
57008
56486
57081
57321
57097
57027
56505
56779
57135
56771
57020
57142
57062
57245
57086
56875
57275
57116
57269
56809
57268
56640
56986
56911
57102
56632
56632
57061
57268
57215
57116
57269
57215
56817
56986
57268
57268
57269
56817
56942
56632
56899
56809
57021
56632
57102
56640
56803
57269
56911
56640
56640
56462
56483
56986
57171
56739
57029
57275
56457
57102
57008
57268
57269
56986
56911
56632
56986
56632
56640
56911
56911
57269
632
310
420
388
415
497
685
13
307
888
348
811
710
464
88
774
569
538
432
891
530
612
154
646
439
352
523
616
344
93
502
759
169
809
778
330
136
698
33
188
196
394
438
104
604
102
695
180
147
516
832
661
446
419
611
542
549
176
815
877
265
198
753
689
49
654
173
214
496
131
95
482
889
751
797
881
838
463
245
205
398
835
475
163
153
238
339
202
229
765
750
618
339
496
765
131
13
538
205
169
685
229
339
765
750
765
214
464
229
93
750
689
618
202
202
618
750
238
131
832
765
750
202
153
750
618
618
838
750
154
759
136
153
618
502
102
229
482
618
131
245
750
618
497
49975
49658
49948
50022
49546
49694
49686
49290
50096
49870
49722
49540
49821
49538
50120
49769
49565
50052
49603
49403
49663
49698
49704
50024
50068
50093
49338
50013
50007
49339
49884
49785
49996
50117
50003
49791
50157
49925
49479
49751
49939
49532
49826
49878
50137
49643
49978
50089
50146
49994
49989
49608
50085
49747
49845
49664
49953
49549
49831
49406
49305
49773
49492
50078
49788
49962
49834
50154
49518
50152
50121
49670
49883
49350
49299
49316
49630
49745
49901
49726
49581
49838
49515
50171
50040
49596
49352
49398
49339
49352
49838
49398
49515
49398
50171
49670
49838
49870
49532
50052
49838
49925
50146
49978
50040
49925
49838
49698
49532
49352
50003
50022
50157
50040
50040
49925
49398
49670
49751
49884
49338
50121
50040
49596
49581
49826
49596
49596
49596
49994
49515
50171
49565
49565
49299
49398
49352
50117
63043
63549
63431
63494
62759
62922
63449
62908
63095
63303
63037
62835
63562
62986
62763
63541
63075
63200
63077
63349
63513
63317
63597
63446
63573
63041
63328
63120
63599
62829
62914
62847
62896
63558
63262
62755
62816
63454
63574
63078
63461
62834
62818
63615
62935
63263
63092
63505
62912
63123
62762
62923
63275
63023
63145
63531
63204
63097
63388
63180
63002
63370
62844
63312
62900
62988
63110
63082
63346
63550
62784
63053
62798
63236
62799
62868
62866
63441
63474
62895
62863
63440
63305
62783
63338
63070
63227
63099
62781
62892
62885
63181
63488
62794
62844
63023
63549
63573
62847
62900
62794
62912
62794
63597
63431
63181
62781
62794
62794
62794
62923
63099
62892
63488
63099
62816
62892
63346
63204
63099
62781
63263
63227
62885
63388
62835
63145
63099
63181
62794
63599
63488
63227
62896
62781
62892
63181
62799
62755
62988
62895
63474
62763
63494
62835
63461
63099
63099
38142
37820
38357
38215
37738
38252
38061
37695
38289
38056
37743
37908
37930
38253
38348
38158
37770
37781
37645
37789
38114
38103
38006
37890
37905
38378
37736
38469
37664
38224
38223
37877
37981
38168
38002
37766
38093
37918
38523
38504
37755
38493
38046
37889
38511
38126
37702
38210
38381
38520
38243
37812
37714
37771
38363
38159
37701
38279
38323
38174
38322
37972
38143
38466
37726
38026
37864
38499
37708
37675
37859
37651
37728
37673
38465
38404
37849
37830
38299
38208
38501
38404
37664
38253
38210
38299
38208
38404
37736
38299
38299
38501
37702
37738
38168
38208
38501
38253
37972
37701
37830
37726
38142
38208
38174
37905
38501
37889
38381
37820
37673
37830
38026
38279
38114
37673
38501
37726
37726
37673
37708
37812
38363
37890
38323
38404
38253
80816
81446
81235
81428
81060
81223
81239
81181
81197
80991
81112
81290
81240
81358
80863
81192
81337
81464
80868
80916
80767
80875
81211
80760
80865
81271
80755
80933
80666
81015
81480
80923
81001
81081
81199
80736
80803
81376
81448
80974
81274
81293
80909
80689
80765
81418
81196
81262
81318
81333
81362
81473
81156
80661
81022
80856
81164
81334
81383
81483
80786
81243
81136
80778
80854
81063
80723
80763
81201
80976
81105
81330
81145
81497
81139
81245
80969
81500
80801
81319
80942
80729
81135
81331
81270
81486
81204
81443
80910
81270
81245
81240
81060
81135
80875
81204
81443
81331
81486
80910
80875
80991
80910
80729
80868
81331
81443
81443
81443
81331
81145
80765
81331
81480
80923
81135
80729
81331
81204
81428
81486
80969
81135
81318
81331
81319
81443
81204
80916
81331
80786
81486
80910
80729
80723
80909
80723
80729
81428
80991
5825
6138
5833
5626
5489
5772
5669
5392
5973
6260
5884
5711
5752
6219
5760
5594
5680
5398
5393
5395
5579
5666
5987
5648
5897
5892
5684
5691
6125
5922
5982
6043
6152
5644
6029
5826
5607
5458
5957
5857
5904
6222
5847
5942
6214
5706
5590
5953
5728
5818
6193
5911
5564
5610
5834
5452
6059
6185
6101
5867
5757
6081
5864
5778
5600
6038
5980
5746
5591
6057
5530
6126
5464
5483
5697
6030
6113
5471
5595
5411
6147
5523
6236
5866
5687
6193
6236
5904
5687
5523
5411
5452
5973
5760
5411
5697
5864
6147
6147
5610
5866
6125
6236
5772
5607
5411
5684
5706
5904
5595
6219
5411
5680
5471
5489
5669
6147
6043
5530
5884
5595
5590
5591
5687
6236
5680
6236
5746
5398
5523
6147
6147
5411
33775
33192
33740
33833
33374
33168
33529
33928
33815
33298
34019
33867
33603
33376
33423
33608
33781
33970
33251
33664
33738
33180
33331
33284
33450
33896
33949
33725
34023
33741
33384
33650
33183
33621
33983
33857
33968
33660
33435
33426
33293
33834
33182
33711
33433
33429
33448
33427
33184
33827
33354
33618
33239
33209
33866
33923
33379
33940
33661
33735
33819
33499
33795
33617
33236
33998
33939
33321
33704
33309
33220
33634
33362
33929
33522
33344
33421
33917
33527
33693
33233
33221
33546
33576
33921
33492
33984
33331
33704
33492
33546
33527
33376
33546
33221
33576
33693
33929
33834
33221
33429
33576
33735
33693
33522
33233
33603
33546
33221
33384
33362
33221
33725
33949
33921
33984
33298
33182
33546
33576
33183
33634
33921
33374
33741
34019
33433
33693
33376
33546
33693
33499
34023
33221
33221
33433
33984
51960
51254
51465
51278
51546
51318
51134
51218
51299
51412
51421
51268
51266
51576
51209
51270
51155
51396
51583
51116
51261
51682
51591
51334
51157
51402
51863
51077
51656
51174
51834
51210
51491
51169
51194
51916
51327
51281
51572
51310
51665
51698
51967
51073
51179
51519
51091
51923
51944
51850
51094
51376
51303
51127
51338
51332
51430
51773
51528
51457
51757
51953
51280
51812
51785
51204
51930
51234
51469
51791
51831
51102
51691
51137
51525
51316
51188
51878
51130
51843
51611
51120
51675
51362
51450
51961
51205
51455
51344
51646
51646
51332
51923
51961
51270
51675
51362
51665
51878
51116
51457
51923
51280
51878
51961
51967
51675
51450
51344
51261
51450
51268
51916
51576
51450
51116
51675
51455
51878
51646
51077
51281
51205
51210
51791
51073
51268
51646
51455
51591
51205
51450
51967
51450
51334
51073
51116
51878
51209
51268
51278
21084
21490
21113
20668
21324
21419
21389
20839
20662
20964
20881
20865
21406
20967
21276
21185
20900
20624
21016
20902
20991
20734
20751
20941
21174
20715
21249
20915
20896
20955
20873
20758
20790
20658
20861
20899
20628
21459
21418
21351
20919
20608
20674
21251
20831
21386
20925
21225
21232
21107
21010
20769
20749
20871
20965
21493
21339
20999
21173
21374
21110
21132
21352
21489
21318
21480
20708
21280
21474
21312
20633
20934
20898
21057
21121
21203
20922
21250
20805
21206
20791
21120
20800
21250
20791
20896
21084
20791
20800
20734
21121
20934
21406
20922
20800
20900
20800
20800
21206
21203
21203
20865
21351
20805
20749
21318
20805
21250
20861
20791
21351
21120
20658
21203
20628
21250
21110
21324
21312
21490
21389
20965
21120
21206
21120
21206
20925
20896
20800
20800
54782
55145
55114
54716
54737
55178
54757
55401
54843
54887
54929
55358
54964
55345
55082
55047
54997
55230
55247
54724
54839
54861
55317
55215
55142
54740
55261
55121
54847
55120
55062
55464
55279
55131
55065
55139
55436
55188
55453
54943
55548
54768
55336
54812
55472
54911
54771
55002
55040
54764
54725
55284
55360
54886
54880
54942
55203
54969
55064
54883
55443
55116
54713
54697
54934
55363
54924
55376
55079
54933
55437
55477
55430
55511
55398
54753
55482
55248
55200
55535
55145
54887
54764
55062
54861
55398
54753
55511
55200
54764
55203
55430
55430
55472
55511
55430
54943
55401
55200
55453
54929
54771
55200
54812
54768
54725
54839
55200
55200
55430
55200
54764
55079
55401
55398
54911
55430
55482
54934
55535
55358
55363
54753
55482
55079
55064
48350
47883
47583
47574
47723
47655
48072
48017
48053
47704
47696
47712
47924
47613
47905
47940
48253
48090
47548
47508
47973
48130
48251
47553
47568
48243
47978
47941
48212
47835
48334
48010
47515
47651
48324
48224
47595
48036
48026
48273
47694
47766
47668
48167
48070
47522
48335
47706
48033
47500
48369
48082
48316
47864
48302
47581
47693
47580
48111
48193
47602
47578
47991
48296
47896
48103
47716
47597
47605
48338
47719
47599
48136
47502
47507
47660
47887
48363
48098
48069
48327
47810
48199
47962
47520
47601
48172
48177
47946
47520
47946
47704
48177
47502
48033
47946
48026
47810
47500
48199
48172
48172
48253
47601
47574
47578
47704
47601
47583
47515
47810
48053
48172
47946
48172
47810
48017
48172
48167
47515
47810
47946
48136
48036
48033
48177
47946
47548
47601
48199
48193
48334
47595
48053
48167
48199
47962
48334
47520
47941
45676
45658
44929
45443
45320
45614
45135
45129
45603
44881
45124
45029
45470
45536
44857
45573
45235
44996
44998
45617
45539
45287
45308
45044
44904
45362
44809
45385
45001
45488
45006
45546
44956
45348
44883
45692
45028
45316
45498
45644
45110
44828
45022
45374
45017
45582
45234
45113
44964
45163
45475
44866
44892
45259
45442
45416
44811
45555
45337
45626
45493
45616
45270
45689
45300
45272
45305
45453
45275
45106
45115
45195
44973
45465
44806
45193
44803
45462
45402
44846
44882
45619
44858
45433
45404
45162
45356
45585
45179
44858
44828
45362
45433
44858
45614
45162
45453
45300
45619
45433
44956
45113
45308
45689
45453
45433
45619
45162
45619
44803
45106
45356
45585
45585
45028
44811
45272
45619
45433
45619
45179
44858
44882
45404
45270
45162
45585
45619
45462
45275
45585
45356
45193
45404
45362
45573
44846
45617
45270
44881
34842
34868
34835
34651
34246
34344
34360
34209
34765
34263
34449
34803
34470
34942
34416
34775
34802
34885
34899
34724
34645
34366
34213
34274
34916
34187
34295
34440
34115
34714
34738
34507
34888
34815
34574
34680
34846
34434
34819
34700
34138
34304
34128
34655
34328
34338
34492
34852
34490
34343
34362
34387
34249
34703
34515
34073
34713
34545
34425
34219
34186
34161
34595
34407
34088
34636
34275
34821
34237
34068
34858
34436
34389
34441
34514
34075
34704
34214
34556
34296
34557
34456
34901
34314
34667
34671
34582
34711
34141
34866
34627
34139
34542
34859
34075
34075
34866
34556
34542
34627
34073
34213
34249
34263
34545
34803
34711
34582
34139
34582
34711
34680
34214
34802
34389
34802
34711
34627
34416
34187
34859
34859
34671
34582
34328
34700
34139
34846
34492
34680
34803
34141
34141
34141
34441
34161
34703
34141
34859
34724
34366
34344
34859
34314
34141
34275
34655
34885
28009
28297
28123
27903
28185
27832
27891
28367
27780
28028
28019
27915
28495
28262
27869
28533
28231
28641
28170
28578
28215
28165
28061
28632
27864
28214
27990
28083
27918
28668
27985
27808
28418
28391
28236
28310
27900
27894
28368
28537
28549
28617
28042
28142
28503
28053
28300
28329
27818
28636
28473
28268
28011
28542
28172
27843
27961
28422
28206
28644
27880
27958
28515
28189
28592
27973
28364
28317
27972
27978
28158
27836
28623
28506
28392
28002
28260
28232
28250
27992
28541
28398
28326
28117
28259
28231
28117
28117
28250
28578
28250
27780
28117
28165
28392
28398
28042
28259
28259
28326
28250
28541
28215
28297
27973
28250
28019
27992
27894
28042
28392
27869
28260
28117
28391
28165
28506
27978
28250
28250
28165
27894
28506
28636
28042
28117
28541
27915
27992
28259
28117
28644
28117
60067
60768
60133
60476
60214
60700
60459
60100
60725
60315
60845
60556
60147
60352
60170
60755
60155
60287
60903
60563
60083
60211
60213
60375
60698
60104
60528
60397
60804
60082
60660
60314
60215
60169
60115
60374
60035
60377
60776
60540
60291
60837
60306
60904
60368
60048
60731
60087
60667
60590
60418
60132
60840
60830
60643
60097
60592
60597
60071
60793
60173
60353
60823
60896
60055
60373
60501
60861
60527
60715
60879
60032
60833
60364
60363
60351
60657
60440
60064
60144
60356
60354
60627
60553
60624
60706
60821
60192
60539
60066
60396
60032
60823
60821
60821
60066
60539
60627
60374
60306
60192
60706
60133
60657
60082
60291
60706
60539
60624
60213
60823
60597
60706
60903
60132
60476
60840
60368
60214
60539
60539
60211
60100
60706
60192
60821
60539
60539
60396
60624
60287
60082
60821
60553
60115
60821
60396
60373
60035
60539
60097
60845
60291
63600
63194
63392
63150
63533
63082
62830
62823
63361
62805
63368
63218
62798
63609
63281
63512
62800
62896
63514
63333
63239
63230
62790
63110
63336
63007
63088
63565
63071
63089
63563
63613
63004
63264
62819
63580
62857
63432
63015
63009
62970
62863
62885
62889
63447
63400
63426
62742
63437
63362
63386
63261
63604
63182
63405
63072
63018
63131
63401
63433
62848
63316
63104
63329
63543
62943
63021
63180
62897
62815
63061
63525
62749
63262
62996
62871
62833
62979
63073
62793
62768
63510
62756
63596
63221
63463
62932
63052
62900
62734
62757
63611
63118
62900
63118
62823
63082
62871
63368
63565
62793
62742
62823
63052
63447
63604
63118
62857
63218
63512
63400
62734
62734
63613
63447
63118
63463
62823
62900
63052
62857
63596
62757
62900
63052
63073
62798
62932
63239
62793
62790
62734
63392
63281
62871
63463
63264
62734
62734
63052
63089
63281
62757
63611
62857
62900
60949
61716
61004
61310
61230
61173
61153
61219
61402
60932
61250
61065
61239
61154
61185
61267
61615
61099
61634
61525
61097
61409
61502
61326
61751
61810
61083
60993
60994
61774
61719
61453
61270
60999
61733
61766
61607
61168
61587
61170
61591
61545
61672
61151
61510
61488
61124
61194
61712
61132
61628
61419
61457
61761
61762
61657
61200
61253
61181
61421
61233
61470
61149
61717
61231
61728
61819
61445
61134
61224
61279
61650
61540
61528
61577
61349
61026
61560
61246
61668
60928
61178
61771
61376
61687
61669
61669
61525
60928
61771
60949
61233
61376
61672
61762
61545
61771
61771
61771
61771
60928
61687
61151
61065
61687
61728
60928
60928
61669
61083
61528
61246
61771
61628
61668
60928
60928
61687
61771
61246
61668
61771
61669
61669
61421
61528
61246
61097
60928
61762
61178
61246
61185
61687
61178
61677
60956
61320
61287
61819
60969
61546
61227
61169
60995
60959
61323
61762
61670
61713
60960
61209
61478
61340
61506
61127
61282
61423
61113
61172
61719
61243
61399
61514
61601
61747
61338
61223
61337
61523
61778
61669
60940
60932
61739
61558
61197
61439
61492
61260
61509
61515
61044
61029
61151
61330
61789
61360
61805
61068
61347
61614
60939
61535
61132
61589
61120
61148
61037
61378
61122
61770
61053
61755
61705
61117
61145
61425
61384
61448
61432
61196
61743
61357
61810
61015
61575
61470
61725
61435
61071
61700
61099
61581
61195
61512
61448
61099
61700
61423
61581
61581
61669
61725
61700
61581
61223
61435
61512
60940
60969
61512
61512
61700
60959
61700
61435
61725
61071
61435
61330
61439
61195
61015
61338
61700
61053
61053
61705
61195
61601
61558
61725
61148
61044
61725
61512
61700
61195
61512
61338
61323
61581
61512
61581
61789
60940
61099
35537
35350
35775
35745
35434
35400
35695
35600
35380
35057
35637
35790
35771
35390
35793
35038
35322
34998
35159
35757
35062
35619
35326
35669
35117
35686
35049
35839
35447
35089
35203
35714
35817
35339
35417
35599
35060
35713
34958
35332
35644
35517
35047
35310
35002
35735
35464
35582
35086
35667
35052
35805
35471
35748
35578
34962
35396
34987
35601
35548
35650
35045
35337
35822
35202
35652
35804
35227
35263
35442
35200
35375
35036
35751
34963
35509
35099
35487
35584
34951
35479
35633
35027
34973
35085
35385
35555
35815
35617
35330
35682
35385
35745
35203
35263
35350
35350
35815
35085
35203
35400
35682
35686
35326
35555
35052
35815
35751
34973
35805
35815
35027
35085
35815
35790
35509
34973
35815
35310
35385
35045
35555
35601
35385
34973
35815
35682
35326
35555
35582
34998
35804
35062
35599
35650
35049
35038
35815
35748
35815
35330
35619
35817
9966
10439
10739
9916
10408
10309
10391
9974
10546
10084
10307
10550
10262
9871
10442
10345
10602
10091
10604
9896
10234
9977
9931
10172
10461
10246
9864
10726
10335
10380
10065
10282
10532
9924
10733
10402
10179
10457
10187
10435
10315
10588
10656
10368
10635
10039
9955
10118
10690
9965
10007
10173
10472
10010
10220
10580
10685
10321
9980
10135
10403
9876
10198
10694
10620
9895
10741
10590
10130
10209
10630
10573
10277
10267
10356
10672
10109
10480
10175
10521
9943
10742
9876
10380
10742
10672
9943
10109
10262
10630
10604
10741
10550
10742
10187
9965
9943
9955
10065
9871
10521
10580
10321
10356
9943
9943
10742
10262
10620
9924
9924
10175
10521
9965
10457
10457
10672
10742
9943
9943
10742
10480
10109
10739
10175
10480
10175
10672
10521
34453
34760
34353
34904
34305
34716
34334
34612
34745
34669
34171
34185
34347
34509
34613
34409
34297
34082
34189
34058
34638
34733
34932
34448
34359
34310
34665
34526
34444
34057
34131
34152
34048
34358
34825
34480
34829
34897
34918
34883
34547
34858
34190
34797
34072
34220
34924
34543
34656
34376
34810
34396
34683
34150
34314
34853
34630
34577
34515
34271
34229
34850
34235
34934
34834
34174
34767
34852
34455
34894
34202
34107
34073
34800
34661
34086
34312
34812
34664
34862
34111
34514
34692
34490
34795
34487
34048
34692
34850
34543
34664
34692
34716
34862
34107
34692
34795
34490
34111
34358
34795
34664
34444
34692
34795
34271
34490
34692
34883
34490
34111
34862
34514
34862
34396
34297
34202
34630
34795
34716
34490
34661
34111
34664
34543
34760
34086
34613
34487
34795
34897
34271
34665
34795
34310
17056
17909
17569
17172
17098
17590
17111
17221
17145
17355
17114
17398
17143
17812
17607
17305
17533
17337
17769
17165
17853
17563
17554
17824
17146
17064
17742
17894
17443
17278
17616
17258
17633
17771
17652
17199
17073
17112
17198
17689
17510
17514
17861
17447
17805
17086
17174
17239
17292
17796
17275
17725
17115
17376
17490
17371
17794
17658
17904
17379
17780
17093
17110
17257
17302
17238
17410
17077
17749
17761
17413
17033
17522
17506
17745
17678
17151
17235
17094
17856
17105
17282
17229
17508
17467
17243
17152
17364
17465
17443
17769
17861
17094
17364
17152
17742
17114
17114
17282
17110
17508
17282
17465
17465
17243
17282
17909
17447
17337
17243
17508
17771
17152
17554
17725
17094
17633
17467
17282
17794
17152
17490
17508
17243
17812
17243
17282
17152
17616
17243
17152
17506
17364
17465
17112
17467
17812
17110
17467
17305
14136
13512
13547
14181
14204
14203
13744
13643
13648
14166
14048
13688
14109
13505
14282
13701
14243
14124
14312
13661
13731
13658
14038
14270
14142
13962
13660
14081
13963
14001
13771
13641
14216
13743
13594
13869
13635
13474
13534
13808
13894
13917
14034
13717
13470
14218
14026
14190
13451
13772
14092
14016
14206
13858
14050
13457
13665
14251
14098
13910
13508
13657
14288
14032
14250
13442
13922
13825
13955
13695
13999
13753
13541
13578
14148
13639
13855
13552
14323
13521
13556
13655
13879
14067
14102
13931
14289
13653
14014
13466
13842
14192
13515
14203
13842
14124
13466
13508
13466
13442
13594
14289
13515
13842
14192
14218
14288
13661
13931
13931
13842
14282
13931
13653
13653
14289
14192
13653
13515
13858
14289
13515
13701
14092
14250
13688
14124
13635
14014
13653
14166
14102
13658
14001
13842
13515
13474
14109
13931
13963
13842
14192
13648
14288
14014
13842
21474
20745
21402
20671
21290
20862
20709
21191
20841
21481
21302
20869
21336
20683
21441
21465
20861
20968
21459
21137
20726
21155
21440
21151
21276
21250
21385
21435
20651
21366
21430
20727
21077
20997
20879
21117
20722
21257
21420
21084
21224
21411
21320
21248
20907
20873
20661
20954
21196
21262
21425
21421
20686
21485
21361
21423
21395
21392
21220
21133
21268
21110
20816
20986
21273
20928
20984
20772
20742
21305
20844
20796
21056
20923
20740
20980
20811
20780
20899
20755
21256
20787
20857
20739
20658
21026
21211
20660
21018
21148
20857
20772
21248
20857
21026
21018
20968
21211
20660
20861
21465
21148
20658
20660
20726
21211
21026
20660
21026
21441
21420
20660
21026
20857
21026
21211
21430
20755
21425
21026
20739
20879
21421
21361
20857
21395
20879
21148
21133
20879
20660
21440
20658
20739
20658
21026
21273
21026
20660
21420
21148
79341
79062
79470
79539
79217
79538
79140
78904
79693
79428
79508
79705
78985
79350
79719
79721
78908
79637
79196
78970
79119
79692
78949
79586
79307
79633
78926
79285
79595
79594
79638
79728
79092
78988
79166
79471
79547
78910
79246
79460
78896
79343
79706
79492
78870
78978
79121
79536
79019
79543
79128
79180
79462
79360
79656
79444
79151
79302
79673
79414
79518
79178
78871
79576
79259
79623
79053
78956
79541
79207
79412
79239
78981
79387
79206
79578
79083
79695
79564
79097
79069
78933
79442
78930
79257
79144
79575
79120
79293
79340
79576
79257
79196
79293
79575
79257
79119
79638
79442
79257
79575
79119
79293
79340
79285
79293
79069
79257
79293
79340
79120
79673
79471
79120
79144
78910
79120
78930
79695
78949
79343
79053
79121
79340
79196
79340
79206
79412
79656
79442
79575
79518
79340
79257
78981
78930
79293
79637
79442
79196
79343
56119
56146
56104
55738
56315
56249
56384
56040
55978
56198
56027
56053
56380
55599
56010
55842
55594
56352
55986
56093
55627
56058
55808
55582
56342
56349
55945
55784
56100
55885
56304
56216
55896
55689
56392
55866
55872
55728
55862
55660
55834
55654
56334
56209
55620
56437
56000
56248
56222
56240
55590
56411
56156
56403
56286
55796
56386
56301
55980
55677
56111
55883
55944
56270
55735
55565
55647
56419
55975
55653
55649
55856
56203
55878
55671
56316
56355
55946
56347
56034
55684
55943
56263
55692
55977
55915
56185
55936
55666
55987
55759
55873
55605
56383
55782
55666
55987
55873
56263
55978
56383
55666
55896
56437
55936
55977
55866
55666
55885
55759
55873
55759
56198
55660
55582
55842
55975
56000
55873
55873
55987
56270
56119
56342
55660
56093
55653
56392
56383
55945
55987
56053
56411
55885
55987
56111
56342
56316
55605
56216
55666
55782
55796
55677
55872
56403
55866
56209
55599
4637
4666
5107
5230
5024
4713
5267
5183
5084
4895
4505
4884
4830
5352
5244
4604
5039
4564
4735
4707
5008
4664
5319
5233
5224
4670
5121
4759
4761
5092
5295
4610
5212
4767
4796
5246
4663
4773
5132
5082
4569
5059
5011
4746
4871
4704
5349
4921
4733
4967
4810
4900
4646
5343
5346
4896
5145
4559
4593
5320
5344
5327
5354
4729
4901
4632
5123
4546
4566
4983
5032
4782
5351
5129
4702
4788
4760
4960
5237
4946
4946
5351
5059
4735
4761
4733
4946
4761
4604
4946
4960
5039
4702
4760
5237
4773
5351
4895
4702
5059
5107
4884
5129
4960
5237
5267
4946
5092
4559
4946
4566
5351
5132
5237
5183
4702
4884
4788
5129
4788
4610
4505
5319
5129
4960
5351
57717
57855
57977
58225
57636
57849
57399
57742
57795
57348
57699
57345
57358
57736
57908
58166
57748
58058
58125
57522
57803
57569
57853
57681
58034
58045
57482
57344
58098
58206
57948
57395
57769
58162
57608
57422
57591
58009
57728
57845
58006
57922
57995
58172
57835
57682
58164
57654
57403
57708
57541
57428
57968
57617
57382
57975
57733
57817
57951
57622
57961
58167
58017
58239
58209
58218
57756
57864
58099
57488
57631
58001
57585
57639
57539
57449
57887
57354
57526
57417
58068
58142
58041
58189
57367
58019
57940
57495
57940
58142
58189
57367
57940
58189
58142
57975
58019
57736
57417
57708
57367
57482
58189
58017
57849
57940
58189
57940
58125
58189
57482
58001
58162
58142
57940
58142
57835
57482
57940
58189
57495
58068
57495
57354
57636
58189
58068
57682
57417
57495
58142
58206
57940
57728
57539
58019
57864
57940
28204
27857
28284
27854
28295
28234
28659
28301
28360
28044
28168
28130
27951
28365
28381
27796
28080
28586
27992
28210
28502
28583
28229
28345
28519
27915
27834
28181
27861
28237
28639
28106
28188
28438
28361
28317
28251
28312
28205
28559
28516
27980
28186
28226
27820
28241
27929
28094
27896
27970
28440
27969
28084
28454
28038
28621
28127
27981
28256
28198
27832
28259
28258
28113
28103
28650
28652
27928
27952
28414
27957
27989
28263
28151
28616
28665
28231
28262
28404
28595
28553
28551
28588
28581
28098
28313
28304
28613
27782
28219
28064
28572
28313
28237
28304
28258
27980
27928
28256
28313
28583
28044
28210
28613
28621
28130
28226
28113
28103
28595
27989
27834
27861
28241
28440
28365
28553
28098
28404
28103
28613
28583
28219
27782
28168
28665
28098
28098
28304
28559
27782
28251
28168
28639
28572
28064
28044
28414
27820
28361
28595
27782
27782
28256
54919
54899
54864
55005
54935
54918
55185
54951
54930
55426
54789
54892
55254
54681
55522
55360
54792
55468
55216
55154
55236
55173
55016
54815
55080
55341
55144
54906
55099
55238
54812
55280
54953
55243
55179
55293
55476
55545
55161
54731
54911
54957
55480
55489
54689
54880
54849
55013
55282
55166
55344
55340
55215
54801
55328
55276
55507
55182
54916
54841
55149
55031
55035
55131
54767
55183
54924
55496
55041
54808
54694
54818
54804
54996
55232
55213
54903
55096
55521
55053
54956
55230
55542
55508
54892
55080
54918
54815
55016
54899
55508
55230
55053
55096
55360
54903
55096
55053
55232
55179
55096
54953
55096
54903
55232
55053
54689
54804
55005
55542
55053
55426
54911
55053
55328
55508
55149
54956
55276
55508
55053
54956
55521
54956
55005
55236
54892
55230
55230
55053
54956
55545
54770
54906
55394
55230
55301
55402
54914
54747
55144
55321
55510
55146
54928
54756
54745
55227
54938
54840
55349
55191
55476
55124
55497
55431
55138
54904
55209
54833
54946
55196
55111
55115
54985
54865
54819
54684
55286
55459
55440
54708
54666
55108
54769
55283
55128
55215
55544
55353
54957
55147
54782
55337
55204
55296
55454
55030
54688
55150
55109
54850
54971
55263
54709
54795
55355
54983
54704
55087
54818
55160
55409
55504
54862
55133
55512
55049
55193
55027
54948
54677
54997
55302
55545
55491
55372
54920
55021
55025
55518
55146
55491
54920
55491
54709
55353
55115
55518
54920
55230
55372
55146
54709
54938
55372
55146
55545
55491
55491
54709
55518
55021
54756
55491
54756
55321
55510
55021
54782
54756
54938
55021
55302
55025
55209
54769
55021
54983
54747
54709
54920
54666
55302
54756
54688
54769
55209
54920
55147
55191
54688
